ym,lawd_cd,sgg_nm,housing_type,n_sale,n_jeonse,median_sale_manwon,median_jeonse_manwon,median_sale_ppp,median_jeonse_ppp,jeonse_ratio_amount,jeonse_ratio_ppp
2021-08,11110,종로구,아파트,37,97,120000.0,49000.0,4091.0,2490.0,0.4083,0.6086
2021-08,11110,종로구,연립다세대,59,117,34000.0,25500.0,2174.0,1473.0,0.75,0.6773
2021-08,11140,중구,아파트,55,163,97000.0,57000.0,4382.0,2614.0,0.5876,0.5966
2021-08,11140,중구,연립다세대,25,90,29000.0,25000.0,2325.0,2922.0,0.8621,1.2567
2021-08,11170,용산구,아파트,84,267,156500.0,59850.0,6059.0,2617.0,0.3824,0.432
2021-08,11170,용산구,연립다세대,128,322,43400.0,23350.0,3651.0,2481.0,0.538,0.6795
2021-08,11200,성동구,아파트,161,461,141000.0,60000.0,5830.0,2728.0,0.4255,0.4679
2021-08,11200,성동구,연립다세대,26,105,40900.0,23000.0,3737.0,1965.0,0.5623,0.5258
2021-08,11215,광진구,아파트,75,245,134000.0,59850.0,5800.0,2621.0,0.4466,0.4519
2021-08,11215,광진구,연립다세대,181,501,34000.0,24150.0,2628.0,2324.0,0.7103,0.8845
2021-08,11230,동대문구,아파트,141,384,90000.0,42250.0,4081.0,2113.0,0.4694,0.5178
2021-08,11230,동대문구,연립다세대,76,203,33600.0,22000.0,2525.0,2213.0,0.6548,0.8765
2021-08,11260,중랑구,아파트,166,319,73500.0,35700.0,3422.0,1946.0,0.4857,0.5687
2021-08,11260,중랑구,연립다세대,136,302,25500.0,22000.0,2041.0,2162.0,0.8627,1.0589
2021-08,11290,성북구,아파트,266,541,88000.0,42000.0,3986.0,1966.0,0.4773,0.4932
2021-08,11290,성북구,연립다세대,155,290,30500.0,21750.0,2192.0,1778.0,0.7131,0.8112
2021-08,11305,강북구,아파트,109,153,73000.0,39900.0,3135.0,1850.0,0.5466,0.5901
2021-08,11305,강북구,연립다세대,272,248,21000.0,15875.0,1441.0,1095.0,0.756,0.7597
2021-08,11320,도봉구,아파트,137,347,65000.0,27000.0,3171.0,1431.0,0.4154,0.4514
2021-08,11320,도봉구,연립다세대,195,185,20700.0,15600.0,1420.0,1090.0,0.7536,0.7674
2021-08,11350,노원구,아파트,307,1055,67300.0,26250.0,3799.0,1584.0,0.39,0.4171
2021-08,11350,노원구,연립다세대,50,89,22250.0,14000.0,1569.0,1174.0,0.6292,0.7486
2021-08,11380,은평구,아파트,178,463,77500.0,37800.0,3711.0,1960.0,0.4877,0.5282
2021-08,11380,은평구,연립다세대,490,688,25500.0,19900.0,1907.0,1434.0,0.7804,0.7524
2021-08,11410,서대문구,아파트,163,338,93000.0,52500.0,4508.0,2334.0,0.5645,0.5177
2021-08,11410,서대문구,연립다세대,136,189,24000.0,19000.0,1637.0,1434.0,0.7917,0.8757
2021-08,11440,마포구,아파트,168,522,125000.0,57750.0,5518.0,2569.0,0.462,0.4655
2021-08,11440,마포구,연립다세대,183,477,33500.0,22000.0,2661.0,2247.0,0.6567,0.8443
2021-08,11470,양천구,아파트,150,780,87800.0,37900.0,4168.0,1853.0,0.4317,0.4444
2021-08,11470,양천구,연립다세대,231,540,23650.0,20945.0,1922.0,1776.0,0.8856,0.9238
2021-08,11500,강서구,아파트,316,908,88000.0,35700.0,4208.0,1939.0,0.4057,0.4609
2021-08,11500,강서구,연립다세대,433,907,23000.0,20000.0,1795.0,1954.0,0.8696,1.0882
2021-08,11530,구로구,아파트,246,505,69000.0,32500.0,3270.0,1640.0,0.471,0.5016
2021-08,11530,구로구,연립다세대,239,301,24000.0,20000.0,2054.0,1619.0,0.8333,0.7884
2021-08,11545,금천구,아파트,104,176,60000.0,30700.0,3011.0,1892.0,0.5117,0.6281
2021-08,11545,금천구,연립다세대,187,213,26000.0,22900.0,2207.0,2216.0,0.8808,1.0041
2021-08,11560,영등포구,아파트,174,502,99200.0,47000.0,4780.0,2135.0,0.4738,0.4466
2021-08,11560,영등포구,연립다세대,71,256,31000.0,24000.0,3496.0,2647.0,0.7742,0.7572
2021-08,11590,동작구,아파트,144,442,119500.0,59925.0,5008.0,2464.0,0.5015,0.4921
2021-08,11590,동작구,연립다세대,175,324,31000.0,25200.0,2255.0,1958.0,0.8129,0.8682
2021-08,11620,관악구,아파트,138,299,82000.0,45000.0,3852.0,2029.0,0.5488,0.5266
2021-08,11620,관악구,연립다세대,242,371,24000.0,23000.0,1656.0,2096.0,0.9583,1.2655
2021-08,11650,서초구,아파트,159,953,200000.0,51000.0,6567.0,2382.0,0.255,0.3627
2021-08,11650,서초구,연립다세대,231,445,40350.0,34600.0,4323.0,2710.0,0.8575,0.6269
2021-08,11680,강남구,아파트,194,992,199750.0,73500.0,7774.0,3120.0,0.368,0.4013
2021-08,11680,강남구,연립다세대,159,340,40150.0,31500.0,4469.0,2604.0,0.7846,0.5827
2021-08,11710,송파구,아파트,203,877,162000.0,62400.0,6556.0,2604.0,0.3852,0.3972
2021-08,11710,송파구,연립다세대,282,914,34925.0,24150.0,3315.0,1954.0,0.6915,0.5894
2021-08,11740,강동구,아파트,185,770,114800.0,43050.0,5133.0,2276.0,0.375,0.4433
2021-08,11740,강동구,연립다세대,182,572,30100.0,23500.0,2542.0,2511.0,0.7807,0.9882
2021-08,41111,수원시 장안구,아파트,216,281,52650.0,30000.0,2520.0,1434.0,0.5698,0.5691
2021-08,41111,수원시 장안구,연립다세대,106,113,12950.0,10400.0,886.0,833.0,0.8031,0.9405
2021-08,41113,수원시 권선구,아파트,273,427,51000.0,29000.0,2314.0,1364.0,0.5686,0.5895
2021-08,41113,수원시 권선구,연립다세대,168,189,14600.0,13000.0,832.0,1205.0,0.8904,1.4482
2021-08,41115,수원시 팔달구,아파트,73,204,45000.0,26125.0,2312.0,1384.0,0.5806,0.5984
2021-08,41115,수원시 팔달구,연립다세대,77,112,15800.0,12000.0,919.0,1357.0,0.7595,1.4764
2021-08,41117,수원시 영통구,아파트,433,773,68800.0,33600.0,3034.0,1648.0,0.4884,0.5431
2021-08,41117,수원시 영통구,연립다세대,12,46,23750.0,18500.0,1882.0,1750.0,0.7789,0.9299
2021-08,41131,성남시 수정구,아파트,55,196,130000.0,52500.0,5249.0,2431.0,0.4038,0.4632
2021-08,41131,성남시 수정구,연립다세대,67,75,21700.0,17000.0,1676.0,1108.0,0.7834,0.6611
2021-08,41133,성남시 중원구,아파트,79,164,74500.0,34850.0,3421.0,1720.0,0.4678,0.5027
2021-08,41133,성남시 중원구,연립다세대,98,151,24950.0,15000.0,1764.0,1028.0,0.6012,0.5825
2021-08,41135,성남시 분당구,아파트,290,1087,129000.0,55000.0,5394.0,2295.0,0.4264,0.4255
2021-08,41135,성남시 분당구,연립다세대,30,104,77000.0,36200.0,3265.0,1739.0,0.4701,0.5327
2021-08,41150,의정부시,아파트,554,542,36400.0,24500.0,1751.0,1211.0,0.6731,0.6915
2021-08,41150,의정부시,연립다세대,233,133,16300.0,10000.0,1092.0,718.0,0.6135,0.6571
2021-08,41171,안양시 만안구,아파트,160,241,53375.0,36500.0,2536.0,1633.0,0.6838,0.6438
2021-08,41171,안양시 만안구,연립다세대,153,133,22000.0,15000.0,1402.0,1073.0,0.6818,0.7653
2021-08,41173,안양시 동안구,아파트,199,695,72000.0,33000.0,3979.0,1738.0,0.4583,0.4367
2021-08,41173,안양시 동안구,연립다세대,37,111,29300.0,16000.0,2422.0,1303.0,0.5461,0.538
2021-08,41192,부천시 원미구,아파트,292,459,55600.0,30000.0,2716.0,1586.0,0.5396,0.5839
2021-08,41192,부천시 원미구,연립다세대,199,212,18500.0,16135.0,1232.0,1149.0,0.8722,0.9324
2021-08,41194,부천시 소사구,아파트,153,213,51000.0,30000.0,2317.0,1471.0,0.5882,0.635
2021-08,41194,부천시 소사구,연립다세대,147,152,16500.0,15000.0,1134.0,1026.0,0.9091,0.9049
2021-08,41196,부천시 오정구,아파트,78,75,25350.0,21000.0,1510.0,1043.0,0.8284,0.6904
2021-08,41196,부천시 오정구,연립다세대,262,216,13500.0,12000.0,1052.0,905.0,0.8889,0.8602
2021-08,41210,광명시,아파트,194,488,76500.0,33000.0,3980.0,1768.0,0.4314,0.4442
2021-08,41210,광명시,연립다세대,101,119,28000.0,18000.0,1881.0,1234.0,0.6429,0.6559
2021-08,41220,평택시,아파트,1183,963,23800.0,18000.0,1115.0,860.0,0.7563,0.7719
2021-08,41220,평택시,연립다세대,169,102,9000.0,6925.0,532.0,609.0,0.7694,1.1451
2021-08,41250,동두천시,아파트,153,157,21000.0,15000.0,1071.0,779.0,0.7143,0.7269
2021-08,41250,동두천시,연립다세대,56,17,6725.0,8500.0,400.0,579.0,1.2639,1.4453
2021-08,41271,안산시 상록구,아파트,202,240,38000.0,21000.0,1785.0,1116.0,0.5526,0.6252
2021-08,41271,안산시 상록구,연립다세대,347,224,14000.0,11213.0,746.0,741.0,0.8009,0.994
2021-08,41273,안산시 단원구,아파트,234,461,41250.0,25000.0,2024.0,1264.0,0.6061,0.6248
2021-08,41273,안산시 단원구,연립다세대,126,109,18100.0,10000.0,943.0,725.0,0.5525,0.7685
2021-08,41281,고양시 덕양구,아파트,431,688,51000.0,30000.0,2427.0,1387.0,0.5882,0.5715
2021-08,41281,고양시 덕양구,연립다세대,170,136,13500.0,10000.0,977.0,858.0,0.7407,0.8781
2021-08,41285,고양시 일산동구,아파트,222,434,52950.0,35700.0,2245.0,1432.0,0.6742,0.6381
2021-08,41285,고양시 일산동구,연립다세대,106,98,24150.0,24250.0,1385.0,1226.0,1.0041,0.8851
2021-08,41287,고양시 일산서구,아파트,450,791,46600.0,29500.0,2015.0,1256.0,0.633,0.6234
2021-08,41287,고양시 일산서구,연립다세대,43,47,18700.0,21000.0,1173.0,1165.0,1.123,0.9928
2021-08,41290,과천시,아파트,19,133,168000.0,70000.0,7780.0,2781.0,0.4167,0.3575
2021-08,41290,과천시,연립다세대,4,31,85500.0,45150.0,4846.0,2166.0,0.5281,0.447
2021-08,41310,구리시,아파트,151,303,71500.0,34500.0,3210.0,1634.0,0.4825,0.509
2021-08,41310,구리시,연립다세대,48,51,35000.0,18000.0,2080.0,1197.0,0.5143,0.5756
2021-08,41360,남양주시,아파트,873,1340,48700.0,30450.0,1987.0,1267.0,0.6253,0.6376
2021-08,41360,남양주시,연립다세대,386,216,12500.0,10000.0,761.0,689.0,0.8,0.9049
2021-08,41370,오산시,아파트,278,347,34500.0,24000.0,1495.0,1058.0,0.6957,0.7077
2021-08,41370,오산시,연립다세대,60,44,7250.0,8000.0,660.0,969.0,1.1034,1.4671
2021-08,41390,시흥시,아파트,483,688,36000.0,23000.0,1767.0,1212.0,0.6389,0.6863
2021-08,41390,시흥시,연립다세대,256,169,11500.0,9000.0,811.0,669.0,0.7826,0.8242
2021-08,41410,군포시,아파트,244,501,54500.0,22000.0,2829.0,1355.0,0.4037,0.479
2021-08,41410,군포시,연립다세대,100,81,23000.0,11000.0,1601.0,997.0,0.4783,0.6228
2021-08,41430,의왕시,아파트,99,316,62700.0,40000.0,2766.0,1641.0,0.638,0.5932
2021-08,41430,의왕시,연립다세대,55,69,16500.0,20000.0,1818.0,1189.0,1.2121,0.654
2021-08,41450,하남시,아파트,279,588,93900.0,52250.0,4049.0,2257.0,0.5564,0.5574
2021-08,41450,하남시,연립다세대,19,47,27000.0,15750.0,1886.0,1118.0,0.5833,0.5927
2021-08,41461,용인시 처인구,아파트,197,193,32000.0,25200.0,1502.0,1206.0,0.7875,0.8033
2021-08,41461,용인시 처인구,연립다세대,185,79,11000.0,9450.0,667.0,660.0,0.8591,0.9889
2021-08,41463,용인시 기흥구,아파트,512,851,60000.0,38500.0,2173.0,1502.0,0.6417,0.6913
2021-08,41463,용인시 기흥구,연립다세대,48,61,23250.0,19500.0,1467.0,939.0,0.8387,0.6403
2021-08,41465,용인시 수지구,아파트,465,820,83500.0,44100.0,3196.0,1749.0,0.5281,0.5475
2021-08,41465,용인시 수지구,연립다세대,13,46,25000.0,21500.0,1648.0,1653.0,0.86,1.0028
2021-08,41480,파주시,아파트,535,648,34500.0,30000.0,1383.0,1206.0,0.8696,0.8721
2021-08,41480,파주시,연립다세대,137,126,18500.0,17850.0,1042.0,1186.0,0.9649,1.1386
2021-08,41500,이천시,아파트,445,281,17000.0,16000.0,822.0,817.0,0.9412,0.9945
2021-08,41500,이천시,연립다세대,74,64,11000.0,12000.0,700.0,810.0,1.0909,1.1569
2021-08,41550,안성시,아파트,411,283,15000.0,11500.0,996.0,717.0,0.7667,0.7195
2021-08,41550,안성시,연립다세대,49,9,10500.0,7500.0,599.0,520.0,0.7143,0.8678
2021-08,41570,김포시,아파트,618,668,50500.0,32000.0,2040.0,1342.0,0.6337,0.6576
2021-08,41570,김포시,연립다세대,89,67,14500.0,18100.0,955.0,1155.0,1.2483,1.2097
2021-08,41591,화성시 만세구,아파트,142,487,33000.0,19320.0,1373.0,757.0,0.5855,0.551
2021-08,41591,화성시 만세구,연립다세대,47,20,9700.0,13325.0,635.0,710.0,1.3737,1.1175
2021-08,41593,화성시 효행구,아파트,96,101,40000.0,25000.0,1550.0,1053.0,0.625,0.6792
2021-08,41593,화성시 효행구,연립다세대,30,10,8800.0,8000.0,541.0,843.0,0.9091,1.5584
2021-08,41595,화성시 병점구,아파트,187,278,46000.0,26000.0,1865.0,1167.0,0.5652,0.6258
2021-08,41595,화성시 병점구,연립다세대,34,75,10900.0,10000.0,633.0,1395.0,0.9174,2.2029
2021-08,41597,화성시 동탄구,아파트,550,631,74800.0,40000.0,3133.0,1673.0,0.5348,0.5341
2021-08,41597,화성시 동탄구,연립다세대,6,13,61200.0,60000.0,2170.0,2334.0,0.9804,1.0755
2021-08,41610,광주시,아파트,323,309,43000.0,32000.0,1634.0,1322.0,0.7442,0.8095
2021-08,41610,광주시,연립다세대,463,267,18800.0,17000.0,1039.0,947.0,0.9043,0.9112
2021-08,41630,양주시,아파트,261,305,29800.0,20000.0,1236.0,883.0,0.6711,0.7144
2021-08,41630,양주시,연립다세대,68,17,9250.0,10000.0,691.0,473.0,1.0811,0.6843
2021-08,41650,포천시,아파트,96,56,15000.0,12500.0,731.0,615.0,0.8333,0.841
2021-08,41650,포천시,연립다세대,74,37,8400.0,11000.0,502.0,623.0,1.3095,1.2405
2021-08,41670,여주시,아파트,201,85,14500.0,14000.0,739.0,705.0,0.9655,0.9537
2021-08,41670,여주시,연립다세대,57,12,12000.0,11000.0,792.0,695.0,0.9167,0.8778
2021-08,41800,연천군,아파트,23,28,10350.0,12670.0,580.0,600.0,1.2242,1.0349
2021-08,41800,연천군,연립다세대,20,8,5450.0,12100.0,308.0,840.0,2.2202,2.73
2021-08,41820,가평군,아파트,29,19,25000.0,17000.0,942.0,827.0,0.68,0.8775
2021-08,41820,가평군,연립다세대,34,17,9000.0,12000.0,515.0,629.0,1.3333,1.2199
2021-08,41830,양평군,아파트,40,40,29875.0,24500.0,1171.0,1002.0,0.8201,0.8553
2021-08,41830,양평군,연립다세대,47,22,16000.0,12000.0,803.0,752.0,0.75,0.9365
2021-09,11110,종로구,아파트,33,60,35800.0,50000.0,4343.0,2308.0,1.3966,0.5314
2021-09,11110,종로구,연립다세대,39,72,37000.0,23550.0,2245.0,1397.0,0.6365,0.6224
2021-09,11140,중구,아파트,34,96,99250.0,57725.0,4739.0,2758.0,0.5816,0.582
2021-09,11140,중구,연립다세대,31,70,25500.0,25250.0,2814.0,2709.0,0.9902,0.9627
2021-09,11170,용산구,아파트,51,218,180000.0,57750.0,6613.0,2333.0,0.3208,0.3528
2021-09,11170,용산구,연립다세대,97,217,49500.0,22050.0,3610.0,2156.0,0.4455,0.5972
2021-09,11200,성동구,아파트,102,416,139750.0,57750.0,6191.0,2543.0,0.4132,0.4108
2021-09,11200,성동구,연립다세대,22,100,33750.0,20000.0,3082.0,1728.0,0.5926,0.5608
2021-09,11215,광진구,아파트,52,170,139000.0,60450.0,5618.0,2732.0,0.4349,0.4863
2021-09,11215,광진구,연립다세대,152,388,32250.0,25000.0,2657.0,2452.0,0.7752,0.9228
2021-09,11230,동대문구,아파트,100,269,91750.0,43050.0,4368.0,2089.0,0.4692,0.4782
2021-09,11230,동대문구,연립다세대,60,142,31000.0,22000.0,2339.0,2445.0,0.7097,1.0453
2021-09,11260,중랑구,아파트,103,236,67000.0,36775.0,3339.0,1853.0,0.5489,0.555
2021-09,11260,중랑구,연립다세대,157,296,26000.0,21900.0,2121.0,2176.0,0.8423,1.0258
2021-09,11290,성북구,아파트,151,385,94000.0,43050.0,4046.0,1967.0,0.458,0.4862
2021-09,11290,성북구,연립다세대,143,232,30500.0,20000.0,2087.0,1798.0,0.6557,0.8618
2021-09,11305,강북구,아파트,47,143,76250.0,35000.0,2970.0,1768.0,0.459,0.5955
2021-09,11305,강북구,연립다세대,264,237,19000.0,15000.0,1779.0,1128.0,0.7895,0.6337
2021-09,11320,도봉구,아파트,83,278,59900.0,28425.0,3096.0,1460.0,0.4745,0.4715
2021-09,11320,도봉구,연립다세대,155,142,19500.0,14850.0,1593.0,1053.0,0.7615,0.6608
2021-09,11350,노원구,아파트,212,862,71000.0,25350.0,4011.0,1495.0,0.357,0.3727
2021-09,11350,노원구,연립다세대,55,78,25000.0,15000.0,1654.0,1149.0,0.6,0.6943
2021-09,11380,은평구,아파트,107,373,81000.0,41000.0,3955.0,1908.0,0.5062,0.4825
2021-09,11380,은평구,연립다세대,455,474,26000.0,20000.0,1947.0,1490.0,0.7692,0.7653
2021-09,11410,서대문구,아파트,123,278,95000.0,52000.0,4669.0,2212.0,0.5474,0.4738
2021-09,11410,서대문구,연립다세대,113,155,24700.0,20000.0,1626.0,1402.0,0.8097,0.8624
2021-09,11440,마포구,아파트,111,431,139500.0,55900.0,6140.0,2529.0,0.4007,0.4119
2021-09,11440,마포구,연립다세대,203,364,32000.0,25000.0,2933.0,2127.0,0.7813,0.7251
2021-09,11470,양천구,아파트,118,517,87000.0,43000.0,4274.0,2113.0,0.4943,0.4943
2021-09,11470,양천구,연립다세대,223,401,23800.0,21000.0,1796.0,1885.0,0.8824,1.0499
2021-09,11500,강서구,아파트,147,620,81800.0,40000.0,3951.0,2164.0,0.489,0.5478
2021-09,11500,강서구,연립다세대,406,766,23500.0,20400.0,1900.0,1880.0,0.8681,0.9898
2021-09,11530,구로구,아파트,154,480,72000.0,27650.0,3332.0,1478.0,0.384,0.4434
2021-09,11530,구로구,연립다세대,330,256,28350.0,20000.0,2093.0,1594.0,0.7055,0.7612
2021-09,11545,금천구,아파트,71,143,70000.0,31000.0,3056.0,1602.0,0.4429,0.5243
2021-09,11545,금천구,연립다세대,198,176,21775.0,21300.0,2085.0,2188.0,0.9782,1.0494
2021-09,11560,영등포구,아파트,141,461,91000.0,47250.0,4679.0,2276.0,0.5192,0.4864
2021-09,11560,영등포구,연립다세대,83,210,28150.0,25500.0,3222.0,2997.0,0.9059,0.9302
2021-09,11590,동작구,아파트,101,330,125000.0,60000.0,4962.0,2482.0,0.48,0.5003
2021-09,11590,동작구,연립다세대,133,218,31000.0,25000.0,2347.0,1778.0,0.8065,0.7575
2021-09,11620,관악구,아파트,106,295,81500.0,42000.0,3850.0,1907.0,0.5153,0.4953
2021-09,11620,관악구,연립다세대,215,289,26700.0,22000.0,1813.0,1714.0,0.824,0.9454
2021-09,11650,서초구,아파트,124,495,223000.0,82000.0,7556.0,3254.0,0.3677,0.4306
2021-09,11650,서초구,연립다세대,132,277,45000.0,31500.0,4099.0,2802.0,0.7,0.6834
2021-09,11680,강남구,아파트,142,823,210000.0,82000.0,8460.0,3443.0,0.3905,0.4069
2021-09,11680,강남구,연립다세대,93,254,39550.0,31500.0,3935.0,2908.0,0.7965,0.7391
2021-09,11710,송파구,아파트,160,813,170000.0,68250.0,7264.0,2797.0,0.4015,0.3851
2021-09,11710,송파구,연립다세대,218,634,32000.0,24150.0,3063.0,1883.0,0.7547,0.6147
2021-09,11740,강동구,아파트,117,631,110000.0,45000.0,5223.0,2242.0,0.4091,0.4292
2021-09,11740,강동구,연립다세대,245,302,31400.0,23500.0,2830.0,2220.0,0.7484,0.7843
2021-09,41111,수원시 장안구,아파트,193,251,49000.0,32000.0,2276.0,1493.0,0.6531,0.6559
2021-09,41111,수원시 장안구,연립다세대,140,90,12750.0,10000.0,880.0,797.0,0.7843,0.9056
2021-09,41113,수원시 권선구,아파트,239,345,53700.0,30450.0,2339.0,1362.0,0.567,0.5822
2021-09,41113,수원시 권선구,연립다세대,171,128,16200.0,12300.0,1032.0,1073.0,0.7593,1.0394
2021-09,41115,수원시 팔달구,아파트,68,141,58250.0,30000.0,2306.0,1388.0,0.515,0.6018
2021-09,41115,수원시 팔달구,연립다세대,50,86,15000.0,12500.0,1031.0,1143.0,0.8333,1.1092
2021-09,41117,수원시 영통구,아파트,331,623,65000.0,33000.0,3117.0,1708.0,0.5077,0.548
2021-09,41117,수원시 영통구,연립다세대,22,18,35600.0,19500.0,2576.0,1326.0,0.5478,0.5149
2021-09,41131,성남시 수정구,아파트,40,137,93500.0,54600.0,4441.0,2450.0,0.584,0.5517
2021-09,41131,성남시 수정구,연립다세대,51,82,25000.0,16375.0,1658.0,1117.0,0.655,0.6741
2021-09,41133,성남시 중원구,아파트,44,138,61250.0,30975.0,3422.0,1644.0,0.5057,0.4804
2021-09,41133,성남시 중원구,연립다세대,68,132,23750.0,15000.0,1711.0,1107.0,0.6316,0.6471
2021-09,41135,성남시 분당구,아파트,205,934,138500.0,58400.0,5072.0,2436.0,0.4217,0.4803
2021-09,41135,성남시 분당구,연립다세대,18,76,72900.0,40000.0,3407.0,2018.0,0.5487,0.5923
2021-09,41150,의정부시,아파트,374,482,37600.0,24750.0,1836.0,1198.0,0.6582,0.6524
2021-09,41150,의정부시,연립다세대,143,123,14500.0,12500.0,1013.0,824.0,0.8621,0.8135
2021-09,41171,안양시 만안구,아파트,108,227,60950.0,36000.0,2665.0,1687.0,0.5906,0.6333
2021-09,41171,안양시 만안구,연립다세대,150,116,21000.0,14800.0,1424.0,1131.0,0.7048,0.7945
2021-09,41173,안양시 동안구,아파트,147,565,68500.0,36000.0,3630.0,1760.0,0.5255,0.4849
2021-09,41173,안양시 동안구,연립다세대,40,84,32500.0,16000.0,2629.0,1185.0,0.4923,0.4508
2021-09,41192,부천시 원미구,아파트,202,365,53000.0,30000.0,2617.0,1567.0,0.566,0.5989
2021-09,41192,부천시 원미구,연립다세대,205,148,18000.0,16000.0,1240.0,1179.0,0.8889,0.9506
2021-09,41194,부천시 소사구,아파트,122,181,42725.0,30000.0,2182.0,1525.0,0.7022,0.6988
2021-09,41194,부천시 소사구,연립다세대,133,111,17000.0,14000.0,1225.0,968.0,0.8235,0.7906
2021-09,41196,부천시 오정구,아파트,60,91,24700.0,15000.0,1653.0,967.0,0.6073,0.5846
2021-09,41196,부천시 오정구,연립다세대,220,161,13000.0,12000.0,1044.0,865.0,0.9231,0.8287
2021-09,41210,광명시,아파트,137,379,84200.0,35000.0,4132.0,1833.0,0.4157,0.4436
2021-09,41210,광명시,연립다세대,79,94,32800.0,17000.0,2071.0,1136.0,0.5183,0.5486
2021-09,41220,평택시,아파트,839,827,24500.0,18000.0,1169.0,910.0,0.7347,0.778
2021-09,41220,평택시,연립다세대,140,91,8500.0,7000.0,543.0,677.0,0.8235,1.2474
2021-09,41250,동두천시,아파트,39,115,18000.0,14000.0,945.0,773.0,0.7778,0.8185
2021-09,41250,동두천시,연립다세대,56,22,6600.0,6250.0,403.0,394.0,0.947,0.979
2021-09,41271,안산시 상록구,아파트,148,212,38950.0,22550.0,1822.0,1155.0,0.5789,0.6339
2021-09,41271,안산시 상록구,연립다세대,305,247,15000.0,12000.0,756.0,718.0,0.8,0.9503
2021-09,41273,안산시 단원구,아파트,209,332,44000.0,27300.0,2056.0,1357.0,0.6205,0.6601
2021-09,41273,안산시 단원구,연립다세대,71,80,16000.0,10800.0,861.0,702.0,0.675,0.8157
2021-09,41281,고양시 덕양구,아파트,285,475,50900.0,33000.0,2554.0,1471.0,0.6483,0.576
2021-09,41281,고양시 덕양구,연립다세대,118,123,15600.0,10000.0,1098.0,790.0,0.641,0.7195
2021-09,41285,고양시 일산동구,아파트,184,343,58150.0,35000.0,2339.0,1490.0,0.6019,0.637
2021-09,41285,고양시 일산동구,연립다세대,48,70,24750.0,30000.0,1499.0,1471.0,1.2121,0.9812
2021-09,41287,고양시 일산서구,아파트,343,590,50000.0,32250.0,2096.0,1359.0,0.645,0.6482
2021-09,41287,고양시 일산서구,연립다세대,24,40,22700.0,17000.0,1417.0,1045.0,0.7489,0.7379
2021-09,41290,과천시,아파트,10,141,189000.0,77100.0,7349.0,2942.0,0.4079,0.4003
2021-09,41290,과천시,연립다세대,7,27,51000.0,48000.0,3069.0,2524.0,0.9412,0.8223
2021-09,41310,구리시,아파트,105,246,74500.0,34000.0,3233.0,1602.0,0.4564,0.4956
2021-09,41310,구리시,연립다세대,31,37,28000.0,17850.0,2035.0,1171.0,0.6375,0.5751
2021-09,41360,남양주시,아파트,558,995,46800.0,28000.0,1914.0,1166.0,0.5983,0.6093
2021-09,41360,남양주시,연립다세대,357,233,13468.0,10200.0,827.0,680.0,0.7574,0.8216
2021-09,41370,오산시,아파트,199,255,33800.0,25000.0,1613.0,1191.0,0.7396,0.7388
2021-09,41370,오산시,연립다세대,36,60,7750.0,7675.0,636.0,899.0,0.9903,1.4141
2021-09,41390,시흥시,아파트,370,651,35000.0,23000.0,1764.0,1166.0,0.6571,0.661
2021-09,41390,시흥시,연립다세대,239,186,11400.0,10000.0,882.0,713.0,0.8772,0.808
2021-09,41410,군포시,아파트,146,405,54100.0,23100.0,2807.0,1351.0,0.427,0.4814
2021-09,41410,군포시,연립다세대,78,82,20950.0,13000.0,1341.0,1067.0,0.6205,0.7954
2021-09,41430,의왕시,아파트,73,245,67000.0,42000.0,2843.0,1752.0,0.6269,0.6163
2021-09,41430,의왕시,연립다세대,46,52,31000.0,16375.0,2075.0,1158.0,0.5282,0.5578
2021-09,41450,하남시,아파트,194,430,100500.0,52000.0,4375.0,2326.0,0.5174,0.5316
2021-09,41450,하남시,연립다세대,20,23,23750.0,15000.0,1578.0,1096.0,0.6316,0.6949
2021-09,41461,용인시 처인구,아파트,169,167,36000.0,21500.0,1598.0,1103.0,0.5972,0.6901
2021-09,41461,용인시 처인구,연립다세대,136,75,11625.0,9000.0,709.0,600.0,0.7742,0.8465
2021-09,41463,용인시 기흥구,아파트,351,707,61300.0,40000.0,2183.0,1556.0,0.6525,0.7127
2021-09,41463,용인시 기흥구,연립다세대,44,88,19250.0,14500.0,1127.0,1192.0,0.7532,1.058
2021-09,41465,용인시 수지구,아파트,340,663,84625.0,46000.0,3144.0,1758.0,0.5436,0.5591
2021-09,41465,용인시 수지구,연립다세대,26,32,25750.0,17950.0,1849.0,1705.0,0.6971,0.9225
2021-09,41480,파주시,아파트,452,598,34500.0,30000.0,1290.0,1206.0,0.8696,0.9344
2021-09,41480,파주시,연립다세대,142,106,18945.0,19700.0,1068.0,1119.0,1.0399,1.0476
2021-09,41500,이천시,아파트,321,211,15800.0,17000.0,795.0,779.0,1.0759,0.9802
2021-09,41500,이천시,연립다세대,70,38,11775.0,8250.0,594.0,804.0,0.7006,1.353
2021-09,41550,안성시,아파트,266,217,17000.0,13000.0,1037.0,724.0,0.7647,0.6979
2021-09,41550,안성시,연립다세대,39,14,7000.0,5000.0,429.0,436.0,0.7143,1.0152
2021-09,41570,김포시,아파트,526,570,53800.0,33800.0,2108.0,1362.0,0.6283,0.6459
2021-09,41570,김포시,연립다세대,59,54,17700.0,20950.0,1113.0,1409.0,1.1836,1.2663
2021-09,41591,화성시 만세구,아파트,99,426,30000.0,19320.0,1341.0,765.0,0.644,0.5706
2021-09,41591,화성시 만세구,연립다세대,38,19,8900.0,9000.0,495.0,485.0,1.0112,0.9787
2021-09,41593,화성시 효행구,아파트,114,89,36300.0,23000.0,1442.0,1067.0,0.6336,0.7397
2021-09,41593,화성시 효행구,연립다세대,44,19,7950.0,9500.0,518.0,1025.0,1.195,1.9774
2021-09,41595,화성시 병점구,아파트,205,243,51800.0,30500.0,2038.0,1278.0,0.5888,0.6271
2021-09,41595,화성시 병점구,연립다세대,24,71,9950.0,9000.0,767.0,1208.0,0.9045,1.574
2021-09,41597,화성시 동탄구,아파트,357,484,75000.0,40000.0,3123.0,1684.0,0.5333,0.5391
2021-09,41597,화성시 동탄구,연립다세대,6,11,63350.0,49000.0,2467.0,2083.0,0.7735,0.8443
2021-09,41610,광주시,아파트,195,291,43000.0,33000.0,1631.0,1342.0,0.7674,0.8229
2021-09,41610,광주시,연립다세대,378,220,18000.0,16000.0,1017.0,910.0,0.8889,0.8951
2021-09,41630,양주시,아파트,185,256,30000.0,20000.0,1245.0,945.0,0.6667,0.7589
2021-09,41630,양주시,연립다세대,56,22,7250.0,6000.0,518.0,428.0,0.8276,0.8259
2021-09,41650,포천시,아파트,107,48,14200.0,13350.0,660.0,621.0,0.9401,0.9396
2021-09,41650,포천시,연립다세대,77,24,11000.0,10000.0,562.0,607.0,0.9091,1.0794
2021-09,41670,여주시,아파트,165,99,14400.0,14000.0,726.0,739.0,0.9722,1.0184
2021-09,41670,여주시,연립다세대,28,8,13750.0,11775.0,771.0,584.0,0.8564,0.7576
2021-09,41800,연천군,아파트,24,11,7550.0,5500.0,410.0,331.0,0.7285,0.8065
2021-09,41800,연천군,연립다세대,9,11,6100.0,9000.0,308.0,508.0,1.4754,1.6496
2021-09,41820,가평군,아파트,28,16,20750.0,21900.0,943.0,775.0,1.0554,0.8223
2021-09,41820,가평군,연립다세대,36,11,11100.0,10000.0,632.0,568.0,0.9009,0.8993
2021-09,41830,양평군,아파트,40,24,31150.0,23075.0,1234.0,935.0,0.7408,0.758
2021-09,41830,양평군,연립다세대,45,20,18600.0,14850.0,942.0,839.0,0.7984,0.8907
2021-10,11110,종로구,아파트,43,87,51500.0,60900.0,4441.0,2535.0,1.1825,0.5708
2021-10,11110,종로구,연립다세대,69,91,41950.0,25000.0,2689.0,1417.0,0.5959,0.527
2021-10,11140,중구,아파트,22,161,125000.0,60000.0,4811.0,2778.0,0.48,0.5775
2021-10,11140,중구,연립다세대,26,63,28250.0,24000.0,2504.0,2109.0,0.8496,0.8419
2021-10,11170,용산구,아파트,34,241,169500.0,67000.0,6903.0,2609.0,0.3953,0.378
2021-10,11170,용산구,연립다세대,80,285,51825.0,23000.0,4347.0,2144.0,0.4438,0.4932
2021-10,11200,성동구,아파트,84,430,145000.0,63000.0,6224.0,2709.0,0.4345,0.4353
2021-10,11200,성동구,연립다세대,23,110,30700.0,20000.0,3136.0,1556.0,0.6515,0.4962
2021-10,11215,광진구,아파트,38,268,112750.0,60000.0,5201.0,2768.0,0.5322,0.5322
2021-10,11215,광진구,연립다세대,128,482,35000.0,24000.0,2901.0,2434.0,0.6857,0.839
2021-10,11230,동대문구,아파트,109,409,88300.0,44100.0,4127.0,2162.0,0.4994,0.5238
2021-10,11230,동대문구,연립다세대,64,163,30000.0,21000.0,2790.0,2227.0,0.7,0.7982
2021-10,11260,중랑구,아파트,78,288,69750.0,33600.0,3423.0,1802.0,0.4817,0.5264
2021-10,11260,중랑구,연립다세대,216,311,26000.0,21500.0,2248.0,1937.0,0.8269,0.8615
2021-10,11290,성북구,아파트,107,533,90000.0,45000.0,4106.0,2026.0,0.5,0.4935
2021-10,11290,성북구,연립다세대,144,271,33250.0,20000.0,2210.0,1604.0,0.6015,0.7259
2021-10,11305,강북구,아파트,31,204,78000.0,35000.0,3588.0,1661.0,0.4487,0.4628
2021-10,11305,강북구,연립다세대,234,233,20800.0,15000.0,1470.0,1047.0,0.7212,0.7122
2021-10,11320,도봉구,아파트,93,372,62000.0,27000.0,2821.0,1409.0,0.4355,0.4995
2021-10,11320,도봉구,연립다세대,282,185,20000.0,15000.0,1589.0,1055.0,0.75,0.6642
2021-10,11350,노원구,아파트,149,1060,68700.0,25500.0,4007.0,1543.0,0.3712,0.3851
2021-10,11350,노원구,연립다세대,69,96,25500.0,13000.0,1525.0,1110.0,0.5098,0.7283
2021-10,11380,은평구,아파트,105,458,75000.0,42000.0,3890.0,1961.0,0.56,0.5043
2021-10,11380,은평구,연립다세대,452,614,24500.0,20000.0,1907.0,1402.0,0.8163,0.7351
2021-10,11410,서대문구,아파트,76,331,94500.0,50000.0,4407.0,2260.0,0.5291,0.5129
2021-10,11410,서대문구,연립다세대,114,187,27850.0,19500.0,1822.0,1236.0,0.7002,0.6783
2021-10,11440,마포구,아파트,86,539,133500.0,52500.0,5799.0,2456.0,0.3933,0.4235
2021-10,11440,마포구,연립다세대,164,415,34600.0,23500.0,2645.0,2092.0,0.6792,0.7909
2021-10,11470,양천구,아파트,98,762,81500.0,46100.0,4271.0,2138.0,0.5656,0.5007
2021-10,11470,양천구,연립다세대,280,476,23500.0,19975.0,1773.0,1390.0,0.85,0.7838
2021-10,11500,강서구,아파트,116,830,78000.0,37800.0,3892.0,1986.0,0.4846,0.5103
2021-10,11500,강서구,연립다세대,444,815,22100.0,20000.0,1746.0,1717.0,0.905,0.9837
2021-10,11530,구로구,아파트,119,553,71000.0,35000.0,3411.0,1640.0,0.493,0.481
2021-10,11530,구로구,연립다세대,164,289,25500.0,20000.0,1927.0,1432.0,0.7843,0.7432
2021-10,11545,금천구,아파트,67,172,67800.0,30725.0,2851.0,1865.0,0.4532,0.6542
2021-10,11545,금천구,연립다세대,212,229,23300.0,21700.0,2231.0,2085.0,0.9313,0.9345
2021-10,11560,영등포구,아파트,105,569,91000.0,50000.0,4444.0,2394.0,0.5495,0.5388
2021-10,11560,영등포구,연립다세대,66,198,30000.0,23600.0,3199.0,2810.0,0.7867,0.8786
2021-10,11590,동작구,아파트,73,375,122000.0,58000.0,4810.0,2493.0,0.4754,0.5183
2021-10,11590,동작구,연립다세대,139,299,31500.0,24000.0,2173.0,1875.0,0.7619,0.8627
2021-10,11620,관악구,아파트,104,296,71250.0,43538.0,3588.0,2097.0,0.6111,0.5846
2021-10,11620,관악구,연립다세대,200,332,26000.0,22000.0,1905.0,1809.0,0.8462,0.9494
2021-10,11650,서초구,아파트,118,686,215000.0,85000.0,7377.0,3185.0,0.3953,0.4317
2021-10,11650,서초구,연립다세대,152,349,39650.0,30450.0,4200.0,2434.0,0.768,0.5796
2021-10,11680,강남구,아파트,124,1102,220500.0,84000.0,9498.0,3416.0,0.381,0.3597
2021-10,11680,강남구,연립다세대,66,318,39950.0,31500.0,4217.0,2625.0,0.7885,0.6225
2021-10,11710,송파구,아파트,99,1084,140000.0,68250.0,6472.0,2821.0,0.4875,0.4359
2021-10,11710,송파구,연립다세대,228,788,36450.0,24000.0,3180.0,1927.0,0.6584,0.6059
2021-10,11740,강동구,아파트,118,888,107500.0,50400.0,4696.0,2335.0,0.4688,0.4972
2021-10,11740,강동구,연립다세대,142,400,32450.0,23550.0,2716.0,2136.0,0.7257,0.7863
2021-10,41111,수원시 장안구,아파트,109,309,54000.0,33000.0,2334.0,1556.0,0.6111,0.6669
2021-10,41111,수원시 장안구,연립다세대,133,96,14300.0,9900.0,967.0,775.0,0.6923,0.8022
2021-10,41113,수원시 권선구,아파트,178,476,51500.0,30000.0,2453.0,1417.0,0.5825,0.5777
2021-10,41113,수원시 권선구,연립다세대,151,150,16000.0,11850.0,1033.0,1021.0,0.7406,0.9879
2021-10,41115,수원시 팔달구,아파트,60,198,41500.0,26000.0,2154.0,1368.0,0.6265,0.6348
2021-10,41115,수원시 팔달구,연립다세대,72,96,13450.0,14100.0,976.0,1209.0,1.0483,1.238
2021-10,41117,수원시 영통구,아파트,228,820,65750.0,35000.0,2967.0,1661.0,0.5323,0.5598
2021-10,41117,수원시 영통구,연립다세대,15,30,15000.0,16500.0,902.0,1578.0,1.1,1.7493
2021-10,41131,성남시 수정구,아파트,41,179,83000.0,55650.0,4073.0,2437.0,0.6705,0.5983
2021-10,41131,성남시 수정구,연립다세대,44,85,23000.0,15000.0,1720.0,1002.0,0.6522,0.5823
2021-10,41133,성남시 중원구,아파트,51,158,73500.0,30000.0,3351.0,1593.0,0.4082,0.4755
2021-10,41133,성남시 중원구,연립다세대,72,156,24450.0,15000.0,1606.0,1084.0,0.6135,0.675
2021-10,41135,성남시 분당구,아파트,143,1200,143000.0,58800.0,5174.0,2400.0,0.4112,0.4638
2021-10,41135,성남시 분당구,연립다세대,24,78,78500.0,40000.0,2988.0,1651.0,0.5096,0.5525
2021-10,41150,의정부시,아파트,296,569,33500.0,23000.0,1880.0,1185.0,0.6866,0.63
2021-10,41150,의정부시,연립다세대,148,142,14350.0,11000.0,1142.0,744.0,0.7666,0.6519
2021-10,41171,안양시 만안구,아파트,86,244,56100.0,36100.0,2406.0,1566.0,0.6435,0.6511
2021-10,41171,안양시 만안구,연립다세대,124,150,24200.0,15000.0,1564.0,1164.0,0.6198,0.7439
2021-10,41173,안양시 동안구,아파트,86,731,72350.0,36380.0,3737.0,1758.0,0.5028,0.4705
2021-10,41173,안양시 동안구,연립다세대,28,108,35000.0,13650.0,2805.0,1155.0,0.39,0.4116
2021-10,41192,부천시 원미구,아파트,160,436,46500.0,30000.0,2625.0,1565.0,0.6452,0.5962
2021-10,41192,부천시 원미구,연립다세대,185,196,18000.0,15500.0,1334.0,1129.0,0.8611,0.8466
2021-10,41194,부천시 소사구,아파트,119,210,42700.0,37000.0,2065.0,1570.0,0.8665,0.7602
2021-10,41194,부천시 소사구,연립다세대,126,136,15950.0,15550.0,1135.0,1105.0,0.9749,0.9735
2021-10,41196,부천시 오정구,아파트,58,92,24150.0,20500.0,1626.0,1041.0,0.8489,0.6403
2021-10,41196,부천시 오정구,연립다세대,259,195,13400.0,10000.0,1113.0,790.0,0.7463,0.7095
2021-10,41210,광명시,아파트,77,448,86000.0,37535.0,3991.0,1878.0,0.4365,0.4705
2021-10,41210,광명시,연립다세대,68,122,29000.0,19000.0,1987.0,1273.0,0.6552,0.6409
2021-10,41220,평택시,아파트,687,992,24000.0,18000.0,1186.0,907.0,0.75,0.7652
2021-10,41220,평택시,연립다세대,198,91,9050.0,7000.0,545.0,648.0,0.7735,1.1877
2021-10,41250,동두천시,아파트,52,125,16050.0,17000.0,839.0,829.0,1.0592,0.9875
2021-10,41250,동두천시,연립다세대,58,14,6350.0,6750.0,368.0,377.0,1.063,1.0254
2021-10,41271,안산시 상록구,아파트,135,224,40000.0,24325.0,1810.0,1137.0,0.6081,0.6282
2021-10,41271,안산시 상록구,연립다세대,357,231,14500.0,11000.0,758.0,737.0,0.7586,0.9733
2021-10,41273,안산시 단원구,아파트,176,396,47250.0,25500.0,2252.0,1391.0,0.5397,0.6176
2021-10,41273,안산시 단원구,연립다세대,99,95,16200.0,11000.0,992.0,716.0,0.679,0.722
2021-10,41281,고양시 덕양구,아파트,198,515,53100.0,32500.0,2554.0,1449.0,0.6121,0.5676
2021-10,41281,고양시 덕양구,연립다세대,134,143,13450.0,10000.0,940.0,796.0,0.7435,0.847
2021-10,41285,고양시 일산동구,아파트,155,461,59400.0,36750.0,2330.0,1436.0,0.6187,0.6162
2021-10,41285,고양시 일산동구,연립다세대,62,79,22900.0,21945.0,1449.0,1317.0,0.9583,0.9087
2021-10,41287,고양시 일산서구,아파트,288,742,45000.0,30000.0,2027.0,1275.0,0.6667,0.6293
2021-10,41287,고양시 일산서구,연립다세대,35,42,19900.0,20500.0,1221.0,1142.0,1.0302,0.9355
2021-10,41290,과천시,아파트,9,262,188000.0,72000.0,7438.0,2807.0,0.383,0.3774
2021-10,41290,과천시,연립다세대,3,52,58000.0,43525.0,3530.0,2136.0,0.7504,0.6051
2021-10,41310,구리시,아파트,68,279,76000.0,33000.0,3219.0,1556.0,0.4342,0.4834
2021-10,41310,구리시,연립다세대,27,47,33800.0,18000.0,2386.0,1207.0,0.5325,0.5057
2021-10,41360,남양주시,아파트,375,1058,48900.0,27000.0,1946.0,1122.0,0.5521,0.5768
2021-10,41360,남양주시,연립다세대,396,247,15500.0,10000.0,963.0,669.0,0.6452,0.695
2021-10,41370,오산시,아파트,151,280,31300.0,24000.0,1559.0,1091.0,0.7668,0.6997
2021-10,41370,오산시,연립다세대,43,40,10500.0,8755.0,561.0,918.0,0.8338,1.6355
2021-10,41390,시흥시,아파트,329,687,33500.0,23100.0,1793.0,1199.0,0.6896,0.6683
2021-10,41390,시흥시,연립다세대,216,176,12050.0,9500.0,843.0,712.0,0.7884,0.8445
2021-10,41410,군포시,아파트,110,453,49250.0,23100.0,2942.0,1344.0,0.469,0.4568
2021-10,41410,군포시,연립다세대,77,108,23000.0,15000.0,1681.0,1079.0,0.6522,0.6417
2021-10,41430,의왕시,아파트,55,307,71000.0,40000.0,3173.0,1762.0,0.5634,0.5555
2021-10,41430,의왕시,연립다세대,31,46,34000.0,22950.0,2076.0,1348.0,0.675,0.6492
2021-10,41450,하남시,아파트,155,496,100000.0,59000.0,4247.0,2432.0,0.59,0.5727
2021-10,41450,하남시,연립다세대,12,23,28750.0,14300.0,1654.0,827.0,0.4974,0.4997
2021-10,41461,용인시 처인구,아파트,189,186,33000.0,26000.0,1563.0,1250.0,0.7879,0.7993
2021-10,41461,용인시 처인구,연립다세대,179,70,12500.0,9000.0,790.0,609.0,0.72,0.7711
2021-10,41463,용인시 기흥구,아파트,299,910,59500.0,38000.0,2260.0,1505.0,0.6387,0.6662
2021-10,41463,용인시 기흥구,연립다세대,68,79,24570.0,14000.0,1422.0,1123.0,0.5698,0.7897
2021-10,41465,용인시 수지구,아파트,261,837,83000.0,48000.0,3108.0,1821.0,0.5783,0.5861
2021-10,41465,용인시 수지구,연립다세대,29,37,33350.0,21000.0,2368.0,1653.0,0.6297,0.6981
2021-10,41480,파주시,아파트,369,664,32500.0,30000.0,1356.0,1188.0,0.9231,0.8761
2021-10,41480,파주시,연립다세대,145,101,20500.0,17400.0,1112.0,1041.0,0.8488,0.9363
2021-10,41500,이천시,아파트,311,221,16000.0,18000.0,861.0,856.0,1.125,0.9944
2021-10,41500,이천시,연립다세대,101,48,7720.0,9235.0,507.0,791.0,1.1962,1.5603
2021-10,41550,안성시,아파트,258,340,16900.0,14400.0,1031.0,884.0,0.8521,0.8567
2021-10,41550,안성시,연립다세대,20,14,7650.0,5250.0,466.0,420.0,0.6863,0.9008
2021-10,41570,김포시,아파트,378,586,53750.0,33038.0,2180.0,1316.0,0.6147,0.6038
2021-10,41570,김포시,연립다세대,81,72,16200.0,19500.0,1024.0,1177.0,1.2037,1.1493
2021-10,41591,화성시 만세구,아파트,103,466,24500.0,19320.0,1318.0,778.0,0.7886,0.5902
2021-10,41591,화성시 만세구,연립다세대,57,20,10001.0,7950.0,529.0,644.0,0.7949,1.2169
2021-10,41593,화성시 효행구,아파트,77,111,36500.0,24000.0,1534.0,1014.0,0.6575,0.6609
2021-10,41593,화성시 효행구,연립다세대,38,24,7150.0,8500.0,512.0,1011.0,1.1888,1.9737
2021-10,41595,화성시 병점구,아파트,74,258,46800.0,26150.0,2031.0,1178.0,0.5588,0.5801
2021-10,41595,화성시 병점구,연립다세대,54,70,5000.0,11000.0,975.0,1392.0,2.2,1.427
2021-10,41597,화성시 동탄구,아파트,216,604,77250.0,41000.0,3160.0,1682.0,0.5307,0.5322
2021-10,41597,화성시 동탄구,연립다세대,5,13,55000.0,53000.0,2141.0,1953.0,0.9636,0.9125
2021-10,41610,광주시,아파트,155,301,46000.0,31500.0,1727.0,1284.0,0.6848,0.7436
2021-10,41610,광주시,연립다세대,357,258,19500.0,15000.0,1067.0,867.0,0.7692,0.8128
2021-10,41630,양주시,아파트,152,261,30750.0,20000.0,1325.0,882.0,0.6504,0.6656
2021-10,41630,양주시,연립다세대,65,32,8200.0,6600.0,510.0,479.0,0.8049,0.939
2021-10,41650,포천시,아파트,99,67,14300.0,12000.0,650.0,652.0,0.8392,1.0045
2021-10,41650,포천시,연립다세대,78,33,8150.0,9000.0,471.0,465.0,1.1043,0.9865
2021-10,41670,여주시,아파트,192,130,14450.0,13850.0,770.0,692.0,0.9585,0.8989
2021-10,41670,여주시,연립다세대,46,8,13500.0,10000.0,880.0,640.0,0.7407,0.727
2021-10,41800,연천군,아파트,31,6,6900.0,5500.0,426.0,311.0,0.7971,0.7299
2021-10,41800,연천군,연립다세대,17,13,4500.0,10300.0,288.0,840.0,2.2889,2.918
2021-10,41820,가평군,아파트,25,22,22800.0,17500.0,969.0,850.0,0.7675,0.8777
2021-10,41820,가평군,연립다세대,40,17,12750.0,10000.0,587.0,532.0,0.7843,0.9069
2021-10,41830,양평군,아파트,46,37,32000.0,28000.0,1295.0,905.0,0.875,0.6994
2021-10,41830,양평군,연립다세대,49,23,16000.0,13000.0,907.0,736.0,0.8125,0.8118
2021-11,11110,종로구,아파트,24,81,48000.0,57750.0,3824.0,2333.0,1.2031,0.6101
2021-11,11110,종로구,연립다세대,70,86,26250.0,25725.0,2142.0,1514.0,0.98,0.7065
2021-11,11140,중구,아파트,17,148,68500.0,55650.0,4404.0,2687.0,0.8124,0.6102
2021-11,11140,중구,연립다세대,19,64,25000.0,24000.0,2608.0,2134.0,0.96,0.8181
2021-11,11170,용산구,아파트,30,264,181500.0,64950.0,7350.0,2592.0,0.3579,0.3527
2021-11,11170,용산구,연립다세대,68,309,53750.0,23100.0,3744.0,2157.0,0.4298,0.5762
2021-11,11200,성동구,아파트,48,444,135000.0,60500.0,5430.0,2759.0,0.4481,0.5082
2021-11,11200,성동구,연립다세대,20,79,24350.0,19000.0,3289.0,1744.0,0.7803,0.5303
2021-11,11215,광진구,아파트,29,272,110000.0,60000.0,5306.0,2621.0,0.5455,0.4939
2021-11,11215,광진구,연립다세대,129,379,32000.0,24150.0,2918.0,2261.0,0.7547,0.7749
2021-11,11230,동대문구,아파트,56,350,83000.0,45000.0,3806.0,2206.0,0.5422,0.5797
2021-11,11230,동대문구,연립다세대,69,160,29000.0,20000.0,2699.0,1968.0,0.6897,0.7292
2021-11,11260,중랑구,아파트,44,264,70000.0,35700.0,3412.0,1725.0,0.51,0.5055
2021-11,11260,중랑구,연립다세대,178,292,23000.0,21840.0,2509.0,2118.0,0.9496,0.8442
2021-11,11290,성북구,아파트,71,482,85500.0,45000.0,3944.0,2068.0,0.5263,0.5243
2021-11,11290,성북구,연립다세대,123,233,27000.0,20000.0,2119.0,1679.0,0.7407,0.7923
2021-11,11305,강북구,아파트,19,134,70000.0,36000.0,2851.0,1674.0,0.5143,0.587
2021-11,11305,강북구,연립다세대,173,216,20250.0,15000.0,1506.0,1062.0,0.7407,0.705
2021-11,11320,도봉구,아파트,47,331,59500.0,30000.0,3272.0,1451.0,0.5042,0.4436
2021-11,11320,도봉구,연립다세대,160,169,20500.0,16000.0,1620.0,1123.0,0.7805,0.6935
2021-11,11350,노원구,아파트,82,988,75100.0,28000.0,4112.0,1593.0,0.3728,0.3874
2021-11,11350,노원구,연립다세대,85,103,38000.0,14700.0,2335.0,1272.0,0.3868,0.5449
2021-11,11380,은평구,아파트,75,401,65700.0,47000.0,3516.0,2100.0,0.7154,0.5974
2021-11,11380,은평구,연립다세대,310,541,24000.0,19950.0,1839.0,1405.0,0.8313,0.7637
2021-11,11410,서대문구,아파트,46,388,89250.0,50000.0,3779.0,2210.0,0.5602,0.5848
2021-11,11410,서대문구,연립다세대,104,185,23900.0,20000.0,1897.0,1456.0,0.8368,0.7674
2021-11,11440,마포구,아파트,45,587,129000.0,54000.0,5574.0,2507.0,0.4186,0.4497
2021-11,11440,마포구,연립다세대,102,424,35000.0,23550.0,2761.0,2166.0,0.6729,0.7844
2021-11,11470,양천구,아파트,49,583,70000.0,51450.0,3339.0,2346.0,0.735,0.7026
2021-11,11470,양천구,연립다세대,324,393,24500.0,19500.0,2286.0,1617.0,0.7959,0.7072
2021-11,11500,강서구,아파트,74,743,60500.0,37250.0,3439.0,1910.0,0.6157,0.5554
2021-11,11500,강서구,연립다세대,375,737,22500.0,21000.0,1775.0,1931.0,0.9333,1.0879
2021-11,11530,구로구,아파트,91,420,65000.0,36540.0,3034.0,1731.0,0.5622,0.5706
2021-11,11530,구로구,연립다세대,171,265,25000.0,20000.0,1991.0,1537.0,0.8,0.7722
2021-11,11545,금천구,아파트,25,145,51800.0,32000.0,2746.0,1790.0,0.6178,0.6518
2021-11,11545,금천구,연립다세대,120,203,25000.0,21500.0,2122.0,2217.0,0.86,1.0449
2021-11,11560,영등포구,아파트,92,559,62500.0,50000.0,3877.0,2328.0,0.8,0.6005
2021-11,11560,영등포구,연립다세대,41,165,35000.0,23600.0,3502.0,2768.0,0.6743,0.7905
2021-11,11590,동작구,아파트,49,428,108000.0,62671.0,5083.0,2655.0,0.5803,0.5224
2021-11,11590,동작구,연립다세대,113,296,28000.0,24575.0,2235.0,1853.0,0.8777,0.8292
2021-11,11620,관악구,아파트,45,276,74000.0,42000.0,3613.0,2022.0,0.5676,0.5596
2021-11,11620,관악구,연립다세대,147,362,24500.0,21850.0,1833.0,1990.0,0.8918,1.0858
2021-11,11650,서초구,아파트,70,649,197500.0,76650.0,6615.0,2999.0,0.3881,0.4533
2021-11,11650,서초구,연립다세대,203,321,45000.0,33600.0,4749.0,2655.0,0.7467,0.559
2021-11,11680,강남구,아파트,106,1044,192500.0,84000.0,7258.0,3418.0,0.4364,0.4709
2021-11,11680,강남구,연립다세대,64,295,47600.0,31500.0,4442.0,2515.0,0.6618,0.5663
2021-11,11710,송파구,아파트,54,1020,165375.0,70000.0,6919.0,2878.0,0.4233,0.4159
2021-11,11710,송파구,연립다세대,179,748,35000.0,24150.0,3264.0,1979.0,0.69,0.6064
2021-11,11740,강동구,아파트,72,859,66500.0,49350.0,3840.0,2380.0,0.7421,0.6198
2021-11,11740,강동구,연립다세대,148,414,31550.0,24050.0,2770.0,2230.0,0.7623,0.8049
2021-11,41111,수원시 장안구,아파트,62,234,54100.0,33300.0,2795.0,1546.0,0.6155,0.5532
2021-11,41111,수원시 장안구,연립다세대,133,107,14000.0,9500.0,1065.0,829.0,0.6786,0.7784
2021-11,41113,수원시 권선구,아파트,91,408,51000.0,30000.0,2456.0,1441.0,0.5882,0.5866
2021-11,41113,수원시 권선구,연립다세대,87,148,17000.0,12000.0,1145.0,1119.0,0.7059,0.9777
2021-11,41115,수원시 팔달구,아파트,23,158,48000.0,25000.0,2357.0,1410.0,0.5208,0.5982
2021-11,41115,수원시 팔달구,연립다세대,71,87,17300.0,15225.0,1081.0,1456.0,0.8801,1.3475
2021-11,41117,수원시 영통구,아파트,138,757,62250.0,36500.0,3111.0,1644.0,0.5863,0.5286
2021-11,41117,수원시 영통구,연립다세대,9,24,65000.0,14195.0,3456.0,1572.0,0.2184,0.4549
2021-11,41131,성남시 수정구,아파트,18,135,57355.0,61000.0,2776.0,2507.0,1.0636,0.9032
2021-11,41131,성남시 수정구,연립다세대,46,72,28250.0,15000.0,1791.0,1124.0,0.531,0.6275
2021-11,41133,성남시 중원구,아파트,27,120,76500.0,35000.0,3424.0,1644.0,0.4575,0.4801
2021-11,41133,성남시 중원구,연립다세대,62,120,25550.0,14750.0,1720.0,982.0,0.5773,0.5711
2021-11,41135,성남시 분당구,아파트,89,1180,114840.0,60000.0,5173.0,2410.0,0.5225,0.4658
2021-11,41135,성남시 분당구,연립다세대,12,73,77250.0,37000.0,2952.0,1825.0,0.479,0.6181
2021-11,41150,의정부시,아파트,189,562,34700.0,24000.0,1867.0,1256.0,0.6916,0.673
2021-11,41150,의정부시,연립다세대,132,105,18200.0,10000.0,1195.0,742.0,0.5495,0.6208
2021-11,41171,안양시 만안구,아파트,45,214,53500.0,38000.0,2840.0,1702.0,0.7103,0.5992
2021-11,41171,안양시 만안구,연립다세대,80,109,25150.0,14600.0,1671.0,1011.0,0.5805,0.6047
2021-11,41173,안양시 동안구,아파트,59,745,74700.0,38700.0,3815.0,1867.0,0.5181,0.4894
2021-11,41173,안양시 동안구,연립다세대,18,98,29900.0,15750.0,2313.0,1179.0,0.5268,0.5097
2021-11,41192,부천시 원미구,아파트,111,429,50000.0,31500.0,2461.0,1673.0,0.63,0.6797
2021-11,41192,부천시 원미구,연립다세대,144,161,18000.0,16000.0,1185.0,1063.0,0.8889,0.8975
2021-11,41194,부천시 소사구,아파트,73,184,43000.0,32000.0,2112.0,1483.0,0.7442,0.7025
2021-11,41194,부천시 소사구,연립다세대,134,89,19650.0,15000.0,1402.0,1034.0,0.7634,0.7378
2021-11,41196,부천시 오정구,아파트,38,74,23850.0,18900.0,1695.0,1067.0,0.7925,0.6297
2021-11,41196,부천시 오정구,연립다세대,212,182,13600.0,11000.0,1113.0,877.0,0.8088,0.7883
2021-11,41210,광명시,아파트,57,443,82500.0,38000.0,3963.0,1887.0,0.4606,0.4761
2021-11,41210,광명시,연립다세대,34,80,30500.0,19000.0,1959.0,1243.0,0.623,0.6346
2021-11,41220,평택시,아파트,477,806,23900.0,19975.0,1201.0,973.0,0.8358,0.8102
2021-11,41220,평택시,연립다세대,142,96,9450.0,7000.0,556.0,650.0,0.7407,1.1672
2021-11,41250,동두천시,아파트,46,114,14525.0,17000.0,720.0,828.0,1.1704,1.1494
2021-11,41250,동두천시,연립다세대,47,15,6000.0,5000.0,376.0,519.0,0.8333,1.3789
2021-11,41271,안산시 상록구,아파트,73,198,39000.0,25000.0,1865.0,1162.0,0.641,0.6232
2021-11,41271,안산시 상록구,연립다세대,302,227,15450.0,10500.0,822.0,732.0,0.6796,0.8902
2021-11,41273,안산시 단원구,아파트,109,265,40500.0,27300.0,2181.0,1379.0,0.6741,0.6322
2021-11,41273,안산시 단원구,연립다세대,93,92,17000.0,12000.0,1001.0,785.0,0.7059,0.7847
2021-11,41281,고양시 덕양구,아파트,112,530,48250.0,32500.0,2403.0,1493.0,0.6736,0.6214
2021-11,41281,고양시 덕양구,연립다세대,123,116,19000.0,10000.0,1303.0,730.0,0.5263,0.5601
2021-11,41285,고양시 일산동구,아파트,83,370,52500.0,41000.0,2309.0,1563.0,0.781,0.6768
2021-11,41285,고양시 일산동구,연립다세대,57,75,22000.0,21500.0,1260.0,1208.0,0.9773,0.9586
2021-11,41287,고양시 일산서구,아파트,161,624,46800.0,30000.0,2009.0,1332.0,0.641,0.663
2021-11,41287,고양시 일산서구,연립다세대,36,51,19600.0,19300.0,1218.0,1138.0,0.9847,0.9345
2021-11,41290,과천시,아파트,9,174,172000.0,70000.0,7589.0,2729.0,0.407,0.3596
2021-11,41290,과천시,연립다세대,6,35,85000.0,50000.0,2925.0,2715.0,0.5882,0.9281
2021-11,41310,구리시,아파트,37,264,71000.0,31500.0,3343.0,1526.0,0.4437,0.4567
2021-11,41310,구리시,연립다세대,21,43,33000.0,15000.0,2106.0,1165.0,0.4545,0.5531
2021-11,41360,남양주시,아파트,246,1061,42750.0,30000.0,1816.0,1215.0,0.7018,0.669
2021-11,41360,남양주시,연립다세대,268,224,13000.0,10200.0,809.0,681.0,0.7846,0.8422
2021-11,41370,오산시,아파트,77,245,28500.0,22000.0,1472.0,1137.0,0.7719,0.7722
2021-11,41370,오산시,연립다세대,29,67,9500.0,9000.0,689.0,868.0,0.9474,1.2609
2021-11,41390,시흥시,아파트,195,575,34000.0,25000.0,1853.0,1270.0,0.7353,0.6851
2021-11,41390,시흥시,연립다세대,170,146,11300.0,10000.0,862.0,717.0,0.885,0.8311
2021-11,41410,군포시,아파트,60,373,44100.0,24675.0,3004.0,1350.0,0.5595,0.4496
2021-11,41410,군포시,연립다세대,37,70,22000.0,12150.0,1555.0,1040.0,0.5523,0.6684
2021-11,41430,의왕시,아파트,29,309,65000.0,45000.0,2774.0,1914.0,0.6923,0.6901
2021-11,41430,의왕시,연립다세대,16,55,38500.0,14000.0,2365.0,1124.0,0.3636,0.4755
2021-11,41450,하남시,아파트,93,456,94700.0,58000.0,4117.0,2413.0,0.6125,0.586
2021-11,41450,하남시,연립다세대,11,31,48500.0,24000.0,2995.0,1377.0,0.4948,0.4597
2021-11,41461,용인시 처인구,아파트,121,218,33700.0,25000.0,1520.0,1167.0,0.7418,0.7678
2021-11,41461,용인시 처인구,연립다세대,106,114,12123.0,10450.0,695.0,688.0,0.862,0.9898
2021-11,41463,용인시 기흥구,아파트,188,708,61250.0,39000.0,2330.0,1522.0,0.6367,0.6531
2021-11,41463,용인시 기흥구,연립다세대,35,72,26700.0,14500.0,1365.0,1150.0,0.5431,0.8425
2021-11,41465,용인시 수지구,아파트,123,709,82363.0,48000.0,3113.0,1787.0,0.5828,0.5741
2021-11,41465,용인시 수지구,연립다세대,17,43,29000.0,23000.0,2108.0,1751.0,0.7931,0.8309
2021-11,41480,파주시,아파트,263,626,32000.0,30000.0,1295.0,1238.0,0.9375,0.9558
2021-11,41480,파주시,연립다세대,119,92,11900.0,18000.0,1007.0,1016.0,1.5126,1.0086
2021-11,41500,이천시,아파트,192,199,16500.0,19000.0,892.0,833.0,1.1515,0.9338
2021-11,41500,이천시,연립다세대,74,58,8395.0,12000.0,542.0,788.0,1.4294,1.4537
2021-11,41550,안성시,아파트,172,248,16450.0,13500.0,996.0,835.0,0.8207,0.838
2021-11,41550,안성시,연립다세대,29,21,9500.0,5333.0,501.0,345.0,0.5614,0.6873
2021-11,41570,김포시,아파트,182,510,52500.0,33500.0,2182.0,1361.0,0.6381,0.624
2021-11,41570,김포시,연립다세대,42,66,15500.0,22000.0,938.0,1206.0,1.4194,1.2851
2021-11,41591,화성시 만세구,아파트,58,432,28850.0,19320.0,1346.0,778.0,0.6697,0.5781
2021-11,41591,화성시 만세구,연립다세대,46,18,10750.0,11000.0,613.0,695.0,1.0233,1.1334
2021-11,41593,화성시 효행구,아파트,45,87,36700.0,24000.0,1485.0,1049.0,0.654,0.7066
2021-11,41593,화성시 효행구,연립다세대,19,24,9800.0,8750.0,541.0,1235.0,0.8929,2.2817
2021-11,41595,화성시 병점구,아파트,37,200,49500.0,27900.0,2042.0,1187.0,0.5636,0.5811
2021-11,41595,화성시 병점구,연립다세대,13,52,8000.0,10500.0,710.0,1314.0,1.3125,1.8525
2021-11,41597,화성시 동탄구,아파트,129,557,72500.0,40000.0,3134.0,1682.0,0.5517,0.5366
2021-11,41597,화성시 동탄구,연립다세대,1,6,80000.0,52000.0,3112.0,1647.0,0.65,0.5292
2021-11,41610,광주시,아파트,102,289,42900.0,30000.0,1635.0,1245.0,0.6993,0.7618
2021-11,41610,광주시,연립다세대,263,245,19800.0,15500.0,1087.0,916.0,0.7828,0.8425
2021-11,41630,양주시,아파트,95,207,31000.0,20000.0,1322.0,972.0,0.6452,0.7354
2021-11,41630,양주시,연립다세대,53,19,8500.0,6500.0,573.0,488.0,0.7647,0.8505
2021-11,41650,포천시,아파트,56,50,16350.0,13000.0,854.0,661.0,0.7951,0.7735
2021-11,41650,포천시,연립다세대,69,32,8000.0,14900.0,465.0,889.0,1.8625,1.9128
2021-11,41670,여주시,아파트,120,114,15400.0,15000.0,813.0,711.0,0.974,0.8747
2021-11,41670,여주시,연립다세대,81,16,20600.0,7800.0,967.0,477.0,0.3786,0.4932
2021-11,41800,연천군,아파트,8,10,8250.0,8750.0,508.0,491.0,1.0606,0.9668
2021-11,41800,연천군,연립다세대,24,10,5900.0,10250.0,368.0,721.0,1.7373,1.9615
2021-11,41820,가평군,아파트,32,22,22850.0,20000.0,1081.0,918.0,0.8753,0.8484
2021-11,41820,가평군,연립다세대,36,24,12000.0,8250.0,655.0,506.0,0.6875,0.7728
2021-11,41830,양평군,아파트,31,30,36000.0,28500.0,1347.0,1152.0,0.7917,0.8547
2021-11,41830,양평군,연립다세대,35,40,14500.0,15000.0,755.0,849.0,1.0345,1.1249
2021-12,11110,종로구,아파트,17,91,79500.0,59850.0,4384.0,2530.0,0.7528,0.5771
2021-12,11110,종로구,연립다세대,54,113,45700.0,23000.0,3652.0,1555.0,0.5033,0.426
2021-12,11140,중구,아파트,17,189,89500.0,58000.0,4153.0,2614.0,0.648,0.6294
2021-12,11140,중구,연립다세대,26,88,33000.0,23000.0,2808.0,2408.0,0.697,0.8576
2021-12,11170,용산구,아파트,24,284,147750.0,64000.0,6434.0,2657.0,0.4332,0.4129
2021-12,11170,용산구,연립다세대,57,312,48500.0,24000.0,3375.0,2681.0,0.4948,0.7943
2021-12,11200,성동구,아파트,28,500,137750.0,62250.0,6339.0,2769.0,0.4519,0.4368
2021-12,11200,성동구,연립다세대,51,103,21900.0,20000.0,3332.0,2003.0,0.9132,0.6012
2021-12,11215,광진구,아파트,16,281,125750.0,59850.0,5591.0,2655.0,0.4759,0.4748
2021-12,11215,광진구,연립다세대,109,443,32000.0,25200.0,2328.0,2517.0,0.7875,1.0812
2021-12,11230,동대문구,아파트,43,396,63800.0,45000.0,3680.0,2269.0,0.7053,0.6167
2021-12,11230,동대문구,연립다세대,41,193,30800.0,21000.0,2269.0,2083.0,0.6818,0.918
2021-12,11260,중랑구,아파트,45,261,58500.0,36000.0,3134.0,1702.0,0.6154,0.5431
2021-12,11260,중랑구,연립다세대,142,321,29750.0,23000.0,2453.0,2083.0,0.7731,0.8492
2021-12,11290,성북구,아파트,49,510,80500.0,48400.0,3596.0,2182.0,0.6012,0.6067
2021-12,11290,성북구,연립다세대,144,270,36875.0,21500.0,2834.0,1927.0,0.5831,0.68
2021-12,11305,강북구,아파트,12,129,58400.0,37000.0,2465.0,1752.0,0.6336,0.711
2021-12,11305,강북구,연립다세대,176,190,21600.0,16135.0,1626.0,1204.0,0.747,0.7402
2021-12,11320,도봉구,아파트,37,336,62500.0,27300.0,3292.0,1429.0,0.4368,0.4342
2021-12,11320,도봉구,연립다세대,133,127,19700.0,16500.0,1551.0,1197.0,0.8376,0.7719
2021-12,11350,노원구,아파트,58,1067,69400.0,29400.0,3773.0,1617.0,0.4236,0.4286
2021-12,11350,노원구,연립다세대,50,101,20800.0,14500.0,1544.0,1181.0,0.6971,0.7645
2021-12,11380,은평구,아파트,60,401,76500.0,44500.0,4038.0,2263.0,0.5817,0.5605
2021-12,11380,은평구,연립다세대,215,528,26800.0,20000.0,2058.0,1531.0,0.7463,0.744
2021-12,11410,서대문구,아파트,38,471,82450.0,50400.0,3678.0,2322.0,0.6113,0.6314
2021-12,11410,서대문구,연립다세대,61,185,23000.0,18000.0,1644.0,1365.0,0.7826,0.8306
2021-12,11440,마포구,아파트,60,569,124750.0,56000.0,5232.0,2466.0,0.4489,0.4712
2021-12,11440,마포구,연립다세대,233,430,26000.0,22750.0,2851.0,2089.0,0.875,0.733
2021-12,11470,양천구,아파트,48,714,109250.0,52500.0,4439.0,2345.0,0.4805,0.5283
2021-12,11470,양천구,연립다세대,286,386,23825.0,21000.0,2254.0,1794.0,0.8814,0.7957
2021-12,11500,강서구,아파트,60,730,66500.0,40000.0,3500.0,2116.0,0.6015,0.6045
2021-12,11500,강서구,연립다세대,320,747,23850.0,20500.0,1742.0,1964.0,0.8595,1.1273
2021-12,11530,구로구,아파트,69,570,45000.0,29950.0,2749.0,1553.0,0.6656,0.5651
2021-12,11530,구로구,연립다세대,177,271,25500.0,18000.0,2045.0,1558.0,0.7059,0.7616
2021-12,11545,금천구,아파트,24,194,51000.0,33600.0,2993.0,1794.0,0.6588,0.5995
2021-12,11545,금천구,연립다세대,143,218,25500.0,21000.0,2262.0,2126.0,0.8235,0.9402
2021-12,11560,영등포구,아파트,63,618,90000.0,53000.0,4078.0,2391.0,0.5889,0.5865
2021-12,11560,영등포구,연립다세대,90,204,38000.0,24000.0,4692.0,2843.0,0.6316,0.6059
2021-12,11590,동작구,아파트,40,439,113000.0,62000.0,3919.0,2611.0,0.5487,0.6662
2021-12,11590,동작구,연립다세대,144,278,31500.0,23050.0,2399.0,1875.0,0.7317,0.7814
2021-12,11620,관악구,아파트,48,308,65500.0,45000.0,3465.0,2027.0,0.687,0.5851
2021-12,11620,관악구,연립다세대,199,338,27000.0,21000.0,2135.0,1853.0,0.7778,0.868
2021-12,11650,서초구,아파트,72,753,182000.0,80000.0,5924.0,3135.0,0.4396,0.5293
2021-12,11650,서초구,연립다세대,84,336,48675.0,35000.0,4320.0,2756.0,0.7191,0.6379
2021-12,11680,강남구,아파트,70,1341,213000.0,80000.0,8167.0,3290.0,0.3756,0.4028
2021-12,11680,강남구,연립다세대,70,309,51750.0,29400.0,4114.0,2684.0,0.5681,0.6524
2021-12,11710,송파구,아파트,67,1417,120000.0,58800.0,6313.0,2530.0,0.49,0.4008
2021-12,11710,송파구,연립다세대,202,710,30450.0,24000.0,3471.0,1968.0,0.7882,0.5669
2021-12,11740,강동구,아파트,65,870,113000.0,50000.0,4564.0,2380.0,0.4425,0.5214
2021-12,11740,강동구,연립다세대,206,389,31900.0,25000.0,2785.0,2417.0,0.7837,0.8679
2021-12,41111,수원시 장안구,아파트,45,239,45250.0,30000.0,2084.0,1480.0,0.663,0.7102
2021-12,41111,수원시 장안구,연립다세대,93,107,13500.0,10500.0,960.0,1097.0,0.7778,1.142
2021-12,41113,수원시 권선구,아파트,80,477,42500.0,32000.0,2194.0,1482.0,0.7529,0.6753
2021-12,41113,수원시 권선구,연립다세대,143,138,21000.0,13000.0,1373.0,1232.0,0.619,0.8975
2021-12,41115,수원시 팔달구,아파트,39,158,11500.0,27900.0,1662.0,1371.0,2.4261,0.825
2021-12,41115,수원시 팔달구,연립다세대,66,101,14150.0,13000.0,1115.0,1343.0,0.9187,1.2051
2021-12,41117,수원시 영통구,아파트,102,897,58650.0,35000.0,2899.0,1605.0,0.5968,0.5537
2021-12,41117,수원시 영통구,연립다세대,13,29,17000.0,20000.0,1055.0,1876.0,1.1765,1.7773
2021-12,41131,성남시 수정구,아파트,19,199,106500.0,59850.0,4928.0,2350.0,0.562,0.4769
2021-12,41131,성남시 수정구,연립다세대,32,54,25250.0,15000.0,1824.0,1067.0,0.5941,0.5847
2021-12,41133,성남시 중원구,아파트,26,148,79450.0,39375.0,3454.0,1852.0,0.4956,0.5363
2021-12,41133,성남시 중원구,연립다세대,42,135,22000.0,14000.0,1654.0,1036.0,0.6364,0.6266
2021-12,41135,성남시 분당구,아파트,87,1301,125000.0,58800.0,5058.0,2412.0,0.4704,0.4769
2021-12,41135,성남시 분당구,연립다세대,15,76,85000.0,40475.0,3975.0,1706.0,0.4762,0.4292
2021-12,41150,의정부시,아파트,142,509,33000.0,23625.0,1746.0,1232.0,0.7159,0.7058
2021-12,41150,의정부시,연립다세대,122,100,17500.0,11000.0,1182.0,828.0,0.6286,0.7004
2021-12,41171,안양시 만안구,아파트,36,248,46750.0,34575.0,2501.0,1648.0,0.7396,0.6587
2021-12,41171,안양시 만안구,연립다세대,99,116,23250.0,15000.0,1662.0,1059.0,0.6452,0.6373
2021-12,41173,안양시 동안구,아파트,42,856,69150.0,36750.0,3919.0,1814.0,0.5315,0.4628
2021-12,41173,안양시 동안구,연립다세대,34,114,15600.0,15000.0,2130.0,1242.0,0.9615,0.583
2021-12,41192,부천시 원미구,아파트,90,466,45850.0,32500.0,2466.0,1636.0,0.7088,0.6635
2021-12,41192,부천시 원미구,연립다세대,139,132,17000.0,15000.0,1281.0,1111.0,0.8824,0.8675
2021-12,41194,부천시 소사구,아파트,63,237,42300.0,35000.0,2184.0,1594.0,0.8274,0.7301
2021-12,41194,부천시 소사구,연립다세대,98,99,16400.0,15100.0,1183.0,1104.0,0.9207,0.933
2021-12,41196,부천시 오정구,아파트,34,68,26400.0,13500.0,1575.0,955.0,0.5114,0.6061
2021-12,41196,부천시 오정구,연립다세대,193,144,13800.0,11000.0,1106.0,882.0,0.7971,0.7975
2021-12,41210,광명시,아파트,39,525,83000.0,37800.0,3890.0,1835.0,0.4554,0.4717
2021-12,41210,광명시,연립다세대,44,65,33000.0,20000.0,2183.0,1263.0,0.6061,0.5786
2021-12,41220,평택시,아파트,420,835,21000.0,20000.0,1140.0,992.0,0.9524,0.8704
2021-12,41220,평택시,연립다세대,155,94,8500.0,7500.0,621.0,612.0,0.8824,0.986
2021-12,41250,동두천시,아파트,31,114,23000.0,17000.0,1170.0,882.0,0.7391,0.7535
2021-12,41250,동두천시,연립다세대,50,23,10500.0,7000.0,550.0,430.0,0.6667,0.7821
2021-12,41271,안산시 상록구,아파트,76,221,39150.0,25000.0,1797.0,1230.0,0.6386,0.6842
2021-12,41271,안산시 상록구,연립다세대,263,261,18000.0,11550.0,910.0,755.0,0.6417,0.8296
2021-12,41273,안산시 단원구,아파트,61,295,41000.0,28000.0,2251.0,1376.0,0.6829,0.6115
2021-12,41273,안산시 단원구,연립다세대,120,81,20850.0,12000.0,1227.0,730.0,0.5755,0.5949
2021-12,41281,고양시 덕양구,아파트,113,574,50000.0,33600.0,2480.0,1488.0,0.672,0.5998
2021-12,41281,고양시 덕양구,연립다세대,88,134,16400.0,12000.0,1132.0,822.0,0.7317,0.7262
2021-12,41285,고양시 일산동구,아파트,78,389,50750.0,37800.0,2238.0,1423.0,0.7448,0.6358
2021-12,41285,고양시 일산동구,연립다세대,55,76,21500.0,23000.0,1213.0,1099.0,1.0698,0.906
2021-12,41287,고양시 일산서구,아파트,133,659,49400.0,32550.0,2028.0,1306.0,0.6589,0.6441
2021-12,41287,고양시 일산서구,연립다세대,15,31,23000.0,19000.0,1404.0,1113.0,0.8261,0.7925
2021-12,41290,과천시,아파트,6,225,191000.0,75000.0,6858.0,2913.0,0.3927,0.4247
2021-12,41290,과천시,연립다세대,15,34,52250.0,49800.0,3298.0,2494.0,0.9531,0.7563
2021-12,41310,구리시,아파트,32,275,63900.0,34000.0,2975.0,1606.0,0.5321,0.5398
2021-12,41310,구리시,연립다세대,15,48,32000.0,17500.0,1944.0,1200.0,0.5469,0.6175
2021-12,41360,남양주시,아파트,174,1071,39450.0,31000.0,1668.0,1278.0,0.7858,0.7663
2021-12,41360,남양주시,연립다세대,191,212,14000.0,11000.0,868.0,715.0,0.7857,0.8241
2021-12,41370,오산시,아파트,76,261,33400.0,23000.0,1596.0,1158.0,0.6886,0.7255
2021-12,41370,오산시,연립다세대,40,38,6122.0,11000.0,843.0,964.0,1.7968,1.1437
2021-12,41390,시흥시,아파트,169,601,35800.0,25200.0,1756.0,1263.0,0.7039,0.7189
2021-12,41390,시흥시,연립다세대,134,105,11250.0,9000.0,832.0,718.0,0.8,0.8627
2021-12,41410,군포시,아파트,47,379,50900.0,25725.0,2866.0,1432.0,0.5054,0.4996
2021-12,41410,군포시,연립다세대,39,74,21000.0,13250.0,1439.0,1092.0,0.631,0.7588
2021-12,41430,의왕시,아파트,16,355,71600.0,44000.0,3060.0,1883.0,0.6145,0.6153
2021-12,41430,의왕시,연립다세대,9,59,43800.0,16800.0,2813.0,1159.0,0.3836,0.4121
2021-12,41450,하남시,아파트,78,526,106500.0,56000.0,4218.0,2372.0,0.5258,0.5622
2021-12,41450,하남시,연립다세대,8,27,25500.0,21525.0,1769.0,1398.0,0.8441,0.7901
2021-12,41461,용인시 처인구,아파트,93,174,31500.0,26000.0,1579.0,1242.0,0.8254,0.7868
2021-12,41461,용인시 처인구,연립다세대,120,83,12000.0,8000.0,759.0,746.0,0.6667,0.9829
2021-12,41463,용인시 기흥구,아파트,140,767,61500.0,38000.0,2319.0,1439.0,0.6179,0.6207
2021-12,41463,용인시 기흥구,연립다세대,49,65,23550.0,13000.0,1797.0,1123.0,0.552,0.625
2021-12,41465,용인시 수지구,아파트,176,819,78163.0,45000.0,2840.0,1757.0,0.5757,0.6187
2021-12,41465,용인시 수지구,연립다세대,8,39,31350.0,24150.0,1563.0,1569.0,0.7703,1.004
2021-12,41480,파주시,아파트,227,700,35000.0,30450.0,1552.0,1230.0,0.87,0.7924
2021-12,41480,파주시,연립다세대,87,81,18000.0,20400.0,1038.0,1090.0,1.1333,1.0506
2021-12,41500,이천시,아파트,141,172,17000.0,17500.0,913.0,820.0,1.0294,0.8983
2021-12,41500,이천시,연립다세대,69,47,9750.0,11000.0,611.0,783.0,1.1282,1.2817
2021-12,41550,안성시,아파트,144,278,15150.0,14400.0,956.0,838.0,0.9505,0.876
2021-12,41550,안성시,연립다세대,19,12,7500.0,4975.0,503.0,577.0,0.6633,1.148
2021-12,41570,김포시,아파트,189,513,50000.0,33600.0,2061.0,1361.0,0.672,0.6604
2021-12,41570,김포시,연립다세대,42,52,14600.0,23250.0,943.0,1436.0,1.5925,1.5239
2021-12,41591,화성시 만세구,아파트,52,541,24500.0,17812.0,1288.0,778.0,0.727,0.6039
2021-12,41591,화성시 만세구,연립다세대,55,12,9732.0,11250.0,515.0,694.0,1.156,1.347
2021-12,41593,화성시 효행구,아파트,53,108,32200.0,25000.0,1478.0,1026.0,0.7764,0.6942
2021-12,41593,화성시 효행구,연립다세대,22,21,7175.0,11000.0,426.0,814.0,1.5331,1.9107
2021-12,41595,화성시 병점구,아파트,35,222,46000.0,27000.0,2045.0,1206.0,0.587,0.5897
2021-12,41595,화성시 병점구,연립다세대,14,65,14750.0,11500.0,793.0,1429.0,0.7797,1.8023
2021-12,41597,화성시 동탄구,아파트,118,624,70750.0,39000.0,2925.0,1621.0,0.5512,0.5544
2021-12,41597,화성시 동탄구,연립다세대,1,10,112500.0,44425.0,3600.0,1836.0,0.3949,0.51
2021-12,41610,광주시,아파트,79,303,42000.0,31000.0,1559.0,1245.0,0.7381,0.7981
2021-12,41610,광주시,연립다세대,277,235,18000.0,17000.0,1051.0,982.0,0.9444,0.9339
2021-12,41630,양주시,아파트,91,180,29500.0,20000.0,1291.0,937.0,0.678,0.7259
2021-12,41630,양주시,연립다세대,48,13,10000.0,7500.0,656.0,385.0,0.75,0.5866
2021-12,41650,포천시,아파트,62,65,18600.0,15000.0,862.0,740.0,0.8065,0.8586
2021-12,41650,포천시,연립다세대,48,34,8975.0,6750.0,502.0,550.0,0.7521,1.0952
2021-12,41670,여주시,아파트,65,145,17800.0,15000.0,837.0,720.0,0.8427,0.8608
2021-12,41670,여주시,연립다세대,105,13,21100.0,10200.0,1179.0,572.0,0.4834,0.4849
2021-12,41800,연천군,아파트,13,7,8200.0,6500.0,446.0,428.0,0.7927,0.9606
2021-12,41800,연천군,연립다세대,9,8,5700.0,6750.0,326.0,540.0,1.1842,1.6562
2021-12,41820,가평군,아파트,24,27,21850.0,25000.0,952.0,975.0,1.1442,1.0247
2021-12,41820,가평군,연립다세대,21,14,10000.0,7500.0,568.0,538.0,0.75,0.9462
2021-12,41830,양평군,아파트,23,59,31000.0,30000.0,1362.0,1193.0,0.9677,0.8759
2021-12,41830,양평군,연립다세대,38,24,18100.0,14850.0,945.0,811.0,0.8204,0.8581
2022-01,11110,종로구,아파트,16,106,20000.0,43550.0,3684.0,2262.0,2.1775,0.614
2022-01,11110,종로구,연립다세대,34,132,24250.0,25000.0,2440.0,1668.0,1.0309,0.6835
2022-01,11140,중구,아파트,16,173,24200.0,57750.0,3381.0,2593.0,2.3864,0.7669
2022-01,11140,중구,연립다세대,23,95,19400.0,24675.0,2394.0,2248.0,1.2719,0.9392
2022-01,11170,용산구,아파트,14,278,226750.0,62500.0,7094.0,2562.0,0.2756,0.3611
2022-01,11170,용산구,연립다세대,44,328,43950.0,25000.0,3748.0,2573.0,0.5688,0.6864
2022-01,11200,성동구,아파트,39,553,138500.0,61000.0,6383.0,2769.0,0.4404,0.4338
2022-01,11200,성동구,연립다세대,15,102,33000.0,22525.0,3230.0,2146.0,0.6826,0.6645
2022-01,11215,광진구,아파트,26,248,140000.0,60000.0,5386.0,2499.0,0.4286,0.4641
2022-01,11215,광진구,연립다세대,68,465,31000.0,24150.0,2600.0,2388.0,0.779,0.9184
2022-01,11230,동대문구,아파트,42,406,73500.0,43000.0,3703.0,2258.0,0.585,0.6099
2022-01,11230,동대문구,연립다세대,56,177,30500.0,20850.0,2809.0,2211.0,0.6836,0.7872
2022-01,11260,중랑구,아파트,42,291,60250.0,33600.0,3061.0,1730.0,0.5577,0.5653
2022-01,11260,중랑구,연립다세대,117,381,28000.0,24000.0,2490.0,2226.0,0.8571,0.894
2022-01,11290,성북구,아파트,33,510,90000.0,48650.0,4201.0,2055.0,0.5406,0.4892
2022-01,11290,성북구,연립다세대,68,261,26400.0,20000.0,2127.0,1879.0,0.7576,0.8834
2022-01,11305,강북구,아파트,20,163,74500.0,37800.0,3040.0,1717.0,0.5074,0.5646
2022-01,11305,강북구,연립다세대,190,219,23600.0,16000.0,1721.0,1182.0,0.678,0.6866
2022-01,11320,도봉구,아파트,27,353,59500.0,28350.0,2922.0,1440.0,0.4765,0.4929
2022-01,11320,도봉구,연립다세대,125,142,18500.0,16695.0,1499.0,1218.0,0.9024,0.8121
2022-01,11350,노원구,아파트,65,1093,64700.0,26500.0,3632.0,1579.0,0.4096,0.4346
2022-01,11350,노원구,연립다세대,33,96,22000.0,14700.0,1475.0,1197.0,0.6682,0.8118
2022-01,11380,은평구,아파트,60,464,59895.0,41000.0,4238.0,1985.0,0.6845,0.4684
2022-01,11380,은평구,연립다세대,294,536,25800.0,20000.0,2437.0,1557.0,0.7752,0.639
2022-01,11410,서대문구,아파트,22,465,95500.0,51000.0,3823.0,2273.0,0.534,0.5945
2022-01,11410,서대문구,연립다세대,86,209,30250.0,19000.0,2316.0,1528.0,0.6281,0.6597
2022-01,11440,마포구,아파트,55,579,80500.0,57500.0,5653.0,2452.0,0.7143,0.4338
2022-01,11440,마포구,연립다세대,114,440,31200.0,23000.0,2744.0,2104.0,0.7372,0.7666
2022-01,11470,양천구,아파트,34,625,86500.0,52000.0,4585.0,2353.0,0.6012,0.5133
2022-01,11470,양천구,연립다세대,202,426,26000.0,20335.0,2253.0,1797.0,0.7821,0.7975
2022-01,11500,강서구,아파트,99,728,69400.0,41000.0,3391.0,2140.0,0.5908,0.6311
2022-01,11500,강서구,연립다세대,310,823,23000.0,22000.0,1913.0,2085.0,0.9565,1.0897
2022-01,11530,구로구,아파트,146,464,43475.0,36520.0,2518.0,1751.0,0.84,0.6954
2022-01,11530,구로구,연립다세대,171,213,26500.0,20947.0,2255.0,1529.0,0.7905,0.678
2022-01,11545,금천구,아파트,25,160,60000.0,35700.0,2923.0,1751.0,0.595,0.5993
2022-01,11545,금천구,연립다세대,105,200,25300.0,22275.0,2262.0,2435.0,0.8804,1.0765
2022-01,11560,영등포구,아파트,34,624,60500.0,50000.0,4103.0,2260.0,0.8264,0.5508
2022-01,11560,영등포구,연립다세대,59,213,29000.0,25200.0,3036.0,2900.0,0.869,0.9551
2022-01,11590,동작구,아파트,32,445,99000.0,58800.0,4751.0,2540.0,0.5939,0.5347
2022-01,11590,동작구,연립다세대,77,275,30500.0,23000.0,2516.0,2009.0,0.7541,0.7984
2022-01,11620,관악구,아파트,42,333,62750.0,39900.0,3237.0,1991.0,0.6359,0.6151
2022-01,11620,관악구,연립다세대,137,311,24900.0,22200.0,1836.0,2025.0,0.8916,1.1029
2022-01,11650,서초구,아파트,53,697,157000.0,72975.0,5779.0,3130.0,0.4648,0.5416
2022-01,11650,서초구,연립다세대,118,378,41450.0,33000.0,4531.0,2666.0,0.7961,0.5884
2022-01,11680,강남구,아파트,57,1131,208273.0,74000.0,8277.0,3098.0,0.3553,0.3743
2022-01,11680,강남구,연립다세대,72,364,49750.0,30000.0,4620.0,3197.0,0.603,0.692
2022-01,11710,송파구,아파트,53,1226,168000.0,62750.0,6614.0,2723.0,0.3735,0.4117
2022-01,11710,송파구,연립다세대,190,736,36000.0,25000.0,3889.0,1911.0,0.6944,0.4914
2022-01,11740,강동구,아파트,48,836,92500.0,50000.0,5030.0,2330.0,0.5405,0.4632
2022-01,11740,강동구,연립다세대,138,376,31475.0,23000.0,2930.0,2293.0,0.7307,0.7826
2022-01,41111,수원시 장안구,아파트,36,286,50000.0,30000.0,2171.0,1340.0,0.6,0.6173
2022-01,41111,수원시 장안구,연립다세대,89,116,13500.0,10000.0,889.0,976.0,0.7407,1.0971
2022-01,41113,수원시 권선구,아파트,90,581,49500.0,32000.0,2306.0,1517.0,0.6465,0.6578
2022-01,41113,수원시 권선구,연립다세대,73,153,14900.0,12500.0,840.0,1251.0,0.8389,1.4883
2022-01,41115,수원시 팔달구,아파트,17,176,32000.0,25050.0,1557.0,1380.0,0.7828,0.8861
2022-01,41115,수원시 팔달구,연립다세대,46,89,18050.0,12500.0,1188.0,1425.0,0.6925,1.1995
2022-01,41117,수원시 영통구,아파트,96,815,60000.0,32000.0,2911.0,1507.0,0.5333,0.5176
2022-01,41117,수원시 영통구,연립다세대,16,21,13000.0,14280.0,1615.0,1492.0,1.0985,0.9238
2022-01,41131,성남시 수정구,아파트,12,175,102000.0,60000.0,5185.0,2328.0,0.5882,0.449
2022-01,41131,성남시 수정구,연립다세대,24,88,26000.0,15000.0,1781.0,1073.0,0.5769,0.6024
2022-01,41133,성남시 중원구,아파트,21,139,76900.0,40000.0,3311.0,1820.0,0.5202,0.5497
2022-01,41133,성남시 중원구,연립다세대,51,119,23000.0,15000.0,1756.0,1089.0,0.6522,0.6202
2022-01,41135,성남시 분당구,아파트,88,1211,119000.0,58000.0,5116.0,2355.0,0.4874,0.4602
2022-01,41135,성남시 분당구,연립다세대,11,73,62300.0,39500.0,3022.0,1794.0,0.634,0.5937
2022-01,41150,의정부시,아파트,114,596,33050.0,24000.0,1708.0,1270.0,0.7262,0.7432
2022-01,41150,의정부시,연립다세대,69,109,17900.0,11000.0,1098.0,773.0,0.6145,0.7039
2022-01,41171,안양시 만안구,아파트,43,256,44000.0,35000.0,2344.0,1631.0,0.7955,0.6958
2022-01,41171,안양시 만안구,연립다세대,67,123,23600.0,15000.0,1537.0,1203.0,0.6356,0.7827
2022-01,41173,안양시 동안구,아파트,48,979,69000.0,35000.0,3488.0,1852.0,0.5072,0.5311
2022-01,41173,안양시 동안구,연립다세대,11,99,21900.0,16000.0,1952.0,1189.0,0.7306,0.6092
2022-01,41192,부천시 원미구,아파트,80,488,49500.0,33000.0,2553.0,1648.0,0.6667,0.6455
2022-01,41192,부천시 원미구,연립다세대,139,135,18000.0,15000.0,1273.0,1114.0,0.8333,0.8751
2022-01,41194,부천시 소사구,아파트,51,195,42800.0,33600.0,2243.0,1505.0,0.785,0.6708
2022-01,41194,부천시 소사구,연립다세대,116,96,16500.0,15000.0,1186.0,982.0,0.9091,0.8277
2022-01,41196,부천시 오정구,아파트,43,79,21000.0,24000.0,1384.0,1080.0,1.1429,0.7802
2022-01,41196,부천시 오정구,연립다세대,165,173,13300.0,13000.0,1089.0,911.0,0.9774,0.8362
2022-01,41210,광명시,아파트,36,591,80850.0,37800.0,4089.0,1799.0,0.4675,0.44
2022-01,41210,광명시,연립다세대,31,76,32800.0,18250.0,2034.0,1246.0,0.5564,0.6124
2022-01,41220,평택시,아파트,374,909,22000.0,20000.0,1191.0,994.0,0.9091,0.8343
2022-01,41220,평택시,연립다세대,108,97,9825.0,8000.0,579.0,743.0,0.8142,1.2829
2022-01,41250,동두천시,아파트,28,74,16250.0,17000.0,994.0,858.0,1.0462,0.8638
2022-01,41250,동두천시,연립다세대,41,10,7800.0,9250.0,444.0,544.0,1.1859,1.2237
2022-01,41271,안산시 상록구,아파트,36,263,36000.0,24000.0,1777.0,1175.0,0.6667,0.6611
2022-01,41271,안산시 상록구,연립다세대,220,210,14700.0,11250.0,753.0,781.0,0.7653,1.0365
2022-01,41273,안산시 단원구,아파트,67,354,43400.0,26125.0,2042.0,1339.0,0.602,0.656
2022-01,41273,안산시 단원구,연립다세대,86,92,16950.0,10500.0,1065.0,717.0,0.6195,0.673
2022-01,41281,고양시 덕양구,아파트,86,598,46000.0,33000.0,2548.0,1552.0,0.7174,0.6091
2022-01,41281,고양시 덕양구,연립다세대,84,120,15000.0,13300.0,1021.0,937.0,0.8867,0.9182
2022-01,41285,고양시 일산동구,아파트,68,427,52000.0,35700.0,2288.0,1436.0,0.6865,0.6278
2022-01,41285,고양시 일산동구,연립다세대,39,84,20000.0,20700.0,1219.0,1209.0,1.035,0.992
2022-01,41287,고양시 일산서구,아파트,96,711,46750.0,32000.0,2006.0,1284.0,0.6845,0.6397
2022-01,41287,고양시 일산서구,연립다세대,27,40,22000.0,21650.0,1340.0,1230.0,0.9841,0.9183
2022-01,41290,과천시,아파트,3,164,162000.0,75000.0,6692.0,3113.0,0.463,0.4652
2022-01,41290,과천시,연립다세대,2,27,42950.0,42000.0,1917.0,2227.0,0.9779,1.162
2022-01,41310,구리시,아파트,29,286,63300.0,34000.0,3214.0,1658.0,0.5371,0.5159
2022-01,41310,구리시,연립다세대,21,43,41000.0,15000.0,2809.0,937.0,0.3659,0.3337
2022-01,41360,남양주시,아파트,159,1176,42000.0,30000.0,1654.0,1245.0,0.7143,0.7528
2022-01,41360,남양주시,연립다세대,153,174,13500.0,12000.0,833.0,715.0,0.8889,0.8587
2022-01,41370,오산시,아파트,59,291,25000.0,23000.0,1507.0,1170.0,0.92,0.7762
2022-01,41370,오산시,연립다세대,28,46,7300.0,9400.0,582.0,1175.0,1.2877,2.0191
2022-01,41390,시흥시,아파트,184,646,30250.0,26000.0,1672.0,1272.0,0.8595,0.7612
2022-01,41390,시흥시,연립다세대,134,101,11500.0,10000.0,873.0,773.0,0.8696,0.8852
2022-01,41410,군포시,아파트,61,453,47800.0,24000.0,3044.0,1365.0,0.5021,0.4483
2022-01,41410,군포시,연립다세대,28,62,22050.0,13000.0,1576.0,999.0,0.5896,0.6339
2022-01,41430,의왕시,아파트,20,359,62900.0,42000.0,2985.0,1772.0,0.6677,0.5937
2022-01,41430,의왕시,연립다세대,6,71,28000.0,20000.0,1889.0,1231.0,0.7143,0.652
2022-01,41450,하남시,아파트,52,456,94000.0,55000.0,4123.0,2275.0,0.5851,0.5517
2022-01,41450,하남시,연립다세대,7,26,28800.0,21000.0,2021.0,1309.0,0.7292,0.6479
2022-01,41461,용인시 처인구,아파트,68,184,33100.0,27000.0,1427.0,1243.0,0.8157,0.8709
2022-01,41461,용인시 처인구,연립다세대,131,92,11800.0,9500.0,773.0,751.0,0.8051,0.9718
2022-01,41463,용인시 기흥구,아파트,85,723,60000.0,36500.0,2152.0,1400.0,0.6083,0.6506
2022-01,41463,용인시 기흥구,연립다세대,29,84,19500.0,13000.0,1470.0,1305.0,0.6667,0.8879
2022-01,41465,용인시 수지구,아파트,127,864,80002.0,44000.0,3111.0,1673.0,0.55,0.5376
2022-01,41465,용인시 수지구,연립다세대,8,48,17250.0,19700.0,1558.0,1372.0,1.142,0.8801
2022-01,41480,파주시,아파트,173,580,28700.0,30000.0,1299.0,1200.0,1.0453,0.9243
2022-01,41480,파주시,연립다세대,73,82,10950.0,21000.0,784.0,1255.0,1.9178,1.6019
2022-01,41500,이천시,아파트,126,168,19250.0,20000.0,941.0,985.0,1.039,1.0468
2022-01,41500,이천시,연립다세대,66,78,10000.0,15000.0,829.0,915.0,1.5001,1.104
2022-01,41550,안성시,아파트,152,272,15000.0,13750.0,977.0,863.0,0.9167,0.8837
2022-01,41550,안성시,연립다세대,11,12,7800.0,5100.0,403.0,423.0,0.6538,1.0489
2022-01,41570,김포시,아파트,120,605,51000.0,32000.0,2095.0,1323.0,0.6275,0.6314
2022-01,41570,김포시,연립다세대,44,45,13500.0,26000.0,779.0,1636.0,1.9259,2.1006
2022-01,41591,화성시 만세구,아파트,39,427,30000.0,17300.0,1318.0,755.0,0.5767,0.573
2022-01,41591,화성시 만세구,연립다세대,37,19,12900.0,9000.0,716.0,608.0,0.6977,0.8485
2022-01,41593,화성시 효행구,아파트,28,95,31100.0,26250.0,1373.0,1103.0,0.8441,0.8029
2022-01,41593,화성시 효행구,연립다세대,13,12,11000.0,7000.0,658.0,672.0,0.6364,1.0203
2022-01,41595,화성시 병점구,아파트,29,267,48000.0,27500.0,2082.0,1157.0,0.5729,0.5559
2022-01,41595,화성시 병점구,연립다세대,10,75,6250.0,10500.0,590.0,1455.0,1.68,2.4643
2022-01,41597,화성시 동탄구,아파트,120,623,67150.0,38000.0,3020.0,1545.0,0.5659,0.5115
2022-01,41597,화성시 동탄구,연립다세대,1,8,12000.0,35000.0,1643.0,1758.0,2.9167,1.07
2022-01,41610,광주시,아파트,69,289,37500.0,29400.0,1531.0,1226.0,0.784,0.8009
2022-01,41610,광주시,연립다세대,266,267,18900.0,16200.0,1064.0,974.0,0.8571,0.9158
2022-01,41630,양주시,아파트,67,198,29800.0,20000.0,1267.0,903.0,0.6711,0.713
2022-01,41630,양주시,연립다세대,33,18,8700.0,7500.0,618.0,528.0,0.8621,0.8541
2022-01,41650,포천시,아파트,35,61,12400.0,15000.0,629.0,747.0,1.2097,1.1881
2022-01,41650,포천시,연립다세대,44,33,7100.0,10000.0,422.0,656.0,1.4085,1.556
2022-01,41670,여주시,아파트,73,130,16000.0,17000.0,792.0,784.0,1.0625,0.9909
2022-01,41670,여주시,연립다세대,79,18,18300.0,14500.0,1142.0,665.0,0.7923,0.582
2022-01,41800,연천군,아파트,13,9,9200.0,15000.0,520.0,584.0,1.6304,1.1243
2022-01,41800,연천군,연립다세대,15,5,4600.0,13100.0,293.0,1013.0,2.8478,3.4633
2022-01,41820,가평군,아파트,13,15,21000.0,22000.0,962.0,858.0,1.0476,0.8922
2022-01,41820,가평군,연립다세대,23,10,9000.0,12000.0,521.0,774.0,1.3333,1.4853
2022-01,41830,양평군,아파트,12,56,34500.0,30000.0,1657.0,1098.0,0.8696,0.6622
2022-01,41830,양평군,연립다세대,25,29,17300.0,16000.0,919.0,792.0,0.9249,0.8618
2022-02,11110,종로구,아파트,15,86,46500.0,51150.0,4750.0,2249.0,1.1,0.4735
2022-02,11110,종로구,연립다세대,26,99,38000.0,23000.0,2072.0,1482.0,0.6053,0.7152
2022-02,11140,중구,아파트,17,187,95000.0,58000.0,5408.0,2778.0,0.6105,0.5138
2022-02,11140,중구,연립다세대,25,79,26000.0,23500.0,2818.0,1901.0,0.9038,0.6746
2022-02,11170,용산구,아파트,17,299,190000.0,60000.0,5479.0,2433.0,0.3158,0.444
2022-02,11170,용산구,연립다세대,35,365,44000.0,25000.0,4537.0,2536.0,0.5682,0.559
2022-02,11200,성동구,아파트,19,599,130000.0,62000.0,5351.0,2655.0,0.4769,0.4962
2022-02,11200,성동구,연립다세대,24,98,34900.0,22500.0,3509.0,2026.0,0.6447,0.5773
2022-02,11215,광진구,아파트,14,297,109650.0,58800.0,4838.0,2610.0,0.5363,0.5395
2022-02,11215,광진구,연립다세대,68,481,31750.0,25000.0,2616.0,2451.0,0.7874,0.937
2022-02,11230,동대문구,아파트,46,412,77400.0,44100.0,3797.0,2096.0,0.5698,0.552
2022-02,11230,동대문구,연립다세대,49,166,38000.0,22025.0,2724.0,2073.0,0.5796,0.7608
2022-02,11260,중랑구,아파트,28,466,50000.0,23915.0,3171.0,1434.0,0.4783,0.4522
2022-02,11260,중랑구,연립다세대,101,378,27500.0,23613.0,2486.0,2285.0,0.8586,0.9191
2022-02,11290,성북구,아파트,41,540,85000.0,47750.0,3721.0,2096.0,0.5618,0.5632
2022-02,11290,성북구,연립다세대,86,293,23950.0,20700.0,2101.0,1679.0,0.8643,0.7991
2022-02,11305,강북구,아파트,12,162,57250.0,33600.0,2595.0,1680.0,0.5869,0.6472
2022-02,11305,강북구,연립다세대,158,198,21600.0,16800.0,1614.0,1135.0,0.7778,0.7027
2022-02,11320,도봉구,아파트,16,364,52250.0,28350.0,2914.0,1451.0,0.5426,0.4982
2022-02,11320,도봉구,연립다세대,132,172,22000.0,16000.0,1766.0,1110.0,0.7273,0.6281
2022-02,11350,노원구,아파트,56,1233,60000.0,27000.0,3878.0,1535.0,0.45,0.3958
2022-02,11350,노원구,연립다세대,25,98,17700.0,15000.0,1433.0,1201.0,0.8475,0.8381
2022-02,11380,은평구,아파트,46,451,72450.0,40000.0,3841.0,2062.0,0.5521,0.537
2022-02,11380,은평구,연립다세대,188,556,26500.0,20000.0,1882.0,1560.0,0.7547,0.8289
2022-02,11410,서대문구,아파트,28,476,85000.0,48900.0,3883.0,2204.0,0.5753,0.5676
2022-02,11410,서대문구,연립다세대,57,206,20800.0,20000.0,1751.0,1386.0,0.9615,0.7917
2022-02,11440,마포구,아파트,32,685,108500.0,57000.0,4555.0,2545.0,0.5253,0.5589
2022-02,11440,마포구,연립다세대,136,506,34250.0,23000.0,3015.0,1969.0,0.6715,0.653
2022-02,11470,양천구,아파트,29,667,72000.0,46300.0,3620.0,2211.0,0.6431,0.6109
2022-02,11470,양천구,연립다세대,115,421,24200.0,21000.0,2042.0,1729.0,0.8678,0.8465
2022-02,11500,강서구,아파트,54,806,48000.0,38000.0,3044.0,2029.0,0.7917,0.6667
2022-02,11500,강서구,연립다세대,320,765,23000.0,21000.0,1895.0,1998.0,0.913,1.0539
2022-02,11530,구로구,아파트,50,542,32400.0,33800.0,2725.0,1707.0,1.0432,0.6264
2022-02,11530,구로구,연립다세대,104,297,25700.0,20000.0,1730.0,1464.0,0.7782,0.8462
2022-02,11545,금천구,아파트,17,217,52000.0,30450.0,3103.0,1740.0,0.5856,0.5609
2022-02,11545,금천구,연립다세대,130,227,21950.0,22300.0,2070.0,2372.0,1.0159,1.1455
2022-02,11560,영등포구,아파트,37,668,20000.0,48000.0,3999.0,2213.0,2.4,0.5534
2022-02,11560,영등포구,연립다세대,54,170,34150.0,24638.0,3240.0,2648.0,0.7214,0.8174
2022-02,11590,동작구,아파트,31,476,99000.0,57000.0,4019.0,2413.0,0.5758,0.6003
2022-02,11590,동작구,연립다세대,78,304,30750.0,24125.0,2286.0,1759.0,0.7846,0.7697
2022-02,11620,관악구,아파트,40,347,64750.0,42000.0,3511.0,2039.0,0.6486,0.5808
2022-02,11620,관악구,연립다세대,126,372,25075.0,21800.0,1770.0,1972.0,0.8694,1.1137
2022-02,11650,서초구,아파트,40,832,190500.0,58800.0,5305.0,2656.0,0.3087,0.5006
2022-02,11650,서초구,연립다세대,48,378,42000.0,32900.0,4373.0,2608.0,0.7833,0.5963
2022-02,11680,강남구,아파트,62,1026,203500.0,75000.0,7233.0,3143.0,0.3686,0.4345
2022-02,11680,강남구,연립다세대,50,366,48150.0,30988.0,4319.0,2608.0,0.6436,0.6038
2022-02,11710,송파구,아파트,39,1158,143000.0,61000.0,6320.0,2556.0,0.4266,0.4045
2022-02,11710,송파구,연립다세대,194,866,38950.0,25000.0,3536.0,1965.0,0.6418,0.5559
2022-02,11740,강동구,아파트,30,788,47250.0,49350.0,3520.0,2321.0,1.0444,0.6593
2022-02,11740,강동구,연립다세대,107,479,31400.0,23100.0,3057.0,2257.0,0.7357,0.7384
2022-02,41111,수원시 장안구,아파트,39,296,49000.0,29900.0,2432.0,1334.0,0.6102,0.5487
2022-02,41111,수원시 장안구,연립다세대,122,107,17750.0,12000.0,1094.0,1097.0,0.6761,1.0025
2022-02,41113,수원시 권선구,아파트,89,502,46700.0,30000.0,2233.0,1388.0,0.6424,0.6215
2022-02,41113,수원시 권선구,연립다세대,73,148,14500.0,13825.0,904.0,1223.0,0.9534,1.3527
2022-02,41115,수원시 팔달구,아파트,35,215,56500.0,26000.0,2499.0,1308.0,0.4602,0.5236
2022-02,41115,수원시 팔달구,연립다세대,60,97,20650.0,15000.0,1480.0,1318.0,0.7264,0.8904
2022-02,41117,수원시 영통구,아파트,95,825,60000.0,31500.0,2950.0,1546.0,0.525,0.524
2022-02,41117,수원시 영통구,연립다세대,25,19,25500.0,14000.0,2114.0,886.0,0.549,0.4191
2022-02,41131,성남시 수정구,아파트,10,158,83500.0,57250.0,3811.0,2356.0,0.6856,0.6181
2022-02,41131,성남시 수정구,연립다세대,33,62,26500.0,16000.0,1866.0,1168.0,0.6038,0.6258
2022-02,41133,성남시 중원구,아파트,20,146,56900.0,30975.0,2958.0,1654.0,0.5444,0.559
2022-02,41133,성남시 중원구,연립다세대,54,142,25000.0,15000.0,1933.0,1044.0,0.6,0.5403
2022-02,41135,성남시 분당구,아파트,85,1134,120000.0,54000.0,5313.0,2291.0,0.45,0.4313
2022-02,41135,성남시 분당구,연립다세대,14,89,70600.0,35700.0,3046.0,1766.0,0.5057,0.5796
2022-02,41150,의정부시,아파트,142,660,32500.0,24325.0,1723.0,1245.0,0.7485,0.7225
2022-02,41150,의정부시,연립다세대,71,122,15850.0,11000.0,988.0,790.0,0.694,0.7994
2022-02,41171,안양시 만안구,아파트,30,236,39500.0,34000.0,2157.0,1562.0,0.8608,0.7241
2022-02,41171,안양시 만안구,연립다세대,49,122,21900.0,15000.0,1555.0,1128.0,0.6849,0.7253
2022-02,41173,안양시 동안구,아파트,58,851,66500.0,36500.0,3836.0,1809.0,0.5489,0.4715
2022-02,41173,안양시 동안구,연립다세대,18,112,28500.0,15000.0,2248.0,1203.0,0.5263,0.535
2022-02,41192,부천시 원미구,아파트,98,546,47700.0,32500.0,2536.0,1573.0,0.6813,0.6204
2022-02,41192,부천시 원미구,연립다세대,150,180,17650.0,16900.0,1207.0,1185.0,0.9575,0.9814
2022-02,41194,부천시 소사구,아파트,68,224,40000.0,32000.0,1974.0,1440.0,0.8,0.7296
2022-02,41194,부천시 소사구,연립다세대,107,108,16000.0,15000.0,1143.0,1120.0,0.9375,0.9802
2022-02,41196,부천시 오정구,아파트,27,80,20000.0,26250.0,1377.0,1153.0,1.3125,0.8374
2022-02,41196,부천시 오정구,연립다세대,173,180,14000.0,12550.0,1104.0,914.0,0.8964,0.8282
2022-02,41210,광명시,아파트,34,705,66950.0,37000.0,4102.0,1755.0,0.5527,0.428
2022-02,41210,광명시,연립다세대,28,92,30000.0,16500.0,2012.0,1176.0,0.55,0.5843
2022-02,41220,평택시,아파트,466,896,21900.0,20000.0,1206.0,975.0,0.9132,0.8083
2022-02,41220,평택시,연립다세대,121,101,8300.0,9000.0,531.0,697.0,1.0843,1.3127
2022-02,41250,동두천시,아파트,30,117,15750.0,16000.0,882.0,779.0,1.0159,0.8835
2022-02,41250,동두천시,연립다세대,91,14,15200.0,6750.0,1006.0,393.0,0.4441,0.3902
2022-02,41271,안산시 상록구,아파트,90,327,39650.0,25000.0,1906.0,1130.0,0.6305,0.5928
2022-02,41271,안산시 상록구,연립다세대,257,293,15000.0,12000.0,825.0,776.0,0.8,0.9412
2022-02,41273,안산시 단원구,아파트,100,469,37750.0,25000.0,2054.0,1245.0,0.6623,0.6062
2022-02,41273,안산시 단원구,연립다세대,74,94,18000.0,12000.0,932.0,847.0,0.6667,0.909
2022-02,41281,고양시 덕양구,아파트,80,614,52750.0,30475.0,2544.0,1428.0,0.5777,0.5615
2022-02,41281,고양시 덕양구,연립다세대,98,141,12050.0,14000.0,785.0,974.0,1.1618,1.2417
2022-02,41285,고양시 일산동구,아파트,74,435,47250.0,36700.0,2116.0,1417.0,0.7767,0.67
2022-02,41285,고양시 일산동구,연립다세대,42,81,20250.0,26000.0,1215.0,1249.0,1.284,1.028
2022-02,41287,고양시 일산서구,아파트,120,703,48500.0,30000.0,2159.0,1288.0,0.6186,0.5965
2022-02,41287,고양시 일산서구,연립다세대,22,56,23250.0,18750.0,1403.0,1232.0,0.8065,0.8779
2022-02,41290,과천시,아파트,1,143,139500.0,74000.0,7689.0,2852.0,0.5305,0.3709
2022-02,41290,과천시,연립다세대,3,22,86000.0,44250.0,3346.0,2392.0,0.5145,0.7149
2022-02,41310,구리시,아파트,25,336,71000.0,32500.0,3001.0,1522.0,0.4577,0.5073
2022-02,41310,구리시,연립다세대,28,45,31000.0,17000.0,2208.0,1181.0,0.5484,0.5347
2022-02,41360,남양주시,아파트,160,1268,44650.0,30000.0,1744.0,1245.0,0.6719,0.7138
2022-02,41360,남양주시,연립다세대,180,171,13350.0,12000.0,813.0,715.0,0.8989,0.8795
2022-02,41370,오산시,아파트,99,279,31900.0,22000.0,1534.0,1103.0,0.6897,0.7194
2022-02,41370,오산시,연립다세대,28,42,9600.0,7718.0,801.0,896.0,0.8039,1.1186
2022-02,41390,시흥시,아파트,197,723,30000.0,25000.0,1618.0,1249.0,0.8333,0.7718
2022-02,41390,시흥시,연립다세대,150,138,11000.0,9550.0,790.0,755.0,0.8682,0.956
2022-02,41410,군포시,아파트,78,508,50250.0,25000.0,3294.0,1388.0,0.4975,0.4214
2022-02,41410,군포시,연립다세대,53,94,23000.0,13900.0,1388.0,1145.0,0.6043,0.825
2022-02,41430,의왕시,아파트,30,367,62750.0,40500.0,3117.0,1789.0,0.6454,0.574
2022-02,41430,의왕시,연립다세대,53,63,9800.0,18500.0,1039.0,1206.0,1.8878,1.1608
2022-02,41450,하남시,아파트,55,438,90000.0,52500.0,3969.0,2199.0,0.5833,0.554
2022-02,41450,하남시,연립다세대,10,32,25000.0,18950.0,1449.0,1222.0,0.758,0.8437
2022-02,41461,용인시 처인구,아파트,90,182,29725.0,27000.0,1415.0,1211.0,0.9083,0.8555
2022-02,41461,용인시 처인구,연립다세대,149,109,13000.0,9400.0,767.0,680.0,0.7231,0.8866
2022-02,41463,용인시 기흥구,아파트,93,793,61500.0,36000.0,2357.0,1389.0,0.5854,0.5893
2022-02,41463,용인시 기흥구,연립다세대,28,113,18750.0,12000.0,1465.0,1227.0,0.64,0.8373
2022-02,41465,용인시 수지구,아파트,71,777,79000.0,43000.0,3308.0,1655.0,0.5443,0.5004
2022-02,41465,용인시 수지구,연립다세대,11,58,35000.0,24325.0,1861.0,1629.0,0.695,0.8752
2022-02,41480,파주시,아파트,179,586,30000.0,28525.0,1229.0,1169.0,0.9508,0.9508
2022-02,41480,파주시,연립다세대,116,90,17100.0,17000.0,973.0,1028.0,0.9942,1.0566
2022-02,41500,이천시,아파트,149,172,18400.0,19000.0,918.0,973.0,1.0326,1.0596
2022-02,41500,이천시,연립다세대,96,61,8400.0,13000.0,600.0,929.0,1.5476,1.5483
2022-02,41550,안성시,아파트,175,270,15000.0,14000.0,1007.0,897.0,0.9333,0.8906
2022-02,41550,안성시,연립다세대,21,24,8000.0,4700.0,516.0,598.0,0.5875,1.1598
2022-02,41570,김포시,아파트,125,630,50000.0,31000.0,2065.0,1283.0,0.62,0.6212
2022-02,41570,김포시,연립다세대,41,53,15000.0,17400.0,926.0,1114.0,1.16,1.2023
2022-02,41591,화성시 만세구,아파트,54,376,28750.0,17800.0,1256.0,755.0,0.6191,0.6014
2022-02,41591,화성시 만세구,연립다세대,40,29,11750.0,13200.0,646.0,718.0,1.1234,1.1115
2022-02,41593,화성시 효행구,아파트,31,102,28400.0,25000.0,1286.0,1050.0,0.8803,0.8169
2022-02,41593,화성시 효행구,연립다세대,31,19,9800.0,8000.0,498.0,671.0,0.8163,1.3475
2022-02,41595,화성시 병점구,아파트,28,274,51500.0,26000.0,2105.0,1114.0,0.5049,0.529
2022-02,41595,화성시 병점구,연립다세대,9,77,6500.0,12000.0,468.0,1455.0,1.8462,3.1121
2022-02,41597,화성시 동탄구,아파트,118,657,70500.0,37000.0,3251.0,1529.0,0.5248,0.4704
2022-02,41597,화성시 동탄구,연립다세대,1,10,10500.0,42500.0,1599.0,1798.0,4.0476,1.1242
2022-02,41610,광주시,아파트,69,324,42500.0,33000.0,1612.0,1297.0,0.7765,0.8049
2022-02,41610,광주시,연립다세대,264,305,18300.0,17000.0,1063.0,961.0,0.929,0.9034
2022-02,41630,양주시,아파트,81,212,28500.0,19688.0,1267.0,940.0,0.6908,0.742
2022-02,41630,양주시,연립다세대,46,19,10150.0,7000.0,700.0,477.0,0.6897,0.6818
2022-02,41650,포천시,아파트,46,47,16450.0,15000.0,864.0,756.0,0.9119,0.8747
2022-02,41650,포천시,연립다세대,56,41,8975.0,8000.0,459.0,692.0,0.8914,1.5075
2022-02,41670,여주시,아파트,81,126,15000.0,16000.0,808.0,830.0,1.0667,1.0272
2022-02,41670,여주시,연립다세대,23,17,12300.0,11500.0,630.0,665.0,0.935,1.0546
2022-02,41800,연천군,아파트,11,8,12000.0,5250.0,551.0,241.0,0.4375,0.4376
2022-02,41800,연천군,연립다세대,40,16,13650.0,10850.0,1086.0,676.0,0.7949,0.6226
2022-02,41820,가평군,아파트,15,29,22100.0,23000.0,941.0,897.0,1.0407,0.9539
2022-02,41820,가평군,연립다세대,16,19,9150.0,8500.0,521.0,777.0,0.929,1.4925
2022-02,41830,양평군,아파트,11,56,40500.0,30000.0,1608.0,1342.0,0.7407,0.8349
2022-02,41830,양평군,연립다세대,30,32,16350.0,12000.0,857.0,769.0,0.7339,0.8972
2022-03,11110,종로구,아파트,20,80,90400.0,40000.0,4385.0,1994.0,0.4425,0.4548
2022-03,11110,종로구,연립다세대,47,116,42000.0,24500.0,2342.0,1334.0,0.5833,0.5696
2022-03,11140,중구,아파트,18,168,93000.0,55000.0,4680.0,2490.0,0.5914,0.5321
2022-03,11140,중구,연립다세대,31,70,26800.0,23450.0,1919.0,1874.0,0.875,0.9768
2022-03,11170,용산구,아파트,30,314,151500.0,65000.0,5846.0,2785.0,0.429,0.4765
2022-03,11170,용산구,연립다세대,54,310,61000.0,23500.0,4102.0,2272.0,0.3852,0.554
2022-03,11200,성동구,아파트,25,486,135000.0,63000.0,6451.0,2731.0,0.4667,0.4234
2022-03,11200,성동구,연립다세대,23,119,38800.0,24000.0,3530.0,2053.0,0.6186,0.5815
2022-03,11215,광진구,아파트,26,282,124900.0,60000.0,5158.0,2583.0,0.4804,0.5007
2022-03,11215,광진구,연립다세대,87,461,34000.0,25000.0,2518.0,2343.0,0.7353,0.9305
2022-03,11230,동대문구,아파트,64,416,80850.0,45000.0,3465.0,2156.0,0.5566,0.6223
2022-03,11230,동대문구,연립다세대,47,146,36000.0,24000.0,2516.0,1870.0,0.6667,0.7432
2022-03,11260,중랑구,아파트,39,501,55500.0,27000.0,2962.0,1481.0,0.4865,0.5
2022-03,11260,중랑구,연립다세대,183,370,28500.0,22050.0,2406.0,2330.0,0.7737,0.9686
2022-03,11290,성북구,아파트,50,650,84250.0,44050.0,3995.0,1953.0,0.5228,0.4888
2022-03,11290,성북구,연립다세대,107,260,25000.0,21000.0,1871.0,1650.0,0.84,0.8819
2022-03,11305,강북구,아파트,18,156,66150.0,36750.0,2901.0,1761.0,0.5556,0.6071
2022-03,11305,강북구,연립다세대,162,252,21850.0,16500.0,1530.0,1089.0,0.7551,0.7118
2022-03,11320,도봉구,아파트,59,389,53500.0,28000.0,3115.0,1459.0,0.5234,0.4682
2022-03,11320,도봉구,연립다세대,102,184,18500.0,16000.0,1374.0,1180.0,0.8649,0.8591
2022-03,11350,노원구,아파트,145,1089,59500.0,25000.0,4122.0,1512.0,0.4202,0.3669
2022-03,11350,노원구,연립다세대,60,106,23000.0,17000.0,1590.0,1180.0,0.7391,0.7421
2022-03,11380,은평구,아파트,121,540,44500.0,39900.0,2256.0,1989.0,0.8966,0.8819
2022-03,11380,은평구,연립다세대,262,669,23000.0,20000.0,1929.0,1404.0,0.8696,0.728
2022-03,11410,서대문구,아파트,47,434,83000.0,47513.0,4328.0,2184.0,0.5724,0.5045
2022-03,11410,서대문구,연립다세대,84,212,29850.0,19000.0,2212.0,1277.0,0.6365,0.5772
2022-03,11440,마포구,아파트,53,585,100000.0,52500.0,4945.0,2375.0,0.525,0.4804
2022-03,11440,마포구,연립다세대,136,494,34675.0,23000.0,2846.0,2103.0,0.6633,0.7389
2022-03,11470,양천구,아파트,45,596,86500.0,46100.0,4035.0,2123.0,0.5329,0.5263
2022-03,11470,양천구,연립다세대,175,504,23500.0,20000.0,2053.0,1534.0,0.8511,0.7473
2022-03,11500,강서구,아파트,81,1025,74000.0,34000.0,3652.0,1866.0,0.4595,0.511
2022-03,11500,강서구,연립다세대,512,874,25750.0,20890.0,2347.0,1909.0,0.8113,0.8132
2022-03,11530,구로구,아파트,87,552,60500.0,35700.0,3073.0,1712.0,0.5901,0.557
2022-03,11530,구로구,연립다세대,236,312,33750.0,19000.0,2292.0,1490.0,0.563,0.6501
2022-03,11545,금천구,아파트,31,213,52500.0,31500.0,2926.0,1685.0,0.6,0.5759
2022-03,11545,금천구,연립다세대,126,264,25500.0,22025.0,2335.0,2196.0,0.8637,0.9407
2022-03,11560,영등포구,아파트,65,636,95000.0,49575.0,4005.0,2245.0,0.5218,0.5604
2022-03,11560,영등포구,연립다세대,61,212,31000.0,25000.0,2993.0,2460.0,0.8065,0.8219
2022-03,11590,동작구,아파트,46,477,96250.0,53000.0,4578.0,2449.0,0.5506,0.5348
2022-03,11590,동작구,연립다세대,126,306,35000.0,24000.0,2908.0,1828.0,0.6857,0.6285
2022-03,11620,관악구,아파트,45,275,59000.0,44100.0,3316.0,2002.0,0.7475,0.6038
2022-03,11620,관악구,연립다세대,139,337,25000.0,21000.0,2122.0,1664.0,0.84,0.7842
2022-03,11650,서초구,아파트,125,691,43250.0,66000.0,6303.0,3045.0,1.526,0.483
2022-03,11650,서초구,연립다세대,61,363,52800.0,35000.0,4494.0,2647.0,0.6629,0.589
2022-03,11680,강남구,아파트,89,958,204350.0,71400.0,7952.0,3025.0,0.3494,0.3805
2022-03,11680,강남구,연립다세대,68,427,42750.0,30000.0,4253.0,2823.0,0.7018,0.6639
2022-03,11710,송파구,아파트,95,1075,102000.0,59850.0,5243.0,2453.0,0.5868,0.4679
2022-03,11710,송파구,연립다세대,139,967,34000.0,24500.0,2673.0,2054.0,0.7206,0.7682
2022-03,11740,강동구,아파트,58,1000,97500.0,42000.0,4533.0,2023.0,0.4308,0.4464
2022-03,11740,강동구,연립다세대,144,473,35000.0,24150.0,2983.0,2237.0,0.69,0.7499
2022-03,41111,수원시 장안구,아파트,60,325,40650.0,29472.0,2218.0,1348.0,0.725,0.6077
2022-03,41111,수원시 장안구,연립다세대,117,113,12500.0,13000.0,962.0,881.0,1.04,0.9156
2022-03,41113,수원시 권선구,아파트,117,464,46000.0,31500.0,2205.0,1413.0,0.6848,0.6407
2022-03,41113,수원시 권선구,연립다세대,151,161,15500.0,12600.0,1083.0,1110.0,0.8129,1.0245
2022-03,41115,수원시 팔달구,아파트,46,220,33500.0,26250.0,1756.0,1479.0,0.7836,0.8424
2022-03,41115,수원시 팔달구,연립다세대,56,120,14700.0,12500.0,1178.0,1401.0,0.8503,1.1891
2022-03,41117,수원시 영통구,아파트,171,768,60000.0,31000.0,3001.0,1557.0,0.5167,0.5189
2022-03,41117,수원시 영통구,연립다세대,8,21,12600.0,13600.0,890.0,1168.0,1.0794,1.3128
2022-03,41131,성남시 수정구,아파트,15,176,109000.0,59400.0,4655.0,2329.0,0.545,0.5003
2022-03,41131,성남시 수정구,연립다세대,47,84,32000.0,17000.0,1875.0,1125.0,0.5313,0.6002
2022-03,41133,성남시 중원구,아파트,27,179,57000.0,39900.0,3269.0,1799.0,0.7,0.5504
2022-03,41133,성남시 중원구,연립다세대,77,178,26000.0,14000.0,1849.0,1014.0,0.5385,0.5484
2022-03,41135,성남시 분당구,아파트,235,945,125000.0,50000.0,5520.0,2409.0,0.4,0.4363
2022-03,41135,성남시 분당구,연립다세대,16,84,57900.0,37500.0,2756.0,1819.0,0.6477,0.6602
2022-03,41150,의정부시,아파트,170,710,34100.0,24150.0,1684.0,1267.0,0.7082,0.7526
2022-03,41150,의정부시,연립다세대,97,140,15800.0,11850.0,1073.0,817.0,0.75,0.7612
2022-03,41171,안양시 만안구,아파트,56,252,56750.0,35000.0,2837.0,1554.0,0.6167,0.5478
2022-03,41171,안양시 만안구,연립다세대,79,108,20000.0,14000.0,1481.0,1127.0,0.7,0.7608
2022-03,41173,안양시 동안구,아파트,121,768,64500.0,33600.0,3857.0,1791.0,0.5209,0.4644
2022-03,41173,안양시 동안구,연립다세대,14,93,32800.0,15500.0,2387.0,1252.0,0.4726,0.5244
2022-03,41192,부천시 원미구,아파트,144,543,47250.0,33070.0,2684.0,1701.0,0.6999,0.6338
2022-03,41192,부천시 원미구,연립다세대,210,178,18000.0,15000.0,1236.0,1016.0,0.8333,0.8216
2022-03,41194,부천시 소사구,아파트,79,228,37900.0,32000.0,2116.0,1496.0,0.8443,0.7069
2022-03,41194,부천시 소사구,연립다세대,107,114,17500.0,15150.0,1262.0,1064.0,0.8657,0.8434
2022-03,41196,부천시 오정구,아파트,46,77,26000.0,17000.0,1560.0,1088.0,0.6538,0.6978
2022-03,41196,부천시 오정구,연립다세대,240,185,15000.0,11500.0,1129.0,854.0,0.7667,0.7563
2022-03,41210,광명시,아파트,74,629,68350.0,35700.0,4094.0,1751.0,0.5223,0.4276
2022-03,41210,광명시,연립다세대,41,93,42500.0,17000.0,2301.0,1176.0,0.4,0.511
2022-03,41220,평택시,아파트,608,881,22000.0,20000.0,1171.0,1016.0,0.9091,0.8677
2022-03,41220,평택시,연립다세대,136,122,8400.0,7000.0,559.0,696.0,0.8333,1.246
2022-03,41250,동두천시,아파트,53,103,19500.0,18000.0,1077.0,887.0,0.9231,0.8232
2022-03,41250,동두천시,연립다세대,44,24,6500.0,6150.0,426.0,322.0,0.9462,0.7563
2022-03,41271,안산시 상록구,아파트,108,370,42900.0,25000.0,2073.0,1161.0,0.5828,0.5602
2022-03,41271,안산시 상록구,연립다세대,286,307,15200.0,12600.0,768.0,773.0,0.8289,1.0067
2022-03,41273,안산시 단원구,아파트,151,486,37000.0,24000.0,2159.0,1257.0,0.6486,0.582
2022-03,41273,안산시 단원구,연립다세대,101,124,16000.0,12000.0,854.0,774.0,0.75,0.9065
2022-03,41281,고양시 덕양구,아파트,151,689,52700.0,31000.0,2528.0,1470.0,0.5882,0.5817
2022-03,41281,고양시 덕양구,연립다세대,119,153,12800.0,12000.0,815.0,873.0,0.9375,1.0711
2022-03,41285,고양시 일산동구,아파트,129,369,49000.0,35500.0,2396.0,1433.0,0.7245,0.5981
2022-03,41285,고양시 일산동구,연립다세대,54,94,25500.0,20925.0,1507.0,1119.0,0.8206,0.7427
2022-03,41287,고양시 일산서구,아파트,252,680,47500.0,30000.0,2362.0,1281.0,0.6316,0.5425
2022-03,41287,고양시 일산서구,연립다세대,36,60,19750.0,20488.0,1234.0,1219.0,1.0373,0.9882
2022-03,41290,과천시,아파트,10,166,135500.0,78250.0,7369.0,3086.0,0.5775,0.4188
2022-03,41290,과천시,연립다세대,7,29,59500.0,46000.0,3321.0,2394.0,0.7731,0.7208
2022-03,41310,구리시,아파트,44,320,68000.0,32000.0,2905.0,1621.0,0.4706,0.5578
2022-03,41310,구리시,연립다세대,27,87,34500.0,16500.0,2281.0,1160.0,0.4783,0.5085
2022-03,41360,남양주시,아파트,222,2478,39750.0,25758.0,1654.0,1212.0,0.648,0.7326
2022-03,41360,남양주시,연립다세대,222,254,14000.0,11000.0,876.0,708.0,0.7857,0.8079
2022-03,41370,오산시,아파트,121,293,31800.0,23000.0,1523.0,1134.0,0.7233,0.7446
2022-03,41370,오산시,연립다세대,54,51,7950.0,7665.0,828.0,937.0,0.9642,1.1315
2022-03,41390,시흥시,아파트,312,849,30500.0,24500.0,1669.0,1270.0,0.8033,0.7606
2022-03,41390,시흥시,연립다세대,195,144,12120.0,8400.0,895.0,704.0,0.6931,0.7869
2022-03,41410,군포시,아파트,138,461,48550.0,25000.0,2995.0,1389.0,0.5149,0.4637
2022-03,41410,군포시,연립다세대,40,96,19750.0,14000.0,1406.0,1029.0,0.7089,0.7317
2022-03,41430,의왕시,아파트,34,357,70650.0,37000.0,3139.0,1670.0,0.5237,0.5319
2022-03,41430,의왕시,연립다세대,21,89,38000.0,18900.0,2500.0,1388.0,0.4974,0.5553
2022-03,41450,하남시,아파트,75,501,90000.0,55000.0,3958.0,2224.0,0.6111,0.562
2022-03,41450,하남시,연립다세대,8,19,41750.0,18000.0,2271.0,1188.0,0.4311,0.5231
2022-03,41461,용인시 처인구,아파트,125,203,29000.0,26250.0,1377.0,1226.0,0.9052,0.8901
2022-03,41461,용인시 처인구,연립다세대,158,96,11050.0,10000.0,728.0,613.0,0.905,0.8422
2022-03,41463,용인시 기흥구,아파트,128,674,60000.0,36000.0,2247.0,1341.0,0.6,0.5967
2022-03,41463,용인시 기흥구,연립다세대,41,114,19900.0,15875.0,1430.0,1529.0,0.7977,1.069
2022-03,41465,용인시 수지구,아파트,158,766,80000.0,44000.0,3244.0,1751.0,0.55,0.5396
2022-03,41465,용인시 수지구,연립다세대,18,51,24500.0,22000.0,1872.0,1382.0,0.898,0.7383
2022-03,41480,파주시,아파트,244,587,30450.0,29000.0,1285.0,1176.0,0.9524,0.9154
2022-03,41480,파주시,연립다세대,119,146,19500.0,17100.0,1129.0,1170.0,0.8769,1.0371
2022-03,41500,이천시,아파트,229,164,17500.0,18000.0,957.0,912.0,1.0286,0.953
2022-03,41500,이천시,연립다세대,80,86,11800.0,14000.0,601.0,988.0,1.1864,1.643
2022-03,41550,안성시,아파트,281,240,16000.0,15000.0,1004.0,896.0,0.9375,0.8924
2022-03,41550,안성시,연립다세대,26,20,9500.0,8500.0,427.0,617.0,0.8947,1.4441
2022-03,41570,김포시,아파트,174,603,50000.0,31500.0,2126.0,1250.0,0.63,0.5878
2022-03,41570,김포시,연립다세대,57,60,14000.0,17925.0,865.0,1109.0,1.2804,1.2826
2022-03,41591,화성시 만세구,아파트,76,505,31200.0,18162.0,1284.0,911.0,0.5821,0.7097
2022-03,41591,화성시 만세구,연립다세대,51,29,8450.0,11500.0,700.0,811.0,1.3609,1.1588
2022-03,41593,화성시 효행구,아파트,56,137,28050.0,27300.0,1335.0,1154.0,0.9733,0.8643
2022-03,41593,화성시 효행구,연립다세대,27,12,11500.0,7950.0,643.0,509.0,0.6913,0.7907
2022-03,41595,화성시 병점구,아파트,37,282,44000.0,26225.0,1867.0,1148.0,0.596,0.6147
2022-03,41595,화성시 병점구,연립다세대,19,94,10000.0,12000.0,718.0,1514.0,1.2,2.11
2022-03,41597,화성시 동탄구,아파트,122,557,67700.0,39000.0,3055.0,1584.0,0.5761,0.5185
2022-03,41597,화성시 동탄구,연립다세대,0,6,,32800.0,,1320.0,,
2022-03,41610,광주시,아파트,100,363,38250.0,30000.0,1577.0,1253.0,0.7843,0.7948
2022-03,41610,광주시,연립다세대,391,298,18800.0,16800.0,1053.0,917.0,0.8936,0.8707
2022-03,41630,양주시,아파트,77,232,26800.0,22000.0,1160.0,973.0,0.8209,0.8391
2022-03,41630,양주시,연립다세대,66,21,9000.0,8000.0,554.0,703.0,0.8889,1.2679
2022-03,41650,포천시,아파트,77,54,13500.0,16800.0,661.0,724.0,1.2444,1.0943
2022-03,41650,포천시,연립다세대,66,33,10250.0,8000.0,560.0,434.0,0.7805,0.7752
2022-03,41670,여주시,아파트,111,94,14000.0,17925.0,788.0,820.0,1.2804,1.0403
2022-03,41670,여주시,연립다세대,24,30,14600.0,11500.0,771.0,536.0,0.7877,0.6953
2022-03,41800,연천군,아파트,11,12,6900.0,8250.0,452.0,460.0,1.1957,1.0185
2022-03,41800,연천군,연립다세대,13,7,6000.0,6000.0,359.0,235.0,1.0,0.6557
2022-03,41820,가평군,아파트,23,26,19750.0,23000.0,928.0,897.0,1.1646,0.9665
2022-03,41820,가평군,연립다세대,22,24,10500.0,11000.0,596.0,586.0,1.0476,0.9846
2022-03,41830,양평군,아파트,15,79,34500.0,30000.0,1242.0,1433.0,0.8696,1.1539
2022-03,41830,양평군,연립다세대,27,56,16500.0,13600.0,901.0,803.0,0.8242,0.8909
2022-04,11110,종로구,아파트,22,81,90850.0,50000.0,4301.0,2456.0,0.5504,0.5711
2022-04,11110,종로구,연립다세대,54,119,40000.0,22800.0,2292.0,1544.0,0.57,0.6733
2022-04,11140,중구,아파트,33,139,49500.0,58000.0,3757.0,2843.0,1.1717,0.7568
2022-04,11140,중구,연립다세대,28,66,33750.0,25500.0,2491.0,2205.0,0.7556,0.8852
2022-04,11170,용산구,아파트,41,328,200500.0,65000.0,6946.0,2823.0,0.3242,0.4064
2022-04,11170,용산구,연립다세대,97,394,49800.0,24825.0,4823.0,2285.0,0.4985,0.4738
2022-04,11200,성동구,아파트,64,553,140000.0,60900.0,6119.0,2815.0,0.435,0.46
2022-04,11200,성동구,연립다세대,55,136,31500.0,21000.0,2646.0,1629.0,0.6667,0.6155
2022-04,11215,광진구,아파트,45,258,123000.0,63750.0,5061.0,2692.0,0.5183,0.5319
2022-04,11215,광진구,연립다세대,138,467,35000.0,25200.0,2808.0,2292.0,0.72,0.8162
2022-04,11230,동대문구,아파트,76,349,85700.0,47000.0,3716.0,2205.0,0.5484,0.5933
2022-04,11230,동대문구,연립다세대,110,145,42175.0,24000.0,2868.0,2060.0,0.5691,0.7183
2022-04,11260,중랑구,아파트,57,249,49900.0,35000.0,3164.0,1784.0,0.7014,0.5638
2022-04,11260,중랑구,연립다세대,156,412,27750.0,23000.0,2339.0,2360.0,0.8288,1.0093
2022-04,11290,성북구,아파트,73,507,85500.0,48000.0,3696.0,2135.0,0.5614,0.5776
2022-04,11290,성북구,연립다세대,128,293,27700.0,21000.0,2111.0,1622.0,0.7581,0.7684
2022-04,11305,강북구,아파트,32,199,69200.0,37800.0,3174.0,1790.0,0.5462,0.5641
2022-04,11305,강북구,연립다세대,189,237,20000.0,16000.0,1460.0,1153.0,0.8,0.7897
2022-04,11320,도봉구,아파트,61,402,60500.0,27300.0,3072.0,1422.0,0.4512,0.4628
2022-04,11320,도봉구,연립다세대,202,204,18500.0,17000.0,1494.0,1182.0,0.9189,0.7912
2022-04,11350,노원구,아파트,144,1050,66000.0,25200.0,4044.0,1548.0,0.3818,0.3829
2022-04,11350,노원구,연립다세대,53,100,19700.0,15500.0,1541.0,1248.0,0.7868,0.8103
2022-04,11380,은평구,아파트,73,596,81500.0,42000.0,3431.0,2108.0,0.5153,0.6145
2022-04,11380,은평구,연립다세대,323,636,24600.0,20000.0,1866.0,1443.0,0.813,0.7734
2022-04,11410,서대문구,아파트,53,377,84000.0,49800.0,3955.0,2145.0,0.5929,0.5422
2022-04,11410,서대문구,연립다세대,103,192,27400.0,20000.0,1914.0,1271.0,0.7299,0.6643
2022-04,11440,마포구,아파트,71,507,120000.0,57000.0,5462.0,2544.0,0.475,0.4657
2022-04,11440,마포구,연립다세대,130,489,35000.0,24000.0,2825.0,2111.0,0.6857,0.7473
2022-04,11470,양천구,아파트,79,706,80000.0,44000.0,4084.0,2118.0,0.55,0.5185
2022-04,11470,양천구,연립다세대,214,494,26000.0,20000.0,2210.0,1686.0,0.7692,0.7629
2022-04,11500,강서구,아파트,69,846,66000.0,37800.0,3479.0,2103.0,0.5727,0.6045
2022-04,11500,강서구,연립다세대,499,865,24000.0,21100.0,2040.0,1995.0,0.8792,0.9781
2022-04,11530,구로구,아파트,93,639,60000.0,28600.0,2943.0,1387.0,0.4767,0.4712
2022-04,11530,구로구,연립다세대,246,266,28925.0,19100.0,2176.0,1383.0,0.6603,0.6357
2022-04,11545,금천구,아파트,43,188,58800.0,34750.0,3146.0,1661.0,0.591,0.5281
2022-04,11545,금천구,연립다세대,182,243,25500.0,22000.0,2228.0,2254.0,0.8627,1.0115
2022-04,11560,영등포구,아파트,89,577,95900.0,49350.0,4457.0,2323.0,0.5146,0.5212
2022-04,11560,영등포구,연립다세대,36,244,31650.0,23700.0,2544.0,2825.0,0.7488,1.1104
2022-04,11590,동작구,아파트,69,474,123000.0,59000.0,4864.0,2452.0,0.4797,0.5041
2022-04,11590,동작구,연립다세대,152,316,34450.0,24075.0,2445.0,1765.0,0.6988,0.7218
2022-04,11620,관악구,아파트,67,301,74500.0,43000.0,3368.0,2089.0,0.5772,0.6202
2022-04,11620,관악구,연립다세대,204,339,25900.0,22600.0,1802.0,1699.0,0.8726,0.9425
2022-04,11650,서초구,아파트,122,545,250000.0,80000.0,8460.0,3309.0,0.32,0.3912
2022-04,11650,서초구,연립다세대,99,423,50000.0,33000.0,4299.0,2510.0,0.66,0.5838
2022-04,11680,강남구,아파트,108,914,224500.0,74750.0,8213.0,3271.0,0.333,0.3982
2022-04,11680,강남구,연립다세대,129,402,45000.0,30000.0,4586.0,2698.0,0.6667,0.5883
2022-04,11710,송파구,아파트,83,926,136000.0,65000.0,6617.0,2659.0,0.4779,0.4018
2022-04,11710,송파구,연립다세대,247,901,33400.0,24600.0,3100.0,1943.0,0.7365,0.6267
2022-04,11740,강동구,아파트,67,771,97000.0,49000.0,4477.0,2336.0,0.5052,0.5217
2022-04,11740,강동구,연립다세대,100,502,31750.0,24100.0,2912.0,2272.0,0.7591,0.7803
2022-04,41111,수원시 장안구,아파트,65,281,49000.0,30000.0,2379.0,1361.0,0.6122,0.5723
2022-04,41111,수원시 장안구,연립다세대,129,112,13300.0,11000.0,978.0,933.0,0.8271,0.9544
2022-04,41113,수원시 권선구,아파트,130,447,42750.0,29000.0,2058.0,1323.0,0.6784,0.643
2022-04,41113,수원시 권선구,연립다세대,101,147,16700.0,13500.0,1070.0,1096.0,0.8084,1.0246
2022-04,41115,수원시 팔달구,아파트,36,211,36750.0,30000.0,2168.0,1519.0,0.8163,0.7006
2022-04,41115,수원시 팔달구,연립다세대,108,117,16750.0,12000.0,1336.0,1106.0,0.7164,0.8282
2022-04,41117,수원시 영통구,아파트,187,718,58000.0,32000.0,2811.0,1639.0,0.5517,0.5829
2022-04,41117,수원시 영통구,연립다세대,10,32,33500.0,13850.0,1659.0,977.0,0.4134,0.5892
2022-04,41131,성남시 수정구,아파트,23,206,137000.0,58000.0,5112.0,1959.0,0.4234,0.3833
2022-04,41131,성남시 수정구,연립다세대,59,92,23000.0,16000.0,1833.0,1172.0,0.6957,0.6393
2022-04,41133,성남시 중원구,아파트,41,170,74900.0,35000.0,3859.0,1837.0,0.4673,0.476
2022-04,41133,성남시 중원구,연립다세대,94,175,26000.0,15000.0,1949.0,1079.0,0.5769,0.5537
2022-04,41135,성남시 분당구,아파트,223,934,112300.0,52500.0,5311.0,2378.0,0.4675,0.4479
2022-04,41135,성남시 분당구,연립다세대,24,95,74000.0,41000.0,3378.0,1722.0,0.5541,0.5099
2022-04,41150,의정부시,아파트,212,651,32700.0,25000.0,1831.0,1287.0,0.7645,0.7031
2022-04,41150,의정부시,연립다세대,124,114,15500.0,11920.0,996.0,794.0,0.769,0.7976
2022-04,41171,안양시 만안구,아파트,86,254,54500.0,33000.0,2626.0,1616.0,0.6055,0.6155
2022-04,41171,안양시 만안구,연립다세대,82,163,21500.0,15000.0,1377.0,1097.0,0.6977,0.7961
2022-04,41173,안양시 동안구,아파트,86,805,68400.0,33500.0,4021.0,1817.0,0.4898,0.4518
2022-04,41173,안양시 동안구,연립다세대,21,120,34500.0,16000.0,2871.0,1357.0,0.4638,0.4726
2022-04,41192,부천시 원미구,아파트,150,511,50000.0,30975.0,2643.0,1627.0,0.6195,0.6155
2022-04,41192,부천시 원미구,연립다세대,186,200,17000.0,15750.0,1223.0,1091.0,0.9265,0.8925
2022-04,41194,부천시 소사구,아파트,88,242,43350.0,33800.0,2101.0,1476.0,0.7797,0.7021
2022-04,41194,부천시 소사구,연립다세대,120,98,15700.0,15003.0,1147.0,999.0,0.9556,0.8713
2022-04,41196,부천시 오정구,아파트,53,104,34900.0,21500.0,1854.0,1144.0,0.616,0.6167
2022-04,41196,부천시 오정구,연립다세대,215,213,14500.0,11000.0,1103.0,903.0,0.7586,0.819
2022-04,41210,광명시,아파트,72,730,64900.0,34475.0,3896.0,1723.0,0.5312,0.4424
2022-04,41210,광명시,연립다세대,32,89,35700.0,17000.0,2184.0,1201.0,0.4762,0.5497
2022-04,41220,평택시,아파트,699,1095,23250.0,19500.0,1212.0,1012.0,0.8387,0.8349
2022-04,41220,평택시,연립다세대,222,112,9000.0,8500.0,610.0,679.0,0.9444,1.1127
2022-04,41250,동두천시,아파트,58,143,18200.0,17500.0,910.0,862.0,0.9615,0.9471
2022-04,41250,동두천시,연립다세대,65,26,7500.0,6650.0,471.0,419.0,0.8867,0.8885
2022-04,41271,안산시 상록구,아파트,96,321,43000.0,22000.0,2009.0,1168.0,0.5116,0.5814
2022-04,41271,안산시 상록구,연립다세대,395,271,16000.0,12600.0,860.0,793.0,0.7875,0.9219
2022-04,41273,안산시 단원구,아파트,131,492,39700.0,25200.0,2099.0,1280.0,0.6348,0.6098
2022-04,41273,안산시 단원구,연립다세대,118,152,17750.0,12000.0,1107.0,804.0,0.6761,0.7268
2022-04,41281,고양시 덕양구,아파트,157,702,46000.0,32000.0,2417.0,1518.0,0.6957,0.6281
2022-04,41281,고양시 덕양구,연립다세대,149,135,12500.0,12000.0,843.0,836.0,0.96,0.991
2022-04,41285,고양시 일산동구,아파트,168,392,49500.0,33600.0,2345.0,1430.0,0.6788,0.6099
2022-04,41285,고양시 일산동구,연립다세대,60,103,23750.0,22800.0,1359.0,1141.0,0.96,0.84
2022-04,41287,고양시 일산서구,아파트,253,643,49000.0,30000.0,2268.0,1362.0,0.6122,0.6005
2022-04,41287,고양시 일산서구,연립다세대,34,50,19150.0,18500.0,1195.0,1051.0,0.9661,0.8794
2022-04,41290,과천시,아파트,12,158,198000.0,77850.0,7446.0,3113.0,0.3932,0.4181
2022-04,41290,과천시,연립다세대,12,41,48000.0,50000.0,2868.0,2981.0,1.0417,1.0394
2022-04,41310,구리시,아파트,40,331,73600.0,34650.0,3184.0,1579.0,0.4708,0.496
2022-04,41310,구리시,연립다세대,26,93,37500.0,16800.0,2239.0,1248.0,0.448,0.5574
2022-04,41360,남양주시,아파트,265,1733,42500.0,27560.0,1860.0,1212.0,0.6485,0.6515
2022-04,41360,남양주시,연립다세대,230,227,14950.0,12000.0,916.0,725.0,0.8027,0.7922
2022-04,41370,오산시,아파트,136,331,32000.0,23000.0,1533.0,1087.0,0.7188,0.7086
2022-04,41370,오산시,연립다세대,41,74,8000.0,8925.0,625.0,909.0,1.1156,1.455
2022-04,41390,시흥시,아파트,382,882,31500.0,25000.0,1686.0,1246.0,0.7937,0.7391
2022-04,41390,시흥시,연립다세대,235,174,12200.0,10000.0,970.0,747.0,0.8197,0.7693
2022-04,41410,군포시,아파트,128,603,47750.0,25000.0,2790.0,1425.0,0.5236,0.5106
2022-04,41410,군포시,연립다세대,43,102,21000.0,13000.0,1426.0,1101.0,0.619,0.7722
2022-04,41430,의왕시,아파트,44,319,65500.0,42000.0,2875.0,1750.0,0.6412,0.6089
2022-04,41430,의왕시,연립다세대,21,59,42000.0,19800.0,2845.0,1400.0,0.4714,0.4921
2022-04,41450,하남시,아파트,109,519,93500.0,57000.0,4118.0,2279.0,0.6096,0.5535
2022-04,41450,하남시,연립다세대,10,31,33000.0,24150.0,1633.0,1504.0,0.7318,0.9209
2022-04,41461,용인시 처인구,아파트,140,616,30400.0,16503.0,1385.0,785.0,0.5429,0.5665
2022-04,41461,용인시 처인구,연립다세대,149,87,13700.0,10000.0,859.0,679.0,0.7299,0.7905
2022-04,41463,용인시 기흥구,아파트,163,705,60000.0,36000.0,2299.0,1410.0,0.6,0.6133
2022-04,41463,용인시 기흥구,연립다세대,52,99,20500.0,16000.0,1372.0,1148.0,0.7805,0.8368
2022-04,41465,용인시 수지구,아파트,148,814,78000.0,45150.0,3312.0,1758.0,0.5788,0.5308
2022-04,41465,용인시 수지구,연립다세대,18,60,22250.0,24075.0,1865.0,1646.0,1.082,0.8827
2022-04,41480,파주시,아파트,283,646,31000.0,29000.0,1363.0,1183.0,0.9355,0.8679
2022-04,41480,파주시,연립다세대,134,131,16500.0,19000.0,899.0,1149.0,1.1515,1.2786
2022-04,41500,이천시,아파트,270,191,19000.0,18000.0,977.0,929.0,0.9474,0.9511
2022-04,41500,이천시,연립다세대,95,74,13000.0,14000.0,784.0,883.0,1.0769,1.1254
2022-04,41550,안성시,아파트,348,284,15975.0,14000.0,1009.0,891.0,0.8764,0.883
2022-04,41550,안성시,연립다세대,38,22,9500.0,7500.0,536.0,536.0,0.7895,0.9985
2022-04,41570,김포시,아파트,175,665,51800.0,32500.0,2103.0,1349.0,0.6274,0.6413
2022-04,41570,김포시,연립다세대,52,51,12900.0,19000.0,832.0,1182.0,1.4729,1.4204
2022-04,41591,화성시 만세구,아파트,198,368,3691.0,17550.0,361.0,756.0,4.7548,2.0926
2022-04,41591,화성시 만세구,연립다세대,50,16,12400.0,16950.0,678.0,946.0,1.3669,1.3954
2022-04,41593,화성시 효행구,아파트,69,181,30500.0,30000.0,1373.0,1173.0,0.9836,0.8543
2022-04,41593,화성시 효행구,연립다세대,34,17,8000.0,6500.0,468.0,512.0,0.8125,1.0924
2022-04,41595,화성시 병점구,아파트,53,233,44700.0,26000.0,1909.0,1128.0,0.5817,0.591
2022-04,41595,화성시 병점구,연립다세대,16,63,6650.0,12000.0,588.0,1511.0,1.8045,2.5695
2022-04,41597,화성시 동탄구,아파트,148,561,65000.0,37000.0,2818.0,1512.0,0.5692,0.5364
2022-04,41597,화성시 동탄구,연립다세대,3,8,59800.0,29750.0,1812.0,1158.0,0.4975,0.6394
2022-04,41610,광주시,아파트,132,400,40000.0,32000.0,1598.0,1347.0,0.8,0.8429
2022-04,41610,광주시,연립다세대,390,318,19075.0,18000.0,1077.0,1020.0,0.9436,0.9468
2022-04,41630,양주시,아파트,115,317,28300.0,22000.0,1296.0,1012.0,0.7774,0.7805
2022-04,41630,양주시,연립다세대,47,23,8800.0,8000.0,601.0,494.0,0.9091,0.8221
2022-04,41650,포천시,아파트,70,53,11750.0,15500.0,621.0,741.0,1.3191,1.1932
2022-04,41650,포천시,연립다세대,74,35,9625.0,8000.0,539.0,512.0,0.8312,0.9496
2022-04,41670,여주시,아파트,105,114,14400.0,15250.0,814.0,831.0,1.059,1.0219
2022-04,41670,여주시,연립다세대,35,18,17500.0,7980.0,1074.0,642.0,0.456,0.5978
2022-04,41800,연천군,아파트,19,14,7500.0,11500.0,418.0,527.0,1.5333,1.2606
2022-04,41800,연천군,연립다세대,14,6,9025.0,9700.0,444.0,907.0,1.0748,2.0424
2022-04,41820,가평군,아파트,21,25,20000.0,19000.0,836.0,827.0,0.95,0.9886
2022-04,41820,가평군,연립다세대,26,18,11500.0,10750.0,708.0,680.0,0.9348,0.9601
2022-04,41830,양평군,아파트,30,70,32125.0,28500.0,1530.0,1195.0,0.8872,0.7811
2022-04,41830,양평군,연립다세대,48,45,17500.0,15750.0,840.0,893.0,0.9,1.0628
2022-05,11110,종로구,아파트,22,84,89500.0,56500.0,3892.0,2363.0,0.6313,0.607
2022-05,11110,종로구,연립다세대,40,89,38975.0,26250.0,2147.0,1445.0,0.6735,0.6728
2022-05,11140,중구,아파트,30,156,45750.0,54600.0,4005.0,2848.0,1.1934,0.7113
2022-05,11140,중구,연립다세대,36,81,28000.0,25000.0,2530.0,2464.0,0.8929,0.9739
2022-05,11170,용산구,아파트,50,293,210000.0,65000.0,6705.0,2885.0,0.3095,0.4302
2022-05,11170,용산구,연립다세대,74,317,58000.0,24670.0,4205.0,2440.0,0.4253,0.5802
2022-05,11200,성동구,아파트,70,470,139750.0,63000.0,5843.0,2923.0,0.4508,0.5002
2022-05,11200,성동구,연립다세대,33,112,35000.0,20738.0,2953.0,1542.0,0.5925,0.5222
2022-05,11215,광진구,아파트,35,212,127000.0,60000.0,5062.0,2716.0,0.4724,0.5365
2022-05,11215,광진구,연립다세대,126,408,32000.0,25713.0,2494.0,2279.0,0.8035,0.9135
2022-05,11230,동대문구,아파트,67,399,84700.0,47500.0,3565.0,2369.0,0.5608,0.6646
2022-05,11230,동대문구,연립다세대,59,145,36000.0,24000.0,2770.0,2250.0,0.6667,0.8123
2022-05,11260,중랑구,아파트,176,262,33725.0,37800.0,3669.0,1756.0,1.1208,0.4787
2022-05,11260,중랑구,연립다세대,169,374,29000.0,23000.0,2302.0,2395.0,0.7931,1.0407
2022-05,11290,성북구,아파트,54,422,85500.0,48300.0,3605.0,2068.0,0.5649,0.5737
2022-05,11290,성북구,연립다세대,106,250,25000.0,21000.0,1634.0,1616.0,0.84,0.9892
2022-05,11305,강북구,아파트,24,172,78750.0,37400.0,2821.0,1846.0,0.4749,0.6545
2022-05,11305,강북구,연립다세대,195,228,18500.0,17000.0,1560.0,1125.0,0.9189,0.7214
2022-05,11320,도봉구,아파트,53,385,59000.0,28000.0,2627.0,1536.0,0.4746,0.5847
2022-05,11320,도봉구,연립다세대,187,191,20000.0,16000.0,1466.0,1099.0,0.8,0.7501
2022-05,11350,노원구,아파트,96,991,63750.0,23600.0,3909.0,1445.0,0.3702,0.3696
2022-05,11350,노원구,연립다세대,77,107,22000.0,14700.0,1512.0,1079.0,0.6682,0.7133
2022-05,11380,은평구,아파트,72,655,60500.0,44100.0,3294.0,2248.0,0.7289,0.6825
2022-05,11380,은평구,연립다세대,351,601,24000.0,20000.0,1961.0,1489.0,0.8333,0.7594
2022-05,11410,서대문구,아파트,65,359,80000.0,47250.0,3938.0,2288.0,0.5906,0.5809
2022-05,11410,서대문구,연립다세대,89,178,27000.0,21000.0,1757.0,1440.0,0.7778,0.8195
2022-05,11440,마포구,아파트,70,480,109500.0,57750.0,4741.0,2502.0,0.5274,0.5277
2022-05,11440,마포구,연립다세대,211,418,38950.0,24000.0,3593.0,2085.0,0.6162,0.5804
2022-05,11470,양천구,아파트,48,686,87000.0,44100.0,4253.0,2187.0,0.5069,0.5141
2022-05,11470,양천구,연립다세대,211,440,25000.0,21000.0,1920.0,1758.0,0.84,0.9155
2022-05,11500,강서구,아파트,83,830,63000.0,35700.0,3481.0,2013.0,0.5667,0.5782
2022-05,11500,강서구,연립다세대,444,891,24000.0,21000.0,1886.0,1849.0,0.875,0.9802
2022-05,11530,구로구,아파트,96,448,58650.0,35700.0,2867.0,1675.0,0.6087,0.5841
2022-05,11530,구로구,연립다세대,283,267,30700.0,18000.0,2297.0,1247.0,0.5863,0.5427
2022-05,11545,금천구,아파트,42,152,39250.0,30475.0,3236.0,1759.0,0.7764,0.5438
2022-05,11545,금천구,연립다세대,147,233,26000.0,22000.0,2269.0,2174.0,0.8462,0.958
2022-05,11560,영등포구,아파트,89,575,80000.0,50000.0,4186.0,2324.0,0.625,0.5552
2022-05,11560,영등포구,연립다세대,87,217,31250.0,25200.0,3354.0,2946.0,0.8064,0.8784
2022-05,11590,동작구,아파트,68,473,105750.0,57750.0,4014.0,2501.0,0.5461,0.6231
2022-05,11590,동작구,연립다세대,136,339,34850.0,24000.0,2289.0,1774.0,0.6887,0.7751
2022-05,11620,관악구,아파트,72,326,63750.0,43000.0,3502.0,1991.0,0.6745,0.5686
2022-05,11620,관악구,연립다세대,261,345,32500.0,22000.0,2463.0,1741.0,0.6769,0.7067
2022-05,11650,서초구,아파트,89,671,225000.0,82000.0,7491.0,3388.0,0.3644,0.4522
2022-05,11650,서초구,연립다세대,95,372,54000.0,33000.0,4422.0,2628.0,0.6111,0.5943
2022-05,11680,강남구,아파트,100,1312,230000.0,53775.0,7626.0,2688.0,0.2338,0.3524
2022-05,11680,강남구,연립다세대,122,373,44250.0,32000.0,4733.0,2724.0,0.7232,0.5754
2022-05,11710,송파구,아파트,73,909,165000.0,65000.0,7217.0,2734.0,0.3939,0.3788
2022-05,11710,송파구,연립다세대,173,821,33000.0,24000.0,2631.0,1919.0,0.7273,0.7293
2022-05,11740,강동구,아파트,78,671,86000.0,47250.0,4049.0,2237.0,0.5494,0.5524
2022-05,11740,강동구,연립다세대,138,460,32750.0,25000.0,2924.0,2355.0,0.7634,0.8055
2022-05,41111,수원시 장안구,아파트,62,267,43750.0,29500.0,2104.0,1434.0,0.6743,0.6814
2022-05,41111,수원시 장안구,연립다세대,121,107,13500.0,11500.0,938.0,913.0,0.8519,0.9728
2022-05,41113,수원시 권선구,아파트,134,380,46500.0,28000.0,2097.0,1356.0,0.6022,0.6468
2022-05,41113,수원시 권선구,연립다세대,140,163,14650.0,13000.0,1026.0,1127.0,0.8874,1.0984
2022-05,41115,수원시 팔달구,아파트,38,253,50225.0,30400.0,2379.0,1572.0,0.6053,0.6607
2022-05,41115,수원시 팔달구,연립다세대,94,116,13392.0,11525.0,1325.0,1283.0,0.8606,0.9685
2022-05,41117,수원시 영통구,아파트,157,603,60000.0,33000.0,2830.0,1653.0,0.55,0.5842
2022-05,41117,수원시 영통구,연립다세대,8,28,22100.0,14075.0,1194.0,1382.0,0.6369,1.1569
2022-05,41131,성남시 수정구,아파트,27,341,110000.0,55400.0,4745.0,1952.0,0.5036,0.4113
2022-05,41131,성남시 수정구,연립다세대,41,85,21800.0,15000.0,1651.0,1130.0,0.6881,0.6847
2022-05,41133,성남시 중원구,아파트,19,147,68000.0,42000.0,3332.0,1852.0,0.6176,0.5558
2022-05,41133,성남시 중원구,연립다세대,73,185,26500.0,15000.0,1811.0,1051.0,0.566,0.5803
2022-05,41135,성남시 분당구,아파트,167,927,121500.0,54000.0,4990.0,2393.0,0.4444,0.4796
2022-05,41135,성남시 분당구,연립다세대,18,68,80850.0,43000.0,3192.0,1996.0,0.5318,0.6253
2022-05,41150,의정부시,아파트,221,578,30700.0,24000.0,1669.0,1267.0,0.7818,0.7594
2022-05,41150,의정부시,연립다세대,145,128,14000.0,11400.0,1119.0,822.0,0.8143,0.7346
2022-05,41171,안양시 만안구,아파트,65,259,53000.0,36000.0,2471.0,1667.0,0.6792,0.6747
2022-05,41171,안양시 만안구,연립다세대,103,123,25000.0,16000.0,1649.0,1179.0,0.64,0.7149
2022-05,41173,안양시 동안구,아파트,77,813,64000.0,31000.0,3705.0,1875.0,0.4844,0.5061
2022-05,41173,안양시 동안구,연립다세대,21,129,30000.0,14700.0,1976.0,1183.0,0.49,0.5986
2022-05,41192,부천시 원미구,아파트,138,452,45000.0,32525.0,2552.0,1648.0,0.7228,0.6459
2022-05,41192,부천시 원미구,연립다세대,208,159,17500.0,15900.0,1227.0,1122.0,0.9086,0.9151
2022-05,41194,부천시 소사구,아파트,94,219,41400.0,34720.0,2308.0,1700.0,0.8386,0.7369
2022-05,41194,부천시 소사구,연립다세대,126,109,15700.0,15000.0,1106.0,1085.0,0.9554,0.9813
2022-05,41196,부천시 오정구,아파트,38,89,27000.0,16000.0,1724.0,1013.0,0.5926,0.5876
2022-05,41196,부천시 오정구,연립다세대,288,179,13500.0,11000.0,1103.0,862.0,0.8148,0.7819
2022-05,41210,광명시,아파트,47,566,75000.0,35000.0,3882.0,1728.0,0.4667,0.4452
2022-05,41210,광명시,연립다세대,22,66,29900.0,17925.0,1929.0,1172.0,0.5995,0.6076
2022-05,41220,평택시,아파트,586,837,23500.0,23000.0,1167.0,1048.0,0.9787,0.8986
2022-05,41220,평택시,연립다세대,364,125,8500.0,8250.0,617.0,666.0,0.9706,1.0793
2022-05,41250,동두천시,아파트,64,112,19200.0,17000.0,985.0,778.0,0.8854,0.7901
2022-05,41250,동두천시,연립다세대,53,18,7000.0,4750.0,418.0,386.0,0.6786,0.9227
2022-05,41271,안산시 상록구,아파트,71,281,38500.0,25000.0,1814.0,1208.0,0.6494,0.6658
2022-05,41271,안산시 상록구,연립다세대,311,235,14600.0,13000.0,825.0,845.0,0.8904,1.0244
2022-05,41273,안산시 단원구,아파트,111,380,40000.0,26000.0,2180.0,1342.0,0.65,0.6157
2022-05,41273,안산시 단원구,연립다세대,168,113,15500.0,13000.0,852.0,788.0,0.8387,0.9245
2022-05,41281,고양시 덕양구,아파트,150,677,48250.0,32000.0,2402.0,1512.0,0.6632,0.6293
2022-05,41281,고양시 덕양구,연립다세대,175,131,15000.0,12000.0,937.0,876.0,0.8,0.935
2022-05,41285,고양시 일산동구,아파트,144,428,58000.0,33550.0,2283.0,1475.0,0.5784,0.6461
2022-05,41285,고양시 일산동구,연립다세대,62,90,25000.0,24500.0,1474.0,1235.0,0.98,0.8376
2022-05,41287,고양시 일산서구,아파트,217,670,47000.0,28425.0,2107.0,1329.0,0.6048,0.6308
2022-05,41287,고양시 일산서구,연립다세대,41,55,19900.0,19950.0,1286.0,1247.0,1.0025,0.9697
2022-05,41290,과천시,아파트,11,152,169000.0,80000.0,7197.0,3407.0,0.4734,0.4733
2022-05,41290,과천시,연립다세대,6,40,49500.0,49000.0,2594.0,2312.0,0.9899,0.8915
2022-05,41310,구리시,아파트,41,276,62000.0,34650.0,3241.0,1640.0,0.5589,0.5062
2022-05,41310,구리시,연립다세대,25,69,39000.0,20475.0,2425.0,1427.0,0.525,0.5884
2022-05,41360,남양주시,아파트,243,1169,44800.0,31500.0,1831.0,1266.0,0.7031,0.6914
2022-05,41360,남양주시,연립다세대,260,213,14800.0,12500.0,896.0,763.0,0.8446,0.8513
2022-05,41370,오산시,아파트,141,253,28500.0,23000.0,1429.0,1158.0,0.807,0.8105
2022-05,41370,오산시,연립다세대,34,60,9000.0,9000.0,692.0,1015.0,1.0,1.4673
2022-05,41390,시흥시,아파트,272,765,30950.0,25200.0,1656.0,1284.0,0.8142,0.7752
2022-05,41390,시흥시,연립다세대,204,150,12500.0,9475.0,935.0,757.0,0.758,0.81
2022-05,41410,군포시,아파트,93,534,50000.0,25100.0,2657.0,1434.0,0.502,0.5398
2022-05,41410,군포시,연립다세대,60,98,23250.0,15000.0,1618.0,1082.0,0.6452,0.6689
2022-05,41430,의왕시,아파트,39,238,66600.0,42000.0,2729.0,1806.0,0.6306,0.6618
2022-05,41430,의왕시,연립다세대,9,62,25300.0,17000.0,1705.0,1362.0,0.6719,0.799
2022-05,41450,하남시,아파트,84,464,92150.0,51225.0,3989.0,2268.0,0.5559,0.5685
2022-05,41450,하남시,연립다세대,12,29,31500.0,22050.0,1527.0,1535.0,0.7,1.0053
2022-05,41461,용인시 처인구,아파트,108,238,30650.0,26000.0,1402.0,1179.0,0.8483,0.841
2022-05,41461,용인시 처인구,연립다세대,154,122,13050.0,9000.0,773.0,649.0,0.6897,0.8399
2022-05,41463,용인시 기흥구,아파트,148,648,57000.0,36750.0,2120.0,1407.0,0.6447,0.6636
2022-05,41463,용인시 기흥구,연립다세대,50,108,18100.0,13250.0,1194.0,1397.0,0.732,1.1697
2022-05,41465,용인시 수지구,아파트,133,702,80800.0,49175.0,3220.0,1827.0,0.6086,0.5674
2022-05,41465,용인시 수지구,연립다세대,13,45,30000.0,25000.0,1735.0,1693.0,0.8333,0.9755
2022-05,41480,파주시,아파트,261,658,29800.0,29500.0,1260.0,1238.0,0.9899,0.9824
2022-05,41480,파주시,연립다세대,128,137,16900.0,18400.0,904.0,1136.0,1.0888,1.2574
2022-05,41500,이천시,아파트,199,152,17800.0,19000.0,978.0,925.0,1.0674,0.9455
2022-05,41500,이천시,연립다세대,149,57,15000.0,15000.0,883.0,809.0,1.0,0.916
2022-05,41550,안성시,아파트,266,276,15800.0,14000.0,947.0,889.0,0.8861,0.9379
2022-05,41550,안성시,연립다세대,56,24,5300.0,6900.0,669.0,643.0,1.3019,0.9614
2022-05,41570,김포시,아파트,275,657,50700.0,31000.0,2034.0,1284.0,0.6114,0.631
2022-05,41570,김포시,연립다세대,58,64,13950.0,24000.0,814.0,1405.0,1.7204,1.7263
2022-05,41591,화성시 만세구,아파트,80,325,26375.0,18900.0,1313.0,778.0,0.7166,0.5924
2022-05,41591,화성시 만세구,연립다세대,90,25,11600.0,10200.0,568.0,746.0,0.8793,1.3131
2022-05,41593,화성시 효행구,아파트,55,186,30500.0,30000.0,1360.0,1212.0,0.9836,0.8913
2022-05,41593,화성시 효행구,연립다세대,16,16,11745.0,8500.0,625.0,510.0,0.7237,0.8159
2022-05,41595,화성시 병점구,아파트,34,211,44250.0,27000.0,1747.0,1154.0,0.6102,0.6603
2022-05,41595,화성시 병점구,연립다세대,16,80,7700.0,10000.0,612.0,1352.0,1.2987,2.2078
2022-05,41597,화성시 동탄구,아파트,119,543,66900.0,37000.0,2673.0,1592.0,0.5531,0.5957
2022-05,41597,화성시 동탄구,연립다세대,3,6,48000.0,37750.0,1868.0,1471.0,0.7865,0.7876
2022-05,41610,광주시,아파트,147,341,43000.0,32000.0,1731.0,1363.0,0.7442,0.7874
2022-05,41610,광주시,연립다세대,358,298,19000.0,17500.0,1055.0,954.0,0.9211,0.9037
2022-05,41630,양주시,아파트,110,335,29400.0,23000.0,1254.0,1049.0,0.7823,0.8363
2022-05,41630,양주시,연립다세대,73,23,7500.0,6500.0,573.0,505.0,0.8667,0.8805
2022-05,41650,포천시,아파트,60,42,18100.0,15750.0,922.0,782.0,0.8702,0.8487
2022-05,41650,포천시,연립다세대,89,24,8800.0,10250.0,561.0,570.0,1.1648,1.016
2022-05,41670,여주시,아파트,87,101,14800.0,13000.0,827.0,742.0,0.8784,0.8979
2022-05,41670,여주시,연립다세대,25,13,14000.0,6000.0,864.0,325.0,0.4286,0.3765
2022-05,41800,연천군,아파트,14,10,14550.0,8500.0,678.0,485.0,0.5842,0.7157
2022-05,41800,연천군,연립다세대,17,11,5800.0,10000.0,351.0,967.0,1.7241,2.752
2022-05,41820,가평군,아파트,27,37,21300.0,20000.0,884.0,858.0,0.939,0.9702
2022-05,41820,가평군,연립다세대,14,14,11450.0,7000.0,629.0,414.0,0.6114,0.6586
2022-05,41830,양평군,아파트,26,41,31800.0,29500.0,1316.0,1071.0,0.9277,0.8142
2022-05,41830,양평군,연립다세대,52,34,17000.0,17000.0,923.0,862.0,1.0,0.9337
2022-06,11110,종로구,아파트,11,75,17900.0,45000.0,2994.0,2490.0,2.514,0.8315
2022-06,11110,종로구,연립다세대,40,76,33750.0,28000.0,2069.0,1466.0,0.8296,0.7083
2022-06,11140,중구,아파트,17,169,62000.0,50000.0,3230.0,2606.0,0.8065,0.8067
2022-06,11140,중구,연립다세대,29,71,26000.0,25000.0,2236.0,2764.0,0.9615,1.2362
2022-06,11170,용산구,아파트,21,268,181700.0,64000.0,5972.0,2757.0,0.3522,0.4617
2022-06,11170,용산구,연립다세대,67,295,50000.0,25000.0,4533.0,2369.0,0.5,0.5227
2022-06,11200,성동구,아파트,34,464,136500.0,64000.0,5395.0,2779.0,0.4689,0.5152
2022-06,11200,성동구,연립다세대,93,117,198000.0,24000.0,11324.0,2292.0,0.1212,0.2024
2022-06,11215,광진구,아파트,12,235,138750.0,63000.0,4774.0,2844.0,0.4541,0.5958
2022-06,11215,광진구,연립다세대,155,362,35000.0,25000.0,2666.0,2229.0,0.7143,0.8361
2022-06,11230,동대문구,아파트,40,368,72000.0,47000.0,3455.0,2217.0,0.6528,0.6418
2022-06,11230,동대문구,연립다세대,82,119,40000.0,21400.0,2786.0,1882.0,0.535,0.6754
2022-06,11260,중랑구,아파트,38,275,58900.0,36750.0,2906.0,1839.0,0.6239,0.6328
2022-06,11260,중랑구,연립다세대,158,373,30000.0,23100.0,2617.0,2382.0,0.77,0.9099
2022-06,11290,성북구,아파트,34,440,76700.0,47625.0,3572.0,2191.0,0.6209,0.6133
2022-06,11290,성북구,연립다세대,65,255,27800.0,23000.0,2079.0,1764.0,0.8273,0.8484
2022-06,11305,강북구,아파트,18,182,66000.0,38000.0,2943.0,1756.0,0.5758,0.5965
2022-06,11305,강북구,연립다세대,150,208,20575.0,15725.0,1453.0,1106.0,0.7643,0.7611
2022-06,11320,도봉구,아파트,27,281,50000.0,27000.0,2763.0,1441.0,0.54,0.5214
2022-06,11320,도봉구,연립다세대,151,149,18500.0,16000.0,1451.0,1140.0,0.8649,0.786
2022-06,11350,노원구,아파트,73,996,63000.0,26000.0,3832.0,1584.0,0.4127,0.4133
2022-06,11350,노원구,연립다세대,61,90,16000.0,13500.0,1590.0,1168.0,0.8438,0.7346
2022-06,11380,은평구,아파트,42,636,50000.0,45000.0,3235.0,2206.0,0.9,0.682
2022-06,11380,은평구,연립다세대,273,570,25000.0,20000.0,1977.0,1506.0,0.8,0.7619
2022-06,11410,서대문구,아파트,34,309,79500.0,50000.0,4254.0,2340.0,0.6289,0.55
2022-06,11410,서대문구,연립다세대,97,192,27800.0,20000.0,1979.0,1403.0,0.7194,0.7088
2022-06,11440,마포구,아파트,39,490,105000.0,57750.0,4774.0,2530.0,0.55,0.5299
2022-06,11440,마포구,연립다세대,155,410,38800.0,24478.0,3001.0,2191.0,0.6309,0.7301
2022-06,11470,양천구,아파트,41,593,105000.0,45150.0,5004.0,2221.0,0.43,0.4437
2022-06,11470,양천구,연립다세대,181,415,25000.0,22000.0,2208.0,1796.0,0.88,0.8134
2022-06,11500,강서구,아파트,49,707,66000.0,37800.0,2977.0,2066.0,0.5727,0.6941
2022-06,11500,강서구,연립다세대,372,788,25800.0,21150.0,2249.0,1959.0,0.8198,0.8712
2022-06,11530,구로구,아파트,64,399,54950.0,37480.0,2760.0,1751.0,0.6821,0.6346
2022-06,11530,구로구,연립다세대,125,245,25000.0,19000.0,1942.0,1410.0,0.76,0.7259
2022-06,11545,금천구,아파트,19,146,45000.0,33800.0,3158.0,1749.0,0.7511,0.5539
2022-06,11545,금천구,연립다세대,121,206,26500.0,22100.0,2299.0,2365.0,0.834,1.0288
2022-06,11560,영등포구,아파트,52,596,94500.0,52000.0,4518.0,2454.0,0.5503,0.5432
2022-06,11560,영등포구,연립다세대,112,198,28100.0,25200.0,4023.0,2975.0,0.8968,0.7396
2022-06,11590,동작구,아파트,164,409,27250.0,61950.0,5230.0,2559.0,2.2734,0.4893
2022-06,11590,동작구,연립다세대,121,308,32500.0,25000.0,2567.0,1818.0,0.7692,0.708
2022-06,11620,관악구,아파트,38,247,67000.0,44000.0,3616.0,2144.0,0.6567,0.5928
2022-06,11620,관악구,연립다세대,156,319,26250.0,23100.0,2113.0,1707.0,0.88,0.8077
2022-06,11650,서초구,아파트,50,610,238500.0,78750.0,7349.0,3270.0,0.3302,0.445
2022-06,11650,서초구,연립다세대,85,356,46000.0,32525.0,4488.0,2727.0,0.7071,0.6076
2022-06,11680,강남구,아파트,65,876,203500.0,73500.0,8172.0,3167.0,0.3612,0.3875
2022-06,11680,강남구,연립다세대,99,297,43516.0,32500.0,4716.0,2709.0,0.7469,0.5744
2022-06,11710,송파구,아파트,50,857,134250.0,65000.0,5661.0,2824.0,0.4842,0.4988
2022-06,11710,송파구,연립다세대,195,686,30950.0,25000.0,3013.0,2048.0,0.8078,0.6796
2022-06,11740,강동구,아파트,32,467,53400.0,48300.0,4157.0,2350.0,0.9045,0.5654
2022-06,11740,강동구,연립다세대,106,430,31975.0,25000.0,2679.0,2481.0,0.7819,0.926
2022-06,41111,수원시 장안구,아파트,43,259,43500.0,28000.0,2001.0,1408.0,0.6437,0.7034
2022-06,41111,수원시 장안구,연립다세대,108,112,14700.0,11000.0,1069.0,892.0,0.7483,0.8343
2022-06,41113,수원시 권선구,아파트,87,364,45000.0,29800.0,2024.0,1358.0,0.6622,0.671
2022-06,41113,수원시 권선구,연립다세대,171,153,21400.0,12000.0,1405.0,1080.0,0.5607,0.7689
2022-06,41115,수원시 팔달구,아파트,35,303,39500.0,32000.0,1957.0,1660.0,0.8101,0.8479
2022-06,41115,수원시 팔달구,연립다세대,56,122,20150.0,13125.0,1225.0,1410.0,0.6514,1.1511
2022-06,41117,수원시 영통구,아파트,102,655,52000.0,32000.0,2640.0,1603.0,0.6154,0.6073
2022-06,41117,수원시 영통구,연립다세대,4,28,22750.0,19500.0,1511.0,1104.0,0.8571,0.7311
2022-06,41131,성남시 수정구,아파트,15,293,125000.0,54000.0,4038.0,2019.0,0.432,0.5
2022-06,41131,성남시 수정구,연립다세대,34,62,28900.0,16000.0,1909.0,1094.0,0.5536,0.5733
2022-06,41133,성남시 중원구,아파트,14,181,74750.0,40000.0,3445.0,1875.0,0.5351,0.5443
2022-06,41133,성남시 중원구,연립다세대,68,175,24250.0,15000.0,1788.0,1077.0,0.6186,0.6023
2022-06,41135,성남시 분당구,아파트,73,885,126000.0,53000.0,4731.0,2411.0,0.4206,0.5097
2022-06,41135,성남시 분당구,연립다세대,19,68,75000.0,39500.0,3017.0,1922.0,0.5267,0.6372
2022-06,41150,의정부시,아파트,156,614,29750.0,24000.0,1638.0,1246.0,0.8067,0.7606
2022-06,41150,의정부시,연립다세대,114,143,14550.0,12000.0,1049.0,771.0,0.8247,0.7349
2022-06,41171,안양시 만안구,아파트,42,236,43650.0,36000.0,2483.0,1816.0,0.8247,0.7315
2022-06,41171,안양시 만안구,연립다세대,80,120,19750.0,15250.0,1444.0,1123.0,0.7722,0.7776
2022-06,41173,안양시 동안구,아파트,49,672,65000.0,37000.0,3186.0,1889.0,0.5692,0.5928
2022-06,41173,안양시 동안구,연립다세대,25,90,24000.0,15500.0,1911.0,1357.0,0.6458,0.7105
2022-06,41192,부천시 원미구,아파트,98,434,43750.0,30000.0,2531.0,1650.0,0.6857,0.6521
2022-06,41192,부천시 원미구,연립다세대,150,146,16600.0,15600.0,1238.0,1142.0,0.9398,0.9229
2022-06,41194,부천시 소사구,아파트,57,200,33000.0,35350.0,1954.0,1636.0,1.0712,0.8369
2022-06,41194,부천시 소사구,연립다세대,102,110,16350.0,14000.0,1106.0,975.0,0.8563,0.8813
2022-06,41196,부천시 오정구,아파트,40,85,25150.0,18000.0,1593.0,1068.0,0.7157,0.6705
2022-06,41196,부천시 오정구,연립다세대,273,210,13900.0,11013.0,1107.0,918.0,0.7923,0.8292
2022-06,41210,광명시,아파트,22,518,62250.0,35000.0,3700.0,1761.0,0.5622,0.4759
2022-06,41210,광명시,연립다세대,18,61,30100.0,20000.0,1978.0,1269.0,0.6645,0.6415
2022-06,41220,평택시,아파트,419,948,23000.0,25000.0,1180.0,1076.0,1.087,0.9124
2022-06,41220,평택시,연립다세대,323,118,8900.0,8500.0,667.0,667.0,0.9551,0.9999
2022-06,41250,동두천시,아파트,39,106,16500.0,15000.0,1029.0,748.0,0.9091,0.7264
2022-06,41250,동두천시,연립다세대,44,21,8000.0,6000.0,458.0,444.0,0.75,0.9699
2022-06,41271,안산시 상록구,아파트,50,275,41350.0,26000.0,1773.0,1213.0,0.6288,0.6839
2022-06,41271,안산시 상록구,연립다세대,302,212,17150.0,12550.0,888.0,805.0,0.7318,0.9064
2022-06,41273,안산시 단원구,아파트,74,373,40000.0,25000.0,2150.0,1324.0,0.625,0.6159
2022-06,41273,안산시 단원구,연립다세대,88,88,19100.0,12000.0,1097.0,830.0,0.6283,0.7567
2022-06,41281,고양시 덕양구,아파트,103,593,45200.0,30200.0,2342.0,1543.0,0.6681,0.6591
2022-06,41281,고양시 덕양구,연립다세대,124,128,14100.0,12500.0,904.0,903.0,0.8865,0.9991
2022-06,41285,고양시 일산동구,아파트,70,370,50250.0,37000.0,2208.0,1482.0,0.7363,0.6714
2022-06,41285,고양시 일산동구,연립다세대,54,66,20650.0,22000.0,1257.0,1322.0,1.0654,1.0525
2022-06,41287,고양시 일산서구,아파트,126,580,48700.0,30000.0,2101.0,1346.0,0.616,0.641
2022-06,41287,고양시 일산서구,연립다세대,25,41,18000.0,16900.0,1156.0,1037.0,0.9389,0.8969
2022-06,41290,과천시,아파트,6,113,184000.0,75600.0,7385.0,3327.0,0.4109,0.4505
2022-06,41290,과천시,연립다세대,8,40,69500.0,46100.0,3450.0,2339.0,0.6633,0.6781
2022-06,41310,구리시,아파트,26,219,74250.0,36000.0,3294.0,1641.0,0.4848,0.4983
2022-06,41310,구리시,연립다세대,11,44,43000.0,17925.0,2557.0,1096.0,0.4169,0.4287
2022-06,41360,남양주시,아파트,173,1079,34800.0,30000.0,1560.0,1269.0,0.8621,0.8134
2022-06,41360,남양주시,연립다세대,187,202,14350.0,11000.0,863.0,727.0,0.7666,0.8424
2022-06,41370,오산시,아파트,100,238,32500.0,24325.0,1430.0,1252.0,0.7485,0.8756
2022-06,41370,오산시,연립다세대,55,63,6600.0,9000.0,960.0,963.0,1.3636,1.0029
2022-06,41390,시흥시,아파트,220,760,37750.0,26000.0,1708.0,1233.0,0.6887,0.7219
2022-06,41390,시흥시,연립다세대,159,171,11000.0,10000.0,821.0,737.0,0.9091,0.8976
2022-06,41410,군포시,아파트,57,459,51000.0,26000.0,2541.0,1469.0,0.5098,0.5782
2022-06,41410,군포시,연립다세대,36,87,25900.0,15000.0,1557.0,1179.0,0.5792,0.7573
2022-06,41430,의왕시,아파트,20,204,62750.0,42000.0,2840.0,1755.0,0.6693,0.6179
2022-06,41430,의왕시,연립다세대,16,50,29000.0,19650.0,1927.0,1501.0,0.6776,0.7787
2022-06,41450,하남시,아파트,55,464,90000.0,53000.0,3974.0,2334.0,0.5889,0.5873
2022-06,41450,하남시,연립다세대,13,26,36000.0,26125.0,2135.0,1608.0,0.7257,0.753
2022-06,41461,용인시 처인구,아파트,70,207,29300.0,25000.0,1460.0,1204.0,0.8532,0.8248
2022-06,41461,용인시 처인구,연립다세대,161,105,12300.0,10000.0,852.0,776.0,0.813,0.9116
2022-06,41463,용인시 기흥구,아파트,89,583,55000.0,38500.0,2271.0,1433.0,0.7,0.6311
2022-06,41463,용인시 기흥구,연립다세대,32,96,18100.0,18000.0,1248.0,1528.0,0.9945,1.2245
2022-06,41465,용인시 수지구,아파트,70,807,77500.0,47200.0,3163.0,1907.0,0.609,0.6028
2022-06,41465,용인시 수지구,연립다세대,13,50,28000.0,24500.0,2025.0,1654.0,0.875,0.8167
2022-06,41480,파주시,아파트,186,714,29950.0,30000.0,1284.0,1247.0,1.0017,0.9708
2022-06,41480,파주시,연립다세대,105,118,16900.0,20750.0,941.0,1249.0,1.2278,1.3276
2022-06,41500,이천시,아파트,139,153,20000.0,20000.0,1046.0,992.0,1.0,0.948
2022-06,41500,이천시,연립다세대,49,56,12000.0,13825.0,661.0,864.0,1.1521,1.3069
2022-06,41550,안성시,아파트,183,274,15700.0,14000.0,1048.0,924.0,0.8917,0.8814
2022-06,41550,안성시,연립다세대,25,10,5700.0,8750.0,392.0,549.0,1.5351,1.3992
2022-06,41570,김포시,아파트,274,723,49046.0,32000.0,2340.0,1325.0,0.6524,0.5664
2022-06,41570,김포시,연립다세대,36,46,14000.0,20400.0,1124.0,1404.0,1.4571,1.2485
2022-06,41591,화성시 만세구,아파트,59,318,26500.0,18331.0,1311.0,778.0,0.6917,0.5935
2022-06,41591,화성시 만세구,연립다세대,49,21,12000.0,10200.0,706.0,824.0,0.85,1.1674
2022-06,41593,화성시 효행구,아파트,53,175,32000.0,29000.0,1361.0,1173.0,0.9063,0.8617
2022-06,41593,화성시 효행구,연립다세대,23,12,6200.0,7500.0,378.0,625.0,1.2097,1.6556
2022-06,41595,화성시 병점구,아파트,35,261,40000.0,28000.0,1789.0,1167.0,0.7,0.6523
2022-06,41595,화성시 병점구,연립다세대,14,91,7150.0,11500.0,550.0,1472.0,1.6084,2.6764
2022-06,41597,화성시 동탄구,아파트,110,562,64000.0,37900.0,2677.0,1576.0,0.5922,0.5887
2022-06,41597,화성시 동탄구,연립다세대,0,1,,60000.0,,2339.0,,
2022-06,41610,광주시,아파트,99,365,43000.0,32000.0,1708.0,1361.0,0.7442,0.7969
2022-06,41610,광주시,연립다세대,321,302,19000.0,18000.0,1069.0,994.0,0.9474,0.9302
2022-06,41630,양주시,아파트,93,363,27500.0,20500.0,1252.0,973.0,0.7455,0.7767
2022-06,41630,양주시,연립다세대,47,19,8400.0,7500.0,584.0,561.0,0.8929,0.9612
2022-06,41650,포천시,아파트,54,57,13500.0,14000.0,695.0,779.0,1.037,1.121
2022-06,41650,포천시,연립다세대,56,25,7750.0,7500.0,440.0,454.0,0.9677,1.0337
2022-06,41670,여주시,아파트,66,97,12100.0,12600.0,793.0,742.0,1.0413,0.9354
2022-06,41670,여주시,연립다세대,25,8,13000.0,8756.0,730.0,580.0,0.6735,0.7951
2022-06,41800,연천군,아파트,8,11,8150.0,15000.0,476.0,662.0,1.8405,1.392
2022-06,41800,연천군,연립다세대,17,7,5900.0,4200.0,336.0,268.0,0.7119,0.7989
2022-06,41820,가평군,아파트,12,16,23250.0,17750.0,866.0,789.0,0.7634,0.9111
2022-06,41820,가평군,연립다세대,27,12,8800.0,8925.0,537.0,581.0,1.0142,1.083
2022-06,41830,양평군,아파트,16,35,29000.0,28000.0,1592.0,1172.0,0.9655,0.7363
2022-06,41830,양평군,연립다세대,38,33,14825.0,16000.0,805.0,859.0,1.0793,1.0677
2022-07,11110,종로구,아파트,14,77,29850.0,48000.0,2450.0,2208.0,1.608,0.9011
2022-07,11110,종로구,연립다세대,34,89,29200.0,23000.0,1920.0,1300.0,0.7877,0.6774
2022-07,11140,중구,아파트,5,154,107500.0,54800.0,4090.0,2609.0,0.5098,0.6379
2022-07,11140,중구,연립다세대,35,88,32600.0,25000.0,3044.0,2690.0,0.7669,0.8836
2022-07,11170,용산구,아파트,15,291,183000.0,65000.0,4790.0,2666.0,0.3552,0.5567
2022-07,11170,용산구,연립다세대,35,306,52000.0,25200.0,4377.0,2541.0,0.4846,0.5804
2022-07,11200,성동구,아파트,13,470,139000.0,63000.0,5864.0,2866.0,0.4532,0.4888
2022-07,11200,성동구,연립다세대,12,123,35650.0,23100.0,3379.0,1673.0,0.648,0.4951
2022-07,11215,광진구,아파트,13,193,120000.0,60000.0,5061.0,2720.0,0.5,0.5375
2022-07,11215,광진구,연립다세대,121,364,33950.0,25000.0,3592.0,2277.0,0.7364,0.6339
2022-07,11230,동대문구,아파트,33,431,60000.0,48000.0,3447.0,2363.0,0.8,0.6856
2022-07,11230,동대문구,연립다세대,31,137,32000.0,23600.0,2820.0,1870.0,0.7375,0.6632
2022-07,11260,중랑구,아파트,30,320,57150.0,36750.0,3083.0,1781.0,0.643,0.5776
2022-07,11260,중랑구,연립다세대,143,391,28500.0,24000.0,2405.0,2447.0,0.8421,1.0177
2022-07,11290,성북구,아파트,23,443,85000.0,47000.0,3497.0,2108.0,0.5529,0.603
2022-07,11290,성북구,연립다세대,90,229,29600.0,21000.0,1834.0,1611.0,0.7095,0.8783
2022-07,11305,강북구,아파트,13,180,63000.0,33500.0,2902.0,1546.0,0.5317,0.5327
2022-07,11305,강북구,연립다세대,146,195,22650.0,14000.0,1842.0,1034.0,0.6181,0.5613
2022-07,11320,도봉구,아파트,32,359,50250.0,28870.0,2847.0,1445.0,0.5745,0.5076
2022-07,11320,도봉구,연립다세대,123,206,18000.0,18000.0,1354.0,1234.0,1.0,0.9113
2022-07,11350,노원구,아파트,41,996,60000.0,26000.0,3326.0,1558.0,0.4333,0.4685
2022-07,11350,노원구,연립다세대,40,88,21450.0,15000.0,1952.0,1185.0,0.6993,0.6067
2022-07,11380,은평구,아파트,39,579,48000.0,40000.0,3556.0,1900.0,0.8333,0.5343
2022-07,11380,은평구,연립다세대,214,596,27000.0,20000.0,2139.0,1585.0,0.7407,0.7409
2022-07,11410,서대문구,아파트,23,378,78000.0,50000.0,3738.0,2364.0,0.641,0.6325
2022-07,11410,서대문구,연립다세대,65,166,24500.0,20000.0,1918.0,1364.0,0.8163,0.7114
2022-07,11440,마포구,아파트,28,419,114500.0,58600.0,5018.0,2621.0,0.5118,0.5223
2022-07,11440,마포구,연립다세대,108,383,39150.0,24150.0,3343.0,2058.0,0.6169,0.6157
2022-07,11470,양천구,아파트,21,639,66000.0,47250.0,3041.0,2167.0,0.7159,0.7126
2022-07,11470,양천구,연립다세대,123,490,25800.0,21000.0,2200.0,1713.0,0.814,0.7787
2022-07,11500,강서구,아파트,32,1332,45000.0,25329.0,2739.0,1565.0,0.5629,0.5714
2022-07,11500,강서구,연립다세대,294,756,24000.0,21775.0,2170.0,1956.0,0.9073,0.9015
2022-07,11530,구로구,아파트,38,420,21200.0,36113.0,2307.0,1675.0,1.7034,0.7259
2022-07,11530,구로구,연립다세대,153,191,17800.0,18375.0,1894.0,1524.0,1.0323,0.8046
2022-07,11545,금천구,아파트,20,147,70850.0,32000.0,3706.0,1730.0,0.4517,0.4668
2022-07,11545,금천구,연립다세대,112,210,29575.0,22500.0,2619.0,2329.0,0.7608,0.8894
2022-07,11560,영등포구,아파트,30,594,115000.0,50400.0,4736.0,2319.0,0.4383,0.4896
2022-07,11560,영등포구,연립다세대,24,193,29250.0,26000.0,3546.0,2715.0,0.8889,0.7656
2022-07,11590,동작구,아파트,14,432,93250.0,60900.0,3709.0,2486.0,0.6531,0.6703
2022-07,11590,동작구,연립다세대,74,288,34200.0,25000.0,2511.0,1972.0,0.731,0.7852
2022-07,11620,관악구,아파트,19,311,82500.0,43050.0,3368.0,2118.0,0.5218,0.6288
2022-07,11620,관악구,연립다세대,113,297,25000.0,23000.0,2063.0,1947.0,0.92,0.9436
2022-07,11650,서초구,아파트,34,759,195000.0,80000.0,6201.0,3229.0,0.4103,0.5207
2022-07,11650,서초구,연립다세대,47,328,45500.0,32500.0,3715.0,2724.0,0.7143,0.7333
2022-07,11680,강남구,아파트,51,853,246000.0,78750.0,8635.0,3243.0,0.3201,0.3755
2022-07,11680,강남구,연립다세대,65,310,45000.0,33000.0,4750.0,3080.0,0.7333,0.6484
2022-07,11710,송파구,아파트,36,961,173500.0,65000.0,6035.0,2724.0,0.3746,0.4513
2022-07,11710,송파구,연립다세대,138,693,32150.0,25000.0,3543.0,2056.0,0.7776,0.5803
2022-07,11740,강동구,아파트,29,542,66000.0,49000.0,4023.0,2413.0,0.7424,0.5997
2022-07,11740,강동구,연립다세대,104,406,32650.0,23950.0,3042.0,2385.0,0.7335,0.7841
2022-07,41111,수원시 장안구,아파트,35,249,49000.0,27000.0,2038.0,1334.0,0.551,0.6547
2022-07,41111,수원시 장안구,연립다세대,61,106,15000.0,12300.0,1143.0,896.0,0.82,0.7835
2022-07,41113,수원시 권선구,아파트,72,374,41750.0,28175.0,2096.0,1323.0,0.6749,0.6311
2022-07,41113,수원시 권선구,연립다세대,74,138,15000.0,13000.0,1035.0,1123.0,0.8667,1.0853
2022-07,41115,수원시 팔달구,아파트,32,346,36000.0,30000.0,2136.0,1654.0,0.8333,0.7743
2022-07,41115,수원시 팔달구,연립다세대,37,108,16000.0,14000.0,963.0,1395.0,0.875,1.4482
2022-07,41117,수원시 영통구,아파트,84,719,53750.0,32000.0,2647.0,1556.0,0.5953,0.5879
2022-07,41117,수원시 영통구,연립다세대,6,30,15400.0,11000.0,941.0,1470.0,0.7143,1.5627
2022-07,41131,성남시 수정구,아파트,14,314,88750.0,53000.0,3711.0,2406.0,0.5972,0.6483
2022-07,41131,성남시 수정구,연립다세대,45,94,37433.0,15875.0,2126.0,1144.0,0.4241,0.5381
2022-07,41133,성남시 중원구,아파트,12,230,51500.0,41370.0,2828.0,2042.0,0.8033,0.722
2022-07,41133,성남시 중원구,연립다세대,42,238,25000.0,15000.0,1717.0,1080.0,0.6,0.6289
2022-07,41135,성남시 분당구,아파트,33,973,121000.0,54000.0,5556.0,2362.0,0.4463,0.4251
2022-07,41135,성남시 분당구,연립다세대,6,90,47750.0,38425.0,2459.0,1933.0,0.8047,0.786
2022-07,41150,의정부시,아파트,111,623,33000.0,24500.0,1702.0,1243.0,0.7424,0.7302
2022-07,41150,의정부시,연립다세대,82,128,16675.0,10250.0,1102.0,740.0,0.6147,0.6721
2022-07,41171,안양시 만안구,아파트,40,262,43750.0,35350.0,2490.0,1779.0,0.808,0.7145
2022-07,41171,안양시 만안구,연립다세대,62,112,19600.0,15000.0,1474.0,1120.0,0.7653,0.7601
2022-07,41173,안양시 동안구,아파트,31,674,68900.0,35350.0,3327.0,1830.0,0.5131,0.5499
2022-07,41173,안양시 동안구,연립다세대,11,80,22500.0,15000.0,1782.0,1269.0,0.6667,0.7123
2022-07,41192,부천시 원미구,아파트,69,425,35200.0,30000.0,2369.0,1555.0,0.8523,0.6566
2022-07,41192,부천시 원미구,연립다세대,117,164,16500.0,16000.0,1206.0,1137.0,0.9697,0.9422
2022-07,41194,부천시 소사구,아파트,32,198,42750.0,34313.0,2085.0,1550.0,0.8026,0.7434
2022-07,41194,부천시 소사구,연립다세대,59,103,15500.0,14900.0,1151.0,962.0,0.9613,0.8359
2022-07,41196,부천시 오정구,아파트,31,86,21000.0,18950.0,1493.0,1023.0,0.9024,0.6851
2022-07,41196,부천시 오정구,연립다세대,173,158,15000.0,10550.0,1117.0,870.0,0.7033,0.7785
2022-07,41210,광명시,아파트,24,567,68900.0,35000.0,3647.0,1794.0,0.508,0.492
2022-07,41210,광명시,연립다세대,13,81,35000.0,17850.0,1932.0,1231.0,0.51,0.6371
2022-07,41220,평택시,아파트,332,916,21150.0,23000.0,1180.0,1051.0,1.0875,0.8907
2022-07,41220,평택시,연립다세대,142,127,9200.0,8000.0,668.0,700.0,0.8696,1.0477
2022-07,41250,동두천시,아파트,26,115,14325.0,15000.0,841.0,733.0,1.0471,0.8708
2022-07,41250,동두천시,연립다세대,61,32,6200.0,7750.0,707.0,468.0,1.25,0.6629
2022-07,41271,안산시 상록구,아파트,41,275,42000.0,24000.0,1875.0,1214.0,0.5714,0.6471
2022-07,41271,안산시 상록구,연립다세대,236,216,16000.0,12240.0,881.0,772.0,0.765,0.876
2022-07,41273,안산시 단원구,아파트,45,313,46500.0,26250.0,2132.0,1330.0,0.5645,0.624
2022-07,41273,안산시 단원구,연립다세대,142,81,18500.0,12000.0,1156.0,766.0,0.6486,0.6632
2022-07,41281,고양시 덕양구,아파트,77,634,47000.0,30000.0,2315.0,1455.0,0.6383,0.6284
2022-07,41281,고양시 덕양구,연립다세대,112,136,15350.0,14000.0,1075.0,913.0,0.9121,0.8495
2022-07,41285,고양시 일산동구,아파트,43,411,50500.0,34600.0,2124.0,1459.0,0.6851,0.687
2022-07,41285,고양시 일산동구,연립다세대,29,93,25000.0,22000.0,1327.0,1266.0,0.88,0.9535
2022-07,41287,고양시 일산서구,아파트,89,593,45300.0,29400.0,1945.0,1307.0,0.649,0.6721
2022-07,41287,고양시 일산서구,연립다세대,27,34,21500.0,17400.0,1401.0,987.0,0.8093,0.7043
2022-07,41290,과천시,아파트,3,178,170000.0,76500.0,7979.0,3086.0,0.45,0.3867
2022-07,41290,과천시,연립다세대,4,29,63750.0,48000.0,3514.0,2148.0,0.7529,0.6113
2022-07,41310,구리시,아파트,10,261,66500.0,34000.0,2851.0,1655.0,0.5113,0.5805
2022-07,41310,구리시,연립다세대,11,67,35500.0,16500.0,2422.0,1183.0,0.4648,0.4885
2022-07,41360,남양주시,아파트,134,1054,39250.0,30000.0,1709.0,1281.0,0.7643,0.7497
2022-07,41360,남양주시,연립다세대,149,179,13415.0,12000.0,817.0,775.0,0.8945,0.9495
2022-07,41370,오산시,아파트,73,267,34000.0,24000.0,1495.0,1167.0,0.7059,0.7806
2022-07,41370,오산시,연립다세대,41,71,8800.0,9990.0,741.0,1081.0,1.1352,1.4582
2022-07,41390,시흥시,아파트,143,711,36700.0,25500.0,1767.0,1249.0,0.6948,0.7069
2022-07,41390,시흥시,연립다세대,124,132,12000.0,10000.0,870.0,776.0,0.8333,0.8925
2022-07,41410,군포시,아파트,24,453,49250.0,26500.0,2528.0,1492.0,0.5381,0.5904
2022-07,41410,군포시,연립다세대,18,103,20650.0,13650.0,1568.0,1095.0,0.661,0.6981
2022-07,41430,의왕시,아파트,24,215,75650.0,44000.0,2978.0,1849.0,0.5816,0.6207
2022-07,41430,의왕시,연립다세대,14,52,34200.0,16125.0,2089.0,1274.0,0.4715,0.6098
2022-07,41450,하남시,아파트,33,413,90000.0,52500.0,3904.0,2206.0,0.5833,0.5651
2022-07,41450,하남시,연립다세대,5,27,34000.0,17000.0,1966.0,1408.0,0.5,0.7163
2022-07,41461,용인시 처인구,아파트,69,183,32700.0,23100.0,1378.0,1147.0,0.7064,0.8327
2022-07,41461,용인시 처인구,연립다세대,116,112,12500.0,10000.0,684.0,748.0,0.8,1.094
2022-07,41463,용인시 기흥구,아파트,64,629,56600.0,36750.0,2133.0,1434.0,0.6493,0.6724
2022-07,41463,용인시 기흥구,연립다세대,31,101,25000.0,15000.0,1490.0,1237.0,0.6,0.8299
2022-07,41465,용인시 수지구,아파트,44,714,81250.0,46000.0,3013.0,1799.0,0.5662,0.597
2022-07,41465,용인시 수지구,연립다세대,4,44,35400.0,20500.0,2262.0,1595.0,0.5791,0.7051
2022-07,41480,파주시,아파트,147,840,22000.0,29000.0,1648.0,1207.0,1.3182,0.732
2022-07,41480,파주시,연립다세대,91,90,20500.0,18000.0,1168.0,1166.0,0.878,0.9976
2022-07,41500,이천시,아파트,117,171,17700.0,20000.0,955.0,1047.0,1.1299,1.0968
2022-07,41500,이천시,연립다세대,53,74,12000.0,15000.0,584.0,948.0,1.25,1.6235
2022-07,41550,안성시,아파트,159,263,14800.0,14500.0,912.0,897.0,0.9797,0.9833
2022-07,41550,안성시,연립다세대,23,13,7500.0,8000.0,397.0,503.0,1.0667,1.2659
2022-07,41570,김포시,아파트,116,809,49000.0,30450.0,1945.0,1281.0,0.6214,0.6585
2022-07,41570,김포시,연립다세대,24,59,15200.0,16500.0,965.0,1087.0,1.0855,1.1259
2022-07,41591,화성시 만세구,아파트,47,331,24100.0,20000.0,1199.0,783.0,0.8299,0.6532
2022-07,41591,화성시 만세구,연립다세대,39,14,12000.0,14750.0,620.0,844.0,1.2292,1.3612
2022-07,41593,화성시 효행구,아파트,28,174,29600.0,29000.0,1225.0,1173.0,0.9797,0.9573
2022-07,41593,화성시 효행구,연립다세대,15,17,10900.0,9200.0,704.0,638.0,0.844,0.9066
2022-07,41595,화성시 병점구,아파트,34,224,39850.0,26000.0,1615.0,1129.0,0.6524,0.6989
2022-07,41595,화성시 병점구,연립다세대,8,83,11500.0,11500.0,728.0,1524.0,1.0,2.0924
2022-07,41597,화성시 동탄구,아파트,74,504,60000.0,36000.0,2658.0,1554.0,0.6,0.5846
2022-07,41597,화성시 동탄구,연립다세대,0,2,,38650.0,,1509.0,,
2022-07,41610,광주시,아파트,66,338,45000.0,31000.0,1752.0,1362.0,0.6889,0.7775
2022-07,41610,광주시,연립다세대,288,249,19000.0,16200.0,1075.0,934.0,0.8526,0.8688
2022-07,41630,양주시,아파트,73,374,29000.0,20600.0,1249.0,901.0,0.7103,0.7217
2022-07,41630,양주시,연립다세대,40,31,8000.0,7400.0,578.0,485.0,0.925,0.8391
2022-07,41650,포천시,아파트,39,48,13500.0,13300.0,661.0,798.0,0.9852,1.2066
2022-07,41650,포천시,연립다세대,45,30,8000.0,7410.0,409.0,360.0,0.9263,0.881
2022-07,41670,여주시,아파트,52,86,13250.0,16000.0,814.0,818.0,1.2075,1.0048
2022-07,41670,여주시,연립다세대,17,11,14000.0,15000.0,711.0,758.0,1.0714,1.067
2022-07,41800,연천군,아파트,9,8,10800.0,12250.0,487.0,490.0,1.1343,1.0078
2022-07,41800,연천군,연립다세대,11,9,4300.0,12000.0,351.0,585.0,2.7907,1.6663
2022-07,41820,가평군,아파트,12,18,16900.0,22000.0,679.0,936.0,1.3018,1.3789
2022-07,41820,가평군,연립다세대,20,16,7550.0,8350.0,497.0,604.0,1.106,1.2147
2022-07,41830,양평군,아파트,20,38,31750.0,27000.0,1346.0,1198.0,0.8504,0.8906
2022-07,41830,양평군,연립다세대,31,36,17000.0,13000.0,896.0,832.0,0.7647,0.9292
2022-08,11110,종로구,아파트,7,68,16000.0,47300.0,2554.0,2333.0,2.9562,0.9135
2022-08,11110,종로구,연립다세대,22,67,41514.0,27000.0,2085.0,1635.0,0.6504,0.7843
2022-08,11140,중구,아파트,12,144,95750.0,57875.0,4720.0,2606.0,0.6044,0.5521
2022-08,11140,중구,연립다세대,41,85,36500.0,25000.0,3527.0,2671.0,0.6849,0.7573
2022-08,11170,용산구,아파트,9,282,130000.0,63000.0,7133.0,2809.0,0.4846,0.3938
2022-08,11170,용산구,연립다세대,58,295,45750.0,23100.0,5095.0,2433.0,0.5049,0.4776
2022-08,11200,성동구,아파트,23,468,124000.0,64975.0,5357.0,2756.0,0.524,0.5145
2022-08,11200,성동구,연립다세대,45,105,193700.0,21500.0,12971.0,2281.0,0.111,0.1758
2022-08,11215,광진구,아파트,11,171,70000.0,63000.0,4487.0,2646.0,0.9,0.5896
2022-08,11215,광진구,연립다세대,58,374,30250.0,25000.0,2110.0,2338.0,0.8264,1.1083
2022-08,11230,동대문구,아파트,44,390,29000.0,50000.0,3549.0,2407.0,1.7241,0.6783
2022-08,11230,동대문구,연립다세대,31,147,34400.0,23000.0,2579.0,2320.0,0.6686,0.8997
2022-08,11260,중랑구,아파트,24,459,53750.0,25350.0,2910.0,1495.0,0.4716,0.5139
2022-08,11260,중랑구,연립다세대,98,313,31850.0,24150.0,2348.0,2354.0,0.7582,1.0026
2022-08,11290,성북구,아파트,29,385,83000.0,47000.0,3355.0,2043.0,0.5663,0.6087
2022-08,11290,성북구,연립다세대,99,225,43000.0,20000.0,2869.0,1716.0,0.4651,0.5982
2022-08,11305,강북구,아파트,16,159,55000.0,38000.0,2384.0,1701.0,0.6909,0.7136
2022-08,11305,강북구,연립다세대,122,207,20000.0,15700.0,1574.0,1115.0,0.785,0.7085
2022-08,11320,도봉구,아파트,31,345,46000.0,27000.0,2756.0,1404.0,0.587,0.5095
2022-08,11320,도봉구,연립다세대,108,186,27250.0,15100.0,1864.0,1115.0,0.5541,0.5981
2022-08,11350,노원구,아파트,47,906,60000.0,25429.0,3441.0,1564.0,0.4238,0.4545
2022-08,11350,노원구,연립다세대,37,77,16000.0,15000.0,1686.0,1264.0,0.9375,0.7497
2022-08,11380,은평구,아파트,36,479,49900.0,42000.0,2950.0,1920.0,0.8417,0.6509
2022-08,11380,은평구,연립다세대,199,567,24000.0,21000.0,1846.0,1567.0,0.875,0.8486
2022-08,11410,서대문구,아파트,21,362,88000.0,55000.0,4027.0,2596.0,0.625,0.6446
2022-08,11410,서대문구,연립다세대,37,172,22000.0,20000.0,1526.0,1382.0,0.9091,0.9055
2022-08,11440,마포구,아파트,15,543,118000.0,57500.0,5180.0,2549.0,0.4873,0.4921
2022-08,11440,마포구,연립다세대,72,397,35250.0,24000.0,3024.0,2090.0,0.6809,0.6913
2022-08,11470,양천구,아파트,22,605,61750.0,48300.0,3198.0,2284.0,0.7822,0.7142
2022-08,11470,양천구,연립다세대,113,390,25500.0,21000.0,2078.0,1846.0,0.8235,0.8884
2022-08,11500,강서구,아파트,33,1389,52000.0,24582.0,2702.0,1135.0,0.4727,0.4201
2022-08,11500,강서구,연립다세대,246,714,26000.0,20700.0,2388.0,1922.0,0.7962,0.8051
2022-08,11530,구로구,아파트,38,430,34000.0,36165.0,2698.0,1798.0,1.0637,0.6664
2022-08,11530,구로구,연립다세대,133,214,27000.0,20900.0,2311.0,1596.0,0.7741,0.6907
2022-08,11545,금천구,아파트,19,139,50000.0,36000.0,3004.0,1733.0,0.72,0.5767
2022-08,11545,금천구,연립다세대,127,225,28800.0,22800.0,2432.0,2383.0,0.7917,0.9796
2022-08,11560,영등포구,아파트,42,650,28750.0,50000.0,3465.0,2336.0,1.7391,0.6741
2022-08,11560,영등포구,연립다세대,56,174,34450.0,24675.0,3395.0,2760.0,0.7163,0.813
2022-08,11590,동작구,아파트,25,344,100000.0,60000.0,4455.0,2532.0,0.6,0.5683
2022-08,11590,동작구,연립다세대,66,266,30250.0,27000.0,2480.0,1953.0,0.8926,0.7875
2022-08,11620,관악구,아파트,15,327,59000.0,44000.0,3385.0,2141.0,0.7458,0.6323
2022-08,11620,관악구,연립다세대,80,281,26600.0,23100.0,2126.0,2009.0,0.8684,0.9447
2022-08,11650,서초구,아파트,23,806,146000.0,65000.0,4283.0,2675.0,0.4452,0.6246
2022-08,11650,서초구,연립다세대,51,304,53500.0,34000.0,4816.0,2619.0,0.6355,0.5439
2022-08,11680,강남구,아파트,142,812,43757.0,78750.0,6264.0,3291.0,1.7997,0.5253
2022-08,11680,강남구,연립다세대,24,284,46250.0,30425.0,4787.0,2691.0,0.6578,0.5622
2022-08,11710,송파구,아파트,38,830,171250.0,63000.0,6451.0,2728.0,0.3679,0.4229
2022-08,11710,송파구,연립다세대,162,648,35000.0,24200.0,3640.0,1981.0,0.6914,0.5442
2022-08,11740,강동구,아파트,33,493,98000.0,50000.0,3776.0,2422.0,0.5102,0.6415
2022-08,11740,강동구,연립다세대,130,374,31425.0,24838.0,3215.0,2352.0,0.7904,0.7318
2022-08,41111,수원시 장안구,아파트,29,218,37000.0,26000.0,1830.0,1331.0,0.7027,0.7273
2022-08,41111,수원시 장안구,연립다세대,63,82,14500.0,10000.0,1025.0,913.0,0.6897,0.891
2022-08,41113,수원시 권선구,아파트,57,345,45000.0,29400.0,2142.0,1324.0,0.6533,0.6179
2022-08,41113,수원시 권선구,연립다세대,68,120,14750.0,13850.0,954.0,1185.0,0.939,1.2416
2022-08,41115,수원시 팔달구,아파트,21,569,42800.0,30000.0,1867.0,1710.0,0.7009,0.9156
2022-08,41115,수원시 팔달구,연립다세대,73,100,19900.0,13315.0,1633.0,1399.0,0.6691,0.8566
2022-08,41117,수원시 영통구,아파트,68,683,50000.0,30000.0,2404.0,1516.0,0.6,0.6306
2022-08,41117,수원시 영통구,연립다세대,4,28,27750.0,18250.0,1760.0,1403.0,0.6577,0.7975
2022-08,41131,성남시 수정구,아파트,13,277,97000.0,53000.0,4497.0,2421.0,0.5464,0.5384
2022-08,41131,성남시 수정구,연립다세대,13,83,23000.0,15000.0,1965.0,1071.0,0.6522,0.5452
2022-08,41133,성남시 중원구,아파트,13,272,54000.0,40000.0,2882.0,1984.0,0.7407,0.6884
2022-08,41133,성남시 중원구,연립다세대,30,212,29750.0,15000.0,1693.0,1101.0,0.5042,0.6504
2022-08,41135,성남시 분당구,아파트,22,876,101500.0,54600.0,4935.0,2357.0,0.5379,0.4775
2022-08,41135,성남시 분당구,연립다세대,4,66,70000.0,37900.0,3645.0,1791.0,0.5414,0.4915
2022-08,41150,의정부시,아파트,109,649,30000.0,25000.0,1623.0,1245.0,0.8333,0.7673
2022-08,41150,의정부시,연립다세대,46,136,14000.0,12000.0,946.0,844.0,0.8571,0.8919
2022-08,41171,안양시 만안구,아파트,39,253,52900.0,34650.0,2502.0,1809.0,0.655,0.723
2022-08,41171,안양시 만안구,연립다세대,53,107,22300.0,13000.0,1482.0,1127.0,0.583,0.7604
2022-08,41173,안양시 동안구,아파트,32,570,58000.0,36875.0,3244.0,1882.0,0.6358,0.5803
2022-08,41173,안양시 동안구,연립다세대,10,59,35000.0,15500.0,2184.0,1310.0,0.4429,0.6
2022-08,41192,부천시 원미구,아파트,64,393,51700.0,31500.0,2386.0,1529.0,0.6093,0.6407
2022-08,41192,부천시 원미구,연립다세대,104,145,16550.0,14800.0,1143.0,1065.0,0.8943,0.9315
2022-08,41194,부천시 소사구,아파트,42,174,41900.0,32750.0,2141.0,1482.0,0.7816,0.6924
2022-08,41194,부천시 소사구,연립다세대,63,92,18000.0,15000.0,1316.0,982.0,0.8333,0.7462
2022-08,41196,부천시 오정구,아파트,35,81,30000.0,16000.0,1853.0,1005.0,0.5333,0.5426
2022-08,41196,부천시 오정구,연립다세대,152,150,13500.0,11000.0,1154.0,897.0,0.8148,0.7773
2022-08,41210,광명시,아파트,36,544,63650.0,32450.0,3102.0,1719.0,0.5098,0.5541
2022-08,41210,광명시,연립다세대,15,131,28500.0,20000.0,1941.0,1269.0,0.7018,0.6539
2022-08,41220,평택시,아파트,277,843,22500.0,22500.0,1174.0,1054.0,1.0,0.898
2022-08,41220,평택시,연립다세대,134,93,10400.0,6500.0,652.0,664.0,0.625,1.0188
2022-08,41250,동두천시,아파트,27,104,19200.0,15000.0,926.0,784.0,0.7813,0.8469
2022-08,41250,동두천시,연립다세대,49,14,8700.0,8500.0,541.0,363.0,0.977,0.6713
2022-08,41271,안산시 상록구,아파트,36,193,34500.0,24500.0,1680.0,1174.0,0.7101,0.6988
2022-08,41271,안산시 상록구,연립다세대,190,209,16800.0,12000.0,868.0,792.0,0.7143,0.9118
2022-08,41273,안산시 단원구,아파트,50,327,38100.0,27000.0,1958.0,1323.0,0.7087,0.6758
2022-08,41273,안산시 단원구,연립다세대,92,81,20325.0,10500.0,1247.0,758.0,0.5166,0.608
2022-08,41281,고양시 덕양구,아파트,59,612,46500.0,29725.0,2213.0,1433.0,0.6392,0.6475
2022-08,41281,고양시 덕양구,연립다세대,81,123,12800.0,11000.0,807.0,935.0,0.8594,1.1581
2022-08,41285,고양시 일산동구,아파트,44,382,49150.0,35000.0,2057.0,1441.0,0.7121,0.7004
2022-08,41285,고양시 일산동구,연립다세대,43,64,27500.0,26475.0,1512.0,1204.0,0.9627,0.7959
2022-08,41287,고양시 일산서구,아파트,56,581,41750.0,29400.0,1723.0,1286.0,0.7042,0.7464
2022-08,41287,고양시 일산서구,연립다세대,19,33,20000.0,15000.0,1271.0,965.0,0.75,0.7593
2022-08,41290,과천시,아파트,4,133,128500.0,73000.0,5094.0,3087.0,0.5681,0.6059
2022-08,41290,과천시,연립다세대,2,36,73250.0,48650.0,3350.0,2628.0,0.6642,0.7844
2022-08,41310,구리시,아파트,16,268,50250.0,34825.0,2862.0,1636.0,0.693,0.5717
2022-08,41310,구리시,연립다세대,6,53,41400.0,20000.0,2398.0,1270.0,0.4831,0.5295
2022-08,41360,남양주시,아파트,144,1030,41150.0,28500.0,1668.0,1188.0,0.6926,0.7119
2022-08,41360,남양주시,연립다세대,169,230,16000.0,12000.0,965.0,750.0,0.75,0.778
2022-08,41370,오산시,아파트,68,243,34150.0,21300.0,1437.0,1157.0,0.6237,0.8053
2022-08,41370,오산시,연립다세대,24,63,8650.0,8925.0,718.0,1085.0,1.0318,1.5113
2022-08,41390,시흥시,아파트,190,823,35000.0,25500.0,1684.0,1206.0,0.7286,0.716
2022-08,41390,시흥시,연립다세대,96,136,13000.0,9650.0,938.0,785.0,0.7423,0.8365
2022-08,41410,군포시,아파트,42,400,41000.0,25100.0,2477.0,1439.0,0.6122,0.5809
2022-08,41410,군포시,연립다세대,18,68,20700.0,13300.0,1439.0,1090.0,0.6425,0.7577
2022-08,41430,의왕시,아파트,17,177,57000.0,40000.0,2551.0,1760.0,0.7018,0.6898
2022-08,41430,의왕시,연립다세대,6,40,24750.0,18000.0,2157.0,1246.0,0.7273,0.5776
2022-08,41450,하남시,아파트,37,439,85000.0,55000.0,3503.0,2253.0,0.6471,0.6431
2022-08,41450,하남시,연립다세대,5,22,24500.0,22500.0,1638.0,1339.0,0.9184,0.8178
2022-08,41461,용인시 처인구,아파트,58,210,25250.0,23100.0,1380.0,1096.0,0.9149,0.7938
2022-08,41461,용인시 처인구,연립다세대,89,86,11500.0,11000.0,646.0,761.0,0.9565,1.1788
2022-08,41463,용인시 기흥구,아파트,60,542,56000.0,36000.0,2260.0,1381.0,0.6429,0.6112
2022-08,41463,용인시 기흥구,연립다세대,24,102,28600.0,15850.0,1713.0,1301.0,0.5542,0.7592
2022-08,41465,용인시 수지구,아파트,61,691,73000.0,47000.0,2941.0,1830.0,0.6438,0.6223
2022-08,41465,용인시 수지구,연립다세대,6,46,32000.0,18450.0,2025.0,1534.0,0.5766,0.7578
2022-08,41480,파주시,아파트,120,760,31500.0,28000.0,1249.0,1167.0,0.8889,0.9344
2022-08,41480,파주시,연립다세대,70,111,20000.0,18000.0,1111.0,1084.0,0.9,0.9758
2022-08,41500,이천시,아파트,108,132,18150.0,16750.0,988.0,890.0,0.9229,0.9013
2022-08,41500,이천시,연립다세대,70,67,7950.0,13000.0,738.0,963.0,1.6352,1.3047
2022-08,41550,안성시,아파트,128,222,15000.0,14000.0,956.0,896.0,0.9333,0.9374
2022-08,41550,안성시,연립다세대,28,17,17825.0,6000.0,1060.0,696.0,0.3366,0.6561
2022-08,41570,김포시,아파트,101,840,50000.0,30000.0,1974.0,1245.0,0.6,0.6306
2022-08,41570,김포시,연립다세대,29,52,12500.0,23000.0,789.0,1433.0,1.84,1.8153
2022-08,41591,화성시 만세구,아파트,43,501,42500.0,17300.0,1541.0,783.0,0.4071,0.5081
2022-08,41591,화성시 만세구,연립다세대,41,12,12000.0,12500.0,755.0,712.0,1.0417,0.9423
2022-08,41593,화성시 효행구,아파트,47,137,29000.0,28000.0,1323.0,1144.0,0.9655,0.8647
2022-08,41593,화성시 효행구,연립다세대,15,15,10500.0,11000.0,587.0,1319.0,1.0476,2.2479
2022-08,41595,화성시 병점구,아파트,30,204,38800.0,26250.0,1695.0,1152.0,0.6765,0.6797
2022-08,41595,화성시 병점구,연립다세대,16,70,8450.0,10500.0,680.0,1524.0,1.2426,2.2416
2022-08,41597,화성시 동탄구,아파트,76,479,60250.0,35000.0,2731.0,1536.0,0.5809,0.5623
2022-08,41597,화성시 동탄구,연립다세대,0,7,,11000.0,,1699.0,,
2022-08,41610,광주시,아파트,54,383,43000.0,30000.0,1664.0,1350.0,0.6977,0.811
2022-08,41610,광주시,연립다세대,222,241,20000.0,16800.0,1108.0,923.0,0.84,0.8335
2022-08,41630,양주시,아파트,89,401,27000.0,19950.0,1325.0,865.0,0.7389,0.6526
2022-08,41630,양주시,연립다세대,36,19,8250.0,7500.0,512.0,589.0,0.9091,1.1498
2022-08,41650,포천시,아파트,45,61,15500.0,16500.0,837.0,787.0,1.0645,0.9401
2022-08,41650,포천시,연립다세대,49,18,9000.0,7250.0,518.0,383.0,0.8056,0.7393
2022-08,41670,여주시,아파트,57,89,12000.0,17000.0,762.0,793.0,1.4167,1.0408
2022-08,41670,여주시,연립다세대,9,14,9500.0,10500.0,571.0,713.0,1.1053,1.2484
2022-08,41800,연천군,아파트,13,4,6250.0,9000.0,390.0,429.0,1.44,1.0997
2022-08,41800,연천군,연립다세대,9,4,4400.0,15800.0,283.0,907.0,3.5909,3.2083
2022-08,41820,가평군,아파트,15,24,17500.0,18000.0,645.0,917.0,1.0286,1.422
2022-08,41820,가평군,연립다세대,17,10,8900.0,9250.0,537.0,531.0,1.0393,0.9891
2022-08,41830,양평군,아파트,16,23,33000.0,27000.0,1441.0,972.0,0.8182,0.6741
2022-08,41830,양평군,연립다세대,34,34,15250.0,17000.0,797.0,837.0,1.1148,1.0508
2022-09,11110,종로구,아파트,14,58,14500.0,54750.0,2704.0,2435.0,3.7759,0.9003
2022-09,11110,종로구,연립다세대,13,72,31000.0,23000.0,1661.0,1420.0,0.7419,0.8549
2022-09,11140,중구,아파트,11,158,43000.0,53250.0,2712.0,2530.0,1.2384,0.9329
2022-09,11140,중구,연립다세대,6,90,34250.0,24575.0,3335.0,2662.0,0.7175,0.7984
2022-09,11170,용산구,아파트,12,269,143500.0,65000.0,5207.0,2737.0,0.453,0.5256
2022-09,11170,용산구,연립다세대,24,245,52200.0,25000.0,3482.0,2437.0,0.4789,0.6999
2022-09,11200,성동구,아파트,14,399,112000.0,61000.0,5778.0,2766.0,0.5446,0.4787
2022-09,11200,성동구,연립다세대,61,105,205000.0,22000.0,12693.0,1968.0,0.1073,0.1551
2022-09,11215,광진구,아파트,11,198,74000.0,64473.0,3385.0,2692.0,0.8712,0.7953
2022-09,11215,광진구,연립다세대,51,316,31500.0,25000.0,2397.0,2363.0,0.7937,0.9859
2022-09,11230,동대문구,아파트,24,383,75000.0,50000.0,3193.0,2243.0,0.6667,0.7025
2022-09,11230,동대문구,연립다세대,33,100,27800.0,25000.0,3042.0,2191.0,0.8993,0.7205
2022-09,11260,중랑구,아파트,29,234,39000.0,35000.0,2801.0,1863.0,0.8974,0.665
2022-09,11260,중랑구,연립다세대,77,273,36600.0,23000.0,2972.0,2301.0,0.6284,0.7743
2022-09,11290,성북구,아파트,33,381,68000.0,47000.0,3585.0,2114.0,0.6912,0.5897
2022-09,11290,성북구,연립다세대,35,231,24000.0,20000.0,1547.0,1641.0,0.8333,1.061
2022-09,11305,강북구,아파트,12,126,61500.0,36750.0,2699.0,1656.0,0.5976,0.6134
2022-09,11305,강북구,연립다세대,99,190,22000.0,16800.0,1514.0,1115.0,0.7636,0.7363
2022-09,11320,도봉구,아파트,27,324,54000.0,28325.0,2539.0,1470.0,0.5245,0.5788
2022-09,11320,도봉구,연립다세대,80,148,21300.0,15750.0,1540.0,1126.0,0.7394,0.7313
2022-09,11350,노원구,아파트,30,934,58750.0,25100.0,3187.0,1534.0,0.4272,0.4813
2022-09,11350,노원구,연립다세대,17,71,18000.0,15000.0,1550.0,1174.0,0.8333,0.7572
2022-09,11380,은평구,아파트,34,528,74500.0,35000.0,3347.0,1715.0,0.4698,0.5123
2022-09,11380,은평구,연립다세대,169,566,26000.0,20000.0,1916.0,1449.0,0.7692,0.7566
2022-09,11410,서대문구,아파트,14,347,106750.0,52500.0,4557.0,2337.0,0.4918,0.5129
2022-09,11410,서대문구,연립다세대,36,139,25125.0,21000.0,1705.0,1465.0,0.8358,0.8597
2022-09,11440,마포구,아파트,20,580,124250.0,53775.0,4891.0,2477.0,0.4328,0.5063
2022-09,11440,마포구,연립다세대,74,369,35000.0,22000.0,3551.0,2044.0,0.6286,0.5755
2022-09,11470,양천구,아파트,31,571,90000.0,49000.0,4647.0,2334.0,0.5444,0.5023
2022-09,11470,양천구,연립다세대,71,355,23700.0,19950.0,1938.0,1587.0,0.8418,0.8189
2022-09,11500,강서구,아파트,30,801,39000.0,37800.0,2636.0,1945.0,0.9692,0.7378
2022-09,11500,강서구,연립다세대,174,590,23000.0,20000.0,1664.0,1734.0,0.8696,1.0423
2022-09,11530,구로구,아파트,41,439,22500.0,36700.0,2282.0,1828.0,1.6311,0.8012
2022-09,11530,구로구,연립다세대,58,221,24625.0,18000.0,1699.0,1285.0,0.731,0.7562
2022-09,11545,금천구,아파트,14,160,49500.0,31500.0,2967.0,1747.0,0.6364,0.5887
2022-09,11545,금천구,연립다세대,73,165,26500.0,22800.0,2391.0,2279.0,0.8604,0.9528
2022-09,11560,영등포구,아파트,68,549,7600.0,54000.0,1377.0,2327.0,7.1053,1.6892
2022-09,11560,영등포구,연립다세대,22,163,30750.0,26000.0,3185.0,2975.0,0.8455,0.9342
2022-09,11590,동작구,아파트,21,373,82000.0,63000.0,3859.0,2534.0,0.7683,0.6565
2022-09,11590,동작구,연립다세대,87,247,27000.0,25200.0,2762.0,1845.0,0.9333,0.668
2022-09,11620,관악구,아파트,17,348,87000.0,44800.0,2875.0,2208.0,0.5149,0.7683
2022-09,11620,관악구,연립다세대,76,290,27950.0,23000.0,1972.0,1892.0,0.8229,0.9598
2022-09,11650,서초구,아파트,20,611,127500.0,89250.0,6408.0,3483.0,0.7,0.5435
2022-09,11650,서초구,연립다세대,23,299,42000.0,32000.0,3868.0,2446.0,0.7619,0.6324
2022-09,11680,강남구,아파트,33,778,195000.0,80000.0,8418.0,3365.0,0.4103,0.3997
2022-09,11680,강남구,연립다세대,33,283,45000.0,30000.0,5109.0,2694.0,0.6667,0.5273
2022-09,11710,송파구,아파트,29,845,140000.0,65000.0,6161.0,2703.0,0.4643,0.4387
2022-09,11710,송파구,연립다세대,77,605,33000.0,25000.0,2449.0,1951.0,0.7576,0.7966
2022-09,11740,강동구,아파트,18,552,97350.0,49000.0,4292.0,2385.0,0.5033,0.5558
2022-09,11740,강동구,연립다세대,114,370,31700.0,24000.0,3210.0,2255.0,0.7571,0.7024
2022-09,41111,수원시 장안구,아파트,30,192,40000.0,27000.0,1894.0,1379.0,0.675,0.7282
2022-09,41111,수원시 장안구,연립다세대,52,69,15000.0,11000.0,1088.0,905.0,0.7333,0.8314
2022-09,41113,수원시 권선구,아파트,78,433,40750.0,27000.0,2030.0,1284.0,0.6626,0.6323
2022-09,41113,수원시 권선구,연립다세대,57,136,16000.0,13000.0,1062.0,1141.0,0.8125,1.0752
2022-09,41115,수원시 팔달구,아파트,23,405,33000.0,33000.0,1616.0,1557.0,1.0,0.9638
2022-09,41115,수원시 팔달구,연립다세대,92,90,11895.0,11000.0,1475.0,1174.0,0.9248,0.7956
2022-09,41117,수원시 영통구,아파트,69,702,53500.0,30318.0,2349.0,1498.0,0.5667,0.6377
2022-09,41117,수원시 영통구,연립다세대,7,21,16000.0,15000.0,1046.0,914.0,0.9375,0.874
2022-09,41131,성남시 수정구,아파트,21,257,110000.0,54000.0,4279.0,2375.0,0.4909,0.5551
2022-09,41131,성남시 수정구,연립다세대,10,78,20000.0,17400.0,1630.0,1166.0,0.87,0.7155
2022-09,41133,성남시 중원구,아파트,5,304,50000.0,38000.0,2917.0,1929.0,0.76,0.6613
2022-09,41133,성남시 중원구,연립다세대,23,211,23000.0,15000.0,1660.0,1085.0,0.6522,0.6536
2022-09,41135,성남시 분당구,아파트,19,788,66500.0,54775.0,5160.0,2363.0,0.8237,0.458
2022-09,41135,성남시 분당구,연립다세대,2,76,57500.0,37500.0,3624.0,2002.0,0.6522,0.5524
2022-09,41150,의정부시,아파트,111,632,30500.0,24000.0,1517.0,1168.0,0.7869,0.7699
2022-09,41150,의정부시,연립다세대,69,113,15000.0,10500.0,1038.0,758.0,0.7,0.7299
2022-09,41171,안양시 만안구,아파트,36,287,48150.0,35000.0,1934.0,1928.0,0.7269,0.997
2022-09,41171,안양시 만안구,연립다세대,49,114,22200.0,15000.0,1668.0,1102.0,0.6757,0.6605
2022-09,41173,안양시 동안구,아파트,28,529,55000.0,34500.0,3212.0,1872.0,0.6273,0.5829
2022-09,41173,안양시 동안구,연립다세대,8,65,23000.0,13500.0,2073.0,1124.0,0.587,0.5425
2022-09,41192,부천시 원미구,아파트,87,419,60000.0,30000.0,2549.0,1557.0,0.5,0.6108
2022-09,41192,부천시 원미구,연립다세대,123,123,18500.0,15700.0,1242.0,1104.0,0.8486,0.8891
2022-09,41194,부천시 소사구,아파트,33,171,35000.0,31000.0,1984.0,1503.0,0.8857,0.7574
2022-09,41194,부천시 소사구,연립다세대,72,73,16000.0,14175.0,1153.0,938.0,0.8859,0.8137
2022-09,41196,부천시 오정구,아파트,23,64,24000.0,16000.0,1695.0,1086.0,0.6667,0.6408
2022-09,41196,부천시 오정구,연립다세대,125,131,14000.0,11000.0,1124.0,856.0,0.7857,0.7609
2022-09,41210,광명시,아파트,27,512,53000.0,34550.0,3259.0,1778.0,0.6519,0.5456
2022-09,41210,광명시,연립다세대,14,99,23500.0,18500.0,1768.0,1242.0,0.7872,0.7028
2022-09,41220,평택시,아파트,291,858,22800.0,22050.0,1152.0,1048.0,0.9671,0.91
2022-09,41220,평택시,연립다세대,147,106,9500.0,9150.0,736.0,701.0,0.9632,0.9521
2022-09,41250,동두천시,아파트,40,100,20000.0,14438.0,860.0,741.0,0.7219,0.8606
2022-09,41250,동두천시,연립다세대,31,21,6500.0,8000.0,428.0,429.0,1.2308,1.0042
2022-09,41271,안산시 상록구,아파트,31,238,38000.0,24000.0,1746.0,1196.0,0.6316,0.6847
2022-09,41271,안산시 상록구,연립다세대,217,195,16500.0,12000.0,824.0,743.0,0.7273,0.9014
2022-09,41273,안산시 단원구,아파트,47,372,45000.0,27000.0,1975.0,1321.0,0.6,0.6691
2022-09,41273,안산시 단원구,연립다세대,75,87,17800.0,12000.0,1086.0,782.0,0.6742,0.7198
2022-09,41281,고양시 덕양구,아파트,78,597,52750.0,29760.0,2101.0,1406.0,0.5642,0.6694
2022-09,41281,고양시 덕양구,연립다세대,85,102,13300.0,11500.0,927.0,821.0,0.8647,0.8856
2022-09,41285,고양시 일산동구,아파트,28,359,48500.0,36000.0,1969.0,1462.0,0.7423,0.7423
2022-09,41285,고양시 일산동구,연립다세대,26,63,21650.0,24000.0,1336.0,1195.0,1.1085,0.8943
2022-09,41287,고양시 일산서구,아파트,54,537,43250.0,29000.0,1940.0,1277.0,0.6705,0.6583
2022-09,41287,고양시 일산서구,연립다세대,14,33,20400.0,18300.0,1350.0,1040.0,0.8971,0.7704
2022-09,41290,과천시,아파트,9,96,140000.0,79350.0,7178.0,3210.0,0.5668,0.4472
2022-09,41290,과천시,연립다세대,9,24,59850.0,49900.0,3673.0,2605.0,0.8338,0.7094
2022-09,41310,구리시,아파트,19,237,62500.0,35000.0,2451.0,1671.0,0.56,0.6818
2022-09,41310,구리시,연립다세대,8,42,35000.0,13665.0,2441.0,1126.0,0.3904,0.461
2022-09,41360,남양주시,아파트,127,962,40000.0,28000.0,1660.0,1157.0,0.7,0.6974
2022-09,41360,남양주시,연립다세대,147,211,16500.0,12000.0,983.0,751.0,0.7273,0.7639
2022-09,41370,오산시,아파트,58,189,28000.0,21525.0,1233.0,1070.0,0.7688,0.8675
2022-09,41370,오산시,연립다세대,19,58,8700.0,9675.0,687.0,1049.0,1.1121,1.5271
2022-09,41390,시흥시,아파트,150,739,36350.0,26000.0,1665.0,1208.0,0.7153,0.7257
2022-09,41390,시흥시,연립다세대,107,129,10000.0,8500.0,939.0,699.0,0.85,0.7444
2022-09,41410,군포시,아파트,40,378,44250.0,25000.0,2209.0,1460.0,0.565,0.6612
2022-09,41410,군포시,연립다세대,17,85,23000.0,14000.0,1463.0,1131.0,0.6087,0.7731
2022-09,41430,의왕시,아파트,22,184,55500.0,42000.0,2612.0,1839.0,0.7568,0.7041
2022-09,41430,의왕시,연립다세대,5,42,27000.0,15500.0,2010.0,1130.0,0.5741,0.5623
2022-09,41450,하남시,아파트,26,412,85250.0,52500.0,3453.0,2206.0,0.6158,0.6389
2022-09,41450,하남시,연립다세대,4,37,25000.0,27000.0,2146.0,1620.0,1.08,0.755
2022-09,41461,용인시 처인구,아파트,55,186,25700.0,25000.0,1360.0,1116.0,0.9728,0.8203
2022-09,41461,용인시 처인구,연립다세대,109,64,10000.0,9000.0,756.0,609.0,0.9,0.8056
2022-09,41463,용인시 기흥구,아파트,45,512,50000.0,36000.0,1948.0,1399.0,0.72,0.7184
2022-09,41463,용인시 기흥구,연립다세대,18,63,22850.0,17000.0,1303.0,1192.0,0.744,0.9147
2022-09,41465,용인시 수지구,아파트,53,690,69000.0,47000.0,2977.0,1829.0,0.6812,0.6145
2022-09,41465,용인시 수지구,연립다세대,9,43,22100.0,25720.0,1763.0,1648.0,1.1638,0.9349
2022-09,41480,파주시,아파트,119,762,33000.0,27500.0,1374.0,1131.0,0.8333,0.8229
2022-09,41480,파주시,연립다세대,69,92,19000.0,19150.0,1031.0,1110.0,1.0079,1.0769
2022-09,41500,이천시,아파트,44,122,17000.0,17150.0,842.0,895.0,1.0088,1.0633
2022-09,41500,이천시,연립다세대,65,47,9950.0,12000.0,658.0,770.0,1.206,1.1711
2022-09,41550,안성시,아파트,101,221,15500.0,15000.0,915.0,832.0,0.9677,0.9086
2022-09,41550,안성시,연립다세대,32,9,14975.0,6000.0,1136.0,339.0,0.4007,0.2985
2022-09,41570,김포시,아파트,90,669,48500.0,30000.0,1913.0,1245.0,0.6186,0.6509
2022-09,41570,김포시,연립다세대,24,46,16750.0,21250.0,1145.0,1356.0,1.2687,1.1844
2022-09,41591,화성시 만세구,아파트,38,509,32000.0,17300.0,1273.0,783.0,0.5406,0.6151
2022-09,41591,화성시 만세구,연립다세대,43,21,11900.0,9000.0,613.0,489.0,0.7563,0.7966
2022-09,41593,화성시 효행구,아파트,31,95,34000.0,27000.0,1343.0,1094.0,0.7941,0.8143
2022-09,41593,화성시 효행구,연립다세대,11,20,11800.0,9600.0,737.0,684.0,0.8136,0.9275
2022-09,41595,화성시 병점구,아파트,25,185,38000.0,26000.0,1492.0,1162.0,0.6842,0.7787
2022-09,41595,화성시 병점구,연립다세대,6,69,7115.0,11500.0,492.0,1428.0,1.6163,2.904
2022-09,41597,화성시 동탄구,아파트,87,503,57000.0,35000.0,2540.0,1546.0,0.614,0.6088
2022-09,41597,화성시 동탄구,연립다세대,0,0,,,,,,
2022-09,41610,광주시,아파트,58,345,41600.0,32000.0,1590.0,1332.0,0.7692,0.8377
2022-09,41610,광주시,연립다세대,224,195,19000.0,16000.0,1038.0,937.0,0.8421,0.9033
2022-09,41630,양주시,아파트,96,309,29000.0,18000.0,1175.0,835.0,0.6207,0.7101
2022-09,41630,양주시,연립다세대,29,22,8900.0,7150.0,594.0,427.0,0.8034,0.7185
2022-09,41650,포천시,아파트,46,53,18750.0,14000.0,878.0,724.0,0.7467,0.8249
2022-09,41650,포천시,연립다세대,59,25,7700.0,7000.0,454.0,364.0,0.9091,0.8015
2022-09,41670,여주시,아파트,45,132,13000.0,19100.0,779.0,828.0,1.4692,1.0639
2022-09,41670,여주시,연립다세대,29,10,10920.0,8750.0,664.0,638.0,0.8013,0.9603
2022-09,41800,연천군,아파트,14,29,7940.0,13030.0,419.0,618.0,1.6411,1.4749
2022-09,41800,연천군,연립다세대,9,5,5000.0,4500.0,311.0,487.0,0.9,1.5651
2022-09,41820,가평군,아파트,14,38,21100.0,17000.0,914.0,891.0,0.8057,0.9751
2022-09,41820,가평군,연립다세대,11,19,8000.0,11000.0,528.0,597.0,1.375,1.1305
2022-09,41830,양평군,아파트,15,25,30500.0,26500.0,1284.0,1090.0,0.8689,0.8491
2022-09,41830,양평군,연립다세대,34,41,16700.0,15750.0,853.0,869.0,0.9431,1.0187
2022-10,11110,종로구,아파트,4,74,12950.0,52850.0,2691.0,2297.0,4.0811,0.8534
2022-10,11110,종로구,연립다세대,19,80,35000.0,29500.0,1913.0,1578.0,0.8429,0.8251
2022-10,11140,중구,아파트,14,152,25750.0,57000.0,3402.0,2691.0,2.2136,0.7911
2022-10,11140,중구,연립다세대,27,81,29750.0,25000.0,3526.0,2535.0,0.8403,0.719
2022-10,11170,용산구,아파트,8,287,113500.0,60000.0,5763.0,2677.0,0.5286,0.4644
2022-10,11170,용산구,연립다세대,11,317,64000.0,23100.0,7300.0,2392.0,0.3609,0.3277
2022-10,11200,성동구,아파트,18,460,121000.0,62750.0,4599.0,2723.0,0.5186,0.5921
2022-10,11200,성동구,연립다세대,94,101,45000.0,20000.0,2808.0,1990.0,0.4444,0.7085
2022-10,11215,광진구,아파트,9,193,111000.0,58500.0,3942.0,2756.0,0.527,0.6992
2022-10,11215,광진구,연립다세대,36,397,34250.0,25000.0,3041.0,2298.0,0.7299,0.7555
2022-10,11230,동대문구,아파트,25,365,60000.0,47000.0,2995.0,2212.0,0.7833,0.7386
2022-10,11230,동대문구,연립다세대,38,166,31425.0,25000.0,2802.0,2291.0,0.7955,0.8175
2022-10,11260,중랑구,아파트,22,223,38150.0,35500.0,2758.0,1806.0,0.9305,0.655
2022-10,11260,중랑구,연립다세대,103,316,31500.0,23000.0,2925.0,2226.0,0.7302,0.7612
2022-10,11290,성북구,아파트,40,443,76000.0,47000.0,3816.0,2119.0,0.6184,0.5553
2022-10,11290,성북구,연립다세대,29,234,26900.0,20000.0,1758.0,1503.0,0.7435,0.8547
2022-10,11305,강북구,아파트,11,122,54800.0,37000.0,2358.0,1727.0,0.6752,0.7325
2022-10,11305,강북구,연립다세대,60,172,18150.0,15875.0,1284.0,1157.0,0.8747,0.9013
2022-10,11320,도봉구,아파트,17,349,44000.0,27000.0,2337.0,1433.0,0.6136,0.6131
2022-10,11320,도봉구,연립다세대,117,174,27450.0,15500.0,2219.0,1054.0,0.5647,0.4749
2022-10,11350,노원구,아파트,43,977,56000.0,26000.0,3028.0,1543.0,0.4643,0.5095
2022-10,11350,노원구,연립다세대,18,89,18250.0,12700.0,1560.0,1169.0,0.6959,0.7498
2022-10,11380,은평구,아파트,26,418,53150.0,44000.0,3108.0,2067.0,0.8278,0.6649
2022-10,11380,은평구,연립다세대,140,569,24600.0,20000.0,1820.0,1437.0,0.813,0.7898
2022-10,11410,서대문구,아파트,22,356,80000.0,49455.0,3543.0,2316.0,0.6182,0.6536
2022-10,11410,서대문구,연립다세대,49,139,33000.0,18500.0,2431.0,1250.0,0.5606,0.5143
2022-10,11440,마포구,아파트,19,526,93000.0,60000.0,4298.0,2764.0,0.6452,0.6431
2022-10,11440,마포구,연립다세대,49,357,43000.0,23000.0,3864.0,2008.0,0.5349,0.5196
2022-10,11470,양천구,아파트,16,751,94500.0,46000.0,3686.0,2179.0,0.4868,0.5912
2022-10,11470,양천구,연립다세대,71,350,23800.0,19800.0,1785.0,1521.0,0.8319,0.8521
2022-10,11500,강서구,아파트,27,913,72000.0,35000.0,3311.0,1848.0,0.4861,0.5582
2022-10,11500,강서구,연립다세대,143,627,23500.0,20000.0,1770.0,1704.0,0.8511,0.9627
2022-10,11530,구로구,아파트,40,470,57000.0,35000.0,2799.0,1695.0,0.614,0.6056
2022-10,11530,구로구,연립다세대,171,200,27000.0,18000.0,2210.0,1281.0,0.6667,0.5794
2022-10,11545,금천구,아파트,9,171,49700.0,34100.0,2802.0,1701.0,0.6861,0.607
2022-10,11545,금천구,연립다세대,64,177,29000.0,20000.0,2395.0,1870.0,0.6897,0.781
2022-10,11560,영등포구,아파트,29,542,16000.0,50000.0,3472.0,2313.0,3.125,0.6661
2022-10,11560,영등포구,연립다세대,41,187,30700.0,24010.0,3288.0,2679.0,0.7821,0.8149
2022-10,11590,동작구,아파트,20,439,72350.0,55000.0,3671.0,2368.0,0.7602,0.645
2022-10,11590,동작구,연립다세대,73,275,34000.0,24000.0,2567.0,1939.0,0.7059,0.7552
2022-10,11620,관악구,아파트,15,305,50000.0,47000.0,3103.0,2134.0,0.94,0.6877
2022-10,11620,관악구,연립다세대,92,295,31725.0,20000.0,2457.0,1666.0,0.6304,0.6783
2022-10,11650,서초구,아파트,17,727,205000.0,84000.0,4576.0,3417.0,0.4098,0.7465
2022-10,11650,서초구,연립다세대,20,300,43500.0,32000.0,3992.0,2646.0,0.7356,0.6627
2022-10,11680,강남구,아파트,30,887,151500.0,84000.0,7279.0,3325.0,0.5545,0.4567
2022-10,11680,강남구,연립다세대,56,259,52711.0,30000.0,5449.0,2611.0,0.5691,0.4792
2022-10,11710,송파구,아파트,45,1001,179500.0,64000.0,6698.0,2724.0,0.3565,0.4067
2022-10,11710,송파구,연립다세대,56,666,39475.0,25000.0,3284.0,1894.0,0.6333,0.5767
2022-10,11740,강동구,아파트,32,543,88000.0,50000.0,4702.0,2411.0,0.5682,0.5128
2022-10,11740,강동구,연립다세대,101,336,35150.0,23100.0,3395.0,2212.0,0.6572,0.6515
2022-10,41111,수원시 장안구,아파트,32,216,31500.0,25000.0,1551.0,1317.0,0.7937,0.849
2022-10,41111,수원시 장안구,연립다세대,59,63,16800.0,10000.0,1434.0,898.0,0.5952,0.6262
2022-10,41113,수원시 권선구,아파트,58,363,43000.0,28000.0,1890.0,1268.0,0.6512,0.6708
2022-10,41113,수원시 권선구,연립다세대,33,130,12800.0,11750.0,886.0,1192.0,0.918,1.345
2022-10,41115,수원시 팔달구,아파트,39,325,29500.0,30000.0,1670.0,1505.0,1.0169,0.9008
2022-10,41115,수원시 팔달구,연립다세대,40,118,17350.0,12000.0,1179.0,1201.0,0.6916,1.018
2022-10,41117,수원시 영통구,아파트,79,758,47800.0,30000.0,2275.0,1492.0,0.6276,0.6556
2022-10,41117,수원시 영통구,연립다세대,3,20,20500.0,17500.0,1493.0,1262.0,0.8537,0.8451
2022-10,41131,성남시 수정구,아파트,13,263,107000.0,52500.0,4255.0,2257.0,0.4907,0.5304
2022-10,41131,성남시 수정구,연립다세대,13,80,19000.0,16000.0,1484.0,1067.0,0.8421,0.7193
2022-10,41133,성남시 중원구,아파트,10,387,60000.0,37000.0,3380.0,1929.0,0.6167,0.5708
2022-10,41133,성남시 중원구,연립다세대,15,201,26000.0,15000.0,1497.0,1041.0,0.5769,0.6954
2022-10,41135,성남시 분당구,아파트,28,919,119500.0,54000.0,4197.0,2333.0,0.4519,0.556
2022-10,41135,성남시 분당구,연립다세대,9,78,35000.0,39950.0,1762.0,1823.0,1.1414,1.0347
2022-10,41150,의정부시,아파트,96,600,32500.0,23000.0,1518.0,1167.0,0.7077,0.7689
2022-10,41150,의정부시,연립다세대,59,146,16500.0,11000.0,1065.0,763.0,0.6667,0.7168
2022-10,41171,안양시 만안구,아파트,31,287,37000.0,34125.0,2043.0,1699.0,0.9223,0.8312
2022-10,41171,안양시 만안구,연립다세대,41,114,19000.0,14000.0,1406.0,1121.0,0.7368,0.7973
2022-10,41173,안양시 동안구,아파트,38,605,58250.0,35000.0,2977.0,1830.0,0.6009,0.6148
2022-10,41173,안양시 동안구,연립다세대,7,67,30000.0,15000.0,2251.0,1272.0,0.5,0.565
2022-10,41192,부천시 원미구,아파트,84,458,46047.0,29000.0,2396.0,1550.0,0.6298,0.6469
2022-10,41192,부천시 원미구,연립다세대,103,127,17400.0,14500.0,1319.0,1105.0,0.8333,0.8381
2022-10,41194,부천시 소사구,아파트,41,206,46500.0,32000.0,2211.0,1354.0,0.6882,0.6127
2022-10,41194,부천시 소사구,연립다세대,60,79,16225.0,13500.0,1141.0,925.0,0.832,0.8109
2022-10,41196,부천시 오정구,아파트,10,82,17750.0,19000.0,1326.0,1042.0,1.0704,0.7859
2022-10,41196,부천시 오정구,연립다세대,124,134,14000.0,10000.0,1175.0,864.0,0.7143,0.7352
2022-10,41210,광명시,아파트,28,520,53000.0,33150.0,3173.0,1713.0,0.6255,0.5399
2022-10,41210,광명시,연립다세대,12,106,20875.0,18000.0,1587.0,1198.0,0.8623,0.7549
2022-10,41220,평택시,아파트,366,931,23000.0,22000.0,1169.0,1061.0,0.9565,0.9076
2022-10,41220,평택시,연립다세대,155,89,9300.0,8000.0,686.0,732.0,0.8602,1.0669
2022-10,41250,동두천시,아파트,27,87,18100.0,15000.0,937.0,747.0,0.8287,0.7979
2022-10,41250,동두천시,연립다세대,23,19,5500.0,8000.0,398.0,511.0,1.4545,1.2841
2022-10,41271,안산시 상록구,아파트,28,293,41250.0,23000.0,1856.0,1096.0,0.5576,0.5904
2022-10,41271,안산시 상록구,연립다세대,185,182,19200.0,12000.0,929.0,761.0,0.625,0.8185
2022-10,41273,안산시 단원구,아파트,53,423,40000.0,26200.0,1902.0,1235.0,0.655,0.6492
2022-10,41273,안산시 단원구,연립다세대,79,93,17800.0,11550.0,1031.0,764.0,0.6489,0.7407
2022-10,41281,고양시 덕양구,아파트,52,699,48750.0,28500.0,2107.0,1405.0,0.5846,0.6671
2022-10,41281,고양시 덕양구,연립다세대,51,93,14000.0,12000.0,842.0,866.0,0.8571,1.0283
2022-10,41285,고양시 일산동구,아파트,33,367,40150.0,34650.0,2071.0,1408.0,0.863,0.6799
2022-10,41285,고양시 일산동구,연립다세대,24,73,25150.0,22500.0,1411.0,1158.0,0.8946,0.8212
2022-10,41287,고양시 일산서구,아파트,59,625,39000.0,28300.0,1701.0,1245.0,0.7256,0.7315
2022-10,41287,고양시 일산서구,연립다세대,14,23,17850.0,15200.0,1052.0,955.0,0.8515,0.9075
2022-10,41290,과천시,아파트,6,129,125750.0,79000.0,5706.0,3152.0,0.6282,0.5525
2022-10,41290,과천시,연립다세대,4,35,44250.0,49500.0,2203.0,2646.0,1.1186,1.2012
2022-10,41310,구리시,아파트,14,259,60500.0,33000.0,2500.0,1564.0,0.5455,0.6253
2022-10,41310,구리시,연립다세대,3,59,13000.0,16000.0,1411.0,1155.0,1.2308,0.8188
2022-10,41360,남양주시,아파트,100,1018,44625.0,27000.0,1778.0,1146.0,0.605,0.6449
2022-10,41360,남양주시,연립다세대,79,214,13000.0,13050.0,828.0,850.0,1.0038,1.0268
2022-10,41370,오산시,아파트,54,204,33500.0,23050.0,1438.0,1048.0,0.6881,0.7288
2022-10,41370,오산시,연립다세대,21,60,7300.0,9000.0,636.0,1003.0,1.2329,1.5771
2022-10,41390,시흥시,아파트,156,672,37000.0,25000.0,1760.0,1129.0,0.6757,0.6418
2022-10,41390,시흥시,연립다세대,68,130,12175.0,10000.0,780.0,731.0,0.8214,0.9375
2022-10,41410,군포시,아파트,30,405,42200.0,26000.0,1986.0,1478.0,0.6161,0.7442
2022-10,41410,군포시,연립다세대,13,42,20000.0,12500.0,1642.0,1053.0,0.625,0.6412
2022-10,41430,의왕시,아파트,21,211,65000.0,40000.0,2796.0,1770.0,0.6154,0.633
2022-10,41430,의왕시,연립다세대,9,41,19200.0,16000.0,1611.0,1215.0,0.8333,0.7543
2022-10,41450,하남시,아파트,39,525,83000.0,50000.0,3489.0,2043.0,0.6024,0.5857
2022-10,41450,하남시,연립다세대,9,22,24500.0,15000.0,1601.0,954.0,0.6122,0.5963
2022-10,41461,용인시 처인구,아파트,43,181,27000.0,25000.0,1323.0,1109.0,0.9259,0.8381
2022-10,41461,용인시 처인구,연립다세대,90,84,10050.0,9750.0,713.0,640.0,0.9701,0.8979
2022-10,41463,용인시 기흥구,아파트,47,630,50000.0,35000.0,2095.0,1420.0,0.7,0.6778
2022-10,41463,용인시 기흥구,연립다세대,14,84,22500.0,17500.0,1348.0,1312.0,0.7778,0.9738
2022-10,41465,용인시 수지구,아파트,43,685,62000.0,45000.0,2510.0,1744.0,0.7258,0.6949
2022-10,41465,용인시 수지구,연립다세대,46,41,37650.0,22000.0,3539.0,1644.0,0.5843,0.4646
2022-10,41480,파주시,아파트,155,738,33500.0,27000.0,1363.0,1102.0,0.806,0.8087
2022-10,41480,파주시,연립다세대,63,68,18800.0,17500.0,1071.0,1036.0,0.9309,0.9677
2022-10,41500,이천시,아파트,55,145,17000.0,20000.0,975.0,1048.0,1.1765,1.0751
2022-10,41500,이천시,연립다세대,86,49,15900.0,12000.0,996.0,807.0,0.7547,0.8103
2022-10,41550,안성시,아파트,101,224,16000.0,14150.0,968.0,828.0,0.8844,0.8553
2022-10,41550,안성시,연립다세대,38,11,8546.0,5000.0,803.0,614.0,0.5851,0.7645
2022-10,41570,김포시,아파트,117,766,43900.0,29400.0,1751.0,1185.0,0.6697,0.6768
2022-10,41570,김포시,연립다세대,26,39,13850.0,16000.0,913.0,1155.0,1.1552,1.2655
2022-10,41591,화성시 만세구,아파트,41,591,35000.0,17910.0,1375.0,795.0,0.5117,0.578
2022-10,41591,화성시 만세구,연립다세대,35,18,11000.0,9500.0,631.0,638.0,0.8636,1.0098
2022-10,41593,화성시 효행구,아파트,31,107,31000.0,24500.0,1206.0,1004.0,0.7903,0.8323
2022-10,41593,화성시 효행구,연립다세대,13,19,8500.0,9200.0,575.0,506.0,1.0824,0.8804
2022-10,41595,화성시 병점구,아파트,33,207,37000.0,25000.0,1474.0,1110.0,0.6757,0.7533
2022-10,41595,화성시 병점구,연립다세대,6,79,8150.0,11550.0,711.0,1515.0,1.4172,2.1307
2022-10,41597,화성시 동탄구,아파트,132,585,53150.0,33500.0,2431.0,1431.0,0.6303,0.5888
2022-10,41597,화성시 동탄구,연립다세대,1,5,58000.0,13500.0,2264.0,1796.0,0.2328,0.7929
2022-10,41610,광주시,아파트,48,286,45000.0,31000.0,1746.0,1350.0,0.6889,0.7735
2022-10,41610,광주시,연립다세대,165,195,19000.0,16000.0,1030.0,903.0,0.8421,0.877
2022-10,41630,양주시,아파트,106,436,28000.0,17000.0,1347.0,778.0,0.6071,0.5776
2022-10,41630,양주시,연립다세대,35,18,9500.0,7000.0,604.0,463.0,0.7368,0.7663
2022-10,41650,포천시,아파트,49,74,15900.0,14500.0,824.0,779.0,0.9119,0.9458
2022-10,41650,포천시,연립다세대,33,14,5800.0,7500.0,387.0,394.0,1.2931,1.0178
2022-10,41670,여주시,아파트,41,103,12300.0,16000.0,771.0,708.0,1.3008,0.9179
2022-10,41670,여주시,연립다세대,71,13,9700.0,8500.0,856.0,821.0,0.8763,0.9586
2022-10,41800,연천군,아파트,13,4,10000.0,4250.0,611.0,266.0,0.425,0.4353
2022-10,41800,연천군,연립다세대,6,6,3884.0,6000.0,225.0,385.0,1.545,1.7056
2022-10,41820,가평군,아파트,8,25,26115.0,18300.0,923.0,928.0,0.7007,1.0057
2022-10,41820,가평군,연립다세대,21,20,9000.0,11950.0,445.0,658.0,1.3278,1.4775
2022-10,41830,양평군,아파트,7,33,27000.0,25000.0,1051.0,1089.0,0.9259,1.0363
2022-10,41830,양평군,연립다세대,17,35,18000.0,12000.0,701.0,796.0,0.6667,1.1343
2022-11,11110,종로구,아파트,8,64,26800.0,63000.0,2908.0,2374.0,2.3507,0.8166
2022-11,11110,종로구,연립다세대,16,65,30000.0,20000.0,1764.0,1371.0,0.6667,0.7775
2022-11,11140,중구,아파트,8,133,29500.0,55100.0,3091.0,2609.0,1.8678,0.8441
2022-11,11140,중구,연립다세대,10,72,28300.0,23000.0,3490.0,2404.0,0.8127,0.6886
2022-11,11170,용산구,아파트,14,255,154575.0,57300.0,6519.0,2557.0,0.3707,0.3922
2022-11,11170,용산구,연립다세대,26,268,58500.0,24000.0,5629.0,2227.0,0.4103,0.3956
2022-11,11200,성동구,아파트,9,371,95000.0,60000.0,4159.0,2674.0,0.6316,0.643
2022-11,11200,성동구,연립다세대,15,100,27700.0,20000.0,2753.0,1841.0,0.722,0.6687
2022-11,11215,광진구,아파트,7,224,85000.0,59000.0,3893.0,2655.0,0.6941,0.682
2022-11,11215,광진구,연립다세대,47,322,35300.0,24000.0,3167.0,2115.0,0.6799,0.6678
2022-11,11230,동대문구,아파트,31,281,77500.0,47250.0,3306.0,2156.0,0.6097,0.6522
2022-11,11230,동대문구,연립다세대,22,114,30500.0,23000.0,2042.0,2440.0,0.7541,1.1949
2022-11,11260,중랑구,아파트,17,211,47500.0,33000.0,2773.0,1770.0,0.6947,0.6383
2022-11,11260,중랑구,연립다세대,99,245,40850.0,22000.0,3228.0,2267.0,0.5386,0.7022
2022-11,11290,성북구,아파트,36,422,51500.0,44000.0,2964.0,2057.0,0.8544,0.694
2022-11,11290,성북구,연립다세대,28,163,27000.0,19000.0,2347.0,1650.0,0.7037,0.7032
2022-11,11305,강북구,아파트,8,138,64875.0,38250.0,2530.0,1754.0,0.5896,0.6933
2022-11,11305,강북구,연립다세대,63,165,26500.0,16200.0,1830.0,1080.0,0.6113,0.5901
2022-11,11320,도봉구,아파트,28,284,47250.0,27500.0,2666.0,1433.0,0.582,0.5376
2022-11,11320,도봉구,연립다세대,41,140,16800.0,14000.0,1322.0,1027.0,0.8333,0.7768
2022-11,11350,노원구,아파트,45,875,57000.0,26000.0,3202.0,1524.0,0.4561,0.476
2022-11,11350,노원구,연립다세대,23,82,22000.0,16000.0,1736.0,1343.0,0.7273,0.7736
2022-11,11380,은평구,아파트,35,391,44500.0,38500.0,2366.0,1950.0,0.8652,0.8241
2022-11,11380,은평구,연립다세대,87,501,24000.0,19600.0,1637.0,1532.0,0.8167,0.9358
2022-11,11410,서대문구,아파트,18,308,86500.0,48000.0,3512.0,2237.0,0.5549,0.6369
2022-11,11410,서대문구,연립다세대,24,139,22600.0,17000.0,1385.0,1242.0,0.7522,0.8963
2022-11,11440,마포구,아파트,19,457,85000.0,55000.0,4666.0,2534.0,0.6471,0.5431
2022-11,11440,마포구,연립다세대,42,365,37750.0,22000.0,3478.0,2201.0,0.5828,0.6329
2022-11,11470,양천구,아파트,19,579,85000.0,49000.0,3482.0,2263.0,0.5765,0.65
2022-11,11470,양천구,연립다세대,71,294,24000.0,20000.0,2191.0,1556.0,0.8333,0.7105
2022-11,11500,강서구,아파트,42,931,69750.0,33750.0,3061.0,1797.0,0.4839,0.5871
2022-11,11500,강서구,연립다세대,111,547,21000.0,19500.0,1935.0,1678.0,0.9286,0.8673
2022-11,11530,구로구,아파트,24,371,42450.0,35000.0,2762.0,1672.0,0.8245,0.6054
2022-11,11530,구로구,연립다세대,76,213,26800.0,17500.0,2590.0,1246.0,0.653,0.4813
2022-11,11545,금천구,아파트,146,164,34100.0,32250.0,3862.0,1767.0,0.9457,0.4576
2022-11,11545,금천구,연립다세대,53,139,26000.0,21000.0,2205.0,1954.0,0.8077,0.8862
2022-11,11560,영등포구,아파트,35,476,78000.0,49150.0,3698.0,2286.0,0.6301,0.6181
2022-11,11560,영등포구,연립다세대,17,167,27000.0,25200.0,2124.0,2813.0,0.9333,1.3245
2022-11,11590,동작구,아파트,15,369,89000.0,61000.0,4300.0,2496.0,0.6854,0.5804
2022-11,11590,동작구,연립다세대,59,211,30600.0,24234.0,3439.0,1777.0,0.792,0.5168
2022-11,11620,관악구,아파트,14,225,50000.0,42000.0,3098.0,1947.0,0.84,0.6283
2022-11,11620,관악구,연립다세대,52,260,31200.0,21000.0,2199.0,1844.0,0.6731,0.8388
2022-11,11650,서초구,아파트,28,641,149400.0,88200.0,5267.0,3451.0,0.5904,0.6552
2022-11,11650,서초구,연립다세대,18,274,50750.0,30000.0,3814.0,2392.0,0.5911,0.6272
2022-11,11680,강남구,아파트,36,754,200750.0,82340.0,8364.0,3318.0,0.4102,0.3967
2022-11,11680,강남구,연립다세대,31,203,48145.0,31100.0,5197.0,2483.0,0.646,0.4778
2022-11,11710,송파구,아파트,52,873,174500.0,63300.0,6808.0,2622.0,0.3628,0.3851
2022-11,11710,송파구,연립다세대,55,591,33000.0,23000.0,2607.0,1863.0,0.697,0.7147
2022-11,11740,강동구,아파트,39,512,102000.0,50000.0,4693.0,2336.0,0.4902,0.4977
2022-11,11740,강동구,연립다세대,58,314,38725.0,23000.0,3120.0,2329.0,0.5939,0.7463
2022-11,41111,수원시 장안구,아파트,45,172,39900.0,26125.0,1782.0,1285.0,0.6548,0.7209
2022-11,41111,수원시 장안구,연립다세대,71,77,13200.0,12000.0,1146.0,1052.0,0.9091,0.9183
2022-11,41113,수원시 권선구,아파트,71,383,44000.0,26000.0,1977.0,1221.0,0.5909,0.6178
2022-11,41113,수원시 권선구,연립다세대,46,134,19000.0,12000.0,1106.0,1252.0,0.6316,1.1325
2022-11,41115,수원시 팔달구,아파트,34,244,24530.0,30000.0,2007.0,1411.0,1.223,0.7032
2022-11,41115,수원시 팔달구,연립다세대,55,80,31800.0,12300.0,1588.0,1229.0,0.3868,0.774
2022-11,41117,수원시 영통구,아파트,128,646,54500.0,31000.0,2364.0,1470.0,0.5688,0.6221
2022-11,41117,수원시 영통구,연립다세대,4,17,52750.0,16538.0,2048.0,1149.0,0.3135,0.561
2022-11,41131,성남시 수정구,아파트,25,184,84000.0,51000.0,3748.0,2258.0,0.6071,0.6025
2022-11,41131,성남시 수정구,연립다세대,30,73,42750.0,14700.0,2508.0,1091.0,0.3439,0.4349
2022-11,41133,성남시 중원구,아파트,12,341,60000.0,35000.0,2796.0,1764.0,0.5833,0.631
2022-11,41133,성남시 중원구,연립다세대,17,159,21000.0,14000.0,1578.0,1012.0,0.6667,0.6408
2022-11,41135,성남시 분당구,아파트,36,970,101500.0,55000.0,4302.0,2239.0,0.5419,0.5205
2022-11,41135,성남시 분당구,연립다세대,4,78,71000.0,35250.0,2088.0,1747.0,0.4965,0.8368
2022-11,41150,의정부시,아파트,100,475,30400.0,21000.0,1403.0,1110.0,0.6908,0.7912
2022-11,41150,의정부시,연립다세대,52,124,14600.0,11000.0,1146.0,765.0,0.7534,0.6673
2022-11,41171,안양시 만안구,아파트,34,243,46000.0,33000.0,2001.0,1680.0,0.7174,0.8396
2022-11,41171,안양시 만안구,연립다세대,25,83,23550.0,15000.0,1628.0,1093.0,0.6369,0.6716
2022-11,41173,안양시 동안구,아파트,64,501,57400.0,36000.0,2848.0,1770.0,0.6272,0.6215
2022-11,41173,안양시 동안구,연립다세대,10,52,26000.0,15000.0,2136.0,1333.0,0.5769,0.6241
2022-11,41192,부천시 원미구,아파트,73,334,33500.0,28000.0,1998.0,1478.0,0.8358,0.7394
2022-11,41192,부천시 원미구,연립다세대,54,122,16900.0,14000.0,1230.0,946.0,0.8284,0.7695
2022-11,41194,부천시 소사구,아파트,36,140,45500.0,31000.0,1981.0,1285.0,0.6813,0.6485
2022-11,41194,부천시 소사구,연립다세대,52,67,15621.0,14000.0,1136.0,920.0,0.8962,0.8093
2022-11,41196,부천시 오정구,아파트,12,56,25500.0,16500.0,1535.0,964.0,0.6471,0.6281
2022-11,41196,부천시 오정구,연립다세대,87,114,13500.0,10500.0,1114.0,886.0,0.7778,0.7952
2022-11,41210,광명시,아파트,48,516,70750.0,35000.0,3044.0,1727.0,0.4947,0.5672
2022-11,41210,광명시,연립다세대,12,111,22250.0,20000.0,1635.0,1222.0,0.8989,0.7474
2022-11,41220,평택시,아파트,251,826,26000.0,21000.0,1285.0,1040.0,0.8077,0.8099
2022-11,41220,평택시,연립다세대,124,81,10500.0,7500.0,795.0,701.0,0.7143,0.8816
2022-11,41250,동두천시,아파트,17,69,16800.0,14000.0,928.0,700.0,0.8333,0.7544
2022-11,41250,동두천시,연립다세대,60,25,12025.0,8500.0,901.0,599.0,0.7069,0.6646
2022-11,41271,안산시 상록구,아파트,44,270,36750.0,24000.0,1666.0,1048.0,0.6531,0.6292
2022-11,41271,안산시 상록구,연립다세대,121,127,16300.0,12000.0,889.0,761.0,0.7362,0.8563
2022-11,41273,안산시 단원구,아파트,66,399,35900.0,26800.0,1875.0,1208.0,0.7465,0.6446
2022-11,41273,안산시 단원구,연립다세대,48,62,19125.0,10100.0,1097.0,642.0,0.5281,0.5854
2022-11,41281,고양시 덕양구,아파트,102,608,49000.0,30000.0,2128.0,1362.0,0.6122,0.6399
2022-11,41281,고양시 덕양구,연립다세대,65,111,14625.0,12000.0,996.0,813.0,0.8205,0.8163
2022-11,41285,고양시 일산동구,아파트,58,351,50000.0,34000.0,1923.0,1384.0,0.68,0.7196
2022-11,41285,고양시 일산동구,연립다세대,17,56,24800.0,24000.0,1458.0,1169.0,0.9677,0.8019
2022-11,41287,고양시 일산서구,아파트,63,549,37500.0,29000.0,1733.0,1224.0,0.7733,0.7064
2022-11,41287,고양시 일산서구,연립다세대,11,24,18000.0,18750.0,1093.0,965.0,1.0417,0.883
2022-11,41290,과천시,아파트,23,159,126500.0,73000.0,5601.0,2919.0,0.5771,0.5211
2022-11,41290,과천시,연립다세대,2,25,73500.0,50000.0,3495.0,2789.0,0.6803,0.7981
2022-11,41310,구리시,아파트,9,195,60000.0,32000.0,2523.0,1564.0,0.5333,0.6198
2022-11,41310,구리시,연립다세대,3,35,25000.0,14000.0,1668.0,906.0,0.56,0.5432
2022-11,41360,남양주시,아파트,116,905,45000.0,26000.0,1734.0,1120.0,0.5778,0.6457
2022-11,41360,남양주시,연립다세대,63,139,13000.0,12000.0,773.0,763.0,0.9231,0.9872
2022-11,41370,오산시,아파트,77,183,30000.0,21000.0,1385.0,1035.0,0.7,0.7473
2022-11,41370,오산시,연립다세대,23,28,8900.0,10000.0,614.0,1118.0,1.1236,1.8196
2022-11,41390,시흥시,아파트,163,655,37500.0,25000.0,1692.0,1128.0,0.6667,0.6666
2022-11,41390,시흥시,연립다세대,43,101,10800.0,9500.0,805.0,729.0,0.8796,0.906
2022-11,41410,군포시,아파트,43,345,41500.0,24000.0,2205.0,1397.0,0.5783,0.6334
2022-11,41410,군포시,연립다세대,16,80,21000.0,12000.0,1312.0,1087.0,0.5714,0.8283
2022-11,41430,의왕시,아파트,27,197,61500.0,39500.0,2412.0,1673.0,0.6423,0.6938
2022-11,41430,의왕시,연립다세대,6,36,38000.0,14000.0,2312.0,1300.0,0.3684,0.5623
2022-11,41450,하남시,아파트,51,486,76800.0,48000.0,3191.0,1949.0,0.625,0.6106
2022-11,41450,하남시,연립다세대,5,18,27200.0,18000.0,1839.0,1265.0,0.6618,0.688
2022-11,41461,용인시 처인구,아파트,68,168,21850.0,23000.0,1355.0,1003.0,1.0526,0.7403
2022-11,41461,용인시 처인구,연립다세대,103,84,8500.0,10000.0,870.0,671.0,1.1765,0.7716
2022-11,41463,용인시 기흥구,아파트,78,521,54000.0,35000.0,2010.0,1361.0,0.6481,0.6772
2022-11,41463,용인시 기흥구,연립다세대,14,59,19500.0,17850.0,1176.0,1199.0,0.9154,1.0195
2022-11,41465,용인시 수지구,아파트,62,684,66250.0,44000.0,2655.0,1722.0,0.6642,0.6487
2022-11,41465,용인시 수지구,연립다세대,6,32,15500.0,20000.0,2147.0,1601.0,1.2903,0.7457
2022-11,41480,파주시,아파트,219,604,27500.0,25000.0,1956.0,1051.0,0.9091,0.5371
2022-11,41480,파주시,연립다세대,60,58,15350.0,14000.0,884.0,896.0,0.9121,1.0138
2022-11,41500,이천시,아파트,60,134,19500.0,21000.0,1044.0,997.0,1.0769,0.9548
2022-11,41500,이천시,연립다세대,102,36,7594.0,12000.0,1037.0,821.0,1.5802,0.7914
2022-11,41550,안성시,아파트,84,176,14500.0,13000.0,954.0,778.0,0.8966,0.8153
2022-11,41550,안성시,연립다세대,26,12,9902.0,7500.0,548.0,433.0,0.7574,0.7908
2022-11,41570,김포시,아파트,144,627,45700.0,28000.0,1848.0,1167.0,0.6127,0.6316
2022-11,41570,김포시,연립다세대,24,33,14500.0,27000.0,816.0,1153.0,1.8621,1.4134
2022-11,41591,화성시 만세구,아파트,33,570,32500.0,17300.0,1325.0,803.0,0.5323,0.6057
2022-11,41591,화성시 만세구,연립다세대,23,17,12000.0,12000.0,617.0,619.0,1.0,1.0034
2022-11,41593,화성시 효행구,아파트,30,59,30600.0,24000.0,1243.0,1058.0,0.7843,0.8509
2022-11,41593,화성시 효행구,연립다세대,14,8,8400.0,10200.0,497.0,683.0,1.2143,1.3751
2022-11,41595,화성시 병점구,아파트,48,219,33250.0,23000.0,1374.0,1087.0,0.6917,0.7906
2022-11,41595,화성시 병점구,연립다세대,12,45,7665.0,10500.0,835.0,1394.0,1.3699,1.6688
2022-11,41597,화성시 동탄구,아파트,181,633,54300.0,30000.0,2480.0,1369.0,0.5525,0.552
2022-11,41597,화성시 동탄구,연립다세대,2,4,35000.0,41500.0,1929.0,1289.0,1.1857,0.6679
2022-11,41610,광주시,아파트,47,203,41500.0,30000.0,1926.0,1226.0,0.7229,0.6369
2022-11,41610,광주시,연립다세대,154,170,19000.0,16000.0,1119.0,923.0,0.8421,0.8249
2022-11,41630,양주시,아파트,83,439,29900.0,17000.0,1287.0,739.0,0.5686,0.5746
2022-11,41630,양주시,연립다세대,23,11,12000.0,7000.0,757.0,431.0,0.5833,0.5688
2022-11,41650,포천시,아파트,29,52,15300.0,13575.0,824.0,738.0,0.8873,0.896
2022-11,41650,포천시,연립다세대,25,25,10600.0,5500.0,518.0,358.0,0.5189,0.6901
2022-11,41670,여주시,아파트,27,86,13900.0,15000.0,769.0,705.0,1.0791,0.9168
2022-11,41670,여주시,연립다세대,31,11,8290.0,8500.0,1056.0,589.0,1.0253,0.558
2022-11,41800,연천군,아파트,5,6,10500.0,9500.0,579.0,509.0,0.9048,0.8788
2022-11,41800,연천군,연립다세대,56,2,10175.0,6100.0,821.0,269.0,0.5995,0.3269
2022-11,41820,가평군,아파트,7,13,19500.0,19000.0,923.0,937.0,0.9744,1.0159
2022-11,41820,가평군,연립다세대,10,19,9650.0,12200.0,575.0,814.0,1.2642,1.4153
2022-11,41830,양평군,아파트,6,22,24250.0,24500.0,1093.0,1058.0,1.0103,0.9684
2022-11,41830,양평군,연립다세대,15,21,14000.0,13000.0,773.0,682.0,0.9286,0.8822
2022-12,11110,종로구,아파트,7,74,19500.0,65000.0,3243.0,2557.0,3.3333,0.7884
2022-12,11110,종로구,연립다세대,16,71,28750.0,20000.0,1639.0,1542.0,0.6957,0.9406
2022-12,11140,중구,아파트,11,137,85000.0,54000.0,3307.0,2607.0,0.6353,0.7884
2022-12,11140,중구,연립다세대,8,61,25450.0,24200.0,1961.0,2252.0,0.9509,1.1483
2022-12,11170,용산구,아파트,10,250,145000.0,55000.0,5870.0,2440.0,0.3793,0.4157
2022-12,11170,용산구,연립다세대,28,261,48500.0,23000.0,5553.0,2429.0,0.4742,0.4375
2022-12,11200,성동구,아파트,24,504,113000.0,57000.0,4786.0,2529.0,0.5044,0.5284
2022-12,11200,성동구,연립다세대,8,95,32500.0,19000.0,3008.0,2084.0,0.5846,0.693
2022-12,11215,광진구,아파트,57,207,22900.0,55000.0,4649.0,2460.0,2.4017,0.5293
2022-12,11215,광진구,연립다세대,72,300,41000.0,23000.0,3174.0,2239.0,0.561,0.7053
2022-12,11230,동대문구,아파트,28,361,79000.0,44000.0,3774.0,2169.0,0.557,0.5749
2022-12,11230,동대문구,연립다세대,22,128,41450.0,20000.0,3358.0,2360.0,0.4825,0.703
2022-12,11260,중랑구,아파트,16,188,30000.0,35500.0,2850.0,1725.0,1.1833,0.6052
2022-12,11260,중랑구,연립다세대,79,222,31800.0,22000.0,3172.0,2188.0,0.6918,0.6899
2022-12,11290,성북구,아파트,50,551,68250.0,43000.0,3200.0,2035.0,0.63,0.6359
2022-12,11290,성북구,연립다세대,32,198,24200.0,21000.0,1548.0,1844.0,0.8678,1.1917
2022-12,11305,강북구,아파트,45,111,22100.0,38000.0,3565.0,1679.0,1.7195,0.4709
2022-12,11305,강북구,연립다세대,88,140,30750.0,15500.0,2008.0,1063.0,0.5041,0.5294
2022-12,11320,도봉구,아파트,20,263,44000.0,27000.0,2765.0,1443.0,0.6136,0.5219
2022-12,11320,도봉구,연립다세대,75,109,29500.0,14500.0,1987.0,1126.0,0.4915,0.5669
2022-12,11350,노원구,아파트,57,942,50000.0,27000.0,3080.0,1559.0,0.54,0.5063
2022-12,11350,노원구,연립다세대,15,71,15000.0,12000.0,1867.0,1350.0,0.8,0.723
2022-12,11380,은평구,아파트,29,351,59500.0,40500.0,2698.0,1948.0,0.6807,0.7221
2022-12,11380,은평구,연립다세대,145,371,21450.0,19000.0,2713.0,1381.0,0.8858,0.5091
2022-12,11410,서대문구,아파트,26,464,81850.0,44550.0,3311.0,2077.0,0.5443,0.6273
2022-12,11410,서대문구,연립다세대,92,144,35000.0,17000.0,4362.0,1377.0,0.4857,0.3157
2022-12,11440,마포구,아파트,33,641,104000.0,55000.0,5220.0,2489.0,0.5288,0.4769
2022-12,11440,마포구,연립다세대,38,347,26250.0,20000.0,3033.0,2041.0,0.7619,0.6731
2022-12,11470,양천구,아파트,28,637,90000.0,50000.0,3629.0,2289.0,0.5556,0.6309
2022-12,11470,양천구,연립다세대,48,244,24000.0,19100.0,1945.0,1453.0,0.7958,0.7472
2022-12,11500,강서구,아파트,48,676,74000.0,40000.0,3419.0,1948.0,0.5405,0.5698
2022-12,11500,강서구,연립다세대,118,494,25000.0,20050.0,1783.0,1904.0,0.802,1.0677
2022-12,11530,구로구,아파트,26,362,47850.0,34000.0,2913.0,1668.0,0.7106,0.5727
2022-12,11530,구로구,연립다세대,51,163,21000.0,19000.0,1469.0,1437.0,0.9048,0.9783
2022-12,11545,금천구,아파트,13,144,39500.0,30000.0,3450.0,1832.0,0.7595,0.5311
2022-12,11545,금천구,연립다세대,54,118,25400.0,20000.0,2312.0,1840.0,0.7874,0.7959
2022-12,11560,영등포구,아파트,66,523,61575.0,46000.0,3765.0,2266.0,0.7471,0.6019
2022-12,11560,영등포구,연립다세대,77,149,32700.0,25000.0,3319.0,2875.0,0.7645,0.866
2022-12,11590,동작구,아파트,24,438,89250.0,55000.0,3677.0,2329.0,0.6162,0.6334
2022-12,11590,동작구,연립다세대,57,223,31550.0,24234.0,2677.0,1977.0,0.7681,0.7386
2022-12,11620,관악구,아파트,14,304,64000.0,41000.0,3420.0,2030.0,0.6406,0.5936
2022-12,11620,관악구,연립다세대,51,251,27600.0,20000.0,2562.0,1899.0,0.7246,0.7413
2022-12,11650,서초구,아파트,27,667,187000.0,85000.0,7005.0,3307.0,0.4545,0.4721
2022-12,11650,서초구,연립다세대,54,242,74675.0,29400.0,5234.0,2533.0,0.3937,0.484
2022-12,11680,강남구,아파트,40,998,186000.0,75000.0,7846.0,3114.0,0.4032,0.3969
2022-12,11680,강남구,연립다세대,17,214,40000.0,27500.0,3900.0,2433.0,0.6875,0.6237
2022-12,11710,송파구,아파트,85,1133,165000.0,66000.0,6628.0,2764.0,0.4,0.417
2022-12,11710,송파구,연립다세대,50,558,45000.0,24000.0,3212.0,1870.0,0.5333,0.5824
2022-12,11740,강동구,아파트,46,651,96000.0,49600.0,4456.0,2334.0,0.5167,0.5238
2022-12,11740,강동구,연립다세대,42,297,30300.0,22500.0,3111.0,2230.0,0.7426,0.7168
2022-12,41111,수원시 장안구,아파트,36,206,34950.0,26475.0,1770.0,1273.0,0.7575,0.719
2022-12,41111,수원시 장안구,연립다세대,41,79,13000.0,10000.0,1025.0,963.0,0.7692,0.9396
2022-12,41113,수원시 권선구,아파트,78,349,43400.0,26000.0,1863.0,1168.0,0.5991,0.6271
2022-12,41113,수원시 권선구,연립다세대,61,103,33000.0,12600.0,1412.0,1167.0,0.3818,0.8267
2022-12,41115,수원시 팔달구,아파트,217,250,21790.0,30000.0,1793.0,1380.0,1.3768,0.7697
2022-12,41115,수원시 팔달구,연립다세대,25,93,21800.0,12000.0,1462.0,1416.0,0.5505,0.9691
2022-12,41117,수원시 영통구,아파트,144,819,51100.0,30500.0,2264.0,1409.0,0.5969,0.6223
2022-12,41117,수원시 영통구,연립다세대,4,27,91300.0,18000.0,2931.0,1407.0,0.1972,0.4801
2022-12,41131,성남시 수정구,아파트,24,223,85000.0,52000.0,3869.0,2121.0,0.6118,0.5483
2022-12,41131,성남시 수정구,연립다세대,20,52,38775.0,14000.0,2232.0,976.0,0.3611,0.4373
2022-12,41133,성남시 중원구,아파트,12,379,57000.0,35000.0,2824.0,1709.0,0.614,0.605
2022-12,41133,성남시 중원구,연립다세대,12,136,22000.0,14000.0,1479.0,973.0,0.6364,0.6582
2022-12,41135,성남시 분당구,아파트,56,963,96750.0,52000.0,4320.0,2217.0,0.5375,0.5132
2022-12,41135,성남시 분당구,연립다세대,6,70,112000.0,36350.0,2751.0,1757.0,0.3246,0.6389
2022-12,41150,의정부시,아파트,108,508,32000.0,20000.0,1379.0,1067.0,0.625,0.7736
2022-12,41150,의정부시,연립다세대,32,91,14400.0,10500.0,898.0,717.0,0.7292,0.7987
2022-12,41171,안양시 만안구,아파트,37,247,55000.0,34500.0,2425.0,1717.0,0.6273,0.7081
2022-12,41171,안양시 만안구,연립다세대,43,47,24000.0,16000.0,1829.0,1096.0,0.6667,0.5994
2022-12,41173,안양시 동안구,아파트,50,627,55350.0,37000.0,2848.0,1790.0,0.6685,0.6287
2022-12,41173,안양시 동안구,연립다세대,7,46,30000.0,13825.0,2482.0,1250.0,0.4608,0.5035
2022-12,41192,부천시 원미구,아파트,66,349,46700.0,28500.0,2213.0,1471.0,0.6103,0.665
2022-12,41192,부천시 원미구,연립다세대,81,69,17500.0,13000.0,1217.0,1004.0,0.7429,0.8253
2022-12,41194,부천시 소사구,아파트,38,173,47000.0,30000.0,1880.0,1323.0,0.6383,0.7037
2022-12,41194,부천시 소사구,연립다세대,40,54,17750.0,13000.0,1225.0,903.0,0.7324,0.7375
2022-12,41196,부천시 오정구,아파트,35,70,51381.0,16000.0,2277.0,960.0,0.3114,0.4215
2022-12,41196,부천시 오정구,연립다세대,83,86,13500.0,10350.0,1098.0,871.0,0.7667,0.793
2022-12,41210,광명시,아파트,52,598,50561.0,35000.0,3035.0,1690.0,0.6922,0.5569
2022-12,41210,광명시,연립다세대,17,68,42800.0,18000.0,2673.0,1203.0,0.4206,0.45
2022-12,41220,평택시,아파트,237,830,25000.0,21000.0,1223.0,1002.0,0.84,0.8195
2022-12,41220,평택시,연립다세대,95,85,10925.0,8000.0,818.0,655.0,0.7323,0.8005
2022-12,41250,동두천시,아파트,22,94,15650.0,14000.0,785.0,729.0,0.8946,0.9288
2022-12,41250,동두천시,연립다세대,17,11,7000.0,6550.0,469.0,890.0,0.9357,1.8987
2022-12,41271,안산시 상록구,아파트,39,253,33000.0,25000.0,1663.0,1047.0,0.7576,0.6299
2022-12,41271,안산시 상록구,연립다세대,143,114,15000.0,10000.0,900.0,721.0,0.6667,0.8015
2022-12,41273,안산시 단원구,아파트,66,391,40000.0,26000.0,1889.0,1169.0,0.65,0.6187
2022-12,41273,안산시 단원구,연립다세대,71,55,24750.0,11000.0,1326.0,737.0,0.4444,0.5556
2022-12,41281,고양시 덕양구,아파트,66,627,48400.0,30000.0,1961.0,1345.0,0.6198,0.6856
2022-12,41281,고양시 덕양구,연립다세대,51,82,12900.0,11000.0,1168.0,851.0,0.8527,0.728
2022-12,41285,고양시 일산동구,아파트,40,359,57000.0,33000.0,1859.0,1288.0,0.5789,0.693
2022-12,41285,고양시 일산동구,연립다세대,24,51,24000.0,23500.0,1233.0,1230.0,0.9792,0.9973
2022-12,41287,고양시 일산서구,아파트,62,569,36750.0,28000.0,1530.0,1173.0,0.7619,0.7672
2022-12,41287,고양시 일산서구,연립다세대,5,26,19600.0,19450.0,1327.0,1024.0,0.9923,0.7717
2022-12,41290,과천시,아파트,24,220,122250.0,65000.0,5402.0,2853.0,0.5317,0.5281
2022-12,41290,과천시,연립다세대,0,18,,37375.0,,1666.0,,
2022-12,41310,구리시,아파트,24,215,61500.0,31256.0,2542.0,1479.0,0.5082,0.5818
2022-12,41310,구리시,연립다세대,1,31,18000.0,15000.0,742.0,1131.0,0.8333,1.524
2022-12,41360,남양주시,아파트,144,950,42000.0,27560.0,1732.0,1168.0,0.6562,0.6746
2022-12,41360,남양주시,연립다세대,62,127,13000.0,10500.0,815.0,697.0,0.8077,0.8556
2022-12,41370,오산시,아파트,94,199,29000.0,22500.0,1335.0,996.0,0.7759,0.7459
2022-12,41370,오산시,연립다세대,19,32,7000.0,8750.0,663.0,823.0,1.25,1.2419
2022-12,41390,시흥시,아파트,194,677,40250.0,24000.0,1824.0,1057.0,0.5963,0.5797
2022-12,41390,시흥시,연립다세대,67,79,18500.0,10000.0,1177.0,616.0,0.5405,0.5229
2022-12,41410,군포시,아파트,35,377,38000.0,24000.0,2194.0,1356.0,0.6316,0.6179
2022-12,41410,군포시,연립다세대,12,45,22700.0,13000.0,1436.0,1104.0,0.5727,0.7686
2022-12,41430,의왕시,아파트,40,221,64000.0,38000.0,2668.0,1712.0,0.5938,0.6417
2022-12,41430,의왕시,연립다세대,28,30,4400.0,16200.0,1112.0,1304.0,3.6818,1.173
2022-12,41450,하남시,아파트,64,545,78000.0,45000.0,3120.0,1784.0,0.5769,0.572
2022-12,41450,하남시,연립다세대,4,13,22050.0,16100.0,1954.0,920.0,0.7302,0.471
2022-12,41461,용인시 처인구,아파트,45,156,28000.0,22000.0,1406.0,993.0,0.7857,0.7065
2022-12,41461,용인시 처인구,연립다세대,77,85,12250.0,10000.0,876.0,831.0,0.8163,0.9485
2022-12,41463,용인시 기흥구,아파트,93,635,50000.0,33000.0,1966.0,1323.0,0.66,0.6731
2022-12,41463,용인시 기흥구,연립다세대,15,66,22200.0,17000.0,1135.0,1216.0,0.7658,1.0718
2022-12,41465,용인시 수지구,아파트,99,703,64000.0,44000.0,2583.0,1707.0,0.6875,0.6608
2022-12,41465,용인시 수지구,연립다세대,5,38,15000.0,19750.0,1567.0,1662.0,1.3167,1.0606
2022-12,41480,파주시,아파트,126,563,31450.0,25000.0,1352.0,1051.0,0.7949,0.777
2022-12,41480,파주시,연립다세대,41,49,18800.0,17000.0,1031.0,933.0,0.9043,0.905
2022-12,41500,이천시,아파트,58,138,15375.0,20000.0,792.0,995.0,1.3008,1.2558
2022-12,41500,이천시,연립다세대,43,23,8000.0,13500.0,497.0,873.0,1.6875,1.7547
2022-12,41550,안성시,아파트,78,169,13450.0,13500.0,896.0,817.0,1.0037,0.9116
2022-12,41550,안성시,연립다세대,23,12,15000.0,6000.0,1076.0,571.0,0.4,0.5313
2022-12,41570,김포시,아파트,155,610,41000.0,26350.0,1743.0,1112.0,0.6427,0.6384
2022-12,41570,김포시,연립다세대,22,42,11150.0,18700.0,652.0,1206.0,1.6771,1.849
2022-12,41591,화성시 만세구,아파트,42,605,33550.0,17300.0,1389.0,783.0,0.5156,0.5634
2022-12,41591,화성시 만세구,연립다세대,51,9,6300.0,8000.0,387.0,517.0,1.2698,1.3358
2022-12,41593,화성시 효행구,아파트,36,71,26050.0,22000.0,1173.0,906.0,0.8445,0.7721
2022-12,41593,화성시 효행구,연립다세대,8,9,8000.0,8500.0,548.0,864.0,1.0625,1.5784
2022-12,41595,화성시 병점구,아파트,58,253,34250.0,22000.0,1364.0,1045.0,0.6423,0.7667
2022-12,41595,화성시 병점구,연립다세대,26,55,10000.0,11500.0,1222.0,1324.0,1.15,1.0838
2022-12,41597,화성시 동탄구,아파트,199,756,55800.0,30000.0,2366.0,1284.0,0.5376,0.5427
2022-12,41597,화성시 동탄구,연립다세대,1,3,69000.0,35000.0,2694.0,1364.0,0.5072,0.5064
2022-12,41610,광주시,아파트,44,229,41450.0,29000.0,1715.0,1212.0,0.6996,0.7067
2022-12,41610,광주시,연립다세대,118,143,16850.0,15300.0,885.0,866.0,0.908,0.979
2022-12,41630,양주시,아파트,91,495,28000.0,16000.0,1268.0,668.0,0.5714,0.5264
2022-12,41630,양주시,연립다세대,9,19,15000.0,12000.0,882.0,708.0,0.8,0.803
2022-12,41650,포천시,아파트,27,63,16900.0,13000.0,745.0,725.0,0.7692,0.9726
2022-12,41650,포천시,연립다세대,56,23,13000.0,6000.0,759.0,366.0,0.4615,0.4825
2022-12,41670,여주시,아파트,24,86,10850.0,18250.0,721.0,778.0,1.682,1.0788
2022-12,41670,여주시,연립다세대,22,14,20525.0,11000.0,1108.0,620.0,0.5359,0.5594
2022-12,41800,연천군,아파트,7,4,9000.0,8500.0,497.0,398.0,0.9444,0.8014
2022-12,41800,연천군,연립다세대,5,4,4000.0,12750.0,292.0,840.0,3.1875,2.8785
2022-12,41820,가평군,아파트,8,13,17250.0,19500.0,747.0,766.0,1.1304,1.0258
2022-12,41820,가평군,연립다세대,31,27,17000.0,11000.0,890.0,676.0,0.6471,0.7597
2022-12,41830,양평군,아파트,9,40,29560.0,23000.0,1216.0,1080.0,0.7781,0.8884
2022-12,41830,양평군,연립다세대,8,24,14050.0,12300.0,822.0,688.0,0.8754,0.8375
2023-01,11110,종로구,아파트,7,89,99960.0,55000.0,3891.0,2314.0,0.5502,0.5947
2023-01,11110,종로구,연립다세대,15,59,40000.0,15750.0,2623.0,1357.0,0.3937,0.5171
2023-01,11140,중구,아파트,17,163,89500.0,50000.0,3620.0,2607.0,0.5587,0.7201
2023-01,11140,중구,연립다세대,13,62,29000.0,24000.0,2568.0,2456.0,0.8276,0.9565
2023-01,11170,용산구,아파트,13,262,140000.0,55500.0,5933.0,2438.0,0.3964,0.4109
2023-01,11170,용산구,연립다세대,30,215,65750.0,23000.0,7046.0,2446.0,0.3498,0.3472
2023-01,11200,성동구,아파트,41,541,115000.0,57000.0,5107.0,2607.0,0.4957,0.5105
2023-01,11200,성동구,연립다세대,12,87,32000.0,21930.0,2869.0,1912.0,0.6853,0.6665
2023-01,11215,광진구,아파트,34,223,90000.0,53000.0,4561.0,2340.0,0.5889,0.5131
2023-01,11215,광진구,연립다세대,81,295,36000.0,23600.0,2859.0,2389.0,0.6556,0.8358
2023-01,11230,동대문구,아파트,82,344,69000.0,43250.0,3512.0,2132.0,0.6268,0.6072
2023-01,11230,동대문구,연립다세대,29,109,26850.0,20500.0,2445.0,2281.0,0.7635,0.9327
2023-01,11260,중랑구,아파트,41,263,57000.0,33500.0,2558.0,1679.0,0.5877,0.6565
2023-01,11260,중랑구,연립다세대,43,234,27000.0,20000.0,2098.0,2129.0,0.7407,1.0149
2023-01,11290,성북구,아파트,98,529,63050.0,43000.0,3585.0,2064.0,0.682,0.5759
2023-01,11290,성북구,연립다세대,27,186,26000.0,18950.0,1956.0,1715.0,0.7288,0.8768
2023-01,11305,강북구,아파트,24,114,68750.0,35000.0,3067.0,1636.0,0.5091,0.5336
2023-01,11305,강북구,연립다세대,82,128,22800.0,15000.0,2224.0,1006.0,0.6579,0.4523
2023-01,11320,도봉구,아파트,67,258,50000.0,26500.0,2651.0,1373.0,0.53,0.518
2023-01,11320,도봉구,연립다세대,37,90,17100.0,15000.0,1304.0,1102.0,0.8772,0.845
2023-01,11350,노원구,아파트,133,855,58500.0,26460.0,3259.0,1523.0,0.4523,0.4673
2023-01,11350,노원구,연립다세대,17,58,25000.0,12500.0,1771.0,1100.0,0.5,0.6209
2023-01,11380,은평구,아파트,53,443,70000.0,36000.0,3540.0,1867.0,0.5143,0.5275
2023-01,11380,은평구,연립다세대,89,331,26000.0,18000.0,2160.0,1340.0,0.6923,0.6204
2023-01,11410,서대문구,아파트,48,499,81000.0,43000.0,3486.0,1984.0,0.5309,0.5692
2023-01,11410,서대문구,연립다세대,42,129,31525.0,18500.0,3011.0,1385.0,0.5868,0.46
2023-01,11440,마포구,아파트,54,684,94000.0,53728.0,5194.0,2377.0,0.5716,0.4578
2023-01,11440,마포구,연립다세대,105,341,23900.0,21000.0,3990.0,2342.0,0.8787,0.5869
2023-01,11470,양천구,아파트,56,564,93000.0,47250.0,4120.0,2177.0,0.5081,0.5284
2023-01,11470,양천구,연립다세대,45,270,24000.0,18875.0,1810.0,1547.0,0.7865,0.8548
2023-01,11500,강서구,아파트,51,729,73800.0,39375.0,3661.0,1920.0,0.5335,0.5244
2023-01,11500,강서구,연립다세대,83,435,23500.0,19950.0,1670.0,1873.0,0.8489,1.122
2023-01,11530,구로구,아파트,43,415,60000.0,35000.0,2801.0,1681.0,0.5833,0.6002
2023-01,11530,구로구,연립다세대,56,148,19425.0,15000.0,2183.0,1111.0,0.7722,0.509
2023-01,11545,금천구,아파트,14,222,60000.0,30098.0,2760.0,1660.0,0.5016,0.6013
2023-01,11545,금천구,연립다세대,36,105,23725.0,20000.0,2168.0,2091.0,0.843,0.9644
2023-01,11560,영등포구,아파트,54,499,85500.0,43000.0,4282.0,2203.0,0.5029,0.5145
2023-01,11560,영등포구,연립다세대,14,161,32650.0,25000.0,2705.0,2913.0,0.7657,1.0768
2023-01,11590,동작구,아파트,40,447,87000.0,55000.0,3917.0,2335.0,0.6322,0.596
2023-01,11590,동작구,연립다세대,58,202,28500.0,23000.0,2321.0,1740.0,0.807,0.7493
2023-01,11620,관악구,아파트,29,322,64000.0,40000.0,3082.0,1836.0,0.625,0.5956
2023-01,11620,관악구,연립다세대,69,205,28000.0,21000.0,2067.0,1970.0,0.75,0.9529
2023-01,11650,서초구,아파트,45,641,204000.0,79000.0,7752.0,3113.0,0.3873,0.4015
2023-01,11650,서초구,연립다세대,12,267,35500.0,29000.0,3469.0,2390.0,0.8169,0.689
2023-01,11680,강남구,아파트,97,1094,169000.0,73000.0,8007.0,3096.0,0.432,0.3866
2023-01,11680,강남구,연립다세대,13,252,50000.0,29000.0,3210.0,2432.0,0.58,0.7577
2023-01,11710,송파구,아파트,148,1501,162000.0,50000.0,6721.0,2258.0,0.3086,0.3359
2023-01,11710,송파구,연립다세대,45,533,30750.0,24100.0,2779.0,1870.0,0.7837,0.6726
2023-01,11740,강동구,아파트,122,743,105000.0,46000.0,4484.0,2141.0,0.4381,0.4775
2023-01,11740,강동구,연립다세대,57,301,35550.0,23000.0,3293.0,2181.0,0.647,0.6623
2023-01,41111,수원시 장안구,아파트,51,212,41000.0,27000.0,1755.0,1268.0,0.6585,0.7225
2023-01,41111,수원시 장안구,연립다세대,29,70,11500.0,8550.0,784.0,817.0,0.7435,1.0412
2023-01,41113,수원시 권선구,아파트,129,333,44200.0,25000.0,1932.0,1167.0,0.5656,0.6044
2023-01,41113,수원시 권선구,연립다세대,25,115,14800.0,11000.0,909.0,1143.0,0.7432,1.2568
2023-01,41115,수원시 팔달구,아파트,40,231,36750.0,29000.0,2057.0,1323.0,0.7891,0.6429
2023-01,41115,수원시 팔달구,연립다세대,21,117,18000.0,13500.0,1229.0,1618.0,0.75,1.3173
2023-01,41117,수원시 영통구,아파트,215,772,49500.0,30000.0,2232.0,1379.0,0.6061,0.6178
2023-01,41117,수원시 영통구,연립다세대,3,24,38000.0,14000.0,2094.0,929.0,0.3684,0.4438
2023-01,41131,성남시 수정구,아파트,80,213,85250.0,49000.0,3858.0,2099.0,0.5748,0.5441
2023-01,41131,성남시 수정구,연립다세대,15,48,18000.0,14250.0,1589.0,1100.0,0.7917,0.6924
2023-01,41133,성남시 중원구,아파트,29,332,58000.0,35000.0,2844.0,1654.0,0.6034,0.5816
2023-01,41133,성남시 중원구,연립다세대,11,91,19500.0,14000.0,1277.0,1017.0,0.7179,0.7961
2023-01,41135,성남시 분당구,아파트,125,964,93000.0,50000.0,4188.0,2150.0,0.5376,0.5134
2023-01,41135,성남시 분당구,연립다세대,5,63,96000.0,37500.0,3144.0,1711.0,0.3906,0.5443
2023-01,41150,의정부시,아파트,150,582,31500.0,21190.0,1517.0,1076.0,0.6727,0.7094
2023-01,41150,의정부시,연립다세대,42,88,16000.0,10000.0,1036.0,728.0,0.625,0.7026
2023-01,41171,안양시 만안구,아파트,48,247,51000.0,34000.0,2359.0,1632.0,0.6667,0.6918
2023-01,41171,안양시 만안구,연립다세대,22,47,22250.0,12500.0,1296.0,1105.0,0.5618,0.8529
2023-01,41173,안양시 동안구,아파트,89,749,59800.0,34000.0,3024.0,1818.0,0.5686,0.6013
2023-01,41173,안양시 동안구,연립다세대,9,54,33600.0,14000.0,2411.0,1208.0,0.4167,0.5011
2023-01,41192,부천시 원미구,아파트,94,359,43100.0,27000.0,2168.0,1386.0,0.6265,0.6393
2023-01,41192,부천시 원미구,연립다세대,51,59,17000.0,14500.0,1373.0,953.0,0.8529,0.6938
2023-01,41194,부천시 소사구,아파트,81,237,45500.0,26000.0,1874.0,1246.0,0.5714,0.6647
2023-01,41194,부천시 소사구,연립다세대,17,55,12300.0,13000.0,983.0,906.0,1.0569,0.9223
2023-01,41196,부천시 오정구,아파트,15,71,18500.0,16800.0,1346.0,919.0,0.9081,0.6825
2023-01,41196,부천시 오정구,연립다세대,64,77,14000.0,10000.0,1066.0,833.0,0.7143,0.7814
2023-01,41210,광명시,아파트,91,576,66000.0,36750.0,3108.0,1688.0,0.5568,0.5432
2023-01,41210,광명시,연립다세대,23,73,28000.0,20000.0,1724.0,1221.0,0.7143,0.7082
2023-01,41220,평택시,아파트,356,952,30000.0,20500.0,1363.0,959.0,0.6833,0.7037
2023-01,41220,평택시,연립다세대,68,67,9980.0,7500.0,683.0,680.0,0.7515,0.9942
2023-01,41250,동두천시,아파트,38,116,16000.0,13000.0,870.0,701.0,0.8125,0.8055
2023-01,41250,동두천시,연립다세대,19,16,6750.0,5700.0,413.0,317.0,0.8444,0.7679
2023-01,41271,안산시 상록구,아파트,64,203,37250.0,22000.0,1752.0,1001.0,0.5906,0.5711
2023-01,41271,안산시 상록구,연립다세대,78,114,13450.0,10000.0,702.0,671.0,0.7435,0.9559
2023-01,41273,안산시 단원구,아파트,115,422,39000.0,23250.0,1836.0,1135.0,0.5962,0.6181
2023-01,41273,안산시 단원구,연립다세대,55,58,15700.0,9000.0,823.0,628.0,0.5732,0.7637
2023-01,41281,고양시 덕양구,아파트,149,626,47500.0,28000.0,1952.0,1279.0,0.5895,0.6552
2023-01,41281,고양시 덕양구,연립다세대,37,48,15500.0,13500.0,934.0,881.0,0.871,0.9437
2023-01,41285,고양시 일산동구,아파트,91,340,53000.0,32000.0,1858.0,1238.0,0.6038,0.6666
2023-01,41285,고양시 일산동구,연립다세대,9,29,21500.0,21500.0,1061.0,980.0,1.0,0.9233
2023-01,41287,고양시 일산서구,아파트,107,587,37900.0,27000.0,1565.0,1169.0,0.7124,0.7466
2023-01,41287,고양시 일산서구,연립다세대,9,25,15500.0,19000.0,1104.0,992.0,1.2258,0.8985
2023-01,41290,과천시,아파트,38,218,128500.0,60000.0,5482.0,2607.0,0.4669,0.4755
2023-01,41290,과천시,연립다세대,2,17,45250.0,40000.0,1674.0,1691.0,0.884,1.0104
2023-01,41310,구리시,아파트,35,226,59000.0,31500.0,2529.0,1446.0,0.5339,0.5718
2023-01,41310,구리시,연립다세대,8,34,28500.0,14667.0,1881.0,1119.0,0.5146,0.5951
2023-01,41360,남양주시,아파트,231,1102,42000.0,27000.0,1819.0,1120.0,0.6429,0.6156
2023-01,41360,남양주시,연립다세대,50,105,12150.0,12000.0,767.0,745.0,0.9877,0.9707
2023-01,41370,오산시,아파트,98,210,30250.0,21000.0,1367.0,973.0,0.6942,0.7118
2023-01,41370,오산시,연립다세대,9,31,7500.0,8260.0,560.0,898.0,1.1013,1.6045
2023-01,41390,시흥시,아파트,285,811,43300.0,23000.0,1876.0,977.0,0.5312,0.5212
2023-01,41390,시흥시,연립다세대,40,72,11700.0,8750.0,721.0,720.0,0.7479,0.9984
2023-01,41410,군포시,아파트,106,356,42300.0,25000.0,2120.0,1298.0,0.591,0.6121
2023-01,41410,군포시,연립다세대,23,63,24900.0,12000.0,1601.0,1090.0,0.4819,0.6812
2023-01,41430,의왕시,아파트,48,257,61050.0,40000.0,2724.0,1653.0,0.6552,0.6068
2023-01,41430,의왕시,연립다세대,10,30,24100.0,9500.0,1790.0,1123.0,0.3942,0.6272
2023-01,41450,하남시,아파트,140,565,74750.0,44650.0,3187.0,1765.0,0.5973,0.5537
2023-01,41450,하남시,연립다세대,1,22,21678.0,15375.0,1253.0,1067.0,0.7092,0.8511
2023-01,41461,용인시 처인구,아파트,54,188,25600.0,20000.0,1279.0,970.0,0.7813,0.7582
2023-01,41461,용인시 처인구,연립다세대,58,74,13000.0,10750.0,834.0,807.0,0.8269,0.9675
2023-01,41463,용인시 기흥구,아파트,132,637,49000.0,32000.0,1966.0,1286.0,0.6531,0.6544
2023-01,41463,용인시 기흥구,연립다세대,7,58,17700.0,17000.0,1080.0,1259.0,0.9605,1.166
2023-01,41465,용인시 수지구,아파트,153,773,67000.0,40000.0,2540.0,1654.0,0.597,0.6513
2023-01,41465,용인시 수지구,연립다세대,0,28,,22000.0,,1432.0,,
2023-01,41480,파주시,아파트,167,517,35700.0,25000.0,1367.0,973.0,0.7003,0.7115
2023-01,41480,파주시,연립다세대,24,39,13650.0,17300.0,848.0,938.0,1.2674,1.1068
2023-01,41500,이천시,아파트,66,145,17150.0,23000.0,872.0,968.0,1.3411,1.1098
2023-01,41500,이천시,연립다세대,20,34,13550.0,10000.0,782.0,769.0,0.738,0.9832
2023-01,41550,안성시,아파트,105,210,15500.0,14000.0,923.0,791.0,0.9032,0.8567
2023-01,41550,안성시,연립다세대,12,14,7250.0,5000.0,364.0,710.0,0.6897,1.951
2023-01,41570,김포시,아파트,171,699,42300.0,25000.0,1714.0,1090.0,0.591,0.6361
2023-01,41570,김포시,연립다세대,12,24,10750.0,26450.0,505.0,1391.0,2.4605,2.7537
2023-01,41591,화성시 만세구,아파트,81,544,32000.0,17300.0,1272.0,779.0,0.5406,0.6122
2023-01,41591,화성시 만세구,연립다세대,21,11,10000.0,8000.0,556.0,539.0,0.8,0.9696
2023-01,41593,화성시 효행구,아파트,37,73,29700.0,20500.0,1168.0,882.0,0.6902,0.7552
2023-01,41593,화성시 효행구,연립다세대,8,5,5500.0,6000.0,410.0,1058.0,1.0909,2.5795
2023-01,41595,화성시 병점구,아파트,98,328,32000.0,24000.0,1323.0,1052.0,0.75,0.7951
2023-01,41595,화성시 병점구,연립다세대,4,51,12500.0,11000.0,1652.0,1502.0,0.88,0.9094
2023-01,41597,화성시 동탄구,아파트,286,787,50900.0,28500.0,2326.0,1221.0,0.5599,0.5248
2023-01,41597,화성시 동탄구,연립다세대,3,6,60000.0,21750.0,2338.0,1323.0,0.3625,0.5659
2023-01,41610,광주시,아파트,63,224,39000.0,29000.0,1556.0,1175.0,0.7436,0.7551
2023-01,41610,광주시,연립다세대,102,158,18500.0,16000.0,1053.0,912.0,0.8649,0.8657
2023-01,41630,양주시,아파트,132,498,28200.0,15500.0,1378.0,669.0,0.5496,0.4856
2023-01,41630,양주시,연립다세대,40,12,6271.0,11000.0,554.0,646.0,1.7542,1.1676
2023-01,41650,포천시,아파트,24,66,19450.0,14000.0,867.0,748.0,0.7198,0.8628
2023-01,41650,포천시,연립다세대,28,11,8500.0,8000.0,437.0,401.0,0.9412,0.9163
2023-01,41670,여주시,아파트,38,74,15150.0,14250.0,838.0,702.0,0.9406,0.8379
2023-01,41670,여주시,연립다세대,7,15,7900.0,10000.0,393.0,494.0,1.2658,1.2568
2023-01,41800,연천군,아파트,5,7,9700.0,10000.0,535.0,582.0,1.0309,1.0896
2023-01,41800,연천군,연립다세대,4,3,6250.0,10000.0,371.0,394.0,1.6,1.0629
2023-01,41820,가평군,아파트,8,13,20500.0,20000.0,807.0,781.0,0.9756,0.9678
2023-01,41820,가평군,연립다세대,11,7,6500.0,10500.0,522.0,641.0,1.6154,1.2272
2023-01,41830,양평군,아파트,6,46,25650.0,18450.0,1204.0,992.0,0.7193,0.8236
2023-01,41830,양평군,연립다세대,10,21,17750.0,15000.0,874.0,948.0,0.8451,1.0848
2023-02,11110,종로구,아파트,19,100,74000.0,52500.0,4124.0,2374.0,0.7095,0.5757
2023-02,11110,종로구,연립다세대,13,84,41000.0,23000.0,2062.0,1437.0,0.561,0.6968
2023-02,11140,중구,아파트,35,236,92000.0,46000.0,3994.0,2569.0,0.5,0.6432
2023-02,11140,중구,연립다세대,11,65,24900.0,20000.0,1989.0,2122.0,0.8032,1.0668
2023-02,11170,용산구,아파트,22,332,150000.0,55000.0,6001.0,2442.0,0.3667,0.407
2023-02,11170,용산구,연립다세대,49,307,68000.0,22500.0,7014.0,2240.0,0.3309,0.3193
2023-02,11200,성동구,아파트,87,688,104500.0,55000.0,4757.0,2393.0,0.5263,0.503
2023-02,11200,성동구,연립다세대,60,138,178400.0,22000.0,9508.0,2470.0,0.1233,0.2598
2023-02,11215,광진구,아파트,46,323,106350.0,52500.0,4750.0,2316.0,0.4937,0.4876
2023-02,11215,광진구,연립다세대,62,391,27000.0,24000.0,2303.0,2176.0,0.8889,0.9451
2023-02,11230,동대문구,아파트,109,509,69500.0,43000.0,3490.0,2140.0,0.6187,0.6132
2023-02,11230,동대문구,연립다세대,23,144,27000.0,21500.0,2203.0,2426.0,0.7963,1.1011
2023-02,11260,중랑구,아파트,56,337,53500.0,35000.0,2676.0,1679.0,0.6542,0.6276
2023-02,11260,중랑구,연립다세대,68,234,28950.0,21500.0,2353.0,2137.0,0.7427,0.9082
2023-02,11290,성북구,아파트,148,700,72250.0,42000.0,3449.0,1922.0,0.5813,0.5572
2023-02,11290,성북구,연립다세대,66,220,47925.0,20000.0,2585.0,1741.0,0.4173,0.6733
2023-02,11305,강북구,아파트,37,177,59500.0,34650.0,2756.0,1579.0,0.5824,0.5728
2023-02,11305,강북구,연립다세대,74,148,20000.0,16000.0,1369.0,1059.0,0.8,0.7734
2023-02,11320,도봉구,아파트,105,400,49000.0,26125.0,2391.0,1366.0,0.5332,0.5714
2023-02,11320,도봉구,연립다세대,55,126,17500.0,15000.0,1255.0,1155.0,0.8571,0.9207
2023-02,11350,노원구,아파트,190,1198,55000.0,25750.0,3244.0,1475.0,0.4682,0.4548
2023-02,11350,노원구,연립다세대,22,99,27600.0,14500.0,1531.0,1224.0,0.5254,0.7995
2023-02,11380,은평구,아파트,95,557,70000.0,38000.0,3544.0,1818.0,0.5429,0.513
2023-02,11380,은평구,연립다세대,166,454,24000.0,19000.0,2138.0,1506.0,0.7917,0.7045
2023-02,11410,서대문구,아파트,93,514,76000.0,45000.0,3613.0,2041.0,0.5921,0.5649
2023-02,11410,서대문구,연립다세대,38,163,28550.0,20000.0,2083.0,1293.0,0.7005,0.6206
2023-02,11440,마포구,아파트,92,707,104750.0,55000.0,5368.0,2411.0,0.5251,0.4492
2023-02,11440,마포구,연립다세대,40,430,35250.0,22000.0,2922.0,2118.0,0.6241,0.725
2023-02,11470,양천구,아파트,114,705,92850.0,45000.0,4147.0,2069.0,0.4847,0.4988
2023-02,11470,양천구,연립다세대,64,360,23000.0,19000.0,1764.0,1519.0,0.8261,0.8614
2023-02,11500,강서구,아파트,147,1038,73000.0,37000.0,3728.0,1837.0,0.5068,0.4926
2023-02,11500,강서구,연립다세대,142,567,21850.0,19800.0,1664.0,1917.0,0.9062,1.1525
2023-02,11530,구로구,아파트,89,555,60000.0,34000.0,2820.0,1558.0,0.5667,0.5526
2023-02,11530,구로구,연립다세대,111,182,25800.0,16000.0,2176.0,1219.0,0.6202,0.5605
2023-02,11545,금천구,아파트,33,182,59000.0,33000.0,2990.0,1560.0,0.5593,0.5217
2023-02,11545,금천구,연립다세대,46,150,27900.0,19350.0,2498.0,1732.0,0.6935,0.6933
2023-02,11560,영등포구,아파트,103,715,89500.0,45000.0,4279.0,2095.0,0.5028,0.4896
2023-02,11560,영등포구,연립다세대,32,187,30750.0,24000.0,2697.0,2770.0,0.7805,1.0271
2023-02,11590,동작구,아파트,67,658,90000.0,51500.0,4376.0,2212.0,0.5722,0.5055
2023-02,11590,동작구,연립다세대,75,260,36800.0,24000.0,2444.0,1707.0,0.6522,0.6982
2023-02,11620,관악구,아파트,56,399,70250.0,40000.0,3272.0,1831.0,0.5694,0.5595
2023-02,11620,관악구,연립다세대,89,249,31350.0,20000.0,3442.0,1783.0,0.638,0.5179
2023-02,11650,서초구,아파트,82,817,199000.0,68250.0,8111.0,3018.0,0.343,0.3721
2023-02,11650,서초구,연립다세대,47,353,45000.0,29000.0,4320.0,2370.0,0.6444,0.5487
2023-02,11680,강남구,아파트,183,1399,170500.0,69000.0,8419.0,2918.0,0.4047,0.3466
2023-02,11680,강남구,연립다세대,37,259,36300.0,30000.0,4099.0,2679.0,0.8264,0.6536
2023-02,11710,송파구,아파트,255,1466,157000.0,60000.0,6619.0,2551.0,0.3822,0.3854
2023-02,11710,송파구,연립다세대,100,729,29267.0,24000.0,3043.0,1799.0,0.8201,0.5913
2023-02,11740,강동구,아파트,199,1516,100000.0,31500.0,4749.0,1558.0,0.315,0.3281
2023-02,11740,강동구,연립다세대,89,363,31000.0,22174.0,3056.0,2147.0,0.7153,0.7027
2023-02,41111,수원시 장안구,아파트,110,285,41650.0,25000.0,1895.0,1215.0,0.6002,0.6414
2023-02,41111,수원시 장안구,연립다세대,37,73,13000.0,9000.0,989.0,818.0,0.6923,0.8266
2023-02,41113,수원시 권선구,아파트,240,455,42500.0,26000.0,1956.0,1206.0,0.6118,0.6164
2023-02,41113,수원시 권선구,연립다세대,42,143,14450.0,12000.0,887.0,1180.0,0.8304,1.3305
2023-02,41115,수원시 팔달구,아파트,65,287,51350.0,30000.0,2564.0,1409.0,0.5842,0.5494
2023-02,41115,수원시 팔달구,연립다세대,27,128,17000.0,13000.0,1317.0,1504.0,0.7647,1.1423
2023-02,41117,수원시 영통구,아파트,441,987,52500.0,30000.0,2241.0,1365.0,0.5714,0.6089
2023-02,41117,수원시 영통구,연립다세대,9,25,27500.0,19000.0,1915.0,1572.0,0.6909,0.8208
2023-02,41131,성남시 수정구,아파트,97,294,88500.0,50000.0,3976.0,2121.0,0.565,0.5335
2023-02,41131,성남시 수정구,연립다세대,38,63,25327.0,15000.0,1683.0,1008.0,0.5923,0.5989
2023-02,41133,성남시 중원구,아파트,44,310,59900.0,35000.0,3237.0,1745.0,0.5843,0.5392
2023-02,41133,성남시 중원구,연립다세대,24,145,24900.0,14000.0,1537.0,1049.0,0.5622,0.6824
2023-02,41135,성남시 분당구,아파트,293,1250,100000.0,50000.0,4488.0,2143.0,0.5,0.4776
2023-02,41135,성남시 분당구,연립다세대,16,83,97500.0,38000.0,2390.0,1836.0,0.3897,0.7683
2023-02,41150,의정부시,아파트,287,679,31800.0,22000.0,1498.0,1050.0,0.6918,0.7012
2023-02,41150,의정부시,연립다세대,61,86,19500.0,11000.0,1280.0,745.0,0.5641,0.5821
2023-02,41171,안양시 만안구,아파트,107,333,57500.0,35000.0,2577.0,1717.0,0.6087,0.6665
2023-02,41171,안양시 만안구,연립다세대,62,65,23850.0,13000.0,1661.0,1172.0,0.5451,0.7058
2023-02,41173,안양시 동안구,아파트,174,976,61500.0,34500.0,3029.0,1695.0,0.561,0.5596
2023-02,41173,안양시 동안구,연립다세대,14,63,27000.0,15000.0,2169.0,1234.0,0.5556,0.5688
2023-02,41192,부천시 원미구,아파트,203,478,44200.0,30000.0,2127.0,1408.0,0.6787,0.662
2023-02,41192,부천시 원미구,연립다세대,67,76,17000.0,13900.0,1066.0,1050.0,0.8176,0.9849
2023-02,41194,부천시 소사구,아파트,107,352,47000.0,28000.0,2064.0,1209.0,0.5957,0.5857
2023-02,41194,부천시 소사구,연립다세대,55,64,16000.0,11850.0,1137.0,855.0,0.7406,0.7518
2023-02,41196,부천시 오정구,아파트,25,98,38400.0,22000.0,1617.0,1056.0,0.5729,0.6533
2023-02,41196,부천시 오정구,연립다세대,87,123,13500.0,10000.0,1032.0,806.0,0.7407,0.7812
2023-02,41210,광명시,아파트,168,727,69100.0,36000.0,3209.0,1655.0,0.521,0.5157
2023-02,41210,광명시,연립다세대,32,94,24940.0,20000.0,1677.0,1385.0,0.8019,0.8259
2023-02,41220,평택시,아파트,567,1049,30000.0,20500.0,1346.0,936.0,0.6833,0.6955
2023-02,41220,평택시,연립다세대,136,91,10325.0,7900.0,783.0,702.0,0.7651,0.8972
2023-02,41250,동두천시,아파트,65,94,16800.0,13000.0,883.0,708.0,0.7738,0.8016
2023-02,41250,동두천시,연립다세대,19,22,6300.0,6000.0,453.0,526.0,0.9524,1.1609
2023-02,41271,안산시 상록구,아파트,124,289,45000.0,22000.0,1731.0,985.0,0.4889,0.5687
2023-02,41271,안산시 상록구,연립다세대,148,138,14150.0,10250.0,764.0,697.0,0.7244,0.9128
2023-02,41273,안산시 단원구,아파트,226,567,39750.0,21000.0,1881.0,1104.0,0.5283,0.5869
2023-02,41273,안산시 단원구,연립다세대,59,80,17500.0,10750.0,1036.0,705.0,0.6143,0.6809
2023-02,41281,고양시 덕양구,아파트,242,783,53000.0,30000.0,2141.0,1272.0,0.566,0.5941
2023-02,41281,고양시 덕양구,연립다세대,42,75,14500.0,12000.0,923.0,827.0,0.8276,0.8963
2023-02,41285,고양시 일산동구,아파트,140,432,50000.0,32000.0,1976.0,1269.0,0.64,0.6422
2023-02,41285,고양시 일산동구,연립다세대,19,45,22000.0,20500.0,1322.0,1092.0,0.9318,0.8259
2023-02,41287,고양시 일산서구,아파트,186,738,38250.0,26000.0,1635.0,1126.0,0.6797,0.689
2023-02,41287,고양시 일산서구,연립다세대,11,29,18000.0,16250.0,1109.0,913.0,0.9028,0.8228
2023-02,41290,과천시,아파트,47,276,130000.0,63000.0,5885.0,2935.0,0.4846,0.4987
2023-02,41290,과천시,연립다세대,3,29,52500.0,35000.0,2230.0,2204.0,0.6667,0.9882
2023-02,41310,구리시,아파트,62,352,59950.0,30000.0,2533.0,1421.0,0.5004,0.5612
2023-02,41310,구리시,연립다세대,6,33,30000.0,20000.0,1762.0,1106.0,0.6667,0.6275
2023-02,41360,남양주시,아파트,390,1419,44450.0,28000.0,1772.0,1167.0,0.6299,0.6588
2023-02,41360,남양주시,연립다세대,87,178,14700.0,10000.0,887.0,698.0,0.6803,0.7872
2023-02,41370,오산시,아파트,185,268,31800.0,20000.0,1354.0,934.0,0.6289,0.6903
2023-02,41370,오산시,연립다세대,19,45,8500.0,7000.0,670.0,1022.0,0.8235,1.5256
2023-02,41390,시흥시,아파트,533,1048,42000.0,23000.0,1848.0,992.0,0.5476,0.5371
2023-02,41390,시흥시,연립다세대,72,88,13000.0,7750.0,828.0,623.0,0.5962,0.7515
2023-02,41410,군포시,아파트,140,539,39400.0,23500.0,2103.0,1316.0,0.5964,0.6259
2023-02,41410,군포시,연립다세대,24,67,22750.0,10000.0,1458.0,1040.0,0.4396,0.7133
2023-02,41430,의왕시,아파트,97,289,60000.0,37000.0,2485.0,1564.0,0.6167,0.6293
2023-02,41430,의왕시,연립다세대,12,50,25750.0,17500.0,1639.0,1272.0,0.6796,0.7757
2023-02,41450,하남시,아파트,252,830,79000.0,45000.0,3281.0,1793.0,0.5696,0.5466
2023-02,41450,하남시,연립다세대,15,21,26000.0,20000.0,2031.0,1244.0,0.7692,0.6126
2023-02,41461,용인시 처인구,아파트,96,228,28650.0,20400.0,1374.0,1047.0,0.712,0.7622
2023-02,41461,용인시 처인구,연립다세대,73,96,12500.0,8000.0,633.0,741.0,0.64,1.1695
2023-02,41463,용인시 기흥구,아파트,237,819,50700.0,30450.0,2064.0,1257.0,0.6006,0.6093
2023-02,41463,용인시 기흥구,연립다세대,18,74,25500.0,16750.0,1507.0,1172.0,0.6569,0.7775
2023-02,41465,용인시 수지구,아파트,335,1006,65000.0,40000.0,2655.0,1633.0,0.6154,0.615
2023-02,41465,용인시 수지구,연립다세대,0,44,,20000.0,,1565.0,,
2023-02,41480,파주시,아파트,278,625,37650.0,25000.0,1460.0,992.0,0.664,0.6794
2023-02,41480,파주시,연립다세대,37,40,17800.0,12500.0,1060.0,865.0,0.7022,0.8156
2023-02,41500,이천시,아파트,94,170,20000.0,20000.0,1059.0,994.0,1.0,0.9389
2023-02,41500,이천시,연립다세대,28,42,14450.0,12300.0,829.0,794.0,0.8512,0.9581
2023-02,41550,안성시,아파트,138,285,15650.0,13000.0,958.0,752.0,0.8307,0.7842
2023-02,41550,안성시,연립다세대,13,11,5800.0,6500.0,383.0,726.0,1.1207,1.8941
2023-02,41570,김포시,아파트,360,855,45000.0,25000.0,1868.0,1090.0,0.5556,0.5834
2023-02,41570,김포시,연립다세대,24,49,8800.0,27000.0,591.0,1261.0,3.0682,2.1344
2023-02,41591,화성시 만세구,아파트,119,516,35000.0,18000.0,1396.0,783.0,0.5143,0.5604
2023-02,41591,화성시 만세구,연립다세대,48,5,6050.0,9000.0,803.0,498.0,1.4876,0.6199
2023-02,41593,화성시 효행구,아파트,74,107,30000.0,20000.0,1168.0,860.0,0.6667,0.7361
2023-02,41593,화성시 효행구,연립다세대,18,12,6400.0,7000.0,481.0,631.0,1.0938,1.3115
2023-02,41595,화성시 병점구,아파트,204,454,34000.0,24000.0,1372.0,1012.0,0.7059,0.7377
2023-02,41595,화성시 병점구,연립다세대,17,61,14440.0,10500.0,1997.0,1333.0,0.7271,0.6674
2023-02,41597,화성시 동탄구,아파트,602,984,53500.0,27000.0,2296.0,1209.0,0.5047,0.5266
2023-02,41597,화성시 동탄구,연립다세대,5,5,52500.0,43000.0,2045.0,1088.0,0.819,0.532
2023-02,41610,광주시,아파트,100,358,44550.0,28000.0,1840.0,1172.0,0.6285,0.6369
2023-02,41610,광주시,연립다세대,162,189,19450.0,15900.0,1029.0,905.0,0.8175,0.88
2023-02,41630,양주시,아파트,255,685,28000.0,15500.0,1350.0,683.0,0.5536,0.5061
2023-02,41630,양주시,연립다세대,10,19,5650.0,9000.0,468.0,564.0,1.5929,1.2054
2023-02,41650,포천시,아파트,55,94,15800.0,14000.0,835.0,709.0,0.8861,0.8486
2023-02,41650,포천시,연립다세대,31,27,10300.0,5000.0,513.0,328.0,0.4854,0.6396
2023-02,41670,여주시,아파트,50,86,15750.0,14000.0,785.0,667.0,0.8889,0.8493
2023-02,41670,여주시,연립다세대,27,12,5359.0,8250.0,411.0,463.0,1.5395,1.1265
2023-02,41800,연천군,아파트,10,12,10300.0,13000.0,569.0,531.0,1.2621,0.9337
2023-02,41800,연천군,연립다세대,6,5,5400.0,8000.0,402.0,497.0,1.4815,1.2351
2023-02,41820,가평군,아파트,10,15,17225.0,17800.0,702.0,784.0,1.0334,1.1172
2023-02,41820,가평군,연립다세대,9,15,9500.0,12000.0,440.0,800.0,1.2632,1.8186
2023-02,41830,양평군,아파트,10,84,25750.0,19000.0,1135.0,970.0,0.7379,0.8546
2023-02,41830,양평군,연립다세대,18,28,14250.0,12500.0,769.0,821.0,0.8772,1.0674
2023-03,11110,종로구,아파트,23,115,167000.0,58000.0,5002.0,2415.0,0.3473,0.4829
2023-03,11110,종로구,연립다세대,15,66,44800.0,26700.0,1948.0,1484.0,0.596,0.7619
2023-03,11140,중구,아파트,30,211,90750.0,50000.0,3588.0,2677.0,0.551,0.7461
2023-03,11140,중구,연립다세대,6,73,28500.0,25000.0,2801.0,2466.0,0.8772,0.8803
2023-03,11170,용산구,아파트,39,401,150000.0,55000.0,6179.0,2439.0,0.3667,0.3947
2023-03,11170,용산구,연립다세대,39,331,51500.0,23000.0,5526.0,2173.0,0.4466,0.3932
2023-03,11200,성동구,아파트,112,682,118750.0,57150.0,4936.0,2535.0,0.4813,0.5136
2023-03,11200,성동구,연립다세대,22,129,34575.0,24000.0,2925.0,2182.0,0.6941,0.7461
2023-03,11215,광진구,아파트,48,303,112250.0,50000.0,4743.0,2295.0,0.4454,0.4839
2023-03,11215,광진구,연립다세대,92,393,41150.0,24000.0,2733.0,2252.0,0.5832,0.824
2023-03,11230,동대문구,아파트,120,512,75000.0,43000.0,3434.0,2072.0,0.5733,0.6035
2023-03,11230,동대문구,연립다세대,46,149,49800.0,23000.0,2786.0,2206.0,0.4618,0.792
2023-03,11260,중랑구,아파트,62,305,59500.0,35000.0,2794.0,1686.0,0.5882,0.6034
2023-03,11260,중랑구,연립다세대,110,326,32650.0,22000.0,2575.0,2232.0,0.6738,0.8671
2023-03,11290,성북구,아파트,156,666,72800.0,42000.0,3312.0,1945.0,0.5769,0.5874
2023-03,11290,성북구,연립다세대,72,193,30500.0,19000.0,2221.0,1607.0,0.623,0.7236
2023-03,11305,강북구,아파트,77,194,55000.0,35000.0,2454.0,1598.0,0.6364,0.6513
2023-03,11305,강북구,연립다세대,96,189,21750.0,15000.0,1493.0,1018.0,0.6897,0.6821
2023-03,11320,도봉구,아파트,93,434,46000.0,27500.0,2541.0,1362.0,0.5978,0.536
2023-03,11320,도봉구,연립다세대,77,134,17500.0,15000.0,1284.0,1085.0,0.8571,0.8452
2023-03,11350,노원구,아파트,188,1170,55000.0,25000.0,3114.0,1459.0,0.4545,0.4685
2023-03,11350,노원구,연립다세대,59,69,34000.0,13000.0,2291.0,1057.0,0.3824,0.4612
2023-03,11380,은평구,아파트,372,553,50000.0,40000.0,4106.0,1846.0,0.8,0.4496
2023-03,11380,은평구,연립다세대,181,486,26000.0,19975.0,1898.0,1448.0,0.7683,0.7625
2023-03,11410,서대문구,아파트,108,469,69500.0,45000.0,3573.0,2036.0,0.6475,0.5699
2023-03,11410,서대문구,연립다세대,41,170,27000.0,19500.0,1806.0,1268.0,0.7222,0.7025
2023-03,11440,마포구,아파트,125,752,103500.0,55000.0,4812.0,2485.0,0.5314,0.5163
2023-03,11440,마포구,연립다세대,57,404,38000.0,22000.0,2973.0,1980.0,0.5789,0.6657
2023-03,11470,양천구,아파트,110,703,98500.0,43500.0,4199.0,2010.0,0.4416,0.4786
2023-03,11470,양천구,연립다세대,87,366,24800.0,19000.0,1892.0,1541.0,0.7661,0.8147
2023-03,11500,강서구,아파트,146,1027,70000.0,38000.0,3577.0,1837.0,0.5429,0.5134
2023-03,11500,강서구,연립다세대,193,634,22800.0,19350.0,1596.0,1657.0,0.8487,1.0378
2023-03,11530,구로구,아파트,129,514,62000.0,35000.0,3099.0,1612.0,0.5645,0.5204
2023-03,11530,구로구,연립다세대,109,220,25800.0,16500.0,2142.0,1120.0,0.6395,0.5228
2023-03,11545,금천구,아파트,52,216,60950.0,31500.0,2696.0,1548.0,0.5168,0.5741
2023-03,11545,금천구,연립다세대,83,166,25500.0,19500.0,2445.0,1745.0,0.7647,0.7138
2023-03,11560,영등포구,아파트,125,790,95000.0,45100.0,4412.0,2168.0,0.4747,0.4915
2023-03,11560,영등포구,연립다세대,25,254,33000.0,24175.0,3111.0,2725.0,0.7326,0.8759
2023-03,11590,동작구,아파트,107,659,90700.0,50000.0,4366.0,2166.0,0.5513,0.4962
2023-03,11590,동작구,연립다세대,109,275,33950.0,24000.0,3054.0,1824.0,0.7069,0.597
2023-03,11620,관악구,아파트,62,352,71750.0,40000.0,3238.0,1807.0,0.5575,0.558
2023-03,11620,관악구,연립다세대,86,277,25000.0,20000.0,1683.0,1576.0,0.8,0.936
2023-03,11650,서초구,아파트,120,1015,197000.0,57000.0,7277.0,2409.0,0.2893,0.331
2023-03,11650,서초구,연립다세대,39,348,54000.0,29212.0,4589.0,2333.0,0.541,0.5083
2023-03,11680,강남구,아파트,180,1488,175750.0,70000.0,8298.0,2851.0,0.3983,0.3436
2023-03,11680,강남구,연립다세대,22,308,56500.0,28925.0,3422.0,2412.0,0.5119,0.7049
2023-03,11710,송파구,아파트,230,1470,154500.0,58000.0,6714.0,2449.0,0.3754,0.3647
2023-03,11710,송파구,연립다세대,72,783,35400.0,24500.0,2634.0,1840.0,0.6921,0.6987
2023-03,11740,강동구,아파트,177,1541,101000.0,27011.0,4243.0,1509.0,0.2674,0.3557
2023-03,11740,강동구,연립다세대,104,446,35500.0,22050.0,3099.0,2124.0,0.6211,0.6856
2023-03,41111,수원시 장안구,아파트,102,331,41000.0,26000.0,1862.0,1258.0,0.6341,0.6753
2023-03,41111,수원시 장안구,연립다세대,62,65,13350.0,10500.0,916.0,806.0,0.7865,0.8801
2023-03,41113,수원시 권선구,아파트,250,498,41750.0,25000.0,1862.0,1148.0,0.5988,0.6164
2023-03,41113,수원시 권선구,연립다세대,42,189,16200.0,12000.0,993.0,1157.0,0.7407,1.1653
2023-03,41115,수원시 팔달구,아파트,71,338,50000.0,30000.0,2211.0,1378.0,0.6,0.6232
2023-03,41115,수원시 팔달구,연립다세대,33,100,16000.0,13250.0,1154.0,1305.0,0.8281,1.1308
2023-03,41117,수원시 영통구,아파트,417,882,51800.0,29925.0,2246.0,1378.0,0.5777,0.6135
2023-03,41117,수원시 영통구,연립다세대,19,35,8200.0,13600.0,1123.0,1094.0,1.6585,0.9737
2023-03,41131,성남시 수정구,아파트,66,290,90000.0,50000.0,4186.0,2187.0,0.5556,0.5224
2023-03,41131,성남시 수정구,연립다세대,40,76,24750.0,16138.0,1634.0,1021.0,0.652,0.6248
2023-03,41133,성남시 중원구,아파트,66,293,59850.0,36000.0,2768.0,1729.0,0.6015,0.6245
2023-03,41133,성남시 중원구,연립다세대,33,144,25000.0,14000.0,1537.0,982.0,0.56,0.6392
2023-03,41135,성남시 분당구,아파트,241,1274,108000.0,50000.0,4433.0,2153.0,0.463,0.4856
2023-03,41135,성남시 분당구,연립다세대,17,82,69000.0,37000.0,3165.0,1577.0,0.5362,0.4983
2023-03,41150,의정부시,아파트,310,658,31500.0,20000.0,1511.0,1020.0,0.6349,0.6754
2023-03,41150,의정부시,연립다세대,40,121,15000.0,10200.0,913.0,741.0,0.68,0.8124
2023-03,41171,안양시 만안구,아파트,101,380,53500.0,32000.0,2435.0,1616.0,0.5981,0.6636
2023-03,41171,안양시 만안구,연립다세대,55,107,19000.0,14000.0,1457.0,1001.0,0.7368,0.6869
2023-03,41173,안양시 동안구,아파트,238,840,59950.0,33000.0,3099.0,1693.0,0.5505,0.5462
2023-03,41173,안양시 동안구,연립다세대,18,84,26950.0,15000.0,2147.0,1325.0,0.5566,0.6174
2023-03,41192,부천시 원미구,아파트,207,514,48000.0,27155.0,2154.0,1362.0,0.5657,0.6322
2023-03,41192,부천시 원미구,연립다세대,105,102,16800.0,12000.0,1160.0,899.0,0.7143,0.7753
2023-03,41194,부천시 소사구,아파트,152,468,47000.0,25000.0,1966.0,1303.0,0.5319,0.6627
2023-03,41194,부천시 소사구,연립다세대,55,59,16800.0,12500.0,1132.0,901.0,0.744,0.7962
2023-03,41196,부천시 오정구,아파트,30,91,25450.0,19000.0,1658.0,986.0,0.7466,0.5944
2023-03,41196,부천시 오정구,연립다세대,87,129,13750.0,10000.0,1052.0,780.0,0.7273,0.7413
2023-03,41210,광명시,아파트,141,657,61700.0,36000.0,3229.0,1601.0,0.5835,0.4958
2023-03,41210,광명시,연립다세대,30,101,27250.0,19500.0,2043.0,1275.0,0.7156,0.6243
2023-03,41220,평택시,아파트,591,952,31800.0,20000.0,1350.0,937.0,0.6289,0.6943
2023-03,41220,평택시,연립다세대,93,89,8800.0,7000.0,577.0,732.0,0.7955,1.2689
2023-03,41250,동두천시,아파트,67,115,17000.0,13000.0,885.0,690.0,0.7647,0.7796
2023-03,41250,동두천시,연립다세대,20,21,5150.0,7000.0,343.0,519.0,1.3592,1.5124
2023-03,41271,안산시 상록구,아파트,112,324,35250.0,19000.0,1726.0,930.0,0.539,0.5387
2023-03,41271,안산시 상록구,연립다세대,167,153,14700.0,11000.0,764.0,700.0,0.7483,0.916
2023-03,41273,안산시 단원구,아파트,261,587,41000.0,23000.0,1867.0,1139.0,0.561,0.6102
2023-03,41273,안산시 단원구,연립다세대,84,96,17150.0,10000.0,959.0,681.0,0.5831,0.7103
2023-03,41281,고양시 덕양구,아파트,304,709,49250.0,29500.0,2104.0,1250.0,0.599,0.5938
2023-03,41281,고양시 덕양구,연립다세대,59,92,14200.0,11500.0,900.0,800.0,0.8099,0.8884
2023-03,41285,고양시 일산동구,아파트,135,453,53500.0,30000.0,1946.0,1225.0,0.5607,0.6295
2023-03,41285,고양시 일산동구,연립다세대,21,41,22000.0,20000.0,1019.0,935.0,0.9091,0.9174
2023-03,41287,고양시 일산서구,아파트,184,674,39500.0,25000.0,1603.0,1102.0,0.6329,0.6872
2023-03,41287,고양시 일산서구,연립다세대,9,36,16500.0,15550.0,931.0,850.0,0.9424,0.9121
2023-03,41290,과천시,아파트,54,230,131750.0,60000.0,5929.0,2335.0,0.4554,0.3938
2023-03,41290,과천시,연립다세대,8,48,41000.0,35750.0,2718.0,1949.0,0.872,0.7172
2023-03,41310,구리시,아파트,69,347,59980.0,30000.0,2621.0,1421.0,0.5002,0.5424
2023-03,41310,구리시,연립다세대,22,52,34000.0,17250.0,2294.0,1141.0,0.5074,0.4975
2023-03,41360,남양주시,아파트,373,1434,43000.0,28000.0,1712.0,1141.0,0.6512,0.6662
2023-03,41360,남양주시,연립다세대,101,196,13500.0,11000.0,820.0,705.0,0.8148,0.8596
2023-03,41370,오산시,아파트,235,251,30700.0,21500.0,1330.0,967.0,0.7003,0.7266
2023-03,41370,오산시,연립다세대,24,29,4600.0,7700.0,514.0,867.0,1.6739,1.688
2023-03,41390,시흥시,아파트,578,1056,36750.0,23000.0,1692.0,997.0,0.6259,0.589
2023-03,41390,시흥시,연립다세대,70,88,12050.0,8750.0,865.0,710.0,0.7261,0.8214
2023-03,41410,군포시,아파트,134,492,42500.0,23000.0,2173.0,1305.0,0.5412,0.6006
2023-03,41410,군포시,연립다세대,24,75,20750.0,14700.0,1434.0,1057.0,0.7084,0.7376
2023-03,41430,의왕시,아파트,106,345,59000.0,37000.0,2437.0,1559.0,0.6271,0.6396
2023-03,41430,의왕시,연립다세대,12,59,27850.0,12000.0,1564.0,1180.0,0.4309,0.7548
2023-03,41450,하남시,아파트,239,720,80000.0,46600.0,3347.0,1886.0,0.5825,0.5635
2023-03,41450,하남시,연립다세대,8,31,51000.0,20000.0,2544.0,1247.0,0.3922,0.49
2023-03,41461,용인시 처인구,아파트,208,315,32000.0,20000.0,1493.0,976.0,0.625,0.654
2023-03,41461,용인시 처인구,연립다세대,93,96,12700.0,9000.0,729.0,614.0,0.7087,0.8429
2023-03,41463,용인시 기흥구,아파트,300,835,51750.0,30000.0,2036.0,1216.0,0.5797,0.5972
2023-03,41463,용인시 기흥구,연립다세대,32,93,23375.0,16500.0,1338.0,1151.0,0.7059,0.8601
2023-03,41465,용인시 수지구,아파트,362,964,67000.0,40000.0,2651.0,1623.0,0.597,0.6125
2023-03,41465,용인시 수지구,연립다세대,7,36,18600.0,18722.0,1289.0,1638.0,1.0065,1.2703
2023-03,41480,파주시,아파트,317,623,33000.0,25000.0,1332.0,993.0,0.7576,0.7452
2023-03,41480,파주시,연립다세대,55,70,16000.0,15000.0,964.0,906.0,0.9375,0.9396
2023-03,41500,이천시,아파트,124,156,20450.0,20000.0,1043.0,898.0,0.978,0.8603
2023-03,41500,이천시,연립다세대,40,35,8275.0,12000.0,519.0,795.0,1.4502,1.5312
2023-03,41550,안성시,아파트,150,242,14450.0,13575.0,889.0,776.0,0.9394,0.8728
2023-03,41550,안성시,연립다세대,20,11,8125.0,9900.0,451.0,623.0,1.2185,1.3817
2023-03,41570,김포시,아파트,442,891,42950.0,25000.0,1751.0,1051.0,0.5821,0.6
2023-03,41570,김포시,연립다세대,43,44,12000.0,18163.0,725.0,1221.0,1.5135,1.6852
2023-03,41591,화성시 만세구,아파트,144,630,34600.0,18512.0,1357.0,829.0,0.535,0.6104
2023-03,41591,화성시 만세구,연립다세대,45,22,13800.0,9250.0,864.0,669.0,0.6703,0.7737
2023-03,41593,화성시 효행구,아파트,78,108,30500.0,19000.0,1232.0,823.0,0.623,0.668
2023-03,41593,화성시 효행구,연립다세대,16,4,10250.0,7500.0,595.0,628.0,0.7317,1.055
2023-03,41595,화성시 병점구,아파트,181,534,32200.0,23000.0,1382.0,1016.0,0.7143,0.735
2023-03,41595,화성시 병점구,연립다세대,46,56,11157.0,10500.0,1314.0,1311.0,0.9411,0.9978
2023-03,41597,화성시 동탄구,아파트,531,1057,55000.0,28000.0,2327.0,1185.0,0.5091,0.5089
2023-03,41597,화성시 동탄구,연립다세대,3,2,38300.0,25000.0,1494.0,973.0,0.6527,0.6513
2023-03,41610,광주시,아파트,116,316,41900.0,28000.0,1563.0,1153.0,0.6683,0.7377
2023-03,41610,광주시,연립다세대,172,229,17600.0,14700.0,961.0,828.0,0.8352,0.8616
2023-03,41630,양주시,아파트,221,574,28000.0,15000.0,1199.0,701.0,0.5357,0.5849
2023-03,41630,양주시,연립다세대,36,22,6950.0,8000.0,804.0,467.0,1.1511,0.5808
2023-03,41650,포천시,아파트,62,80,15750.0,15000.0,887.0,779.0,0.9524,0.8781
2023-03,41650,포천시,연립다세대,45,22,8000.0,6000.0,477.0,531.0,0.75,1.1116
2023-03,41670,여주시,아파트,63,84,15500.0,16500.0,760.0,745.0,1.0645,0.9803
2023-03,41670,여주시,연립다세대,15,14,12900.0,6500.0,706.0,463.0,0.5039,0.6565
2023-03,41800,연천군,아파트,15,6,9300.0,15000.0,448.0,661.0,1.6129,1.4777
2023-03,41800,연천군,연립다세대,8,2,4650.0,6250.0,354.0,241.0,1.3441,0.6801
2023-03,41820,가평군,아파트,23,16,21000.0,17600.0,819.0,725.0,0.8381,0.8845
2023-03,41820,가평군,연립다세대,31,17,10000.0,11500.0,533.0,845.0,1.15,1.5838
2023-03,41830,양평군,아파트,25,68,26100.0,20000.0,1216.0,955.0,0.7663,0.7848
2023-03,41830,양평군,연립다세대,30,35,13950.0,12000.0,748.0,750.0,0.8602,1.0028
2023-04,11110,종로구,아파트,17,99,118000.0,62500.0,3905.0,2427.0,0.5297,0.6214
2023-04,11110,종로구,연립다세대,22,75,31250.0,21000.0,1716.0,1437.0,0.672,0.8375
2023-04,11140,중구,아파트,45,217,80000.0,50000.0,3851.0,2581.0,0.625,0.6703
2023-04,11140,중구,연립다세대,15,55,29100.0,23500.0,2734.0,2379.0,0.8076,0.87
2023-04,11170,용산구,아파트,43,395,170000.0,57000.0,5968.0,2443.0,0.3353,0.4093
2023-04,11170,용산구,연립다세대,51,286,54200.0,24125.0,4050.0,2497.0,0.4451,0.6165
2023-04,11200,성동구,아파트,132,600,110000.0,58000.0,5136.0,2554.0,0.5273,0.4972
2023-04,11200,성동구,연립다세대,16,130,47500.0,24000.0,3269.0,2153.0,0.5053,0.6586
2023-04,11215,광진구,아파트,61,270,116000.0,50000.0,4854.0,2376.0,0.431,0.4896
2023-04,11215,광진구,연립다세대,94,388,33250.0,25000.0,2512.0,2315.0,0.7519,0.9217
2023-04,11230,동대문구,아파트,144,505,78400.0,44100.0,3548.0,2023.0,0.5625,0.5702
2023-04,11230,동대문구,연립다세대,64,124,41850.0,22000.0,3128.0,2248.0,0.5257,0.7188
2023-04,11260,중랑구,아파트,96,311,56000.0,35000.0,2718.0,1699.0,0.625,0.6251
2023-04,11260,중랑구,연립다세대,71,243,27900.0,22000.0,2536.0,2259.0,0.7885,0.8909
2023-04,11290,성북구,아파트,170,537,70500.0,41500.0,3385.0,1881.0,0.5887,0.5558
2023-04,11290,성북구,연립다세대,56,181,25000.0,20000.0,1720.0,1648.0,0.8,0.9581
2023-04,11305,강북구,아파트,50,154,60100.0,33000.0,2760.0,1479.0,0.5491,0.536
2023-04,11305,강북구,연립다세대,85,172,21000.0,14350.0,1462.0,993.0,0.6833,0.6794
2023-04,11320,도봉구,아파트,86,338,48500.0,27000.0,2569.0,1311.0,0.5567,0.5103
2023-04,11320,도봉구,연립다세대,54,131,15190.0,16800.0,1170.0,1167.0,1.106,0.9974
2023-04,11350,노원구,아파트,214,976,54000.0,25000.0,3187.0,1427.0,0.463,0.4478
2023-04,11350,노원구,연립다세대,53,67,18400.0,12000.0,1794.0,1010.0,0.6522,0.5629
2023-04,11380,은평구,아파트,145,469,74000.0,41000.0,3501.0,1934.0,0.5541,0.5524
2023-04,11380,은평구,연립다세대,139,468,26500.0,18722.0,1832.0,1392.0,0.7065,0.7598
2023-04,11410,서대문구,아파트,117,368,78000.0,45000.0,3706.0,2047.0,0.5769,0.5524
2023-04,11410,서대문구,연립다세대,45,131,25000.0,19200.0,1950.0,1268.0,0.768,0.6501
2023-04,11440,마포구,아파트,137,653,110000.0,57000.0,4950.0,2417.0,0.5182,0.4883
2023-04,11440,마포구,연립다세대,65,394,38000.0,22000.0,3290.0,2082.0,0.5789,0.6328
2023-04,11470,양천구,아파트,150,730,88250.0,44000.0,3813.0,2079.0,0.4986,0.5452
2023-04,11470,양천구,연립다세대,102,328,27000.0,19000.0,2288.0,1382.0,0.7037,0.6037
2023-04,11500,강서구,아파트,163,900,74000.0,36000.0,3878.0,1868.0,0.4865,0.4816
2023-04,11500,강서구,연립다세대,179,469,24000.0,18000.0,1720.0,1580.0,0.75,0.919
2023-04,11530,구로구,아파트,156,497,62800.0,36000.0,2853.0,1600.0,0.5732,0.5609
2023-04,11530,구로구,연립다세대,68,172,25675.0,17000.0,1975.0,1150.0,0.6621,0.5822
2023-04,11545,금천구,아파트,56,160,59750.0,30250.0,2963.0,1590.0,0.5063,0.5366
2023-04,11545,금천구,연립다세대,53,147,26000.0,20000.0,2285.0,2104.0,0.7692,0.9206
2023-04,11560,영등포구,아파트,162,611,93750.0,47463.0,4281.0,2108.0,0.5063,0.4923
2023-04,11560,영등포구,연립다세대,35,179,33200.0,23000.0,3218.0,2544.0,0.6928,0.7905
2023-04,11590,동작구,아파트,108,535,104500.0,50000.0,4549.0,2164.0,0.4785,0.4758
2023-04,11590,동작구,연립다세대,68,240,33500.0,23500.0,2306.0,1719.0,0.7015,0.7452
2023-04,11620,관악구,아파트,80,294,71150.0,39500.0,3281.0,1904.0,0.5552,0.5803
2023-04,11620,관악구,연립다세대,101,233,29950.0,21475.0,2098.0,1752.0,0.717,0.8354
2023-04,11650,서초구,아파트,154,824,197500.0,65000.0,7384.0,2725.0,0.3291,0.3691
2023-04,11650,서초구,연립다세대,74,295,54300.0,29700.0,4229.0,2556.0,0.547,0.6042
2023-04,11680,강남구,아파트,188,1281,210150.0,62000.0,8744.0,2723.0,0.295,0.3115
2023-04,11680,강남구,연립다세대,65,270,104282.0,29000.0,6197.0,2444.0,0.2781,0.3944
2023-04,11710,송파구,아파트,281,1328,155000.0,55000.0,5994.0,2257.0,0.3548,0.3766
2023-04,11710,송파구,연립다세대,88,662,34350.0,23000.0,2488.0,1798.0,0.6696,0.7228
2023-04,11740,강동구,아파트,247,933,93000.0,42000.0,4185.0,2134.0,0.4516,0.5099
2023-04,11740,강동구,연립다세대,80,336,32250.0,23000.0,2813.0,2051.0,0.7132,0.7289
2023-04,41111,수원시 장안구,아파트,97,290,40000.0,27000.0,1910.0,1318.0,0.675,0.6898
2023-04,41111,수원시 장안구,연립다세대,54,51,13460.0,10000.0,1088.0,820.0,0.743,0.7536
2023-04,41113,수원시 권선구,아파트,194,446,40000.0,25000.0,1855.0,1167.0,0.625,0.6293
2023-04,41113,수원시 권선구,연립다세대,48,112,15800.0,12000.0,912.0,1129.0,0.7595,1.2383
2023-04,41115,수원시 팔달구,아파트,109,263,50000.0,30000.0,2141.0,1378.0,0.6,0.6436
2023-04,41115,수원시 팔달구,연립다세대,97,85,11000.0,13600.0,1507.0,1383.0,1.2364,0.9171
2023-04,41117,수원시 영통구,아파트,403,820,50000.0,30000.0,2204.0,1378.0,0.6,0.6253
2023-04,41117,수원시 영통구,연립다세대,6,41,51000.0,19000.0,1857.0,1463.0,0.3725,0.7878
2023-04,41131,성남시 수정구,아파트,89,297,86100.0,51939.0,4107.0,2094.0,0.6032,0.51
2023-04,41131,성남시 수정구,연립다세대,27,51,25100.0,15000.0,1610.0,1051.0,0.5976,0.6524
2023-04,41133,성남시 중원구,아파트,61,174,61500.0,39000.0,2778.0,1739.0,0.6341,0.6259
2023-04,41133,성남시 중원구,연립다세대,42,156,28200.0,13825.0,1611.0,932.0,0.4902,0.5788
2023-04,41135,성남시 분당구,아파트,352,1247,105000.0,52000.0,4458.0,2217.0,0.4952,0.4973
2023-04,41135,성남시 분당구,연립다세대,27,108,79000.0,38500.0,3328.0,1728.0,0.4873,0.5193
2023-04,41150,의정부시,아파트,300,518,30935.0,21190.0,1482.0,997.0,0.685,0.6724
2023-04,41150,의정부시,연립다세대,33,54,15100.0,10000.0,1072.0,687.0,0.6623,0.6411
2023-04,41171,안양시 만안구,아파트,88,270,47000.0,35000.0,2426.0,1670.0,0.7447,0.6884
2023-04,41171,안양시 만안구,연립다세대,59,69,19700.0,13000.0,1508.0,955.0,0.6599,0.6331
2023-04,41173,안양시 동안구,아파트,236,704,59780.0,34900.0,3130.0,1722.0,0.5838,0.5502
2023-04,41173,안양시 동안구,연립다세대,23,57,30000.0,15000.0,2441.0,1179.0,0.5,0.4829
2023-04,41192,부천시 원미구,아파트,197,486,47000.0,26000.0,2168.0,1380.0,0.5532,0.6363
2023-04,41192,부천시 원미구,연립다세대,75,90,17500.0,12300.0,1214.0,897.0,0.7029,0.7393
2023-04,41194,부천시 소사구,아파트,121,300,50000.0,28000.0,1984.0,1306.0,0.56,0.6584
2023-04,41194,부천시 소사구,연립다세대,55,48,17500.0,12250.0,1246.0,808.0,0.7,0.6486
2023-04,41196,부천시 오정구,아파트,41,76,30000.0,21000.0,1713.0,1076.0,0.7,0.6282
2023-04,41196,부천시 오정구,연립다세대,81,105,13800.0,10000.0,1081.0,822.0,0.7246,0.76
2023-04,41210,광명시,아파트,153,658,66500.0,35050.0,3446.0,1660.0,0.5271,0.4818
2023-04,41210,광명시,연립다세대,41,90,31500.0,19475.0,1986.0,1289.0,0.6183,0.6491
2023-04,41220,평택시,아파트,650,848,31000.0,20000.0,1380.0,957.0,0.6452,0.6935
2023-04,41220,평택시,연립다세대,129,62,14000.0,7000.0,799.0,605.0,0.5,0.7573
2023-04,41250,동두천시,아파트,63,88,17200.0,12750.0,859.0,693.0,0.7413,0.8077
2023-04,41250,동두천시,연립다세대,33,19,6300.0,4500.0,372.0,278.0,0.7143,0.7464
2023-04,41271,안산시 상록구,아파트,124,235,40450.0,20000.0,1732.0,937.0,0.4944,0.5408
2023-04,41271,안산시 상록구,연립다세대,138,145,16550.0,11000.0,821.0,691.0,0.6647,0.8415
2023-04,41273,안산시 단원구,아파트,231,521,42000.0,23000.0,1883.0,1176.0,0.5476,0.6245
2023-04,41273,안산시 단원구,연립다세대,71,68,18000.0,10000.0,1060.0,703.0,0.5556,0.6634
2023-04,41281,고양시 덕양구,아파트,275,647,51000.0,29000.0,2084.0,1268.0,0.5686,0.6084
2023-04,41281,고양시 덕양구,연립다세대,72,110,15350.0,15000.0,1045.0,866.0,0.9772,0.8285
2023-04,41285,고양시 일산동구,아파트,173,348,46800.0,30500.0,1789.0,1239.0,0.6517,0.6924
2023-04,41285,고양시 일산동구,연립다세대,26,47,25750.0,20000.0,1570.0,1115.0,0.7767,0.71
2023-04,41287,고양시 일산서구,아파트,196,622,39750.0,25000.0,1648.0,1105.0,0.6289,0.6704
2023-04,41287,고양시 일산서구,연립다세대,9,29,20461.0,15000.0,1126.0,818.0,0.7331,0.7262
2023-04,41290,과천시,아파트,43,233,137000.0,59000.0,6124.0,2282.0,0.4307,0.3727
2023-04,41290,과천시,연립다세대,6,41,75000.0,35000.0,2856.0,1911.0,0.4667,0.6692
2023-04,41310,구리시,아파트,74,292,62950.0,30000.0,2610.0,1454.0,0.4766,0.5572
2023-04,41310,구리시,연립다세대,15,48,32000.0,15850.0,1933.0,1207.0,0.4953,0.6245
2023-04,41360,남양주시,아파트,408,1192,43100.0,28000.0,1746.0,1167.0,0.6497,0.6688
2023-04,41360,남양주시,연립다세대,95,147,14000.0,11000.0,821.0,675.0,0.7857,0.8217
2023-04,41370,오산시,아파트,194,241,30125.0,21000.0,1363.0,968.0,0.6971,0.7104
2023-04,41370,오산시,연립다세대,44,42,25500.0,9000.0,1187.0,931.0,0.3529,0.7846
2023-04,41390,시흥시,아파트,524,858,39000.0,23000.0,1709.0,1022.0,0.5897,0.5978
2023-04,41390,시흥시,연립다세대,42,92,11450.0,8250.0,693.0,721.0,0.7205,1.0413
2023-04,41410,군포시,아파트,169,384,41000.0,23000.0,2087.0,1292.0,0.561,0.6191
2023-04,41410,군포시,연립다세대,31,66,23500.0,13500.0,1523.0,1085.0,0.5745,0.7126
2023-04,41430,의왕시,아파트,96,307,61950.0,38000.0,2721.0,1596.0,0.6134,0.5867
2023-04,41430,의왕시,연립다세대,13,35,30500.0,11000.0,1908.0,1107.0,0.3607,0.58
2023-04,41450,하남시,아파트,227,632,80000.0,48000.0,3427.0,1929.0,0.6,0.563
2023-04,41450,하남시,연립다세대,13,25,34000.0,19000.0,2114.0,1263.0,0.5588,0.5975
2023-04,41461,용인시 처인구,아파트,136,657,34450.0,17000.0,1677.0,805.0,0.4935,0.48
2023-04,41461,용인시 처인구,연립다세대,100,94,10100.0,10000.0,957.0,613.0,0.9901,0.6412
2023-04,41463,용인시 기흥구,아파트,331,812,49800.0,30000.0,2033.0,1268.0,0.6024,0.6239
2023-04,41463,용인시 기흥구,연립다세대,14,78,31500.0,15000.0,1427.0,1230.0,0.4762,0.8619
2023-04,41465,용인시 수지구,아파트,406,934,67800.0,40845.0,2640.0,1653.0,0.6024,0.6261
2023-04,41465,용인시 수지구,연립다세대,7,37,17000.0,19950.0,1645.0,1732.0,1.1735,1.0526
2023-04,41480,파주시,아파트,278,552,35400.0,24800.0,1386.0,974.0,0.7006,0.7029
2023-04,41480,파주시,연립다세대,55,46,11900.0,12900.0,685.0,832.0,1.084,1.215
2023-04,41500,이천시,아파트,101,150,20000.0,17750.0,991.0,928.0,0.8875,0.9368
2023-04,41500,이천시,연립다세대,28,27,11000.0,8000.0,683.0,625.0,0.7273,0.9147
2023-04,41550,안성시,아파트,167,189,16000.0,14000.0,932.0,751.0,0.875,0.806
2023-04,41550,안성시,연립다세대,29,6,5400.0,6500.0,372.0,574.0,1.2037,1.5438
2023-04,41570,김포시,아파트,424,764,44000.0,25000.0,1792.0,1054.0,0.5682,0.5884
2023-04,41570,김포시,연립다세대,35,57,15000.0,21700.0,832.0,1040.0,1.4467,1.2493
2023-04,41591,화성시 만세구,아파트,108,383,34600.0,18423.0,1352.0,781.0,0.5325,0.5779
2023-04,41591,화성시 만세구,연립다세대,40,14,13350.0,8500.0,766.0,488.0,0.6367,0.637
2023-04,41593,화성시 효행구,아파트,92,111,29900.0,20000.0,1168.0,830.0,0.6689,0.711
2023-04,41593,화성시 효행구,연립다세대,11,6,5000.0,10850.0,387.0,613.0,2.17,1.5841
2023-04,41595,화성시 병점구,아파트,181,389,35500.0,24000.0,1499.0,1033.0,0.6761,0.6891
2023-04,41595,화성시 병점구,연립다세대,7,43,5200.0,11500.0,520.0,1387.0,2.2115,2.6686
2023-04,41597,화성시 동탄구,아파트,489,791,54800.0,29000.0,2334.0,1245.0,0.5292,0.5336
2023-04,41597,화성시 동탄구,연립다세대,2,9,39500.0,26000.0,2134.0,1012.0,0.6582,0.4741
2023-04,41610,광주시,아파트,137,316,37500.0,26750.0,1419.0,1131.0,0.7133,0.7967
2023-04,41610,광주시,연립다세대,178,186,18000.0,13980.0,990.0,795.0,0.7767,0.803
2023-04,41630,양주시,아파트,218,559,25000.0,16000.0,1198.0,723.0,0.64,0.6038
2023-04,41630,양주시,연립다세대,31,20,10800.0,9000.0,619.0,623.0,0.8333,1.0055
2023-04,41650,포천시,아파트,61,52,15500.0,14250.0,825.0,719.0,0.9194,0.8714
2023-04,41650,포천시,연립다세대,45,17,6900.0,6000.0,415.0,320.0,0.8696,0.7695
2023-04,41670,여주시,아파트,60,107,16600.0,18000.0,783.0,827.0,1.0843,1.0558
2023-04,41670,여주시,연립다세대,16,13,8900.0,9000.0,566.0,619.0,1.0112,1.0944
2023-04,41800,연천군,아파트,12,15,13150.0,12000.0,594.0,617.0,0.9125,1.0395
2023-04,41800,연천군,연립다세대,9,6,4900.0,5500.0,321.0,408.0,1.1224,1.2704
2023-04,41820,가평군,아파트,14,15,18100.0,18000.0,716.0,846.0,0.9945,1.181
2023-04,41820,가평군,연립다세대,19,18,11600.0,11500.0,615.0,714.0,0.9914,1.1604
2023-04,41830,양평군,아파트,22,64,25550.0,20000.0,1306.0,937.0,0.7828,0.7178
2023-04,41830,양평군,연립다세대,13,19,15000.0,12500.0,833.0,622.0,0.8333,0.7463
2023-05,11110,종로구,아파트,31,107,100000.0,59000.0,3915.0,2434.0,0.59,0.6217
2023-05,11110,종로구,연립다세대,28,70,32000.0,23550.0,1782.0,1450.0,0.7359,0.8139
2023-05,11140,중구,아파트,51,191,92500.0,55000.0,4467.0,2532.0,0.5946,0.5667
2023-05,11140,중구,연립다세대,16,70,33150.0,23500.0,2294.0,2382.0,0.7089,1.0382
2023-05,11170,용산구,아파트,45,349,180000.0,58000.0,6585.0,2446.0,0.3222,0.3714
2023-05,11170,용산구,연립다세대,46,279,57500.0,24000.0,4265.0,2425.0,0.4174,0.5686
2023-05,11200,성동구,아파트,153,540,120000.0,60000.0,5098.0,2554.0,0.5,0.501
2023-05,11200,성동구,연립다세대,29,117,40500.0,24000.0,4300.0,2322.0,0.5926,0.5399
2023-05,11215,광진구,아파트,71,288,114000.0,53000.0,5064.0,2435.0,0.4649,0.4809
2023-05,11215,광진구,연립다세대,100,365,35000.0,24300.0,2737.0,2212.0,0.6943,0.8083
2023-05,11230,동대문구,아파트,155,458,77500.0,46000.0,3558.0,2124.0,0.5935,0.5971
2023-05,11230,동대문구,연립다세대,27,118,31800.0,22000.0,3019.0,2308.0,0.6918,0.7645
2023-05,11260,중랑구,아파트,68,300,59725.0,34000.0,2772.0,1753.0,0.5693,0.6324
2023-05,11260,중랑구,연립다세대,105,234,30000.0,21000.0,3060.0,2098.0,0.7,0.6854
2023-05,11290,성북구,아파트,183,514,73160.0,43000.0,3279.0,1900.0,0.5878,0.5796
2023-05,11290,성북구,연립다세대,65,207,25500.0,18000.0,1762.0,1673.0,0.7059,0.9495
2023-05,11305,강북구,아파트,56,170,60500.0,35000.0,2917.0,1522.0,0.5785,0.5218
2023-05,11305,강북구,연립다세대,138,181,18000.0,12600.0,1436.0,999.0,0.7,0.6958
2023-05,11320,도봉구,아파트,92,381,49400.0,27000.0,2393.0,1344.0,0.5466,0.5615
2023-05,11320,도봉구,연립다세대,91,138,16300.0,14425.0,1221.0,999.0,0.885,0.8188
2023-05,11350,노원구,아파트,232,968,54500.0,25000.0,3196.0,1456.0,0.4587,0.4556
2023-05,11350,노원구,연립다세대,47,68,28000.0,13625.0,1597.0,1049.0,0.4866,0.6569
2023-05,11380,은평구,아파트,128,564,77000.0,41000.0,3426.0,1929.0,0.5325,0.5631
2023-05,11380,은평구,연립다세대,178,451,29500.0,17850.0,2188.0,1234.0,0.6051,0.5636
2023-05,11410,서대문구,아파트,119,325,82900.0,45000.0,3781.0,1986.0,0.5428,0.5253
2023-05,11410,서대문구,연립다세대,49,126,20000.0,18950.0,1428.0,1279.0,0.9475,0.8954
2023-05,11440,마포구,아파트,165,628,123000.0,55825.0,5447.0,2452.0,0.4539,0.4501
2023-05,11440,마포구,연립다세대,75,355,35200.0,21000.0,2902.0,2252.0,0.5966,0.776
2023-05,11470,양천구,아파트,138,666,109150.0,45000.0,4513.0,2096.0,0.4123,0.4646
2023-05,11470,양천구,연립다세대,110,285,23700.0,18000.0,1977.0,1374.0,0.7595,0.695
2023-05,11500,강서구,아파트,173,838,72000.0,37072.0,3598.0,1837.0,0.5149,0.5104
2023-05,11500,강서구,연립다세대,171,549,23000.0,18270.0,1678.0,1528.0,0.7943,0.9108
2023-05,11530,구로구,아파트,134,437,60000.0,35000.0,2924.0,1661.0,0.5833,0.5679
2023-05,11530,구로구,연립다세대,123,142,25500.0,15500.0,2282.0,1061.0,0.6078,0.4648
2023-05,11545,금천구,아파트,39,164,59600.0,32500.0,2759.0,1582.0,0.5453,0.5734
2023-05,11545,금천구,연립다세대,64,155,27000.0,20000.0,1848.0,1900.0,0.7407,1.0278
2023-05,11560,영등포구,아파트,187,595,97500.0,48000.0,4384.0,2096.0,0.4923,0.478
2023-05,11560,영등포구,연립다세대,161,177,46650.0,23000.0,3277.0,2432.0,0.493,0.7421
2023-05,11590,동작구,아파트,121,603,100000.0,52000.0,4514.0,2156.0,0.52,0.4777
2023-05,11590,동작구,연립다세대,95,189,31000.0,22500.0,2400.0,1656.0,0.7258,0.6901
2023-05,11620,관악구,아파트,102,303,72950.0,40000.0,3238.0,1808.0,0.5483,0.5584
2023-05,11620,관악구,연립다세대,101,215,25600.0,21000.0,1928.0,1566.0,0.8203,0.8125
2023-05,11650,서초구,아파트,140,821,211000.0,79000.0,8153.0,3006.0,0.3744,0.3687
2023-05,11650,서초구,연립다세대,51,331,43700.0,30000.0,4504.0,2196.0,0.6865,0.4875
2023-05,11680,강남구,아파트,262,1240,190625.0,70000.0,8755.0,2879.0,0.3672,0.3288
2023-05,11680,강남구,연립다세대,68,263,51500.0,29000.0,4493.0,2501.0,0.5631,0.5567
2023-05,11710,송파구,아파트,295,1100,153000.0,57675.0,6039.0,2323.0,0.377,0.3847
2023-05,11710,송파구,연립다세대,89,619,34000.0,24000.0,2471.0,1778.0,0.7059,0.7196
2023-05,11740,강동구,아파트,214,857,104000.0,42000.0,4592.0,1946.0,0.4038,0.4238
2023-05,11740,강동구,연립다세대,104,315,32000.0,23000.0,2989.0,2091.0,0.7188,0.6994
2023-05,41111,수원시 장안구,아파트,144,279,41250.0,26000.0,1924.0,1284.0,0.6303,0.6672
2023-05,41111,수원시 장안구,연립다세대,49,56,13000.0,9150.0,903.0,817.0,0.7038,0.9041
2023-05,41113,수원시 권선구,아파트,231,414,41000.0,25000.0,2006.0,1181.0,0.6098,0.5888
2023-05,41113,수원시 권선구,연립다세대,57,122,14500.0,12550.0,891.0,1035.0,0.8655,1.1612
2023-05,41115,수원시 팔달구,아파트,118,309,48500.0,28000.0,2204.0,1324.0,0.5773,0.6008
2023-05,41115,수원시 팔달구,연립다세대,40,102,17900.0,12000.0,1256.0,1152.0,0.6704,0.9169
2023-05,41117,수원시 영통구,아파트,468,830,53000.0,33250.0,2282.0,1404.0,0.6274,0.6152
2023-05,41117,수원시 영통구,연립다세대,11,41,85000.0,14330.0,3310.0,882.0,0.1686,0.2664
2023-05,41131,성남시 수정구,아파트,84,380,94000.0,51939.0,4144.0,2008.0,0.5525,0.4846
2023-05,41131,성남시 수정구,연립다세대,36,71,25895.0,15000.0,1498.0,1104.0,0.5793,0.7369
2023-05,41133,성남시 중원구,아파트,64,180,63000.0,35000.0,3128.0,1738.0,0.5556,0.5555
2023-05,41133,성남시 중원구,연립다세대,45,146,18000.0,13500.0,1401.0,987.0,0.75,0.7048
2023-05,41135,성남시 분당구,아파트,408,1138,115000.0,54000.0,4569.0,2257.0,0.4696,0.4939
2023-05,41135,성남시 분당구,연립다세대,30,81,78500.0,39000.0,3204.0,1818.0,0.4968,0.5675
2023-05,41150,의정부시,아파트,293,624,30900.0,21190.0,1483.0,992.0,0.6858,0.6687
2023-05,41150,의정부시,연립다세대,61,93,13000.0,11000.0,966.0,730.0,0.8462,0.7559
2023-05,41171,안양시 만안구,아파트,106,257,54250.0,32000.0,2569.0,1665.0,0.5899,0.6482
2023-05,41171,안양시 만안구,연립다세대,52,94,19175.0,13000.0,1372.0,1027.0,0.678,0.7483
2023-05,41173,안양시 동안구,아파트,248,709,62150.0,35000.0,3052.0,1726.0,0.5632,0.5655
2023-05,41173,안양시 동안구,연립다세대,24,82,29250.0,15000.0,2322.0,1183.0,0.5128,0.5097
2023-05,41192,부천시 원미구,아파트,225,452,47200.0,29000.0,2283.0,1363.0,0.6144,0.5968
2023-05,41192,부천시 원미구,연립다세대,89,90,19500.0,12575.0,1251.0,860.0,0.6449,0.6873
2023-05,41194,부천시 소사구,아파트,131,253,48500.0,30000.0,2198.0,1362.0,0.6186,0.6195
2023-05,41194,부천시 소사구,연립다세대,51,71,16300.0,12000.0,1123.0,800.0,0.7362,0.7125
2023-05,41196,부천시 오정구,아파트,41,77,33000.0,17000.0,1701.0,887.0,0.5152,0.5214
2023-05,41196,부천시 오정구,연립다세대,107,154,13800.0,9835.0,1015.0,794.0,0.7127,0.7822
2023-05,41210,광명시,아파트,211,591,67000.0,33000.0,3364.0,1667.0,0.4925,0.4956
2023-05,41210,광명시,연립다세대,47,81,26000.0,17000.0,1599.0,1115.0,0.6538,0.6974
2023-05,41220,평택시,아파트,590,818,31750.0,20000.0,1380.0,914.0,0.6299,0.6625
2023-05,41220,평택시,연립다세대,104,95,9200.0,7000.0,741.0,624.0,0.7609,0.8419
2023-05,41250,동두천시,아파트,72,77,16625.0,12000.0,870.0,623.0,0.7218,0.7158
2023-05,41250,동두천시,연립다세대,24,18,6550.0,6000.0,394.0,330.0,0.916,0.8371
2023-05,41271,안산시 상록구,아파트,128,249,37950.0,20000.0,1697.0,966.0,0.527,0.5692
2023-05,41271,안산시 상록구,연립다세대,164,122,13700.0,11300.0,829.0,662.0,0.8248,0.7981
2023-05,41273,안산시 단원구,아파트,246,454,40650.0,23000.0,1848.0,1210.0,0.5658,0.6547
2023-05,41273,안산시 단원구,연립다세대,80,59,19000.0,10000.0,1165.0,672.0,0.5263,0.577
2023-05,41281,고양시 덕양구,아파트,334,640,49000.0,29000.0,2019.0,1284.0,0.5918,0.6359
2023-05,41281,고양시 덕양구,연립다세대,74,97,14700.0,11950.0,1010.0,845.0,0.8129,0.8372
2023-05,41285,고양시 일산동구,아파트,161,396,52000.0,30000.0,1806.0,1236.0,0.5769,0.6842
2023-05,41285,고양시 일산동구,연립다세대,32,38,21600.0,20500.0,1394.0,1104.0,0.9491,0.7921
2023-05,41287,고양시 일산서구,아파트,201,629,39000.0,25000.0,1694.0,1122.0,0.641,0.6623
2023-05,41287,고양시 일산서구,연립다세대,13,24,17000.0,22750.0,1095.0,900.0,1.3382,0.8221
2023-05,41290,과천시,아파트,67,263,133000.0,57000.0,6304.0,2228.0,0.4286,0.3534
2023-05,41290,과천시,연립다세대,13,43,50500.0,33000.0,2510.0,1733.0,0.6535,0.6907
2023-05,41310,구리시,아파트,102,321,60525.0,30000.0,2716.0,1462.0,0.4957,0.5383
2023-05,41310,구리시,연립다세대,12,56,34500.0,15000.0,2219.0,1143.0,0.4348,0.5151
2023-05,41360,남양주시,아파트,463,1333,45000.0,26000.0,1807.0,1104.0,0.5778,0.6108
2023-05,41360,남양주시,연립다세대,104,138,14000.0,10000.0,907.0,653.0,0.7143,0.7199
2023-05,41370,오산시,아파트,222,217,30500.0,22000.0,1362.0,973.0,0.7213,0.7145
2023-05,41370,오산시,연립다세대,20,56,9400.0,8750.0,676.0,914.0,0.9309,1.3504
2023-05,41390,시흥시,아파트,585,819,35700.0,23000.0,1648.0,1032.0,0.6443,0.626
2023-05,41390,시흥시,연립다세대,68,96,11850.0,8750.0,819.0,639.0,0.7384,0.7799
2023-05,41410,군포시,아파트,187,418,39000.0,24000.0,2110.0,1281.0,0.6154,0.6071
2023-05,41410,군포시,연립다세대,26,67,21250.0,13000.0,1430.0,1012.0,0.6118,0.7077
2023-05,41430,의왕시,아파트,95,313,64000.0,39000.0,2633.0,1557.0,0.6094,0.5913
2023-05,41430,의왕시,연립다세대,16,47,24250.0,13000.0,1851.0,1090.0,0.5361,0.5888
2023-05,41450,하남시,아파트,242,764,79250.0,45000.0,3478.0,1869.0,0.5678,0.5373
2023-05,41450,하남시,연립다세대,6,24,29500.0,21500.0,1798.0,1296.0,0.7288,0.7204
2023-05,41461,용인시 처인구,아파트,138,275,34250.0,20000.0,1499.0,937.0,0.5839,0.6251
2023-05,41461,용인시 처인구,연립다세대,77,58,11760.0,9000.0,663.0,610.0,0.7653,0.9205
2023-05,41463,용인시 기흥구,아파트,401,828,53100.0,30500.0,2133.0,1265.0,0.5744,0.5932
2023-05,41463,용인시 기흥구,연립다세대,96,74,13284.0,13450.0,2053.0,1141.0,1.0125,0.556
2023-05,41465,용인시 수지구,아파트,424,817,69000.0,41000.0,2646.0,1637.0,0.5942,0.6188
2023-05,41465,용인시 수지구,연립다세대,15,51,16000.0,25000.0,1567.0,1493.0,1.5625,0.9526
2023-05,41480,파주시,아파트,305,519,35000.0,25000.0,1318.0,978.0,0.7143,0.7422
2023-05,41480,파주시,연립다세대,42,50,15650.0,13050.0,892.0,811.0,0.8339,0.9096
2023-05,41500,이천시,아파트,115,159,22400.0,19500.0,1052.0,895.0,0.8705,0.8505
2023-05,41500,이천시,연립다세대,47,37,9100.0,12000.0,619.0,713.0,1.3187,1.1526
2023-05,41550,안성시,아파트,218,240,15000.0,14000.0,944.0,772.0,0.9333,0.8177
2023-05,41550,안성시,연립다세대,28,6,8100.0,5750.0,460.0,577.0,0.7099,1.2531
2023-05,41570,김포시,아파트,461,767,43000.0,25200.0,1765.0,1050.0,0.586,0.5953
2023-05,41570,김포시,연립다세대,41,41,13567.0,25000.0,792.0,1206.0,1.8427,1.523
2023-05,41591,화성시 만세구,아파트,140,340,34850.0,18756.0,1325.0,793.0,0.5382,0.5983
2023-05,41591,화성시 만세구,연립다세대,26,14,7450.0,9900.0,511.0,724.0,1.3289,1.4182
2023-05,41593,화성시 효행구,아파트,85,133,30500.0,20000.0,1235.0,936.0,0.6557,0.7582
2023-05,41593,화성시 효행구,연립다세대,18,15,6450.0,10300.0,403.0,567.0,1.5969,1.4071
2023-05,41595,화성시 병점구,아파트,198,376,34150.0,23000.0,1483.0,974.0,0.6735,0.6565
2023-05,41595,화성시 병점구,연립다세대,10,39,7350.0,9500.0,576.0,1255.0,1.2925,2.1778
2023-05,41597,화성시 동탄구,아파트,501,715,59000.0,30000.0,2563.0,1298.0,0.5085,0.5063
2023-05,41597,화성시 동탄구,연립다세대,5,3,57800.0,33000.0,2257.0,1288.0,0.5709,0.5709
2023-05,41610,광주시,아파트,135,313,42800.0,27000.0,1738.0,1090.0,0.6308,0.6271
2023-05,41610,광주시,연립다세대,170,204,18050.0,14500.0,965.0,821.0,0.8033,0.8512
2023-05,41630,양주시,아파트,206,449,24950.0,16800.0,1107.0,728.0,0.6733,0.6578
2023-05,41630,양주시,연립다세대,28,13,7700.0,5000.0,547.0,415.0,0.6494,0.7594
2023-05,41650,포천시,아파트,63,55,15800.0,14000.0,779.0,722.0,0.8861,0.9263
2023-05,41650,포천시,연립다세대,31,19,7800.0,5500.0,442.0,572.0,0.7051,1.2938
2023-05,41670,여주시,아파트,67,102,13500.0,17000.0,750.0,695.0,1.2593,0.9275
2023-05,41670,여주시,연립다세대,21,9,12500.0,11000.0,607.0,744.0,0.88,1.2258
2023-05,41800,연천군,아파트,12,23,7650.0,12000.0,443.0,533.0,1.5686,1.2012
2023-05,41800,연천군,연립다세대,6,4,3950.0,4000.0,307.0,247.0,1.0127,0.8059
2023-05,41820,가평군,아파트,12,10,18750.0,17900.0,913.0,823.0,0.9547,0.9022
2023-05,41820,가평군,연립다세대,23,11,12400.0,12700.0,692.0,561.0,1.0242,0.8099
2023-05,41830,양평군,아파트,11,54,25000.0,19250.0,1006.0,902.0,0.77,0.8964
2023-05,41830,양평군,연립다세대,16,23,15150.0,13000.0,835.0,739.0,0.8581,0.885
2023-06,11110,종로구,아파트,30,85,118250.0,63000.0,4239.0,2551.0,0.5328,0.6018
2023-06,11110,종로구,연립다세대,49,86,27000.0,20000.0,3584.0,1300.0,0.7407,0.3626
2023-06,11140,중구,아파트,53,216,94000.0,55000.0,4186.0,2582.0,0.5851,0.6168
2023-06,11140,중구,연립다세대,11,86,44000.0,25000.0,2337.0,2813.0,0.5682,1.2035
2023-06,11170,용산구,아파트,67,341,167400.0,58000.0,7136.0,2613.0,0.3465,0.3661
2023-06,11170,용산구,연립다세대,56,282,59500.0,23000.0,6134.0,2249.0,0.3866,0.3666
2023-06,11200,성동구,아파트,169,595,127000.0,55000.0,5444.0,2412.0,0.4331,0.4431
2023-06,11200,성동구,연립다세대,66,121,194412.0,23000.0,12178.0,2307.0,0.1183,0.1895
2023-06,11215,광진구,아파트,65,289,103200.0,62000.0,4908.0,2545.0,0.6008,0.5185
2023-06,11215,광진구,연립다세대,73,355,38000.0,24000.0,3077.0,2305.0,0.6316,0.7493
2023-06,11230,동대문구,아파트,177,493,83500.0,47000.0,3601.0,2140.0,0.5629,0.5942
2023-06,11230,동대문구,연립다세대,40,141,33000.0,22000.0,2458.0,2181.0,0.6667,0.8876
2023-06,11260,중랑구,아파트,147,295,53049.0,34000.0,3076.0,1679.0,0.6409,0.5459
2023-06,11260,중랑구,연립다세대,66,245,30250.0,21000.0,2452.0,2044.0,0.6942,0.8337
2023-06,11290,성북구,아파트,182,443,77250.0,43000.0,3567.0,1929.0,0.5566,0.5409
2023-06,11290,성북구,연립다세대,78,209,29000.0,18600.0,1950.0,1421.0,0.6414,0.7286
2023-06,11305,강북구,아파트,126,161,43450.0,37000.0,2871.0,1564.0,0.8516,0.5447
2023-06,11305,강북구,연립다세대,111,176,22500.0,13000.0,1520.0,1025.0,0.5778,0.6738
2023-06,11320,도봉구,아파트,109,376,49500.0,26000.0,2464.0,1324.0,0.5253,0.5373
2023-06,11320,도봉구,연립다세대,63,157,18000.0,15000.0,1240.0,1015.0,0.8333,0.8181
2023-06,11350,노원구,아파트,272,1057,56500.0,24600.0,3231.0,1416.0,0.4354,0.4383
2023-06,11350,노원구,연립다세대,22,75,29150.0,12600.0,1834.0,1070.0,0.4322,0.5834
2023-06,11380,은평구,아파트,121,645,75500.0,42000.0,3504.0,2054.0,0.5563,0.5861
2023-06,11380,은평구,연립다세대,166,443,27425.0,17800.0,2168.0,1272.0,0.649,0.5866
2023-06,11410,서대문구,아파트,130,371,86200.0,45000.0,3850.0,2179.0,0.522,0.566
2023-06,11410,서대문구,연립다세대,42,136,30550.0,19000.0,1863.0,1236.0,0.6219,0.6636
2023-06,11440,마포구,아파트,169,543,114000.0,55000.0,5703.0,2451.0,0.4825,0.4297
2023-06,11440,마포구,연립다세대,71,356,38000.0,22000.0,3132.0,2100.0,0.5789,0.6705
2023-06,11470,양천구,아파트,172,738,112750.0,42000.0,4852.0,2026.0,0.3725,0.4175
2023-06,11470,양천구,연립다세대,111,330,24500.0,17500.0,1904.0,1294.0,0.7143,0.6797
2023-06,11500,강서구,아파트,203,858,75000.0,36725.0,3734.0,1876.0,0.4897,0.5025
2023-06,11500,강서구,연립다세대,187,518,24700.0,18100.0,1775.0,1496.0,0.7328,0.8425
2023-06,11530,구로구,아파트,133,448,62500.0,35000.0,3072.0,1654.0,0.56,0.5384
2023-06,11530,구로구,연립다세대,84,149,28250.0,15000.0,1971.0,1080.0,0.531,0.5478
2023-06,11545,금천구,아파트,58,162,55000.0,32000.0,2448.0,1518.0,0.5818,0.6201
2023-06,11545,금천구,연립다세대,62,123,26900.0,18900.0,2054.0,1803.0,0.7026,0.8779
2023-06,11560,영등포구,아파트,292,564,77022.0,47000.0,4235.0,2139.0,0.6102,0.5052
2023-06,11560,영등포구,연립다세대,36,147,19000.0,23500.0,2130.0,2610.0,1.2368,1.2254
2023-06,11590,동작구,아파트,132,523,99000.0,56175.0,4353.0,2267.0,0.5674,0.5208
2023-06,11590,동작구,연립다세대,90,216,37970.0,23000.0,2686.0,1654.0,0.6057,0.6158
2023-06,11620,관악구,아파트,95,307,73500.0,42000.0,3300.0,1928.0,0.5714,0.5843
2023-06,11620,관악구,연립다세대,166,222,27675.0,19650.0,2374.0,1449.0,0.71,0.6105
2023-06,11650,서초구,아파트,185,966,199000.0,80000.0,7713.0,2971.0,0.402,0.3853
2023-06,11650,서초구,연립다세대,72,353,52250.0,29000.0,4738.0,2279.0,0.555,0.4809
2023-06,11680,강남구,아파트,252,1177,216250.0,70000.0,9176.0,2841.0,0.3237,0.3096
2023-06,11680,강남구,연립다세대,42,253,52000.0,28000.0,5128.0,2464.0,0.5385,0.4806
2023-06,11710,송파구,아파트,286,941,150000.0,60000.0,6299.0,2507.0,0.4,0.3981
2023-06,11710,송파구,연립다세대,111,564,33350.0,23000.0,2841.0,1731.0,0.6897,0.6093
2023-06,11740,강동구,아파트,228,839,113000.0,45000.0,4951.0,2088.0,0.3982,0.4216
2023-06,11740,강동구,연립다세대,108,319,35000.0,22550.0,2932.0,2101.0,0.6443,0.7166
2023-06,41111,수원시 장안구,아파트,162,366,41450.0,25000.0,1971.0,1266.0,0.6031,0.6425
2023-06,41111,수원시 장안구,연립다세대,63,86,15300.0,9700.0,1022.0,817.0,0.634,0.7997
2023-06,41113,수원시 권선구,아파트,248,396,42000.0,24750.0,1986.0,1127.0,0.5893,0.5672
2023-06,41113,수원시 권선구,연립다세대,54,122,15400.0,11000.0,845.0,957.0,0.7143,1.1318
2023-06,41115,수원시 팔달구,아파트,92,319,50250.0,28000.0,2323.0,1381.0,0.5572,0.5944
2023-06,41115,수원시 팔달구,연립다세대,34,91,16200.0,12000.0,1061.0,1257.0,0.7407,1.1842
2023-06,41117,수원시 영통구,아파트,465,836,55000.0,30000.0,2393.0,1364.0,0.5455,0.5697
2023-06,41117,수원시 영통구,연립다세대,12,30,87500.0,15000.0,3157.0,1434.0,0.1714,0.4542
2023-06,41131,성남시 수정구,아파트,86,428,99100.0,51939.0,4272.0,2040.0,0.5241,0.4774
2023-06,41131,성남시 수정구,연립다세대,47,77,24876.0,15700.0,1623.0,1048.0,0.6311,0.6457
2023-06,41133,성남시 중원구,아파트,57,192,63500.0,36550.0,2886.0,1556.0,0.5756,0.5393
2023-06,41133,성남시 중원구,연립다세대,40,165,26250.0,13000.0,1621.0,996.0,0.4952,0.6144
2023-06,41135,성남시 분당구,아파트,390,1027,118000.0,55000.0,4682.0,2276.0,0.4661,0.4862
2023-06,41135,성남시 분당구,연립다세대,16,82,64500.0,39500.0,3226.0,1747.0,0.6124,0.5415
2023-06,41150,의정부시,아파트,327,570,32000.0,20000.0,1511.0,976.0,0.625,0.6456
2023-06,41150,의정부시,연립다세대,43,92,14000.0,11250.0,1004.0,732.0,0.8036,0.7296
2023-06,41171,안양시 만안구,아파트,114,233,52650.0,33000.0,2522.0,1656.0,0.6268,0.6568
2023-06,41171,안양시 만안구,연립다세대,50,110,22400.0,13000.0,1539.0,1088.0,0.5804,0.7071
2023-06,41173,안양시 동안구,아파트,251,698,64000.0,33550.0,3074.0,1749.0,0.5242,0.569
2023-06,41173,안양시 동안구,연립다세대,22,94,27100.0,14000.0,2394.0,1219.0,0.5166,0.5091
2023-06,41192,부천시 원미구,아파트,221,445,48400.0,27000.0,2177.0,1380.0,0.5579,0.6338
2023-06,41192,부천시 원미구,연립다세대,85,90,18000.0,12000.0,1258.0,858.0,0.6667,0.682
2023-06,41194,부천시 소사구,아파트,143,234,49000.0,31000.0,2103.0,1437.0,0.6327,0.683
2023-06,41194,부천시 소사구,연립다세대,68,72,16000.0,12000.0,1201.0,811.0,0.75,0.6753
2023-06,41196,부천시 오정구,아파트,42,96,33800.0,24050.0,1839.0,1154.0,0.7115,0.6276
2023-06,41196,부천시 오정구,연립다세대,88,108,14000.0,10000.0,1058.0,742.0,0.7143,0.7013
2023-06,41210,광명시,아파트,178,616,63750.0,33000.0,3192.0,1601.0,0.5176,0.5016
2023-06,41210,광명시,연립다세대,49,79,31000.0,17000.0,2041.0,1193.0,0.5484,0.5846
2023-06,41220,평택시,아파트,625,863,34000.0,20000.0,1496.0,936.0,0.5882,0.6257
2023-06,41220,평택시,연립다세대,74,59,9900.0,7000.0,605.0,585.0,0.7071,0.9673
2023-06,41250,동두천시,아파트,68,106,18400.0,12000.0,893.0,666.0,0.6522,0.7461
2023-06,41250,동두천시,연립다세대,22,15,5750.0,6500.0,359.0,380.0,1.1304,1.0591
2023-06,41271,안산시 상록구,아파트,122,250,41000.0,20000.0,1823.0,963.0,0.4878,0.5283
2023-06,41271,안산시 상록구,연립다세대,202,141,14250.0,10000.0,869.0,675.0,0.7018,0.7763
2023-06,41273,안산시 단원구,아파트,246,464,42350.0,24250.0,1922.0,1225.0,0.5726,0.6375
2023-06,41273,안산시 단원구,연립다세대,70,70,18850.0,11000.0,1140.0,654.0,0.5836,0.5735
2023-06,41281,고양시 덕양구,아파트,346,605,45675.0,30000.0,2028.0,1268.0,0.6568,0.6252
2023-06,41281,고양시 덕양구,연립다세대,83,98,13000.0,12000.0,1111.0,854.0,0.9231,0.7682
2023-06,41285,고양시 일산동구,아파트,142,373,48750.0,30000.0,1844.0,1252.0,0.6154,0.6791
2023-06,41285,고양시 일산동구,연립다세대,28,47,20500.0,20000.0,1257.0,1052.0,0.9756,0.8368
2023-06,41287,고양시 일산서구,아파트,231,688,39500.0,26000.0,1685.0,1131.0,0.6582,0.6713
2023-06,41287,고양시 일산서구,연립다세대,8,29,17250.0,16000.0,1119.0,896.0,0.9275,0.8007
2023-06,41290,과천시,아파트,60,189,140000.0,60000.0,6508.0,2345.0,0.4286,0.3604
2023-06,41290,과천시,연립다세대,11,50,55000.0,35000.0,2874.0,2029.0,0.6364,0.7059
2023-06,41310,구리시,아파트,74,299,61900.0,30000.0,2817.0,1460.0,0.4847,0.5184
2023-06,41310,구리시,연립다세대,14,51,26900.0,13000.0,2445.0,940.0,0.4833,0.3846
2023-06,41360,남양주시,아파트,433,1102,44000.0,29884.0,1716.0,1168.0,0.6792,0.6808
2023-06,41360,남양주시,연립다세대,85,139,14000.0,11000.0,829.0,694.0,0.7857,0.8373
2023-06,41370,오산시,아파트,182,253,35000.0,23000.0,1437.0,980.0,0.6571,0.6819
2023-06,41370,오산시,연립다세대,51,48,6150.0,8750.0,1075.0,872.0,1.4228,0.8111
2023-06,41390,시흥시,아파트,502,752,35150.0,23000.0,1613.0,1033.0,0.6543,0.6404
2023-06,41390,시흥시,연립다세대,54,92,12000.0,8000.0,888.0,698.0,0.6667,0.7867
2023-06,41410,군포시,아파트,221,410,40500.0,22750.0,2180.0,1293.0,0.5617,0.5931
2023-06,41410,군포시,연립다세대,26,59,17850.0,12700.0,1493.0,993.0,0.7115,0.6646
2023-06,41430,의왕시,아파트,113,298,58500.0,38000.0,2520.0,1655.0,0.6496,0.6567
2023-06,41430,의왕시,연립다세대,15,44,23850.0,18450.0,1826.0,1096.0,0.7736,0.6001
2023-06,41450,하남시,아파트,290,723,77250.0,48000.0,3440.0,1948.0,0.6214,0.5661
2023-06,41450,하남시,연립다세대,4,39,29250.0,22500.0,1858.0,1368.0,0.7692,0.7362
2023-06,41461,용인시 처인구,아파트,133,255,30400.0,21000.0,1439.0,969.0,0.6908,0.6733
2023-06,41461,용인시 처인구,연립다세대,108,71,11000.0,9900.0,830.0,622.0,0.9,0.7489
2023-06,41463,용인시 기흥구,아파트,376,773,52000.0,32000.0,1977.0,1284.0,0.6154,0.6493
2023-06,41463,용인시 기흥구,연립다세대,47,71,9415.0,16000.0,1328.0,1233.0,1.6994,0.9282
2023-06,41465,용인시 수지구,아파트,446,766,71000.0,45000.0,2813.0,1712.0,0.6338,0.6086
2023-06,41465,용인시 수지구,연립다세대,13,42,28200.0,21000.0,2046.0,1358.0,0.7447,0.664
2023-06,41480,파주시,아파트,350,503,36950.0,25000.0,1381.0,1012.0,0.6766,0.733
2023-06,41480,파주시,연립다세대,56,53,17500.0,14000.0,883.0,939.0,0.8,1.0634
2023-06,41500,이천시,아파트,99,181,20700.0,20000.0,994.0,932.0,0.9662,0.9378
2023-06,41500,이천시,연립다세대,39,41,9989.0,11500.0,560.0,783.0,1.1513,1.3987
2023-06,41550,안성시,아파트,160,262,16144.0,13250.0,933.0,738.0,0.8207,0.7906
2023-06,41550,안성시,연립다세대,13,8,7000.0,6500.0,401.0,605.0,0.9286,1.5074
2023-06,41570,김포시,아파트,428,663,42800.0,26000.0,1749.0,1063.0,0.6075,0.6076
2023-06,41570,김포시,연립다세대,20,56,9900.0,25000.0,641.0,1125.0,2.5253,1.755
2023-06,41591,화성시 만세구,아파트,118,323,35150.0,17300.0,1450.0,732.0,0.4922,0.5047
2023-06,41591,화성시 만세구,연립다세대,37,13,13400.0,10000.0,669.0,700.0,0.7463,1.0458
2023-06,41593,화성시 효행구,아파트,93,150,30700.0,20000.0,1229.0,994.0,0.6515,0.8089
2023-06,41593,화성시 효행구,연립다세대,14,5,9500.0,10000.0,452.0,671.0,1.0526,1.4841
2023-06,41595,화성시 병점구,아파트,173,313,35000.0,23000.0,1450.0,1011.0,0.6571,0.6972
2023-06,41595,화성시 병점구,연립다세대,8,48,8700.0,11000.0,655.0,1289.0,1.2644,1.9665
2023-06,41597,화성시 동탄구,아파트,389,710,59900.0,30000.0,2526.0,1340.0,0.5008,0.5304
2023-06,41597,화성시 동탄구,연립다세대,9,2,57500.0,34750.0,2245.0,1355.0,0.6043,0.6035
2023-06,41610,광주시,아파트,148,350,43400.0,28000.0,1824.0,1138.0,0.6452,0.6241
2023-06,41610,광주시,연립다세대,168,175,16500.0,14800.0,946.0,849.0,0.897,0.8974
2023-06,41630,양주시,아파트,233,469,25750.0,16500.0,1147.0,712.0,0.6408,0.6205
2023-06,41630,양주시,연립다세대,23,12,7280.0,4739.0,450.0,337.0,0.651,0.7493
2023-06,41650,포천시,아파트,60,64,17600.0,13750.0,832.0,685.0,0.7813,0.8228
2023-06,41650,포천시,연립다세대,38,16,7100.0,6500.0,372.0,508.0,0.9155,1.3642
2023-06,41670,여주시,아파트,64,88,13700.0,13000.0,754.0,666.0,0.9489,0.8825
2023-06,41670,여주시,연립다세대,55,11,10907.0,8000.0,641.0,510.0,0.7335,0.7965
2023-06,41800,연천군,아파트,23,27,9500.0,14000.0,605.0,617.0,1.4737,1.0203
2023-06,41800,연천군,연립다세대,3,3,5000.0,5000.0,368.0,268.0,1.0,0.73
2023-06,41820,가평군,아파트,7,14,26000.0,17000.0,1012.0,801.0,0.6538,0.7911
2023-06,41820,가평군,연립다세대,14,15,11000.0,11000.0,645.0,563.0,1.0,0.872
2023-06,41830,양평군,아파트,19,71,30000.0,20000.0,1264.0,896.0,0.6667,0.709
2023-06,41830,양평군,연립다세대,19,28,14000.0,13000.0,870.0,771.0,0.9286,0.8859
2023-07,11110,종로구,아파트,22,107,127500.0,55000.0,4243.0,2483.0,0.4314,0.5851
2023-07,11110,종로구,연립다세대,24,79,39500.0,26000.0,2042.0,1330.0,0.6582,0.6511
2023-07,11140,중구,아파트,65,178,95000.0,50300.0,4446.0,2620.0,0.5295,0.5894
2023-07,11140,중구,연립다세대,17,55,32000.0,24900.0,2805.0,2254.0,0.7781,0.8038
2023-07,11170,용산구,아파트,51,344,200000.0,60000.0,6700.0,2472.0,0.3,0.369
2023-07,11170,용산구,연립다세대,58,291,66000.0,23500.0,6003.0,2505.0,0.3561,0.4173
2023-07,11200,성동구,아파트,201,581,115000.0,57300.0,5403.0,2412.0,0.4983,0.4465
2023-07,11200,성동구,연립다세대,20,167,36000.0,22000.0,2959.0,2535.0,0.6111,0.8567
2023-07,11215,광진구,아파트,66,303,114500.0,60000.0,5078.0,2592.0,0.524,0.5104
2023-07,11215,광진구,연립다세대,82,368,34150.0,24700.0,2510.0,2234.0,0.7233,0.8902
2023-07,11230,동대문구,아파트,153,498,78850.0,46150.0,3526.0,2047.0,0.5853,0.5804
2023-07,11230,동대문구,연립다세대,67,190,31000.0,22000.0,2548.0,2091.0,0.7097,0.8203
2023-07,11260,중랑구,아파트,88,306,56250.0,35000.0,2946.0,1754.0,0.6222,0.5954
2023-07,11260,중랑구,연립다세대,75,258,28500.0,20000.0,2576.0,2079.0,0.7018,0.8073
2023-07,11290,성북구,아파트,177,505,74500.0,42000.0,3346.0,1945.0,0.5638,0.5813
2023-07,11290,성북구,연립다세대,74,222,28250.0,20000.0,2392.0,1690.0,0.708,0.7065
2023-07,11305,강북구,아파트,64,186,63000.0,36500.0,2742.0,1556.0,0.5794,0.5674
2023-07,11305,강북구,연립다세대,89,181,21000.0,13000.0,1428.0,1010.0,0.619,0.7073
2023-07,11320,도봉구,아파트,118,378,50300.0,26700.0,2312.0,1304.0,0.5308,0.5641
2023-07,11320,도봉구,연립다세대,125,169,27700.0,14000.0,1959.0,1034.0,0.5054,0.5278
2023-07,11350,노원구,아파트,280,1135,56000.0,25000.0,3203.0,1441.0,0.4464,0.4498
2023-07,11350,노원구,연립다세대,18,84,28750.0,13000.0,1980.0,1035.0,0.4522,0.5228
2023-07,11380,은평구,아파트,143,636,79000.0,44000.0,3629.0,2030.0,0.557,0.5595
2023-07,11380,은평구,연립다세대,153,463,27000.0,18000.0,1992.0,1344.0,0.6667,0.6746
2023-07,11410,서대문구,아파트,153,413,84000.0,48000.0,4071.0,2086.0,0.5714,0.5125
2023-07,11410,서대문구,연립다세대,48,127,29900.0,18000.0,2123.0,1102.0,0.602,0.5192
2023-07,11440,마포구,아파트,181,564,116000.0,58000.0,5273.0,2465.0,0.5,0.4675
2023-07,11440,마포구,연립다세대,109,386,34000.0,22000.0,3018.0,2287.0,0.6471,0.7579
2023-07,11470,양천구,아파트,164,624,106000.0,47000.0,4421.0,2149.0,0.4434,0.4861
2023-07,11470,양천구,연립다세대,94,283,26750.0,19000.0,1985.0,1440.0,0.7103,0.7253
2023-07,11500,강서구,아파트,148,747,70000.0,40000.0,3860.0,1930.0,0.5714,0.5001
2023-07,11500,강서구,연립다세대,153,490,24500.0,18100.0,1872.0,1480.0,0.7388,0.7909
2023-07,11530,구로구,아파트,145,402,65400.0,36000.0,3152.0,1701.0,0.5505,0.5397
2023-07,11530,구로구,연립다세대,76,148,25000.0,16000.0,1700.0,1106.0,0.64,0.6506
2023-07,11545,금천구,아파트,64,129,54950.0,31500.0,2401.0,1603.0,0.5732,0.6675
2023-07,11545,금천구,연립다세대,60,143,25625.0,19500.0,2078.0,1892.0,0.761,0.9104
2023-07,11560,영등포구,아파트,169,564,96900.0,46000.0,4434.0,2144.0,0.4747,0.4835
2023-07,11560,영등포구,연립다세대,76,139,31175.0,23000.0,3227.0,2492.0,0.7378,0.7722
2023-07,11590,동작구,아파트,145,485,104000.0,57000.0,4477.0,2396.0,0.5481,0.5351
2023-07,11590,동작구,연립다세대,128,229,34025.0,23000.0,2693.0,1748.0,0.676,0.6492
2023-07,11620,관악구,아파트,99,326,75000.0,42000.0,3346.0,1922.0,0.56,0.5744
2023-07,11620,관악구,연립다세대,77,227,23900.0,20000.0,1696.0,1444.0,0.8368,0.8513
2023-07,11650,서초구,아파트,187,949,203000.0,89000.0,7277.0,3380.0,0.4384,0.4644
2023-07,11650,서초구,연립다세대,57,325,45700.0,30000.0,4640.0,2477.0,0.6565,0.5339
2023-07,11680,강남구,아파트,238,1175,214000.0,73000.0,8942.0,2935.0,0.3411,0.3282
2023-07,11680,강남구,연립다세대,48,301,49000.0,30000.0,5112.0,2507.0,0.6122,0.4904
2023-07,11710,송파구,아파트,267,966,146000.0,60000.0,6070.0,2516.0,0.411,0.4146
2023-07,11710,송파구,연립다세대,81,588,32000.0,22500.0,2557.0,1832.0,0.7031,0.7165
2023-07,11740,강동구,아파트,207,712,109000.0,50000.0,4739.0,2333.0,0.4587,0.4923
2023-07,11740,강동구,연립다세대,133,359,34100.0,23000.0,3189.0,2229.0,0.6745,0.699
2023-07,41111,수원시 장안구,아파트,172,337,41675.0,27000.0,1957.0,1299.0,0.6479,0.6634
2023-07,41111,수원시 장안구,연립다세대,49,68,14500.0,9375.0,1105.0,774.0,0.6466,0.7008
2023-07,41113,수원시 권선구,아파트,233,437,42900.0,25000.0,1987.0,1168.0,0.5828,0.5876
2023-07,41113,수원시 권선구,연립다세대,43,131,14000.0,12000.0,951.0,881.0,0.8571,0.9258
2023-07,41115,수원시 팔달구,아파트,88,436,49500.0,27750.0,2279.0,1494.0,0.5606,0.6555
2023-07,41115,수원시 팔달구,연립다세대,55,125,15700.0,13000.0,1356.0,1239.0,0.828,0.9136
2023-07,41117,수원시 영통구,아파트,429,905,51200.0,32000.0,2259.0,1381.0,0.625,0.6113
2023-07,41117,수원시 영통구,연립다세대,13,31,35400.0,16000.0,1950.0,1509.0,0.452,0.7739
2023-07,41131,성남시 수정구,아파트,80,319,98000.0,50000.0,4450.0,2205.0,0.5102,0.4954
2023-07,41131,성남시 수정구,연립다세대,32,55,22600.0,16000.0,1671.0,1027.0,0.708,0.6149
2023-07,41133,성남시 중원구,아파트,59,162,64000.0,40000.0,2877.0,1751.0,0.625,0.6085
2023-07,41133,성남시 중원구,연립다세대,28,152,22250.0,13000.0,1493.0,935.0,0.5843,0.6258
2023-07,41135,성남시 분당구,아파트,359,924,120000.0,57000.0,4891.0,2370.0,0.475,0.4845
2023-07,41135,성남시 분당구,연립다세대,21,73,71000.0,40000.0,2918.0,1753.0,0.5634,0.6006
2023-07,41150,의정부시,아파트,355,578,33000.0,20000.0,1472.0,1023.0,0.6061,0.6953
2023-07,41150,의정부시,연립다세대,35,96,14500.0,10350.0,875.0,717.0,0.7138,0.8188
2023-07,41171,안양시 만안구,아파트,101,251,51750.0,31500.0,2722.0,1614.0,0.6087,0.5929
2023-07,41171,안양시 만안구,연립다세대,57,117,21500.0,13000.0,1501.0,982.0,0.6047,0.6543
2023-07,41173,안양시 동안구,아파트,265,690,63000.0,33000.0,3202.0,1687.0,0.5238,0.5267
2023-07,41173,안양시 동안구,연립다세대,28,68,51200.0,14000.0,2631.0,1203.0,0.2734,0.4574
2023-07,41192,부천시 원미구,아파트,259,392,49500.0,27250.0,2263.0,1399.0,0.5505,0.6181
2023-07,41192,부천시 원미구,연립다세대,64,95,19400.0,12000.0,1290.0,836.0,0.6186,0.6477
2023-07,41194,부천시 소사구,아파트,132,263,49000.0,27000.0,2074.0,1365.0,0.551,0.6582
2023-07,41194,부천시 소사구,연립다세대,51,68,17000.0,12000.0,1266.0,828.0,0.7059,0.6541
2023-07,41196,부천시 오정구,아파트,43,113,30000.0,18000.0,1597.0,961.0,0.6,0.6021
2023-07,41196,부천시 오정구,연립다세대,95,102,13200.0,10150.0,1015.0,772.0,0.7689,0.761
2023-07,41210,광명시,아파트,179,534,63000.0,34000.0,3127.0,1642.0,0.5397,0.5252
2023-07,41210,광명시,연립다세대,47,54,33800.0,17000.0,2080.0,1112.0,0.503,0.5347
2023-07,41220,평택시,아파트,625,855,31500.0,20000.0,1430.0,935.0,0.6349,0.6538
2023-07,41220,평택시,연립다세대,85,64,10000.0,7000.0,715.0,554.0,0.7,0.7745
2023-07,41250,동두천시,아파트,70,99,18500.0,12000.0,900.0,663.0,0.6486,0.7367
2023-07,41250,동두천시,연립다세대,21,11,5300.0,6000.0,386.0,526.0,1.1321,1.3649
2023-07,41271,안산시 상록구,아파트,134,271,36700.0,20500.0,1754.0,958.0,0.5586,0.5461
2023-07,41271,안산시 상록구,연립다세대,162,171,13000.0,11000.0,775.0,664.0,0.8462,0.8573
2023-07,41273,안산시 단원구,아파트,244,529,43975.0,26000.0,1853.0,1274.0,0.5912,0.6875
2023-07,41273,안산시 단원구,연립다세대,73,55,14800.0,10000.0,868.0,668.0,0.6757,0.7696
2023-07,41281,고양시 덕양구,아파트,290,703,51500.0,28000.0,2040.0,1268.0,0.5437,0.6213
2023-07,41281,고양시 덕양구,연립다세대,73,122,13900.0,13000.0,1104.0,902.0,0.9353,0.8171
2023-07,41285,고양시 일산동구,아파트,175,426,52000.0,31000.0,1831.0,1266.0,0.5962,0.6913
2023-07,41285,고양시 일산동구,연립다세대,30,36,23000.0,25500.0,1351.0,1169.0,1.1087,0.8648
2023-07,41287,고양시 일산서구,아파트,267,621,38800.0,25000.0,1643.0,1101.0,0.6443,0.6701
2023-07,41287,고양시 일산서구,연립다세대,8,30,27500.0,14450.0,1497.0,924.0,0.5255,0.617
2023-07,41290,과천시,아파트,45,121,150000.0,67000.0,6295.0,2723.0,0.4467,0.4325
2023-07,41290,과천시,연립다세대,24,34,59750.0,34000.0,3489.0,1989.0,0.569,0.57
2023-07,41310,구리시,아파트,69,317,60000.0,30000.0,2692.0,1486.0,0.5,0.5519
2023-07,41310,구리시,연립다세대,14,59,33500.0,14000.0,2181.0,1116.0,0.4179,0.5115
2023-07,41360,남양주시,아파트,406,1184,42775.0,28000.0,1699.0,1137.0,0.6546,0.6692
2023-07,41360,남양주시,연립다세대,78,134,13850.0,10400.0,830.0,659.0,0.7509,0.7936
2023-07,41370,오산시,아파트,201,235,32350.0,23000.0,1378.0,993.0,0.711,0.7211
2023-07,41370,오산시,연립다세대,23,34,9300.0,9450.0,938.0,928.0,1.0161,0.9887
2023-07,41390,시흥시,아파트,468,740,37000.0,23000.0,1598.0,1083.0,0.6216,0.6774
2023-07,41390,시흥시,연립다세대,55,81,13500.0,10000.0,864.0,612.0,0.7407,0.7088
2023-07,41410,군포시,아파트,186,424,42000.0,22000.0,2223.0,1301.0,0.5238,0.5851
2023-07,41410,군포시,연립다세대,18,79,24250.0,12500.0,1391.0,1075.0,0.5155,0.7731
2023-07,41430,의왕시,아파트,127,336,63800.0,38000.0,2667.0,1595.0,0.5956,0.598
2023-07,41430,의왕시,연립다세대,17,35,28300.0,13500.0,1906.0,1262.0,0.477,0.6622
2023-07,41450,하남시,아파트,198,627,84000.0,50000.0,3561.0,2030.0,0.5952,0.57
2023-07,41450,하남시,연립다세대,7,32,51500.0,20000.0,2364.0,1596.0,0.3883,0.6749
2023-07,41461,용인시 처인구,아파트,106,247,33200.0,21000.0,1459.0,1014.0,0.6325,0.695
2023-07,41461,용인시 처인구,연립다세대,72,73,10500.0,10000.0,699.0,681.0,0.9524,0.9739
2023-07,41463,용인시 기흥구,아파트,316,897,52000.0,32000.0,2055.0,1284.0,0.6154,0.6247
2023-07,41463,용인시 기흥구,연립다세대,33,65,19000.0,16000.0,1129.0,1146.0,0.8421,1.0149
2023-07,41465,용인시 수지구,아파트,415,766,70500.0,45000.0,2812.0,1693.0,0.6383,0.6019
2023-07,41465,용인시 수지구,연립다세대,14,35,35450.0,25500.0,1961.0,1620.0,0.7193,0.8261
2023-07,41480,파주시,아파트,330,572,38200.0,25425.0,1422.0,1056.0,0.6656,0.743
2023-07,41480,파주시,연립다세대,58,52,17500.0,13550.0,998.0,824.0,0.7743,0.8262
2023-07,41500,이천시,아파트,86,168,18900.0,22500.0,918.0,989.0,1.1905,1.0771
2023-07,41500,이천시,연립다세대,25,44,9900.0,11000.0,546.0,734.0,1.1111,1.3447
2023-07,41550,안성시,아파트,159,228,16000.0,12500.0,959.0,747.0,0.7813,0.7783
2023-07,41550,안성시,연립다세대,12,6,8100.0,7100.0,460.0,534.0,0.8765,1.1621
2023-07,41570,김포시,아파트,419,766,44075.0,26000.0,1751.0,1092.0,0.5899,0.6236
2023-07,41570,김포시,연립다세대,28,45,12400.0,20000.0,683.0,1142.0,1.6129,1.6722
2023-07,41591,화성시 만세구,아파트,131,314,36000.0,20000.0,1401.0,797.0,0.5556,0.5689
2023-07,41591,화성시 만세구,연립다세대,32,19,11500.0,10000.0,670.0,644.0,0.8696,0.9607
2023-07,41593,화성시 효행구,아파트,114,199,31000.0,20000.0,1246.0,934.0,0.6452,0.7494
2023-07,41593,화성시 효행구,연립다세대,15,6,8000.0,8000.0,461.0,695.0,1.0,1.5055
2023-07,41595,화성시 병점구,아파트,153,257,36500.0,24000.0,1462.0,995.0,0.6575,0.6806
2023-07,41595,화성시 병점구,연립다세대,6,44,9900.0,12500.0,578.0,1325.0,1.2626,2.2916
2023-07,41597,화성시 동탄구,아파트,397,760,61500.0,33000.0,2528.0,1390.0,0.5366,0.55
2023-07,41597,화성시 동탄구,연립다세대,2,7,67000.0,49000.0,2608.0,1910.0,0.7313,0.7323
2023-07,41610,광주시,아파트,156,311,44600.0,27000.0,1875.0,1123.0,0.6054,0.5987
2023-07,41610,광주시,연립다세대,136,159,17000.0,15000.0,914.0,829.0,0.8824,0.9072
2023-07,41630,양주시,아파트,216,455,25000.0,17000.0,1061.0,705.0,0.68,0.6641
2023-07,41630,양주시,연립다세대,40,10,4931.0,6250.0,480.0,377.0,1.2675,0.7855
2023-07,41650,포천시,아파트,63,48,15800.0,13000.0,800.0,568.0,0.8228,0.7099
2023-07,41650,포천시,연립다세대,35,21,8850.0,7500.0,451.0,428.0,0.8475,0.9507
2023-07,41670,여주시,아파트,74,86,17650.0,17000.0,772.0,740.0,0.9632,0.9592
2023-07,41670,여주시,연립다세대,55,9,10854.0,7000.0,664.0,456.0,0.6449,0.6863
2023-07,41800,연천군,아파트,21,20,16500.0,13000.0,804.0,559.0,0.7879,0.6949
2023-07,41800,연천군,연립다세대,7,3,5500.0,5000.0,351.0,232.0,0.9091,0.6606
2023-07,41820,가평군,아파트,15,21,19000.0,17000.0,829.0,794.0,0.8947,0.9582
2023-07,41820,가평군,연립다세대,14,22,7300.0,10750.0,438.0,705.0,1.4726,1.6105
2023-07,41830,양평군,아파트,20,99,30500.0,22000.0,1257.0,926.0,0.7213,0.7367
2023-07,41830,양평군,연립다세대,21,44,16000.0,12000.0,752.0,693.0,0.75,0.9221
2023-08,11110,종로구,아파트,36,116,147750.0,49500.0,4669.0,2445.0,0.335,0.5236
2023-08,11110,종로구,연립다세대,27,74,43000.0,26100.0,2314.0,1445.0,0.607,0.6244
2023-08,11140,중구,아파트,61,190,104500.0,55000.0,4665.0,2643.0,0.5263,0.5666
2023-08,11140,중구,연립다세대,18,62,29500.0,25000.0,2541.0,2376.0,0.8475,0.9353
2023-08,11170,용산구,아파트,59,305,189000.0,60500.0,6999.0,2532.0,0.3201,0.3617
2023-08,11170,용산구,연립다세대,54,286,56000.0,23000.0,5077.0,2402.0,0.4107,0.4732
2023-08,11200,성동구,아파트,174,494,125000.0,59000.0,5695.0,2566.0,0.472,0.4506
2023-08,11200,성동구,연립다세대,21,111,36000.0,25000.0,3982.0,2680.0,0.6944,0.673
2023-08,11215,광진구,아파트,79,270,113500.0,60000.0,5071.0,2722.0,0.5286,0.5368
2023-08,11215,광진구,연립다세대,73,354,37700.0,25000.0,2729.0,2357.0,0.6631,0.8637
2023-08,11230,동대문구,아파트,140,392,79750.0,49150.0,3618.0,2213.0,0.6163,0.6115
2023-08,11230,동대문구,연립다세대,31,151,39000.0,22000.0,2807.0,2316.0,0.5641,0.8252
2023-08,11260,중랑구,아파트,72,331,62000.0,35000.0,2920.0,1694.0,0.5645,0.5801
2023-08,11260,중랑구,연립다세대,96,260,28000.0,21550.0,2781.0,2044.0,0.7696,0.7351
2023-08,11290,성북구,아파트,201,476,74000.0,42975.0,3368.0,1977.0,0.5807,0.5871
2023-08,11290,성북구,연립다세대,134,178,35950.0,19890.0,2584.0,1971.0,0.5533,0.763
2023-08,11305,강북구,아파트,186,167,17300.0,37000.0,3251.0,1602.0,2.1387,0.4928
2023-08,11305,강북구,연립다세대,94,153,22000.0,14000.0,1613.0,981.0,0.6364,0.6084
2023-08,11320,도봉구,아파트,110,378,50000.0,30000.0,2630.0,1364.0,0.6,0.5185
2023-08,11320,도봉구,연립다세대,71,137,18000.0,13500.0,1318.0,990.0,0.75,0.7515
2023-08,11350,노원구,아파트,304,1044,56000.0,25000.0,3174.0,1453.0,0.4464,0.4576
2023-08,11350,노원구,연립다세대,26,80,24750.0,13000.0,1729.0,1223.0,0.5253,0.7074
2023-08,11380,은평구,아파트,158,605,80000.0,45000.0,3476.0,2023.0,0.5625,0.5819
2023-08,11380,은평구,연립다세대,159,478,29000.0,18500.0,2259.0,1325.0,0.6379,0.5866
2023-08,11410,서대문구,아파트,158,346,88750.0,47000.0,4010.0,2166.0,0.5296,0.5402
2023-08,11410,서대문구,연립다세대,69,140,24000.0,19000.0,2098.0,1221.0,0.7917,0.5821
2023-08,11440,마포구,아파트,168,555,117500.0,58000.0,5257.0,2607.0,0.4936,0.4959
2023-08,11440,마포구,연립다세대,80,322,40000.0,23000.0,3517.0,2244.0,0.575,0.6382
2023-08,11470,양천구,아파트,186,857,105750.0,34500.0,4775.0,1723.0,0.3262,0.3607
2023-08,11470,양천구,연립다세대,91,289,25800.0,17500.0,1794.0,1327.0,0.6783,0.7397
2023-08,11500,강서구,아파트,191,709,71000.0,40000.0,3625.0,1965.0,0.5634,0.5421
2023-08,11500,강서구,연립다세대,175,513,23500.0,18900.0,1904.0,1597.0,0.8043,0.8386
2023-08,11530,구로구,아파트,154,519,69750.0,32000.0,3170.0,1518.0,0.4588,0.4786
2023-08,11530,구로구,연립다세대,56,157,27500.0,17200.0,2102.0,1254.0,0.6255,0.5968
2023-08,11545,금천구,아파트,56,168,52650.0,30275.0,2518.0,1658.0,0.575,0.6585
2023-08,11545,금천구,연립다세대,81,128,27300.0,19000.0,2162.0,1970.0,0.696,0.9111
2023-08,11560,영등포구,아파트,184,557,95000.0,47500.0,4464.0,2150.0,0.5,0.4817
2023-08,11560,영등포구,연립다세대,35,121,30000.0,23250.0,3196.0,2568.0,0.775,0.8036
2023-08,11590,동작구,아파트,136,451,110000.0,57000.0,4633.0,2303.0,0.5182,0.4971
2023-08,11590,동작구,연립다세대,121,212,32500.0,23000.0,2978.0,1775.0,0.7077,0.596
2023-08,11620,관악구,아파트,113,302,75500.0,42000.0,3467.0,1952.0,0.5563,0.5632
2023-08,11620,관악구,연립다세대,91,204,27000.0,20000.0,1854.0,1680.0,0.7407,0.9062
2023-08,11650,서초구,아파트,195,1040,223800.0,68000.0,8015.0,2830.0,0.3038,0.3531
2023-08,11650,서초구,연립다세대,67,347,55000.0,30870.0,4639.0,2671.0,0.5613,0.5758
2023-08,11680,강남구,아파트,267,1173,213000.0,74000.0,9002.0,3037.0,0.3474,0.3374
2023-08,11680,강남구,연립다세대,56,259,58000.0,29000.0,4371.0,2444.0,0.5,0.5592
2023-08,11710,송파구,아파트,262,909,164500.0,60900.0,6360.0,2591.0,0.3702,0.4074
2023-08,11710,송파구,연립다세대,98,551,34700.0,23400.0,2593.0,1827.0,0.6744,0.7047
2023-08,11740,강동구,아파트,219,719,105000.0,49050.0,4843.0,2302.0,0.4671,0.4753
2023-08,11740,강동구,연립다세대,92,351,32101.0,23000.0,2742.0,2309.0,0.7165,0.8421
2023-08,41111,수원시 장안구,아파트,164,395,46000.0,26500.0,1973.0,1267.0,0.5761,0.6424
2023-08,41111,수원시 장안구,연립다세대,76,68,15650.0,10000.0,1105.0,738.0,0.639,0.6677
2023-08,41113,수원시 권선구,아파트,290,439,43100.0,25300.0,1945.0,1167.0,0.587,0.6001
2023-08,41113,수원시 권선구,연립다세대,49,128,14800.0,13000.0,940.0,1042.0,0.8784,1.1086
2023-08,41115,수원시 팔달구,아파트,121,522,43000.0,26300.0,2252.0,1609.0,0.6116,0.7146
2023-08,41115,수원시 팔달구,연립다세대,38,111,14325.0,12500.0,1013.0,1202.0,0.8726,1.1871
2023-08,41117,수원시 영통구,아파트,432,873,52600.0,33000.0,2284.0,1467.0,0.6274,0.6422
2023-08,41117,수원시 영통구,연립다세대,10,31,33500.0,18980.0,1935.0,1046.0,0.5666,0.5405
2023-08,41131,성남시 수정구,아파트,88,310,107000.0,48755.0,4520.0,2260.0,0.4557,0.5
2023-08,41131,성남시 수정구,연립다세대,73,68,32040.0,19000.0,1994.0,1079.0,0.593,0.5409
2023-08,41133,성남시 중원구,아파트,76,167,66000.0,37000.0,3129.0,1654.0,0.5606,0.5285
2023-08,41133,성남시 중원구,연립다세대,28,136,22675.0,13000.0,1600.0,998.0,0.5733,0.6236
2023-08,41135,성남시 분당구,아파트,310,926,111850.0,57381.0,4743.0,2329.0,0.513,0.4911
2023-08,41135,성남시 분당구,연립다세대,15,78,80000.0,36750.0,3439.0,1759.0,0.4594,0.5114
2023-08,41150,의정부시,아파트,401,607,32000.0,20000.0,1517.0,1040.0,0.625,0.6857
2023-08,41150,의정부시,연립다세대,62,110,14000.0,10425.0,944.0,716.0,0.7446,0.7583
2023-08,41171,안양시 만안구,아파트,123,210,52800.0,35000.0,2483.0,1653.0,0.6629,0.6657
2023-08,41171,안양시 만안구,연립다세대,59,104,19800.0,13000.0,1413.0,1033.0,0.6566,0.7307
2023-08,41173,안양시 동안구,아파트,284,570,60000.0,35000.0,3154.0,1730.0,0.5833,0.5485
2023-08,41173,안양시 동안구,연립다세대,27,79,28000.0,14000.0,2133.0,1167.0,0.5,0.547
2023-08,41192,부천시 원미구,아파트,184,414,48500.0,27000.0,2227.0,1422.0,0.5567,0.6385
2023-08,41192,부천시 원미구,연립다세대,71,102,18700.0,12450.0,1204.0,862.0,0.6658,0.7158
2023-08,41194,부천시 소사구,아파트,151,219,47800.0,34000.0,2123.0,1454.0,0.7113,0.6845
2023-08,41194,부천시 소사구,연립다세대,51,71,18400.0,12500.0,1124.0,833.0,0.6793,0.7409
2023-08,41196,부천시 오정구,아파트,45,108,30000.0,19875.0,1544.0,1000.0,0.6625,0.6479
2023-08,41196,부천시 오정구,연립다세대,79,154,15400.0,10000.0,1053.0,768.0,0.6494,0.729
2023-08,41210,광명시,아파트,197,579,56000.0,32900.0,3254.0,1670.0,0.5875,0.5132
2023-08,41210,광명시,연립다세대,51,87,30000.0,17000.0,1894.0,1099.0,0.5667,0.5802
2023-08,41220,평택시,아파트,626,799,32000.0,20000.0,1498.0,917.0,0.625,0.6121
2023-08,41220,평택시,연립다세대,59,93,10500.0,8500.0,580.0,575.0,0.8095,0.9918
2023-08,41250,동두천시,아파트,65,137,17500.0,13000.0,879.0,693.0,0.7429,0.7886
2023-08,41250,동두천시,연립다세대,24,25,7900.0,9000.0,383.0,652.0,1.1392,1.7005
2023-08,41271,안산시 상록구,아파트,139,251,38500.0,20000.0,1718.0,973.0,0.5195,0.5663
2023-08,41271,안산시 상록구,연립다세대,126,144,14500.0,11000.0,738.0,665.0,0.7586,0.9016
2023-08,41273,안산시 단원구,아파트,246,428,44600.0,26250.0,1971.0,1267.0,0.5886,0.643
2023-08,41273,안산시 단원구,연립다세대,68,76,16600.0,10400.0,830.0,698.0,0.6265,0.8413
2023-08,41281,고양시 덕양구,아파트,354,637,51950.0,29400.0,2124.0,1313.0,0.5659,0.6181
2023-08,41281,고양시 덕양구,연립다세대,80,80,17250.0,13000.0,1111.0,789.0,0.7536,0.7102
2023-08,41285,고양시 일산동구,아파트,145,386,48000.0,31000.0,1949.0,1277.0,0.6458,0.6551
2023-08,41285,고양시 일산동구,연립다세대,29,54,29000.0,23475.0,1521.0,993.0,0.8095,0.6526
2023-08,41287,고양시 일산서구,아파트,264,677,38800.0,25500.0,1716.0,1131.0,0.6572,0.6593
2023-08,41287,고양시 일산서구,연립다세대,23,39,19500.0,17600.0,1251.0,923.0,0.9026,0.7375
2023-08,41290,과천시,아파트,56,146,146500.0,71000.0,6821.0,2867.0,0.4846,0.4204
2023-08,41290,과천시,연립다세대,19,40,56000.0,36750.0,3688.0,2086.0,0.6563,0.5656
2023-08,41310,구리시,아파트,73,283,60000.0,30850.0,2769.0,1536.0,0.5142,0.5546
2023-08,41310,구리시,연립다세대,12,50,32300.0,16000.0,1989.0,1133.0,0.4954,0.5696
2023-08,41360,남양주시,아파트,482,1165,43500.0,28665.0,1769.0,1167.0,0.659,0.6597
2023-08,41360,남양주시,연립다세대,103,154,14000.0,11000.0,868.0,676.0,0.7857,0.7788
2023-08,41370,오산시,아파트,210,257,31850.0,22000.0,1309.0,1003.0,0.6907,0.7664
2023-08,41370,오산시,연립다세대,29,37,15900.0,9000.0,806.0,722.0,0.566,0.8958
2023-08,41390,시흥시,아파트,535,698,35300.0,22000.0,1626.0,1056.0,0.6232,0.6495
2023-08,41390,시흥시,연립다세대,50,108,11025.0,9000.0,782.0,670.0,0.8163,0.8561
2023-08,41410,군포시,아파트,204,408,43250.0,23000.0,2180.0,1331.0,0.5318,0.6104
2023-08,41410,군포시,연립다세대,21,67,22500.0,12000.0,1690.0,1073.0,0.5333,0.6349
2023-08,41430,의왕시,아파트,123,296,63500.0,40000.0,2723.0,1711.0,0.6299,0.6283
2023-08,41430,의왕시,연립다세대,15,52,29500.0,12500.0,2053.0,1081.0,0.4237,0.5267
2023-08,41450,하남시,아파트,212,633,78900.0,51000.0,3502.0,2133.0,0.6464,0.6092
2023-08,41450,하남시,연립다세대,6,51,22000.0,22050.0,1542.0,1515.0,1.0023,0.9827
2023-08,41461,용인시 처인구,아파트,114,210,30500.0,23000.0,1413.0,1051.0,0.7541,0.7441
2023-08,41461,용인시 처인구,연립다세대,69,65,13000.0,9000.0,777.0,745.0,0.6923,0.9582
2023-08,41463,용인시 기흥구,아파트,329,719,52000.0,33000.0,2045.0,1276.0,0.6346,0.6241
2023-08,41463,용인시 기흥구,연립다세대,23,74,18500.0,15218.0,1138.0,1167.0,0.8226,1.0254
2023-08,41465,용인시 수지구,아파트,426,688,73000.0,47000.0,2787.0,1718.0,0.6438,0.6165
2023-08,41465,용인시 수지구,연립다세대,10,37,28600.0,21000.0,1855.0,1435.0,0.7343,0.7733
2023-08,41480,파주시,아파트,339,548,36450.0,26250.0,1340.0,1063.0,0.7202,0.7931
2023-08,41480,파주시,연립다세대,54,52,17245.0,14750.0,1007.0,813.0,0.8553,0.8081
2023-08,41500,이천시,아파트,126,187,21650.0,17000.0,1039.0,830.0,0.7852,0.7997
2023-08,41500,이천시,연립다세대,34,30,9300.0,10200.0,525.0,714.0,1.0968,1.3608
2023-08,41550,안성시,아파트,208,195,15500.0,13000.0,907.0,758.0,0.8387,0.8357
2023-08,41550,안성시,연립다세대,15,7,5500.0,10000.0,385.0,481.0,1.8182,1.2485
2023-08,41570,김포시,아파트,441,682,44000.0,27000.0,1723.0,1103.0,0.6136,0.64
2023-08,41570,김포시,연립다세대,31,37,13400.0,20700.0,935.0,1157.0,1.5448,1.2374
2023-08,41591,화성시 만세구,아파트,122,516,35500.0,17300.0,1397.0,797.0,0.4873,0.5704
2023-08,41591,화성시 만세구,연립다세대,34,15,14250.0,10000.0,730.0,585.0,0.7018,0.8008
2023-08,41593,화성시 효행구,아파트,125,162,30000.0,23000.0,1228.0,975.0,0.7667,0.794
2023-08,41593,화성시 효행구,연립다세대,16,7,12800.0,7000.0,608.0,725.0,0.5469,1.1922
2023-08,41595,화성시 병점구,아파트,169,279,35500.0,25000.0,1440.0,1070.0,0.7042,0.7427
2023-08,41595,화성시 병점구,연립다세대,21,58,12500.0,10500.0,1293.0,1144.0,0.84,0.8847
2023-08,41597,화성시 동탄구,아파트,409,583,61000.0,34000.0,2542.0,1445.0,0.5574,0.5683
2023-08,41597,화성시 동탄구,연립다세대,5,11,43500.0,38000.0,1693.0,1484.0,0.8736,0.8763
2023-08,41610,광주시,아파트,155,307,39000.0,30000.0,1556.0,1233.0,0.7692,0.7927
2023-08,41610,광주시,연립다세대,157,190,19000.0,14600.0,1058.0,829.0,0.7684,0.7827
2023-08,41630,양주시,아파트,237,421,28200.0,17000.0,1245.0,709.0,0.6028,0.5695
2023-08,41630,양주시,연립다세대,19,17,9200.0,6500.0,492.0,446.0,0.7065,0.9069
2023-08,41650,포천시,아파트,62,47,15200.0,13000.0,765.0,641.0,0.8553,0.8379
2023-08,41650,포천시,연립다세대,31,17,10500.0,8000.0,631.0,410.0,0.7619,0.6497
2023-08,41670,여주시,아파트,64,101,15000.0,17500.0,777.0,850.0,1.1667,1.0941
2023-08,41670,여주시,연립다세대,26,14,11800.0,9000.0,682.0,548.0,0.7627,0.8028
2023-08,41800,연천군,아파트,10,19,13400.0,14000.0,788.0,564.0,1.0448,0.716
2023-08,41800,연천군,연립다세대,4,2,5025.0,8000.0,318.0,363.0,1.592,1.1392
2023-08,41820,가평군,아파트,18,42,20350.0,15750.0,881.0,793.0,0.774,0.8999
2023-08,41820,가평군,연립다세대,17,26,10500.0,11750.0,567.0,691.0,1.119,1.2193
2023-08,41830,양평군,아파트,25,76,30500.0,19000.0,1351.0,898.0,0.623,0.6644
2023-08,41830,양평군,연립다세대,18,28,15500.0,13000.0,1034.0,757.0,0.8387,0.7319
2023-09,11110,종로구,아파트,44,106,92750.0,51000.0,3772.0,2433.0,0.5499,0.6451
2023-09,11110,종로구,연립다세대,28,78,40950.0,22000.0,2234.0,1322.0,0.5372,0.5917
2023-09,11140,중구,아파트,53,168,107000.0,56800.0,4646.0,2757.0,0.5308,0.5933
2023-09,11140,중구,연립다세대,12,61,35025.0,23000.0,3325.0,1705.0,0.6567,0.5128
2023-09,11170,용산구,아파트,60,293,158250.0,59000.0,6596.0,2474.0,0.3728,0.3751
2023-09,11170,용산구,연립다세대,37,259,52000.0,23000.0,5056.0,2291.0,0.4423,0.4531
2023-09,11200,성동구,아파트,168,472,133250.0,58800.0,5953.0,2600.0,0.4413,0.4367
2023-09,11200,성동구,연립다세대,20,102,45000.0,25000.0,3393.0,2485.0,0.5556,0.7325
2023-09,11215,광진구,아파트,75,227,112000.0,55000.0,5433.0,2604.0,0.4911,0.4793
2023-09,11215,광진구,연립다세대,77,362,40000.0,25000.0,2616.0,2401.0,0.625,0.9179
2023-09,11230,동대문구,아파트,128,357,80000.0,45000.0,3644.0,2140.0,0.5625,0.5873
2023-09,11230,동대문구,연립다세대,23,133,33000.0,22500.0,2627.0,2428.0,0.6818,0.9244
2023-09,11260,중랑구,아파트,99,319,59500.0,35000.0,2821.0,1715.0,0.5882,0.6079
2023-09,11260,중랑구,연립다세대,86,270,30450.0,21000.0,2495.0,2026.0,0.6897,0.812
2023-09,11290,성북구,아파트,180,470,76750.0,42000.0,3352.0,1937.0,0.5472,0.578
2023-09,11290,성북구,연립다세대,47,178,33000.0,20000.0,2567.0,1485.0,0.6061,0.5785
2023-09,11305,강북구,아파트,49,152,65300.0,36650.0,2770.0,1717.0,0.5613,0.62
2023-09,11305,강북구,연립다세대,121,155,19000.0,14300.0,1411.0,1009.0,0.7526,0.715
2023-09,11320,도봉구,아파트,101,300,51000.0,28500.0,2421.0,1390.0,0.5588,0.574
2023-09,11320,도봉구,연립다세대,75,130,19500.0,13550.0,1311.0,1031.0,0.6949,0.7864
2023-09,11350,노원구,아파트,254,1081,57000.0,26000.0,3243.0,1479.0,0.4561,0.4562
2023-09,11350,노원구,연립다세대,49,79,18500.0,17000.0,1715.0,1079.0,0.9189,0.6291
2023-09,11380,은평구,아파트,120,556,77400.0,46500.0,3726.0,2023.0,0.6008,0.543
2023-09,11380,은평구,연립다세대,158,415,25000.0,18600.0,1805.0,1268.0,0.744,0.7027
2023-09,11410,서대문구,아파트,142,326,83000.0,48000.0,3848.0,2206.0,0.5783,0.5733
2023-09,11410,서대문구,연립다세대,60,140,25000.0,19000.0,1770.0,1260.0,0.76,0.712
2023-09,11440,마포구,아파트,141,518,118500.0,55000.0,5141.0,2452.0,0.4641,0.4769
2023-09,11440,마포구,연립다세대,114,320,41500.0,23000.0,3596.0,2087.0,0.5542,0.5804
2023-09,11470,양천구,아파트,175,655,120000.0,46000.0,5511.0,2209.0,0.3833,0.4008
2023-09,11470,양천구,연립다세대,125,313,25000.0,18300.0,2314.0,1436.0,0.732,0.6205
2023-09,11500,강서구,아파트,191,785,72000.0,37406.0,3540.0,1906.0,0.5195,0.5385
2023-09,11500,강서구,연립다세대,188,489,24300.0,18700.0,1926.0,1652.0,0.7695,0.858
2023-09,11530,구로구,아파트,144,530,65250.0,30000.0,2916.0,1515.0,0.4598,0.5195
2023-09,11530,구로구,연립다세대,99,137,26300.0,16000.0,1980.0,1123.0,0.6084,0.5671
2023-09,11545,금천구,아파트,54,138,56000.0,34000.0,2577.0,1588.0,0.6071,0.6162
2023-09,11545,금천구,연립다세대,63,117,25800.0,19000.0,2206.0,1758.0,0.7364,0.7971
2023-09,11560,영등포구,아파트,176,568,100000.0,49800.0,4490.0,2280.0,0.498,0.5077
2023-09,11560,영등포구,연립다세대,60,121,26900.0,23000.0,2515.0,2433.0,0.855,0.9675
2023-09,11590,동작구,아파트,122,440,105000.0,57000.0,4326.0,2376.0,0.5429,0.5493
2023-09,11590,동작구,연립다세대,105,207,34100.0,23900.0,2571.0,1822.0,0.7009,0.7088
2023-09,11620,관악구,아파트,110,277,74000.0,40000.0,3443.0,1901.0,0.5405,0.5521
2023-09,11620,관악구,연립다세대,111,211,25000.0,19000.0,1715.0,1688.0,0.76,0.9842
2023-09,11650,서초구,아파트,147,866,227000.0,90000.0,8719.0,3321.0,0.3965,0.3809
2023-09,11650,서초구,연립다세대,66,323,62500.0,31000.0,4948.0,2471.0,0.496,0.4993
2023-09,11680,강남구,아파트,196,1135,200000.0,80000.0,8380.0,3157.0,0.4,0.3768
2023-09,11680,강남구,연립다세대,46,229,37250.0,29750.0,5127.0,2578.0,0.7987,0.5028
2023-09,11710,송파구,아파트,261,992,154000.0,62000.0,6036.0,2552.0,0.4026,0.4228
2023-09,11710,송파구,연립다세대,120,545,34525.0,25000.0,2768.0,1866.0,0.7241,0.6742
2023-09,11740,강동구,아파트,181,807,100000.0,50000.0,4667.0,2221.0,0.5,0.4758
2023-09,11740,강동구,연립다세대,99,348,33000.0,23000.0,2797.0,2121.0,0.697,0.7583
2023-09,41111,수원시 장안구,아파트,171,362,43000.0,28000.0,1987.0,1271.0,0.6512,0.6394
2023-09,41111,수원시 장안구,연립다세대,52,68,13100.0,9700.0,924.0,729.0,0.7405,0.7893
2023-09,41113,수원시 권선구,아파트,212,468,40000.0,26000.0,1824.0,1212.0,0.65,0.6647
2023-09,41113,수원시 권선구,연립다세대,58,118,17000.0,13000.0,1080.0,1004.0,0.7647,0.9292
2023-09,41115,수원시 팔달구,아파트,117,287,39900.0,27500.0,1975.0,1323.0,0.6892,0.6697
2023-09,41115,수원시 팔달구,연립다세대,54,92,17150.0,14213.0,1154.0,1075.0,0.8287,0.9313
2023-09,41117,수원시 영통구,아파트,355,702,53700.0,30435.0,2334.0,1458.0,0.5668,0.6247
2023-09,41117,수원시 영통구,연립다세대,9,30,25000.0,16000.0,1382.0,1493.0,0.64,1.08
2023-09,41131,성남시 수정구,아파트,65,359,90000.0,48000.0,3580.0,2315.0,0.5333,0.6466
2023-09,41131,성남시 수정구,연립다세대,32,69,24600.0,16000.0,1579.0,1044.0,0.6504,0.6615
2023-09,41133,성남시 중원구,아파트,47,156,62500.0,35000.0,3069.0,1590.0,0.56,0.518
2023-09,41133,성남시 중원구,연립다세대,32,135,26000.0,14000.0,1640.0,986.0,0.5385,0.6016
2023-09,41135,성남시 분당구,아파트,299,871,125000.0,59000.0,4829.0,2369.0,0.472,0.4906
2023-09,41135,성남시 분당구,연립다세대,10,78,72250.0,44000.0,2730.0,1946.0,0.609,0.7128
2023-09,41150,의정부시,아파트,346,557,30000.0,20000.0,1436.0,992.0,0.6667,0.6905
2023-09,41150,의정부시,연립다세대,69,101,12500.0,11000.0,846.0,731.0,0.88,0.8635
2023-09,41171,안양시 만안구,아파트,147,232,50500.0,32000.0,2663.0,1559.0,0.6337,0.5854
2023-09,41171,안양시 만안구,연립다세대,51,132,19300.0,13000.0,1216.0,1032.0,0.6736,0.8488
2023-09,41173,안양시 동안구,아파트,259,624,60000.0,35000.0,3144.0,1752.0,0.5833,0.5571
2023-09,41173,안양시 동안구,연립다세대,22,101,31900.0,13550.0,2378.0,1168.0,0.4248,0.4913
2023-09,41192,부천시 원미구,아파트,186,464,50000.0,27000.0,2319.0,1430.0,0.54,0.6167
2023-09,41192,부천시 원미구,연립다세대,62,90,17650.0,13000.0,1183.0,868.0,0.7365,0.7335
2023-09,41194,부천시 소사구,아파트,106,203,46900.0,27000.0,2109.0,1557.0,0.5757,0.7382
2023-09,41194,부천시 소사구,연립다세대,59,83,15000.0,12500.0,1110.0,852.0,0.8333,0.768
2023-09,41196,부천시 오정구,아파트,41,79,29500.0,23000.0,1478.0,999.0,0.7797,0.6758
2023-09,41196,부천시 오정구,연립다세대,109,157,13800.0,10000.0,1111.0,773.0,0.7246,0.6958
2023-09,41210,광명시,아파트,145,576,67000.0,35000.0,3234.0,1661.0,0.5224,0.5136
2023-09,41210,광명시,연립다세대,51,72,27400.0,16000.0,1815.0,1114.0,0.5839,0.6139
2023-09,41220,평택시,아파트,524,814,32000.0,21000.0,1488.0,973.0,0.6563,0.654
2023-09,41220,평택시,연립다세대,54,82,10150.0,8000.0,645.0,646.0,0.7882,1.0016
2023-09,41250,동두천시,아파트,79,107,16500.0,13000.0,875.0,656.0,0.7879,0.75
2023-09,41250,동두천시,연립다세대,28,22,5550.0,7800.0,382.0,447.0,1.4054,1.1719
2023-09,41271,안산시 상록구,아파트,133,243,37000.0,20000.0,1823.0,1007.0,0.5405,0.5522
2023-09,41271,안산시 상록구,연립다세대,160,139,12925.0,11000.0,689.0,673.0,0.8511,0.9759
2023-09,41273,안산시 단원구,아파트,208,313,43750.0,26000.0,1984.0,1262.0,0.5943,0.6358
2023-09,41273,안산시 단원구,연립다세대,63,81,18000.0,10200.0,879.0,691.0,0.5667,0.7857
2023-09,41281,고양시 덕양구,아파트,303,628,50000.0,29250.0,2105.0,1329.0,0.585,0.6312
2023-09,41281,고양시 덕양구,연립다세대,79,104,19000.0,10000.0,1298.0,783.0,0.5263,0.6035
2023-09,41285,고양시 일산동구,아파트,155,401,50000.0,32000.0,1880.0,1319.0,0.64,0.7013
2023-09,41285,고양시 일산동구,연립다세대,31,40,22400.0,24300.0,1697.0,1117.0,1.0848,0.6584
2023-09,41287,고양시 일산서구,아파트,257,623,39800.0,26000.0,1677.0,1167.0,0.6533,0.6961
2023-09,41287,고양시 일산서구,연립다세대,15,22,20000.0,18000.0,1222.0,901.0,0.9,0.7375
2023-09,41290,과천시,아파트,42,112,146000.0,77000.0,6982.0,3121.0,0.5274,0.447
2023-09,41290,과천시,연립다세대,12,28,53250.0,37150.0,3101.0,1888.0,0.6977,0.6088
2023-09,41310,구리시,아파트,88,279,64250.0,31000.0,2737.0,1592.0,0.4825,0.5817
2023-09,41310,구리시,연립다세대,13,55,33000.0,15000.0,2101.0,1101.0,0.4545,0.524
2023-09,41360,남양주시,아파트,446,1087,43000.0,28000.0,1788.0,1167.0,0.6512,0.6526
2023-09,41360,남양주시,연립다세대,97,190,15000.0,10000.0,939.0,675.0,0.6667,0.7189
2023-09,41370,오산시,아파트,174,237,32100.0,25000.0,1406.0,1059.0,0.7788,0.7533
2023-09,41370,오산시,연립다세대,35,27,23650.0,9000.0,1465.0,971.0,0.3805,0.6626
2023-09,41390,시흥시,아파트,403,644,32900.0,23000.0,1517.0,1086.0,0.6991,0.7159
2023-09,41390,시흥시,연립다세대,63,127,13000.0,10000.0,853.0,662.0,0.7692,0.7767
2023-09,41410,군포시,아파트,197,393,45200.0,23000.0,2195.0,1323.0,0.5088,0.6025
2023-09,41410,군포시,연립다세대,31,74,24000.0,12000.0,1652.0,999.0,0.5,0.6051
2023-09,41430,의왕시,아파트,84,296,64275.0,40000.0,2902.0,1661.0,0.6223,0.5724
2023-09,41430,의왕시,연립다세대,8,40,27474.0,13650.0,1963.0,1093.0,0.4968,0.5567
2023-09,41450,하남시,아파트,182,516,85250.0,50000.0,3681.0,2147.0,0.5865,0.5835
2023-09,41450,하남시,연립다세대,6,26,55000.0,26550.0,2649.0,1402.0,0.4827,0.5291
2023-09,41461,용인시 처인구,아파트,141,179,32000.0,23000.0,1376.0,993.0,0.7188,0.7218
2023-09,41461,용인시 처인구,연립다세대,95,90,14000.0,10000.0,772.0,743.0,0.7143,0.9621
2023-09,41463,용인시 기흥구,아파트,370,718,53000.0,34000.0,1984.0,1324.0,0.6415,0.6676
2023-09,41463,용인시 기흥구,연립다세대,27,76,23000.0,19000.0,1386.0,1210.0,0.8261,0.8732
2023-09,41465,용인시 수지구,아파트,387,698,71500.0,47300.0,2789.0,1786.0,0.6615,0.6403
2023-09,41465,용인시 수지구,연립다세대,7,41,24000.0,24000.0,1725.0,1546.0,1.0,0.8962
2023-09,41480,파주시,아파트,309,505,35700.0,26000.0,1378.0,1051.0,0.7283,0.7629
2023-09,41480,파주시,연립다세대,64,41,15675.0,14800.0,944.0,845.0,0.9442,0.8948
2023-09,41500,이천시,아파트,135,188,25000.0,21100.0,1080.0,997.0,0.844,0.9228
2023-09,41500,이천시,연립다세대,31,37,9600.0,9000.0,562.0,669.0,0.9375,1.189
2023-09,41550,안성시,아파트,160,158,17000.0,14000.0,957.0,759.0,0.8235,0.7935
2023-09,41550,안성시,연립다세대,22,3,10250.0,6000.0,492.0,505.0,0.5854,1.0263
2023-09,41570,김포시,아파트,420,669,43500.0,27000.0,1755.0,1103.0,0.6207,0.6284
2023-09,41570,김포시,연립다세대,31,38,13500.0,15500.0,725.0,1002.0,1.1481,1.3825
2023-09,41591,화성시 만세구,아파트,113,471,32500.0,17980.0,1351.0,797.0,0.5532,0.5899
2023-09,41591,화성시 만세구,연립다세대,43,14,9500.0,8500.0,568.0,540.0,0.8947,0.9513
2023-09,41593,화성시 효행구,아파트,91,165,29500.0,24000.0,1226.0,1014.0,0.8136,0.8272
2023-09,41593,화성시 효행구,연립다세대,14,8,11750.0,8325.0,650.0,612.0,0.7085,0.9418
2023-09,41595,화성시 병점구,아파트,153,233,37000.0,25000.0,1540.0,1110.0,0.6757,0.7207
2023-09,41595,화성시 병점구,연립다세대,10,45,11750.0,11300.0,806.0,1330.0,0.9617,1.6487
2023-09,41597,화성시 동탄구,아파트,312,603,63900.0,35000.0,2726.0,1517.0,0.5477,0.5567
2023-09,41597,화성시 동탄구,연립다세대,3,13,97000.0,38000.0,3080.0,1481.0,0.3918,0.4808
2023-09,41610,광주시,아파트,149,302,41000.0,30000.0,1666.0,1245.0,0.7317,0.7473
2023-09,41610,광주시,연립다세대,136,160,18800.0,15000.0,1083.0,843.0,0.7979,0.778
2023-09,41630,양주시,아파트,235,392,28000.0,18000.0,1163.0,765.0,0.6429,0.658
2023-09,41630,양주시,연립다세대,20,21,9300.0,6000.0,643.0,504.0,0.6452,0.7839
2023-09,41650,포천시,아파트,57,79,17100.0,12000.0,811.0,613.0,0.7018,0.7564
2023-09,41650,포천시,연립다세대,30,18,8200.0,7000.0,441.0,444.0,0.8537,1.0068
2023-09,41670,여주시,아파트,69,98,17500.0,18000.0,761.0,762.0,1.0286,1.0021
2023-09,41670,여주시,연립다세대,33,18,4580.0,10000.0,779.0,586.0,2.1834,0.7524
2023-09,41800,연천군,아파트,10,11,18900.0,12000.0,735.0,603.0,0.6349,0.8197
2023-09,41800,연천군,연립다세대,7,4,5600.0,3000.0,353.0,201.0,0.5357,0.5677
2023-09,41820,가평군,아파트,17,55,18500.0,16000.0,790.0,827.0,0.8649,1.0463
2023-09,41820,가평군,연립다세대,21,14,7800.0,12450.0,658.0,770.0,1.5962,1.1698
2023-09,41830,양평군,아파트,28,105,26750.0,20000.0,1196.0,895.0,0.7477,0.7488
2023-09,41830,양평군,연립다세대,11,41,16500.0,13000.0,767.0,746.0,0.7879,0.9723
2023-10,11110,종로구,아파트,28,109,96000.0,58000.0,3329.0,2452.0,0.6042,0.7367
2023-10,11110,종로구,연립다세대,21,88,45000.0,28700.0,2288.0,1638.0,0.6378,0.7157
2023-10,11140,중구,아파트,39,171,100000.0,57300.0,4259.0,2724.0,0.573,0.6396
2023-10,11140,중구,연립다세대,16,49,29000.0,24000.0,2788.0,2045.0,0.8276,0.7333
2023-10,11170,용산구,아파트,62,278,191500.0,60000.0,7034.0,2615.0,0.3133,0.3717
2023-10,11170,용산구,연립다세대,32,325,57500.0,23675.0,5138.0,2193.0,0.4117,0.4269
2023-10,11200,성동구,아파트,93,540,129000.0,60000.0,5447.0,2693.0,0.4651,0.4944
2023-10,11200,성동구,연립다세대,26,134,37850.0,20000.0,3059.0,2141.0,0.5284,0.6999
2023-10,11215,광진구,아파트,38,275,139000.0,62000.0,4978.0,2723.0,0.446,0.5471
2023-10,11215,광진구,연립다세대,86,392,37900.0,24300.0,2655.0,2363.0,0.6412,0.89
2023-10,11230,동대문구,아파트,86,360,76250.0,46500.0,3499.0,2117.0,0.6098,0.6051
2023-10,11230,동대문구,연립다세대,30,128,34346.0,21000.0,2209.0,2049.0,0.6114,0.9276
2023-10,11260,중랑구,아파트,69,320,59900.0,35350.0,3171.0,1757.0,0.5902,0.5543
2023-10,11260,중랑구,연립다세대,84,227,27500.0,21000.0,2070.0,2039.0,0.7636,0.9851
2023-10,11290,성북구,아파트,128,476,74600.0,45500.0,3304.0,2018.0,0.6099,0.6108
2023-10,11290,성북구,연립다세대,57,219,31000.0,18770.0,2159.0,1786.0,0.6055,0.8273
2023-10,11305,강북구,아파트,85,150,34700.0,35000.0,2956.0,1600.0,1.0086,0.5411
2023-10,11305,강북구,연립다세대,116,162,23400.0,13000.0,1621.0,1004.0,0.5556,0.6195
2023-10,11320,도봉구,아파트,82,344,49125.0,27000.0,2337.0,1365.0,0.5496,0.5841
2023-10,11320,도봉구,연립다세대,59,140,19000.0,13000.0,1220.0,992.0,0.6842,0.8129
2023-10,11350,노원구,아파트,193,1170,53000.0,25000.0,3173.0,1504.0,0.4717,0.4739
2023-10,11350,노원구,연립다세대,21,86,19500.0,13150.0,1546.0,1109.0,0.6744,0.7174
2023-10,11380,은평구,아파트,98,583,65000.0,45000.0,3108.0,1954.0,0.6923,0.6286
2023-10,11380,은평구,연립다세대,140,443,26050.0,18000.0,1933.0,1278.0,0.691,0.6614
2023-10,11410,서대문구,아파트,76,361,78000.0,50000.0,3707.0,2316.0,0.641,0.6247
2023-10,11410,서대문구,연립다세대,44,155,28500.0,19000.0,1717.0,1292.0,0.6667,0.7523
2023-10,11440,마포구,아파트,82,573,109400.0,58000.0,4635.0,2588.0,0.5302,0.5583
2023-10,11440,마포구,연립다세대,128,321,34650.0,22400.0,3211.0,2087.0,0.6465,0.6501
2023-10,11470,양천구,아파트,103,798,118500.0,46250.0,5050.0,2199.0,0.3903,0.4354
2023-10,11470,양천구,연립다세대,121,341,27500.0,18270.0,2066.0,1335.0,0.6644,0.6462
2023-10,11500,강서구,아파트,125,856,67500.0,38000.0,3192.0,1947.0,0.563,0.6101
2023-10,11500,강서구,연립다세대,201,461,22000.0,17760.0,1583.0,1466.0,0.8073,0.9258
2023-10,11530,구로구,아파트,117,547,60000.0,33000.0,2906.0,1560.0,0.55,0.537
2023-10,11530,구로구,연립다세대,91,172,25100.0,16100.0,1959.0,1089.0,0.6414,0.5559
2023-10,11545,금천구,아파트,46,163,57450.0,32000.0,2803.0,1568.0,0.557,0.5593
2023-10,11545,금천구,연립다세대,65,114,25500.0,18290.0,2048.0,1692.0,0.7173,0.8261
2023-10,11560,영등포구,아파트,109,553,93500.0,51000.0,4441.0,2233.0,0.5455,0.5029
2023-10,11560,영등포구,연립다세대,61,163,39500.0,22000.0,4736.0,2490.0,0.557,0.5257
2023-10,11590,동작구,아파트,91,528,106800.0,58000.0,4170.0,2342.0,0.5431,0.5616
2023-10,11590,동작구,연립다세대,135,251,38200.0,25000.0,2587.0,1874.0,0.6545,0.7242
2023-10,11620,관악구,아파트,69,330,76000.0,42000.0,3153.0,1948.0,0.5526,0.6177
2023-10,11620,관악구,연립다세대,118,249,30750.0,20000.0,2094.0,1530.0,0.6504,0.7306
2023-10,11650,서초구,아파트,87,949,195000.0,80000.0,7079.0,3251.0,0.4103,0.4593
2023-10,11650,서초구,연립다세대,57,369,59000.0,31000.0,4223.0,2353.0,0.5254,0.5572
2023-10,11680,강남구,아파트,138,1324,220000.0,80000.0,8954.0,3194.0,0.3636,0.3567
2023-10,11680,강남구,연립다세대,32,291,48500.0,28300.0,4624.0,2481.0,0.5835,0.5367
2023-10,11710,송파구,아파트,146,1086,165500.0,64000.0,6131.0,2582.0,0.3867,0.4212
2023-10,11710,송파구,연립다세대,79,583,32500.0,24000.0,2217.0,1832.0,0.7385,0.8265
2023-10,11740,강동구,아파트,117,894,98500.0,50050.0,4383.0,2370.0,0.5081,0.5408
2023-10,11740,강동구,연립다세대,92,360,33100.0,22000.0,3255.0,2170.0,0.6647,0.6667
2023-10,41111,수원시 장안구,아파트,132,409,43450.0,30000.0,1958.0,1325.0,0.6904,0.6766
2023-10,41111,수원시 장안구,연립다세대,48,64,14900.0,11000.0,938.0,761.0,0.7383,0.8117
2023-10,41113,수원시 권선구,아파트,199,435,41600.0,27000.0,1949.0,1268.0,0.649,0.6505
2023-10,41113,수원시 권선구,연립다세대,59,104,12850.0,12000.0,827.0,1096.0,0.9339,1.3247
2023-10,41115,수원시 팔달구,아파트,99,290,51250.0,27000.0,2393.0,1290.0,0.5268,0.539
2023-10,41115,수원시 팔달구,연립다세대,48,114,15875.0,14000.0,1122.0,1150.0,0.8819,1.0257
2023-10,41117,수원시 영통구,아파트,253,775,52600.0,34000.0,2307.0,1543.0,0.6464,0.6688
2023-10,41117,수원시 영통구,연립다세대,7,28,30000.0,15150.0,2083.0,1118.0,0.505,0.5369
2023-10,41131,성남시 수정구,아파트,28,362,96000.0,49000.0,4183.0,2370.0,0.5104,0.5665
2023-10,41131,성남시 수정구,연립다세대,22,75,26750.0,16000.0,1652.0,1000.0,0.5981,0.6052
2023-10,41133,성남시 중원구,아파트,40,181,61925.0,36000.0,3417.0,1595.0,0.5813,0.4669
2023-10,41133,성남시 중원구,연립다세대,37,139,24300.0,13000.0,1611.0,987.0,0.535,0.6124
2023-10,41135,성남시 분당구,아파트,156,1100,109000.0,60000.0,4657.0,2383.0,0.5505,0.5117
2023-10,41135,성남시 분당구,연립다세대,10,101,97500.0,39000.0,3508.0,1948.0,0.4,0.5552
2023-10,41150,의정부시,아파트,275,512,30800.0,20000.0,1479.0,993.0,0.6494,0.6713
2023-10,41150,의정부시,연립다세대,50,125,13500.0,10000.0,929.0,680.0,0.7407,0.7313
2023-10,41171,안양시 만안구,아파트,98,214,49250.0,35000.0,2235.0,1619.0,0.7107,0.7246
2023-10,41171,안양시 만안구,연립다세대,60,136,22500.0,13000.0,1497.0,1019.0,0.5778,0.6805
2023-10,41173,안양시 동안구,아파트,200,812,59945.0,37000.0,2985.0,1782.0,0.6172,0.5969
2023-10,41173,안양시 동안구,연립다세대,16,97,31000.0,14000.0,2268.0,1196.0,0.4516,0.5275
2023-10,41192,부천시 원미구,아파트,186,456,48500.0,27000.0,2282.0,1450.0,0.5567,0.6351
2023-10,41192,부천시 원미구,연립다세대,68,119,18250.0,13400.0,1170.0,908.0,0.7342,0.7762
2023-10,41194,부천시 소사구,아파트,102,190,47850.0,29600.0,2024.0,1431.0,0.6186,0.707
2023-10,41194,부천시 소사구,연립다세대,41,63,16000.0,12300.0,1136.0,864.0,0.7688,0.7606
2023-10,41196,부천시 오정구,아파트,34,67,24000.0,15000.0,1518.0,934.0,0.625,0.6155
2023-10,41196,부천시 오정구,연립다세대,94,108,14300.0,9435.0,1003.0,743.0,0.6598,0.7406
2023-10,41210,광명시,아파트,117,573,62500.0,35000.0,3058.0,1681.0,0.56,0.5496
2023-10,41210,광명시,연립다세대,42,80,27250.0,14600.0,2079.0,1090.0,0.5358,0.5245
2023-10,41220,평택시,아파트,461,845,29900.0,21000.0,1277.0,987.0,0.7023,0.7731
2023-10,41220,평택시,연립다세대,99,68,6500.0,7500.0,784.0,540.0,1.1538,0.6878
2023-10,41250,동두천시,아파트,70,92,16600.0,13000.0,878.0,677.0,0.7831,0.7713
2023-10,41250,동두천시,연립다세대,7,8,7200.0,5950.0,509.0,388.0,0.8264,0.7625
2023-10,41271,안산시 상록구,아파트,98,244,34450.0,22000.0,1658.0,977.0,0.6386,0.5892
2023-10,41271,안산시 상록구,연립다세대,181,128,13200.0,10000.0,693.0,660.0,0.7576,0.9525
2023-10,41273,안산시 단원구,아파트,164,330,39350.0,27000.0,1911.0,1284.0,0.6861,0.6718
2023-10,41273,안산시 단원구,연립다세대,68,44,17250.0,11000.0,982.0,726.0,0.6377,0.7394
2023-10,41281,고양시 덕양구,아파트,237,606,45000.0,30000.0,1988.0,1404.0,0.6667,0.7059
2023-10,41281,고양시 덕양구,연립다세대,69,111,15800.0,11000.0,999.0,814.0,0.6962,0.8147
2023-10,41285,고양시 일산동구,아파트,165,416,45800.0,37000.0,1791.0,1343.0,0.8079,0.75
2023-10,41285,고양시 일산동구,연립다세대,25,46,20500.0,25000.0,1389.0,1167.0,1.2195,0.8398
2023-10,41287,고양시 일산서구,아파트,198,699,38500.0,27000.0,1629.0,1188.0,0.7013,0.729
2023-10,41287,고양시 일산서구,연립다세대,18,27,18150.0,14700.0,1213.0,896.0,0.8099,0.7386
2023-10,41290,과천시,아파트,20,152,153500.0,73525.0,6564.0,3113.0,0.479,0.4742
2023-10,41290,과천시,연립다세대,11,39,55000.0,35000.0,3885.0,2029.0,0.6364,0.5223
2023-10,41310,구리시,아파트,57,273,63500.0,32000.0,2764.0,1567.0,0.5039,0.5671
2023-10,41310,구리시,연립다세대,7,59,39000.0,15000.0,2499.0,1059.0,0.3846,0.4239
2023-10,41360,남양주시,아파트,325,1146,40000.0,25055.0,1665.0,1091.0,0.6264,0.6552
2023-10,41360,남양주시,연립다세대,91,155,12300.0,11000.0,774.0,687.0,0.8943,0.8887
2023-10,41370,오산시,아파트,221,275,31300.0,23000.0,1377.0,994.0,0.7348,0.7222
2023-10,41370,오산시,연립다세대,47,44,9000.0,11000.0,1398.0,905.0,1.2222,0.6473
2023-10,41390,시흥시,아파트,341,713,32700.0,22000.0,1538.0,1054.0,0.6728,0.6856
2023-10,41390,시흥시,연립다세대,75,93,10000.0,9770.0,1003.0,679.0,0.977,0.6773
2023-10,41410,군포시,아파트,158,459,38000.0,23100.0,2139.0,1331.0,0.6079,0.6223
2023-10,41410,군포시,연립다세대,36,79,23800.0,13000.0,1607.0,1038.0,0.5462,0.646
2023-10,41430,의왕시,아파트,123,383,52250.0,35000.0,2347.0,1487.0,0.6699,0.6333
2023-10,41430,의왕시,연립다세대,9,46,27000.0,13000.0,2155.0,1226.0,0.4815,0.5689
2023-10,41450,하남시,아파트,125,544,81800.0,52250.0,3620.0,2191.0,0.6388,0.6052
2023-10,41450,하남시,연립다세대,11,29,35000.0,21415.0,2467.0,1223.0,0.6119,0.4958
2023-10,41461,용인시 처인구,아파트,125,221,30700.0,24000.0,1511.0,1102.0,0.7818,0.7294
2023-10,41461,용인시 처인구,연립다세대,87,85,11500.0,9500.0,748.0,636.0,0.8261,0.8501
2023-10,41463,용인시 기흥구,아파트,254,783,49000.0,34000.0,1936.0,1362.0,0.6939,0.7037
2023-10,41463,용인시 기흥구,연립다세대,21,70,18300.0,15000.0,1052.0,1238.0,0.8197,1.1767
2023-10,41465,용인시 수지구,아파트,212,820,73250.0,47000.0,2755.0,1774.0,0.6416,0.6437
2023-10,41465,용인시 수지구,연립다세대,36,22,8085.0,23000.0,1835.0,1693.0,2.8448,0.9231
2023-10,41480,파주시,아파트,257,646,35800.0,27000.0,1350.0,1079.0,0.7542,0.7991
2023-10,41480,파주시,연립다세대,57,54,17500.0,15000.0,969.0,805.0,0.8571,0.8311
2023-10,41500,이천시,아파트,110,173,23200.0,17000.0,1079.0,875.0,0.7328,0.811
2023-10,41500,이천시,연립다세대,39,39,7400.0,11000.0,467.0,793.0,1.4865,1.6981
2023-10,41550,안성시,아파트,152,201,15300.0,13000.0,895.0,774.0,0.8497,0.8658
2023-10,41550,안성시,연립다세대,19,4,6600.0,7500.0,384.0,448.0,1.1364,1.1651
2023-10,41570,김포시,아파트,368,639,42900.0,28000.0,1751.0,1158.0,0.6527,0.6615
2023-10,41570,김포시,연립다세대,32,26,13000.0,18000.0,825.0,1206.0,1.3846,1.4613
2023-10,41591,화성시 만세구,아파트,110,551,35000.0,17980.0,1373.0,797.0,0.5137,0.5804
2023-10,41591,화성시 만세구,연립다세대,27,15,14500.0,9000.0,779.0,470.0,0.6207,0.6031
2023-10,41593,화성시 효행구,아파트,69,168,31500.0,22000.0,1239.0,895.0,0.6984,0.7228
2023-10,41593,화성시 효행구,연립다세대,16,15,12150.0,9000.0,730.0,462.0,0.7407,0.6327
2023-10,41595,화성시 병점구,아파트,141,224,34500.0,25500.0,1440.0,1089.0,0.7391,0.7565
2023-10,41595,화성시 병점구,연립다세대,11,31,6800.0,10500.0,421.0,1344.0,1.5441,3.1927
2023-10,41597,화성시 동탄구,아파트,217,603,60000.0,36000.0,2510.0,1537.0,0.6,0.6125
2023-10,41597,화성시 동탄구,연립다세대,4,9,44250.0,40000.0,1722.0,1573.0,0.904,0.9135
2023-10,41610,광주시,아파트,118,322,37100.0,30000.0,1470.0,1221.0,0.8086,0.8308
2023-10,41610,광주시,연립다세대,162,143,17500.0,13000.0,1021.0,727.0,0.7429,0.7119
2023-10,41630,양주시,아파트,220,337,28750.0,18000.0,1213.0,718.0,0.6261,0.5922
2023-10,41630,양주시,연립다세대,19,18,7000.0,5750.0,537.0,349.0,0.8214,0.6497
2023-10,41650,포천시,아파트,56,81,19550.0,14000.0,924.0,717.0,0.7161,0.7758
2023-10,41650,포천시,연립다세대,29,38,6500.0,8250.0,399.0,366.0,1.2692,0.9178
2023-10,41670,여주시,아파트,68,90,17700.0,17000.0,828.0,746.0,0.9605,0.9011
2023-10,41670,여주시,연립다세대,14,10,8475.0,11000.0,592.0,600.0,1.2979,1.0125
2023-10,41800,연천군,아파트,15,16,12000.0,12500.0,620.0,573.0,1.0417,0.9249
2023-10,41800,연천군,연립다세대,8,1,4650.0,4000.0,278.0,269.0,0.8602,0.9696
2023-10,41820,가평군,아파트,23,37,20000.0,18000.0,845.0,827.0,0.9,0.9779
2023-10,41820,가평군,연립다세대,16,14,9450.0,11300.0,473.0,519.0,1.1958,1.0961
2023-10,41830,양평군,아파트,31,108,28000.0,21000.0,1138.0,978.0,0.75,0.859
2023-10,41830,양평군,연립다세대,16,35,17750.0,12000.0,950.0,636.0,0.6761,0.6698
2023-11,11110,종로구,아파트,23,128,75500.0,59000.0,3513.0,2506.0,0.7815,0.7135
2023-11,11110,종로구,연립다세대,23,86,35700.0,22500.0,1962.0,1483.0,0.6303,0.7557
2023-11,11140,중구,아파트,37,168,82000.0,67350.0,3939.0,2913.0,0.8213,0.7394
2023-11,11140,중구,연립다세대,15,56,30000.0,23500.0,2424.0,2084.0,0.7833,0.8594
2023-11,11170,용산구,아파트,40,274,174500.0,64000.0,5735.0,2813.0,0.3668,0.4906
2023-11,11170,용산구,연립다세대,33,269,59000.0,24000.0,5299.0,2449.0,0.4068,0.4621
2023-11,11200,성동구,아파트,79,530,133000.0,60000.0,5529.0,2736.0,0.4511,0.4948
2023-11,11200,성동구,연립다세대,29,117,50000.0,23000.0,4777.0,2393.0,0.46,0.5011
2023-11,11215,광진구,아파트,36,272,117500.0,61095.0,4867.0,2647.0,0.52,0.5439
2023-11,11215,광진구,연립다세대,97,330,37000.0,25000.0,3441.0,2390.0,0.6757,0.6946
2023-11,11230,동대문구,아파트,92,359,44975.0,50000.0,4305.0,2228.0,1.1117,0.5176
2023-11,11230,동대문구,연립다세대,31,120,31000.0,22000.0,2858.0,2179.0,0.7097,0.7625
2023-11,11260,중랑구,아파트,54,582,59600.0,45020.0,3011.0,1968.0,0.7554,0.6534
2023-11,11260,중랑구,연립다세대,89,258,29500.0,21000.0,2774.0,2094.0,0.7119,0.7551
2023-11,11290,성북구,아파트,141,487,72500.0,47000.0,3252.0,2063.0,0.6483,0.6343
2023-11,11290,성북구,연립다세대,78,189,35750.0,19000.0,2770.0,1606.0,0.5315,0.5795
2023-11,11305,강북구,아파트,37,154,60000.0,39000.0,2784.0,1662.0,0.65,0.5971
2023-11,11305,강북구,연립다세대,108,148,22150.0,13825.0,1444.0,980.0,0.6242,0.6789
2023-11,11320,도봉구,아파트,61,360,49500.0,29000.0,2451.0,1440.0,0.5859,0.5874
2023-11,11320,도봉구,연립다세대,65,127,17800.0,13650.0,1189.0,992.0,0.7669,0.8338
2023-11,11350,노원구,아파트,154,1049,55000.0,26000.0,3071.0,1491.0,0.4727,0.4857
2023-11,11350,노원구,연립다세대,25,64,25000.0,12000.0,1761.0,1097.0,0.48,0.6231
2023-11,11380,은평구,아파트,66,404,67000.0,43000.0,3336.0,2101.0,0.6418,0.6298
2023-11,11380,은평구,연립다세대,142,404,25000.0,18000.0,1817.0,1320.0,0.72,0.7264
2023-11,11410,서대문구,아파트,54,416,78000.0,52950.0,3546.0,2308.0,0.6788,0.6508
2023-11,11410,서대문구,연립다세대,48,138,29750.0,17500.0,1915.0,1327.0,0.5882,0.6927
2023-11,11440,마포구,아파트,63,562,121000.0,60000.0,4909.0,2658.0,0.4959,0.5414
2023-11,11440,마포구,연립다세대,97,349,38000.0,23000.0,2904.0,2111.0,0.6053,0.7272
2023-11,11470,양천구,아파트,114,726,129000.0,54000.0,5585.0,2449.0,0.4186,0.4385
2023-11,11470,양천구,연립다세대,79,267,26000.0,18000.0,2251.0,1394.0,0.6923,0.6191
2023-11,11500,강서구,아파트,100,792,65000.0,40000.0,3282.0,2056.0,0.6154,0.6263
2023-11,11500,강서구,연립다세대,197,474,22000.0,18000.0,1711.0,1475.0,0.8182,0.8622
2023-11,11530,구로구,아파트,87,442,60000.0,36000.0,2950.0,1675.0,0.6,0.5679
2023-11,11530,구로구,연립다세대,111,150,26600.0,17000.0,2163.0,1279.0,0.6391,0.5915
2023-11,11545,금천구,아파트,33,176,48800.0,35000.0,2566.0,1701.0,0.7172,0.663
2023-11,11545,금천구,연립다세대,42,111,23750.0,18000.0,2128.0,1606.0,0.7579,0.7549
2023-11,11560,영등포구,아파트,83,556,97000.0,52000.0,4406.0,2312.0,0.5361,0.5248
2023-11,11560,영등포구,연립다세대,98,129,33100.0,25000.0,3230.0,2604.0,0.7553,0.8061
2023-11,11590,동작구,아파트,56,490,86500.0,60000.0,3978.0,2464.0,0.6936,0.6194
2023-11,11590,동작구,연립다세대,86,246,38000.0,23000.0,2390.0,1780.0,0.6053,0.7445
2023-11,11620,관악구,아파트,43,299,72000.0,44000.0,3306.0,1988.0,0.6111,0.6014
2023-11,11620,관악구,연립다세대,96,195,27750.0,20000.0,1874.0,1664.0,0.7207,0.8879
2023-11,11650,서초구,아파트,76,823,193500.0,80000.0,7083.0,3151.0,0.4134,0.4449
2023-11,11650,서초구,연립다세대,57,278,53000.0,31000.0,4201.0,2654.0,0.5849,0.6317
2023-11,11680,강남구,아파트,114,1286,189500.0,84500.0,7665.0,3267.0,0.4459,0.4262
2023-11,11680,강남구,연립다세대,37,265,46000.0,28000.0,4300.0,2512.0,0.6087,0.5842
2023-11,11710,송파구,아파트,107,1061,145000.0,68000.0,6292.0,2725.0,0.469,0.4331
2023-11,11710,송파구,연립다세대,87,570,35000.0,24000.0,2678.0,1833.0,0.6857,0.6847
2023-11,11740,강동구,아파트,82,831,88250.0,52000.0,4369.0,2322.0,0.5892,0.5314
2023-11,11740,강동구,연립다세대,106,304,28750.0,23710.0,2416.0,2091.0,0.8247,0.8654
2023-11,41111,수원시 장안구,아파트,130,333,40000.0,29000.0,1976.0,1323.0,0.725,0.6693
2023-11,41111,수원시 장안구,연립다세대,76,50,12700.0,8900.0,1061.0,695.0,0.7008,0.6547
2023-11,41113,수원시 권선구,아파트,170,402,39000.0,27600.0,1736.0,1285.0,0.7077,0.7406
2023-11,41113,수원시 권선구,연립다세대,53,96,14000.0,11850.0,885.0,866.0,0.8464,0.9784
2023-11,41115,수원시 팔달구,아파트,62,226,49575.0,26500.0,2405.0,1323.0,0.5345,0.5501
2023-11,41115,수원시 팔달구,연립다세대,54,106,17300.0,13500.0,1099.0,1150.0,0.7803,1.046
2023-11,41117,수원시 영통구,아파트,231,782,49000.0,32750.0,2259.0,1543.0,0.6684,0.683
2023-11,41117,수원시 영통구,연립다세대,8,25,33650.0,19000.0,1627.0,2000.0,0.5646,1.2297
2023-11,41131,성남시 수정구,아파트,35,314,94500.0,49500.0,4181.0,2335.0,0.5238,0.5584
2023-11,41131,성남시 수정구,연립다세대,26,64,20500.0,15875.0,1505.0,1041.0,0.7744,0.6918
2023-11,41133,성남시 중원구,아파트,26,138,53000.0,35000.0,2745.0,1587.0,0.6604,0.5782
2023-11,41133,성남시 중원구,연립다세대,27,149,28500.0,14000.0,1614.0,994.0,0.4912,0.6159
2023-11,41135,성남시 분당구,아파트,132,1128,119500.0,63000.0,4742.0,2444.0,0.5272,0.5153
2023-11,41135,성남시 분당구,연립다세대,11,108,80000.0,40000.0,3253.0,1829.0,0.5,0.5622
2023-11,41150,의정부시,아파트,238,453,30000.0,20000.0,1466.0,994.0,0.6667,0.6776
2023-11,41150,의정부시,연립다세대,31,86,15000.0,9650.0,970.0,659.0,0.6433,0.6794
2023-11,41171,안양시 만안구,아파트,59,201,47850.0,35000.0,2395.0,1557.0,0.7315,0.6501
2023-11,41171,안양시 만안구,연립다세대,44,82,21400.0,12850.0,1542.0,998.0,0.6005,0.6472
2023-11,41173,안양시 동안구,아파트,135,668,59000.0,36000.0,2975.0,1797.0,0.6102,0.6039
2023-11,41173,안양시 동안구,연립다세대,20,69,33500.0,14000.0,2544.0,1239.0,0.4179,0.4871
2023-11,41192,부천시 원미구,아파트,131,388,47000.0,30000.0,2257.0,1511.0,0.6383,0.6695
2023-11,41192,부천시 원미구,연립다세대,74,74,17750.0,11000.0,1186.0,772.0,0.6197,0.6506
2023-11,41194,부천시 소사구,아파트,68,168,47500.0,34500.0,1972.0,1597.0,0.7263,0.8096
2023-11,41194,부천시 소사구,연립다세대,37,49,14800.0,12000.0,1097.0,819.0,0.8108,0.7462
2023-11,41196,부천시 오정구,아파트,35,69,23400.0,16000.0,1440.0,1010.0,0.6838,0.7014
2023-11,41196,부천시 오정구,연립다세대,75,95,13200.0,9500.0,1043.0,776.0,0.7197,0.7442
2023-11,41210,광명시,아파트,89,522,60000.0,38163.0,3111.0,1750.0,0.636,0.5626
2023-11,41210,광명시,연립다세대,25,77,25800.0,16000.0,1862.0,1119.0,0.6202,0.6011
2023-11,41220,평택시,아파트,375,726,28500.0,22000.0,1234.0,1005.0,0.7719,0.8148
2023-11,41220,평택시,연립다세대,88,38,7750.0,7500.0,849.0,556.0,0.9677,0.6546
2023-11,41250,동두천시,아파트,45,82,16000.0,11550.0,833.0,659.0,0.7219,0.7921
2023-11,41250,동두천시,연립다세대,16,14,4625.0,6000.0,314.0,640.0,1.2973,2.0386
2023-11,41271,안산시 상록구,아파트,75,189,34500.0,22000.0,1621.0,1016.0,0.6377,0.6269
2023-11,41271,안산시 상록구,연립다세대,116,105,14800.0,10700.0,754.0,611.0,0.723,0.8108
2023-11,41273,안산시 단원구,아파트,104,284,37400.0,28000.0,1887.0,1261.0,0.7487,0.6681
2023-11,41273,안산시 단원구,연립다세대,74,54,15150.0,10250.0,1076.0,672.0,0.6766,0.6243
2023-11,41281,고양시 덕양구,아파트,172,541,48000.0,32500.0,2017.0,1471.0,0.6771,0.7295
2023-11,41281,고양시 덕양구,연립다세대,66,100,13250.0,11100.0,848.0,804.0,0.8377,0.9482
2023-11,41285,고양시 일산동구,아파트,84,389,42500.0,37000.0,1722.0,1392.0,0.8706,0.8082
2023-11,41285,고양시 일산동구,연립다세대,28,53,22250.0,24300.0,1340.0,1091.0,1.0921,0.8137
2023-11,41287,고양시 일산서구,아파트,159,582,35200.0,29000.0,1658.0,1219.0,0.8239,0.735
2023-11,41287,고양시 일산서구,연립다세대,7,28,19000.0,20000.0,1289.0,919.0,1.0526,0.7129
2023-11,41290,과천시,아파트,15,165,150000.0,80000.0,6641.0,3308.0,0.5333,0.4981
2023-11,41290,과천시,연립다세대,8,29,53000.0,38000.0,3367.0,2065.0,0.717,0.6133
2023-11,41310,구리시,아파트,44,264,64650.0,35000.0,2683.0,1653.0,0.5414,0.6162
2023-11,41310,구리시,연립다세대,12,31,21900.0,12290.0,1964.0,987.0,0.5612,0.5029
2023-11,41360,남양주시,아파트,301,1026,39500.0,29875.0,1634.0,1213.0,0.7563,0.7421
2023-11,41360,남양주시,연립다세대,88,108,14250.0,10000.0,939.0,666.0,0.7018,0.7099
2023-11,41370,오산시,아파트,150,262,31750.0,23000.0,1363.0,1012.0,0.7244,0.7421
2023-11,41370,오산시,연립다세대,42,31,7975.0,9800.0,718.0,943.0,1.2288,1.3143
2023-11,41390,시흥시,아파트,266,593,32500.0,23000.0,1499.0,1092.0,0.7077,0.7288
2023-11,41390,시흥시,연립다세대,67,90,10250.0,8450.0,996.0,618.0,0.8244,0.6203
2023-11,41410,군포시,아파트,132,370,41500.0,24000.0,2093.0,1332.0,0.5783,0.6362
2023-11,41410,군포시,연립다세대,31,69,22000.0,11000.0,1477.0,914.0,0.5,0.6187
2023-11,41430,의왕시,아파트,67,284,55000.0,40000.0,2265.0,1683.0,0.7273,0.7431
2023-11,41430,의왕시,연립다세대,21,35,21700.0,13000.0,1845.0,1181.0,0.5991,0.6401
2023-11,41450,하남시,아파트,107,512,83000.0,52750.0,3712.0,2212.0,0.6355,0.596
2023-11,41450,하남시,연립다세대,14,21,33000.0,22100.0,2353.0,1433.0,0.6697,0.6087
2023-11,41461,용인시 처인구,아파트,92,211,27250.0,25000.0,1370.0,1088.0,0.9174,0.7938
2023-11,41461,용인시 처인구,연립다세대,90,64,8250.0,10000.0,837.0,661.0,1.2121,0.789
2023-11,41463,용인시 기흥구,아파트,189,736,46800.0,35000.0,1781.0,1337.0,0.7479,0.7504
2023-11,41463,용인시 기흥구,연립다세대,16,95,21900.0,17500.0,1297.0,1221.0,0.7991,0.9415
2023-11,41465,용인시 수지구,아파트,184,786,71400.0,49000.0,2799.0,1790.0,0.6863,0.6397
2023-11,41465,용인시 수지구,연립다세대,8,30,42000.0,25000.0,1810.0,1715.0,0.5952,0.9477
2023-11,41480,파주시,아파트,222,507,30000.0,27500.0,1225.0,1119.0,0.9167,0.9138
2023-11,41480,파주시,연립다세대,42,34,18300.0,15850.0,996.0,981.0,0.8661,0.9848
2023-11,41500,이천시,아파트,100,163,19050.0,18000.0,996.0,934.0,0.9449,0.938
2023-11,41500,이천시,연립다세대,32,32,11255.0,12000.0,620.0,719.0,1.0662,1.1594
2023-11,41550,안성시,아파트,135,217,16800.0,14000.0,915.0,764.0,0.8333,0.8344
2023-11,41550,안성시,연립다세대,10,9,5725.0,6000.0,396.0,621.0,1.048,1.5683
2023-11,41570,김포시,아파트,417,564,42800.0,29000.0,1676.0,1185.0,0.6776,0.7072
2023-11,41570,김포시,연립다세대,41,32,9750.0,19000.0,619.0,1189.0,1.9487,1.9225
2023-11,41591,화성시 만세구,아파트,87,478,34800.0,17370.0,1397.0,812.0,0.4991,0.5813
2023-11,41591,화성시 만세구,연립다세대,28,8,8400.0,10000.0,625.0,493.0,1.1905,0.7893
2023-11,41593,화성시 효행구,아파트,76,160,30500.0,24000.0,1235.0,1092.0,0.7869,0.8838
2023-11,41593,화성시 효행구,연립다세대,14,12,15250.0,9500.0,888.0,506.0,0.623,0.5697
2023-11,41595,화성시 병점구,아파트,105,203,34700.0,26000.0,1428.0,1185.0,0.7493,0.83
2023-11,41595,화성시 병점구,연립다세대,7,41,8300.0,11000.0,668.0,1288.0,1.3253,1.9282
2023-11,41597,화성시 동탄구,아파트,211,714,62700.0,37000.0,2686.0,1572.0,0.5901,0.5854
2023-11,41597,화성시 동탄구,연립다세대,1,10,42500.0,47500.0,1654.0,1792.0,1.1176,1.0837
2023-11,41610,광주시,아파트,88,287,35400.0,29500.0,1450.0,1207.0,0.8333,0.8324
2023-11,41610,광주시,연립다세대,151,160,17800.0,13600.0,1007.0,772.0,0.764,0.767
2023-11,41630,양주시,아파트,165,285,27000.0,18000.0,1117.0,771.0,0.6667,0.6905
2023-11,41630,양주시,연립다세대,21,9,7400.0,6700.0,496.0,385.0,0.9054,0.7751
2023-11,41650,포천시,아파트,60,86,17250.0,15000.0,805.0,750.0,0.8696,0.9313
2023-11,41650,포천시,연립다세대,23,6,8000.0,5250.0,399.0,284.0,0.6563,0.7125
2023-11,41670,여주시,아파트,53,78,18700.0,13000.0,787.0,664.0,0.6952,0.8445
2023-11,41670,여주시,연립다세대,9,13,14300.0,8500.0,688.0,494.0,0.5944,0.7183
2023-11,41800,연천군,아파트,10,12,10000.0,17000.0,561.0,694.0,1.7,1.238
2023-11,41800,연천군,연립다세대,5,6,5000.0,5150.0,299.0,284.0,1.03,0.9503
2023-11,41820,가평군,아파트,22,48,26325.0,17000.0,1039.0,819.0,0.6458,0.7881
2023-11,41820,가평군,연립다세대,12,10,9750.0,7950.0,506.0,403.0,0.8154,0.7953
2023-11,41830,양평군,아파트,10,79,30500.0,21000.0,1342.0,934.0,0.6885,0.696
2023-11,41830,양평군,연립다세대,13,20,20000.0,10500.0,1071.0,704.0,0.525,0.657
2023-12,11110,종로구,아파트,19,105,98500.0,47000.0,3511.0,3564.0,0.4772,1.0152
2023-12,11110,종로구,연립다세대,28,83,46780.0,23620.0,2933.0,1467.0,0.5049,0.5003
2023-12,11140,중구,아파트,37,164,84500.0,63000.0,4274.0,2768.0,0.7456,0.6476
2023-12,11140,중구,연립다세대,34,80,30000.0,22250.0,3160.0,2294.0,0.7417,0.7259
2023-12,11170,용산구,아파트,31,329,170000.0,65000.0,5846.0,2609.0,0.3824,0.4463
2023-12,11170,용산구,연립다세대,48,269,56250.0,24255.0,5596.0,2717.0,0.4312,0.4855
2023-12,11200,성동구,아파트,79,536,120000.0,65100.0,5027.0,2838.0,0.5425,0.5646
2023-12,11200,성동구,연립다세대,15,107,35000.0,24500.0,4898.0,2853.0,0.7,0.5825
2023-12,11215,광진구,아파트,47,261,107500.0,62000.0,5015.0,2723.0,0.5767,0.543
2023-12,11215,광진구,연립다세대,81,275,34200.0,25000.0,2585.0,2497.0,0.731,0.9658
2023-12,11230,동대문구,아파트,71,380,72500.0,47750.0,3682.0,2294.0,0.6586,0.623
2023-12,11230,동대문구,연립다세대,32,155,28950.0,21100.0,3441.0,2324.0,0.7288,0.6753
2023-12,11260,중랑구,아파트,56,364,54250.0,40395.0,2697.0,1793.0,0.7446,0.6647
2023-12,11260,중랑구,연립다세대,71,192,28000.0,21000.0,2735.0,2057.0,0.75,0.7522
2023-12,11290,성북구,아파트,104,531,72000.0,50000.0,3130.0,2140.0,0.6944,0.6836
2023-12,11290,성북구,연립다세대,73,200,25000.0,19450.0,2599.0,1837.0,0.778,0.7067
2023-12,11305,강북구,아파트,39,128,60500.0,36250.0,2782.0,1639.0,0.5992,0.5891
2023-12,11305,강북구,연립다세대,85,117,19900.0,16000.0,1443.0,1203.0,0.804,0.8339
2023-12,11320,도봉구,아파트,49,335,53800.0,28000.0,2412.0,1401.0,0.5204,0.5811
2023-12,11320,도봉구,연립다세대,43,127,19500.0,15000.0,1390.0,1027.0,0.7692,0.7391
2023-12,11350,노원구,아파트,150,1128,52900.0,27000.0,3029.0,1530.0,0.5104,0.5051
2023-12,11350,노원구,연립다세대,9,65,20000.0,13400.0,1482.0,1086.0,0.67,0.7327
2023-12,11380,은평구,아파트,61,440,68500.0,46000.0,3175.0,2100.0,0.6715,0.6612
2023-12,11380,은평구,연립다세대,124,363,26500.0,19000.0,1972.0,1459.0,0.717,0.7398
2023-12,11410,서대문구,아파트,70,417,80750.0,50400.0,3689.0,2330.0,0.6241,0.6316
2023-12,11410,서대문구,연립다세대,40,148,22425.0,19000.0,1511.0,1297.0,0.8473,0.8587
2023-12,11440,마포구,아파트,67,598,106700.0,62000.0,4960.0,2726.0,0.5811,0.5496
2023-12,11440,마포구,연립다세대,64,310,31900.0,22200.0,2486.0,2033.0,0.6959,0.8177
2023-12,11470,양천구,아파트,82,696,111500.0,52000.0,5486.0,2413.0,0.4664,0.4399
2023-12,11470,양천구,연립다세대,71,224,23900.0,18000.0,1809.0,1416.0,0.7531,0.7829
2023-12,11500,강서구,아파트,102,713,70250.0,43000.0,3695.0,2059.0,0.6121,0.5573
2023-12,11500,강서구,연립다세대,192,350,23400.0,17800.0,2127.0,1482.0,0.7607,0.6968
2023-12,11530,구로구,아파트,78,637,63250.0,33300.0,2874.0,1558.0,0.5265,0.542
2023-12,11530,구로구,연립다세대,67,143,24000.0,17000.0,1546.0,1254.0,0.7083,0.8111
2023-12,11545,금천구,아파트,33,179,56250.0,35000.0,2357.0,1655.0,0.6222,0.7025
2023-12,11545,금천구,연립다세대,71,91,25000.0,19500.0,2472.0,2050.0,0.78,0.8293
2023-12,11560,영등포구,아파트,77,622,97300.0,55000.0,4279.0,2348.0,0.5653,0.5487
2023-12,11560,영등포구,연립다세대,34,129,34400.0,23300.0,3679.0,2520.0,0.6773,0.685
2023-12,11590,동작구,아파트,77,478,103000.0,60000.0,4393.0,2546.0,0.5825,0.5796
2023-12,11590,동작구,연립다세대,73,265,35000.0,25000.0,2578.0,2031.0,0.7143,0.7876
2023-12,11620,관악구,아파트,47,312,60000.0,42500.0,3143.0,1999.0,0.7083,0.636
2023-12,11620,관악구,연립다세대,112,197,23025.0,20000.0,2215.0,2020.0,0.8686,0.9117
2023-12,11650,서초구,아파트,73,880,210000.0,85000.0,7285.0,3290.0,0.4048,0.4516
2023-12,11650,서초구,연립다세대,53,260,53000.0,32700.0,4608.0,2684.0,0.617,0.5824
2023-12,11680,강남구,아파트,94,1626,192250.0,85000.0,8360.0,3231.0,0.4421,0.3865
2023-12,11680,강남구,연립다세대,19,280,41500.0,28000.0,5434.0,2708.0,0.6747,0.4983
2023-12,11710,송파구,아파트,138,1673,156500.0,57000.0,6186.0,2377.0,0.3642,0.3842
2023-12,11710,송파구,연립다세대,110,469,35350.0,24150.0,2756.0,1825.0,0.6832,0.662
2023-12,11740,강동구,아파트,109,865,109500.0,54500.0,4901.0,2385.0,0.4977,0.4866
2023-12,11740,강동구,연립다세대,99,283,32000.0,24000.0,2504.0,2287.0,0.75,0.9135
2023-12,41111,수원시 장안구,아파트,97,361,44000.0,28000.0,1986.0,1328.0,0.6364,0.6685
2023-12,41111,수원시 장안구,연립다세대,36,65,13000.0,11000.0,928.0,762.0,0.8462,0.8208
2023-12,41113,수원시 권선구,아파트,167,417,39000.0,28500.0,1758.0,1287.0,0.7308,0.7321
2023-12,41113,수원시 권선구,연립다세대,51,124,20700.0,13250.0,1315.0,1040.0,0.6401,0.7914
2023-12,41115,수원시 팔달구,아파트,65,215,39900.0,29000.0,2126.0,1323.0,0.7268,0.6221
2023-12,41115,수원시 팔달구,연립다세대,35,87,18500.0,13000.0,1073.0,1281.0,0.7027,1.1939
2023-12,41117,수원시 영통구,아파트,205,814,47900.0,34000.0,2200.0,1543.0,0.7098,0.7014
2023-12,41117,수원시 영통구,연립다세대,4,19,75400.0,16000.0,2237.0,1497.0,0.2122,0.6691
2023-12,41131,성남시 수정구,아파트,38,332,86000.0,48750.0,3948.0,2370.0,0.5669,0.6003
2023-12,41131,성남시 수정구,연립다세대,17,65,25000.0,15000.0,1542.0,1012.0,0.6,0.6567
2023-12,41133,성남시 중원구,아파트,29,151,60500.0,36000.0,2712.0,1720.0,0.595,0.6341
2023-12,41133,성남시 중원구,연립다세대,30,111,19250.0,13000.0,1443.0,944.0,0.6753,0.6543
2023-12,41135,성남시 분당구,아파트,130,1202,112000.0,60000.0,4766.0,2452.0,0.5357,0.5144
2023-12,41135,성남시 분당구,연립다세대,16,85,101350.0,42000.0,3564.0,1964.0,0.4144,0.5512
2023-12,41150,의정부시,아파트,218,528,31500.0,22000.0,1460.0,1089.0,0.6984,0.7463
2023-12,41150,의정부시,연립다세대,26,55,13500.0,10000.0,866.0,675.0,0.7407,0.7793
2023-12,41171,안양시 만안구,아파트,60,207,48500.0,36000.0,2484.0,1708.0,0.7423,0.6877
2023-12,41171,안양시 만안구,연립다세대,31,61,26000.0,12000.0,1837.0,975.0,0.4615,0.5304
2023-12,41173,안양시 동안구,아파트,173,857,63000.0,35000.0,2987.0,1851.0,0.5556,0.6197
2023-12,41173,안양시 동안구,연립다세대,12,65,22500.0,17000.0,1811.0,1185.0,0.7556,0.6543
2023-12,41192,부천시 원미구,아파트,130,452,44850.0,27000.0,2232.0,1433.0,0.602,0.6421
2023-12,41192,부천시 원미구,연립다세대,57,58,17800.0,12250.0,1201.0,875.0,0.6882,0.7286
2023-12,41194,부천시 소사구,아파트,81,178,50000.0,35000.0,2065.0,1526.0,0.7,0.7388
2023-12,41194,부천시 소사구,연립다세대,40,50,15000.0,12300.0,1096.0,793.0,0.82,0.7236
2023-12,41196,부천시 오정구,아파트,26,54,28500.0,24500.0,1614.0,1164.0,0.8596,0.7213
2023-12,41196,부천시 오정구,연립다세대,60,60,14700.0,10000.0,1025.0,764.0,0.6803,0.7453
2023-12,41210,광명시,아파트,103,544,59000.0,37000.0,3106.0,1673.0,0.6271,0.5387
2023-12,41210,광명시,연립다세대,25,63,23500.0,17000.0,1648.0,1160.0,0.7234,0.7039
2023-12,41220,평택시,아파트,421,725,24000.0,23000.0,1192.0,1011.0,0.9583,0.8485
2023-12,41220,평택시,연립다세대,53,71,8680.0,7500.0,563.0,583.0,0.8641,1.0353
2023-12,41250,동두천시,아파트,57,83,15000.0,12500.0,828.0,666.0,0.8333,0.8048
2023-12,41250,동두천시,연립다세대,13,3,6700.0,4500.0,368.0,519.0,0.6716,1.4108
2023-12,41271,안산시 상록구,아파트,78,193,38050.0,21500.0,1609.0,1031.0,0.565,0.6406
2023-12,41271,안산시 상록구,연립다세대,127,127,12300.0,10000.0,784.0,649.0,0.813,0.8281
2023-12,41273,안산시 단원구,아파트,147,285,44500.0,28000.0,2011.0,1257.0,0.6292,0.6251
2023-12,41273,안산시 단원구,연립다세대,45,43,17800.0,10000.0,903.0,650.0,0.5618,0.7202
2023-12,41281,고양시 덕양구,아파트,157,580,43000.0,35000.0,1985.0,1487.0,0.814,0.7492
2023-12,41281,고양시 덕양구,연립다세대,63,76,15000.0,12700.0,1046.0,826.0,0.8467,0.7901
2023-12,41285,고양시 일산동구,아파트,95,405,50500.0,37000.0,1815.0,1401.0,0.7327,0.7722
2023-12,41285,고양시 일산동구,연립다세대,23,59,20000.0,24000.0,1127.0,1091.0,1.2,0.968
2023-12,41287,고양시 일산서구,아파트,147,579,35000.0,29000.0,1558.0,1245.0,0.8286,0.7988
2023-12,41287,고양시 일산서구,연립다세대,12,30,16900.0,17320.0,1435.0,919.0,1.0249,0.6403
2023-12,41290,과천시,아파트,18,153,147250.0,75000.0,5943.0,3000.0,0.5093,0.5048
2023-12,41290,과천시,연립다세대,14,30,60500.0,38000.0,3974.0,2300.0,0.6281,0.5789
2023-12,41310,구리시,아파트,58,245,60000.0,31000.0,2644.0,1651.0,0.5167,0.6245
2023-12,41310,구리시,연립다세대,12,43,26100.0,16000.0,2005.0,1121.0,0.613,0.5593
2023-12,41360,남양주시,아파트,262,1073,40250.0,30000.0,1713.0,1245.0,0.7453,0.7267
2023-12,41360,남양주시,연립다세대,58,111,14250.0,11000.0,855.0,680.0,0.7719,0.7951
2023-12,41370,오산시,아파트,152,290,30500.0,24000.0,1343.0,1003.0,0.7869,0.7466
2023-12,41370,오산시,연립다세대,24,17,9675.0,8000.0,720.0,948.0,0.8269,1.3162
2023-12,41390,시흥시,아파트,270,580,29625.0,24000.0,1428.0,1115.0,0.8101,0.7805
2023-12,41390,시흥시,연립다세대,74,64,8200.0,9000.0,981.0,656.0,1.0976,0.6685
2023-12,41410,군포시,아파트,117,394,41300.0,25000.0,2127.0,1378.0,0.6053,0.6477
2023-12,41410,군포시,연립다세대,18,59,17125.0,12000.0,1351.0,1089.0,0.7007,0.8058
2023-12,41430,의왕시,아파트,56,323,70500.0,40000.0,2907.0,1734.0,0.5674,0.5965
2023-12,41430,의왕시,연립다세대,13,39,28500.0,21000.0,1738.0,1071.0,0.7368,0.6159
2023-12,41450,하남시,아파트,109,471,81500.0,53000.0,3657.0,2220.0,0.6503,0.6072
2023-12,41450,하남시,연립다세대,52,25,49850.0,22000.0,2079.0,1310.0,0.4413,0.6301
2023-12,41461,용인시 처인구,아파트,96,264,32750.0,22000.0,1421.0,1103.0,0.6718,0.7759
2023-12,41461,용인시 처인구,연립다세대,49,70,12700.0,8200.0,813.0,711.0,0.6457,0.8744
2023-12,41463,용인시 기흥구,아파트,190,686,50000.0,37000.0,1956.0,1387.0,0.74,0.7094
2023-12,41463,용인시 기흥구,연립다세대,16,60,15750.0,16000.0,993.0,1107.0,1.0159,1.1148
2023-12,41465,용인시 수지구,아파트,167,759,70000.0,48000.0,2711.0,1842.0,0.6857,0.6795
2023-12,41465,용인시 수지구,연립다세대,7,35,48500.0,20000.0,1938.0,1694.0,0.4124,0.8741
2023-12,41480,파주시,아파트,225,565,33100.0,27000.0,1266.0,1108.0,0.8157,0.8754
2023-12,41480,파주시,연립다세대,44,51,11590.0,13200.0,775.0,826.0,1.1389,1.0669
2023-12,41500,이천시,아파트,89,145,22000.0,18000.0,1087.0,909.0,0.8182,0.8365
2023-12,41500,이천시,연립다세대,25,18,13700.0,7750.0,653.0,718.0,0.5657,1.0999
2023-12,41550,안성시,아파트,153,248,14000.0,15000.0,830.0,746.0,1.0714,0.8991
2023-12,41550,안성시,연립다세대,23,8,6200.0,6150.0,405.0,444.0,0.9919,1.0947
2023-12,41570,김포시,아파트,309,607,42500.0,30000.0,1674.0,1182.0,0.7059,0.7061
2023-12,41570,김포시,연립다세대,36,21,17250.0,18700.0,1003.0,1157.0,1.0841,1.153
2023-12,41591,화성시 만세구,아파트,69,553,30500.0,18000.0,1286.0,804.0,0.5902,0.6255
2023-12,41591,화성시 만세구,연립다세대,21,6,10500.0,12000.0,661.0,715.0,1.1429,1.0824
2023-12,41593,화성시 효행구,아파트,65,119,28500.0,24000.0,1202.0,1012.0,0.8421,0.8418
2023-12,41593,화성시 효행구,연립다세대,17,10,9973.0,7750.0,555.0,824.0,0.7771,1.484
2023-12,41595,화성시 병점구,아파트,79,201,36300.0,25000.0,1472.0,1128.0,0.6887,0.7664
2023-12,41595,화성시 병점구,연립다세대,3,25,5000.0,10800.0,414.0,1297.0,2.16,3.1328
2023-12,41597,화성시 동탄구,아파트,199,671,59500.0,38000.0,2544.0,1599.0,0.6387,0.6288
2023-12,41597,화성시 동탄구,연립다세대,3,9,66500.0,30000.0,2596.0,1257.0,0.4511,0.4842
2023-12,41610,광주시,아파트,114,311,38000.0,29000.0,1480.0,1167.0,0.7632,0.7886
2023-12,41610,광주시,연립다세대,103,146,17000.0,13575.0,1033.0,793.0,0.7985,0.7674
2023-12,41630,양주시,아파트,137,283,25500.0,17000.0,1090.0,776.0,0.6667,0.7124
2023-12,41630,양주시,연립다세대,19,13,8630.0,7000.0,571.0,443.0,0.8111,0.777
2023-12,41650,포천시,아파트,42,65,19750.0,14000.0,894.0,662.0,0.7089,0.7408
2023-12,41650,포천시,연립다세대,26,17,6650.0,5500.0,353.0,325.0,0.8271,0.9204
2023-12,41670,여주시,아파트,57,78,20900.0,15000.0,856.0,710.0,0.7177,0.83
2023-12,41670,여주시,연립다세대,11,8,12000.0,8250.0,554.0,614.0,0.6875,1.1078
2023-12,41800,연천군,아파트,7,10,12500.0,8250.0,690.0,460.0,0.66,0.6667
2023-12,41800,연천군,연립다세대,5,1,4300.0,8000.0,247.0,442.0,1.8605,1.7855
2023-12,41820,가평군,아파트,15,28,24000.0,17118.0,915.0,780.0,0.7132,0.8529
2023-12,41820,가평군,연립다세대,17,6,8515.0,5250.0,463.0,388.0,0.6166,0.8385
2023-12,41830,양평군,아파트,25,61,28250.0,20000.0,1322.0,861.0,0.708,0.651
2023-12,41830,양평군,연립다세대,10,19,14300.0,13000.0,710.0,738.0,0.9091,1.0399
2024-01,11110,종로구,아파트,19,111,80000.0,64360.0,3698.0,2805.0,0.8045,0.7584
2024-01,11110,종로구,연립다세대,19,87,36400.0,26000.0,2077.0,1591.0,0.7143,0.766
2024-01,11140,중구,아파트,40,180,107000.0,60000.0,4382.0,2691.0,0.5607,0.6142
2024-01,11140,중구,연립다세대,12,56,31500.0,24050.0,3228.0,2429.0,0.7635,0.7524
2024-01,11170,용산구,아파트,41,361,180000.0,63000.0,7206.0,2822.0,0.35,0.3916
2024-01,11170,용산구,연립다세대,26,310,67750.0,25529.0,5022.0,2577.0,0.3768,0.5131
2024-01,11200,성동구,아파트,119,562,117000.0,64000.0,5458.0,2808.0,0.547,0.5144
2024-01,11200,성동구,연립다세대,14,126,50500.0,23000.0,5306.0,2391.0,0.4554,0.4506
2024-01,11215,광진구,아파트,59,263,119500.0,62000.0,4975.0,2625.0,0.5188,0.5277
2024-01,11215,광진구,연립다세대,127,331,34000.0,24000.0,2819.0,2513.0,0.7059,0.8913
2024-01,11230,동대문구,아파트,105,442,72500.0,50000.0,3578.0,2258.0,0.6897,0.6311
2024-01,11230,동대문구,연립다세대,59,150,34700.0,21000.0,4149.0,2282.0,0.6052,0.5499
2024-01,11260,중랑구,아파트,76,380,57500.0,35850.0,2819.0,1732.0,0.6235,0.6144
2024-01,11260,중랑구,연립다세대,69,256,27000.0,21000.0,2353.0,2069.0,0.7778,0.879
2024-01,11290,성북구,아파트,131,508,74000.0,47000.0,3311.0,2075.0,0.6351,0.6266
2024-01,11290,성북구,연립다세대,51,263,27500.0,20000.0,1763.0,1679.0,0.7273,0.9525
2024-01,11305,강북구,아파트,40,171,59850.0,40000.0,2669.0,1819.0,0.6683,0.6815
2024-01,11305,강북구,연립다세대,94,142,21100.0,17000.0,1544.0,1117.0,0.8057,0.7233
2024-01,11320,도봉구,아파트,91,366,49200.0,29450.0,2373.0,1422.0,0.5986,0.5994
2024-01,11320,도봉구,연립다세대,67,102,17300.0,15850.0,1252.0,1128.0,0.9162,0.9016
2024-01,11350,노원구,아파트,188,1207,52000.0,26000.0,3025.0,1534.0,0.5,0.5072
2024-01,11350,노원구,연립다세대,30,82,31504.0,13000.0,1790.0,1217.0,0.4126,0.6801
2024-01,11380,은평구,아파트,89,447,73800.0,42950.0,3497.0,2012.0,0.582,0.5755
2024-01,11380,은평구,연립다세대,157,389,26000.0,19400.0,2208.0,1469.0,0.7462,0.6656
2024-01,11410,서대문구,아파트,94,433,78350.0,52000.0,3792.0,2460.0,0.6637,0.6489
2024-01,11410,서대문구,연립다세대,39,168,30700.0,18720.0,2235.0,1269.0,0.6098,0.5679
2024-01,11440,마포구,아파트,118,576,115000.0,60000.0,5253.0,2758.0,0.5217,0.525
2024-01,11440,마포구,연립다세대,78,405,32750.0,23500.0,3107.0,2302.0,0.7176,0.7409
2024-01,11470,양천구,아파트,112,680,88500.0,50000.0,3949.0,2373.0,0.565,0.601
2024-01,11470,양천구,연립다세대,97,234,25000.0,18000.0,1806.0,1332.0,0.72,0.738
2024-01,11500,강서구,아파트,134,789,69250.0,43000.0,3621.0,2125.0,0.6209,0.587
2024-01,11500,강서구,연립다세대,197,491,24000.0,18000.0,2022.0,1630.0,0.75,0.8062
2024-01,11530,구로구,아파트,134,505,60000.0,38000.0,2812.0,1819.0,0.6333,0.6469
2024-01,11530,구로구,연립다세대,113,125,25650.0,16600.0,2167.0,1202.0,0.6472,0.5547
2024-01,11545,금천구,아파트,44,165,52900.0,37000.0,2519.0,1635.0,0.6994,0.6491
2024-01,11545,금천구,연립다세대,92,120,27200.0,19500.0,2545.0,2046.0,0.7169,0.8041
2024-01,11560,영등포구,아파트,113,719,96000.0,50000.0,4401.0,2321.0,0.5208,0.5273
2024-01,11560,영등포구,연립다세대,51,175,37000.0,24000.0,4200.0,2830.0,0.6486,0.6739
2024-01,11590,동작구,아파트,138,523,90000.0,58900.0,4488.0,2496.0,0.6544,0.5561
2024-01,11590,동작구,연립다세대,102,269,38500.0,24000.0,2891.0,1936.0,0.6234,0.6699
2024-01,11620,관악구,아파트,72,314,67400.0,42250.0,3372.0,2093.0,0.6269,0.6206
2024-01,11620,관악구,연립다세대,83,212,28500.0,19250.0,2112.0,1648.0,0.6754,0.7805
2024-01,11650,서초구,아파트,100,768,226500.0,71700.0,7718.0,3172.0,0.3166,0.411
2024-01,11650,서초구,연립다세대,61,354,43000.0,31985.0,4182.0,2514.0,0.7438,0.6012
2024-01,11680,강남구,아파트,183,1431,198000.0,75000.0,8407.0,3132.0,0.3788,0.3726
2024-01,11680,강남구,연립다세대,58,285,62860.0,30000.0,4996.0,2699.0,0.4773,0.5402
2024-01,11710,송파구,아파트,207,1250,145000.0,61235.0,6228.0,2654.0,0.4223,0.4262
2024-01,11710,송파구,연립다세대,115,550,37000.0,24000.0,2704.0,1893.0,0.6486,0.7002
2024-01,11740,강동구,아파트,136,890,109750.0,53000.0,4888.0,2374.0,0.4829,0.4856
2024-01,11740,강동구,연립다세대,91,341,34500.0,23400.0,2873.0,2314.0,0.6783,0.8054
2024-01,41111,수원시 장안구,아파트,124,340,42150.0,28000.0,1944.0,1378.0,0.6643,0.709
2024-01,41111,수원시 장안구,연립다세대,35,57,14700.0,9400.0,889.0,880.0,0.6395,0.9902
2024-01,41113,수원시 권선구,아파트,230,487,43000.0,28000.0,1987.0,1323.0,0.6512,0.6655
2024-01,41113,수원시 권선구,연립다세대,42,108,14250.0,12250.0,905.0,1058.0,0.8596,1.168
2024-01,41115,수원시 팔달구,아파트,97,212,29000.0,26000.0,1827.0,1381.0,0.8966,0.7557
2024-01,41115,수원시 팔달구,연립다세대,36,107,12900.0,13000.0,1102.0,1356.0,1.0078,1.2305
2024-01,41117,수원시 영통구,아파트,319,758,49300.0,34663.0,2259.0,1556.0,0.7031,0.6887
2024-01,41117,수원시 영통구,연립다세대,9,26,40700.0,16000.0,2164.0,1162.0,0.3931,0.5372
2024-01,41131,성남시 수정구,아파트,63,283,97000.0,52000.0,4190.0,2481.0,0.5361,0.5921
2024-01,41131,성남시 수정구,연립다세대,15,55,23000.0,16000.0,1680.0,1081.0,0.6957,0.6436
2024-01,41133,성남시 중원구,아파트,46,236,64000.0,39175.0,2970.0,1741.0,0.6121,0.5863
2024-01,41133,성남시 중원구,연립다세대,34,144,23250.0,13000.0,1494.0,945.0,0.5591,0.6325
2024-01,41135,성남시 분당구,아파트,199,1184,113000.0,57000.0,4565.0,2417.0,0.5044,0.5294
2024-01,41135,성남시 분당구,연립다세대,12,71,99450.0,43000.0,3220.0,1822.0,0.4324,0.566
2024-01,41150,의정부시,아파트,300,574,31400.0,21190.0,1432.0,1055.0,0.6748,0.7366
2024-01,41150,의정부시,연립다세대,48,88,16000.0,10050.0,1032.0,668.0,0.6281,0.6471
2024-01,41171,안양시 만안구,아파트,83,232,51900.0,35350.0,2538.0,1750.0,0.6811,0.6896
2024-01,41171,안양시 만안구,연립다세대,40,99,22900.0,13000.0,1389.0,1037.0,0.5677,0.7465
2024-01,41173,안양시 동안구,아파트,204,1081,54900.0,33000.0,2991.0,1922.0,0.6011,0.6425
2024-01,41173,안양시 동안구,연립다세대,16,119,32000.0,13650.0,2429.0,1173.0,0.4266,0.4831
2024-01,41192,부천시 원미구,아파트,199,491,45900.0,30000.0,2133.0,1557.0,0.6536,0.73
2024-01,41192,부천시 원미구,연립다세대,75,67,16500.0,12700.0,1157.0,859.0,0.7697,0.7423
2024-01,41194,부천시 소사구,아파트,88,210,40250.0,35000.0,2273.0,1608.0,0.8696,0.7076
2024-01,41194,부천시 소사구,연립다세대,35,56,17000.0,12450.0,1019.0,812.0,0.7324,0.797
2024-01,41196,부천시 오정구,아파트,34,91,31000.0,22000.0,1750.0,1065.0,0.7097,0.6087
2024-01,41196,부천시 오정구,연립다세대,82,102,14900.0,10000.0,1084.0,774.0,0.6711,0.714
2024-01,41210,광명시,아파트,167,587,57500.0,36000.0,3136.0,1673.0,0.6261,0.5336
2024-01,41210,광명시,연립다세대,39,75,28000.0,16000.0,1834.0,1087.0,0.5714,0.593
2024-01,41220,평택시,아파트,429,826,30000.0,22000.0,1304.0,961.0,0.7333,0.7368
2024-01,41220,평택시,연립다세대,113,63,8455.0,8000.0,757.0,636.0,0.9462,0.8395
2024-01,41250,동두천시,아파트,85,99,18000.0,13000.0,878.0,693.0,0.7222,0.7894
2024-01,41250,동두천시,연립다세대,22,10,5640.0,7000.0,370.0,421.0,1.2411,1.1394
2024-01,41271,안산시 상록구,아파트,121,246,39000.0,23000.0,1730.0,1020.0,0.5897,0.5894
2024-01,41271,안산시 상록구,연립다세대,127,125,15300.0,10000.0,792.0,656.0,0.6536,0.8283
2024-01,41273,안산시 단원구,아파트,196,393,41250.0,28000.0,1826.0,1284.0,0.6788,0.703
2024-01,41273,안산시 단원구,연립다세대,81,57,17900.0,10000.0,1254.0,724.0,0.5587,0.5776
2024-01,41281,고양시 덕양구,아파트,282,673,46750.0,34000.0,1996.0,1460.0,0.7273,0.7313
2024-01,41281,고양시 덕양구,연립다세대,69,94,16000.0,13000.0,1166.0,909.0,0.8125,0.7796
2024-01,41285,고양시 일산동구,아파트,133,424,53000.0,33000.0,1819.0,1362.0,0.6226,0.7488
2024-01,41285,고양시 일산동구,연립다세대,25,45,21000.0,25000.0,1696.0,1117.0,1.1905,0.6587
2024-01,41287,고양시 일산서구,아파트,201,662,38500.0,27300.0,1672.0,1225.0,0.7091,0.7328
2024-01,41287,고양시 일산서구,연립다세대,10,27,12300.0,18900.0,744.0,928.0,1.5366,1.2466
2024-01,41290,과천시,아파트,32,186,139000.0,71000.0,6501.0,2947.0,0.5108,0.4534
2024-01,41290,과천시,연립다세대,14,42,58750.0,45000.0,3929.0,2247.0,0.766,0.5721
2024-01,41310,구리시,아파트,74,295,59650.0,33000.0,2781.0,1634.0,0.5532,0.5876
2024-01,41310,구리시,연립다세대,15,41,28900.0,15000.0,2020.0,1093.0,0.519,0.541
2024-01,41360,남양주시,아파트,379,1244,39300.0,30000.0,1704.0,1213.0,0.7634,0.7118
2024-01,41360,남양주시,연립다세대,92,126,12900.0,11450.0,834.0,738.0,0.8876,0.8845
2024-01,41370,오산시,아파트,212,357,31400.0,21500.0,1338.0,973.0,0.6847,0.7266
2024-01,41370,오산시,연립다세대,23,47,6800.0,8000.0,580.0,846.0,1.1765,1.4586
2024-01,41390,시흥시,아파트,399,690,31800.0,24000.0,1469.0,1139.0,0.7547,0.7749
2024-01,41390,시흥시,연립다세대,47,77,11700.0,8500.0,759.0,628.0,0.7265,0.8265
2024-01,41410,군포시,아파트,183,476,40000.0,23000.0,2128.0,1333.0,0.575,0.6265
2024-01,41410,군포시,연립다세대,30,74,22700.0,12950.0,1360.0,1052.0,0.5705,0.7735
2024-01,41430,의왕시,아파트,97,373,56000.0,41000.0,2487.0,1752.0,0.7321,0.7047
2024-01,41430,의왕시,연립다세대,13,37,28900.0,18000.0,1925.0,1085.0,0.6228,0.5637
2024-01,41450,하남시,아파트,170,548,80675.0,53000.0,3690.0,2181.0,0.657,0.5909
2024-01,41450,하남시,연립다세대,6,29,33250.0,20000.0,2311.0,1470.0,0.6015,0.6362
2024-01,41461,용인시 처인구,아파트,106,241,31000.0,22000.0,1439.0,1058.0,0.7097,0.7356
2024-01,41461,용인시 처인구,연립다세대,97,75,7950.0,9000.0,827.0,707.0,1.1321,0.8549
2024-01,41463,용인시 기흥구,아파트,316,847,50000.0,35500.0,1954.0,1405.0,0.71,0.7188
2024-01,41463,용인시 기흥구,연립다세대,18,87,21085.0,15500.0,1350.0,1201.0,0.7351,0.8901
2024-01,41465,용인시 수지구,아파트,259,907,71000.0,46000.0,2755.0,1770.0,0.6479,0.6423
2024-01,41465,용인시 수지구,연립다세대,12,38,30000.0,18150.0,1747.0,1454.0,0.605,0.8321
2024-01,41480,파주시,아파트,263,619,34200.0,25000.0,1319.0,1102.0,0.731,0.8353
2024-01,41480,파주시,연립다세대,53,51,13500.0,13200.0,793.0,813.0,0.9778,1.0254
2024-01,41500,이천시,아파트,112,190,19000.0,17500.0,987.0,832.0,0.9211,0.8434
2024-01,41500,이천시,연립다세대,30,26,9250.0,7850.0,530.0,470.0,0.8486,0.8873
2024-01,41550,안성시,아파트,201,293,15900.0,13700.0,927.0,719.0,0.8616,0.7759
2024-01,41550,안성시,연립다세대,15,10,6450.0,7500.0,379.0,597.0,1.1628,1.5751
2024-01,41570,김포시,아파트,370,681,41800.0,30000.0,1725.0,1168.0,0.7177,0.6768
2024-01,41570,김포시,연립다세대,26,36,18500.0,22250.0,1077.0,1347.0,1.2027,1.2512
2024-01,41591,화성시 만세구,아파트,155,536,32500.0,18773.0,1432.0,812.0,0.5776,0.5674
2024-01,41591,화성시 만세구,연립다세대,29,20,9563.0,11700.0,543.0,650.0,1.2235,1.1965
2024-01,41593,화성시 효행구,아파트,69,185,31000.0,23000.0,1241.0,1043.0,0.7419,0.8406
2024-01,41593,화성시 효행구,연립다세대,17,12,6000.0,6000.0,425.0,769.0,1.0,1.807
2024-01,41595,화성시 병점구,아파트,120,239,38500.0,27000.0,1518.0,1168.0,0.7013,0.7696
2024-01,41595,화성시 병점구,연립다세대,7,38,5200.0,10500.0,414.0,1350.0,2.0192,3.2591
2024-01,41597,화성시 동탄구,아파트,282,908,61000.0,38524.0,2515.0,1604.0,0.6315,0.6378
2024-01,41597,화성시 동탄구,연립다세대,4,12,45100.0,33600.0,1924.0,1310.0,0.745,0.6808
2024-01,41610,광주시,아파트,143,368,36000.0,29000.0,1517.0,1245.0,0.8056,0.8203
2024-01,41610,광주시,연립다세대,132,190,18000.0,14000.0,999.0,799.0,0.7778,0.7999
2024-01,41630,양주시,아파트,209,365,25500.0,16500.0,1080.0,739.0,0.6471,0.684
2024-01,41630,양주시,연립다세대,16,19,6850.0,7400.0,447.0,434.0,1.0803,0.9699
2024-01,41650,포천시,아파트,52,67,15150.0,13000.0,713.0,662.0,0.8581,0.929
2024-01,41650,포천시,연립다세대,40,15,7000.0,5000.0,425.0,400.0,0.7143,0.9406
2024-01,41670,여주시,아파트,74,84,16400.0,16150.0,791.0,724.0,0.9848,0.9149
2024-01,41670,여주시,연립다세대,14,11,6550.0,9000.0,354.0,584.0,1.374,1.6489
2024-01,41800,연천군,아파트,11,10,9000.0,10000.0,505.0,544.0,1.1111,1.0785
2024-01,41800,연천군,연립다세대,7,2,5500.0,8000.0,387.0,474.0,1.4545,1.2266
2024-01,41820,가평군,아파트,19,35,24000.0,17000.0,966.0,702.0,0.7083,0.7271
2024-01,41820,가평군,연립다세대,23,12,8500.0,9250.0,424.0,625.0,1.0882,1.4732
2024-01,41830,양평군,아파트,26,100,30250.0,19000.0,1216.0,874.0,0.6281,0.7185
2024-01,41830,양평군,연립다세대,13,21,12500.0,10000.0,972.0,559.0,0.8,0.5754
2024-02,11110,종로구,아파트,21,77,60000.0,50000.0,3114.0,2277.0,0.8333,0.7314
2024-02,11110,종로구,연립다세대,29,83,38000.0,23000.0,2262.0,1461.0,0.6053,0.6459
2024-02,11140,중구,아파트,40,203,96700.0,58000.0,4359.0,2761.0,0.5998,0.6334
2024-02,11140,중구,연립다세대,12,71,32750.0,23500.0,3186.0,1926.0,0.7176,0.6047
2024-02,11170,용산구,아파트,55,299,179000.0,61000.0,6436.0,2690.0,0.3408,0.4179
2024-02,11170,용산구,연립다세대,56,316,57000.0,25000.0,4641.0,2453.0,0.4386,0.5284
2024-02,11200,성동구,아파트,115,532,136000.0,65000.0,5588.0,2917.0,0.4779,0.5221
2024-02,11200,성동구,연립다세대,16,126,36250.0,24000.0,3080.0,2356.0,0.6621,0.7648
2024-02,11215,광진구,아파트,64,247,115200.0,63000.0,4898.0,2725.0,0.5469,0.5563
2024-02,11215,광진구,연립다세대,114,379,35500.0,24000.0,2970.0,2446.0,0.6761,0.8235
2024-02,11230,동대문구,아파트,117,374,72000.0,46750.0,3552.0,2153.0,0.6493,0.6061
2024-02,11230,동대문구,연립다세대,33,108,35000.0,21750.0,2539.0,2219.0,0.6214,0.8741
2024-02,11260,중랑구,아파트,66,477,58600.0,25110.0,2728.0,1556.0,0.4285,0.5704
2024-02,11260,중랑구,연립다세대,69,219,29000.0,21000.0,2526.0,2139.0,0.7241,0.8468
2024-02,11290,성북구,아파트,152,475,74500.0,49000.0,3212.0,2102.0,0.6577,0.6542
2024-02,11290,성북구,연립다세대,65,222,30000.0,19000.0,2271.0,1521.0,0.6333,0.6696
2024-02,11305,강북구,아파트,43,153,61000.0,36000.0,2693.0,1763.0,0.5902,0.6547
2024-02,11305,강북구,연립다세대,78,138,22000.0,15050.0,1494.0,1069.0,0.6841,0.7156
2024-02,11320,도봉구,아파트,81,338,48000.0,28000.0,2233.0,1389.0,0.5833,0.6222
2024-02,11320,도봉구,연립다세대,76,108,18750.0,17000.0,1291.0,1130.0,0.9067,0.8758
2024-02,11350,노원구,아파트,207,1031,54000.0,26000.0,3079.0,1534.0,0.4815,0.4982
2024-02,11350,노원구,연립다세대,30,84,30500.0,14000.0,1819.0,1132.0,0.459,0.6225
2024-02,11380,은평구,아파트,107,450,74000.0,46000.0,3321.0,2093.0,0.6216,0.6301
2024-02,11380,은평구,연립다세대,150,370,25650.0,18000.0,1803.0,1370.0,0.7018,0.7597
2024-02,11410,서대문구,아파트,83,413,84000.0,52920.0,3933.0,2335.0,0.63,0.5938
2024-02,11410,서대문구,연립다세대,38,134,22750.0,18950.0,1699.0,1215.0,0.833,0.7151
2024-02,11440,마포구,아파트,109,493,113000.0,57800.0,5011.0,2691.0,0.5115,0.537
2024-02,11440,마포구,연립다세대,52,362,37350.0,22000.0,2705.0,2016.0,0.589,0.7451
2024-02,11470,양천구,아파트,141,596,94000.0,50000.0,4103.0,2334.0,0.5319,0.5688
2024-02,11470,양천구,연립다세대,77,260,23000.0,17000.0,1918.0,1209.0,0.7391,0.6305
2024-02,11500,강서구,아파트,123,697,73500.0,42293.0,3578.0,2130.0,0.5754,0.5953
2024-02,11500,강서구,연립다세대,169,455,23300.0,18000.0,1701.0,1576.0,0.7725,0.9262
2024-02,11530,구로구,아파트,110,480,64000.0,38000.0,2994.0,1756.0,0.5938,0.5863
2024-02,11530,구로구,연립다세대,116,175,27600.0,16300.0,2262.0,1245.0,0.5906,0.5502
2024-02,11545,금천구,아파트,40,187,59900.0,35000.0,2637.0,1671.0,0.5843,0.6337
2024-02,11545,금천구,연립다세대,60,132,27000.0,20000.0,2155.0,1903.0,0.7407,0.8833
2024-02,11560,영등포구,아파트,131,623,93000.0,55000.0,4240.0,2374.0,0.5914,0.5599
2024-02,11560,영등포구,연립다세대,33,179,31800.0,24000.0,3558.0,2703.0,0.7547,0.7598
2024-02,11590,동작구,아파트,104,426,107500.0,58500.0,4536.0,2548.0,0.5442,0.5618
2024-02,11590,동작구,연립다세대,90,240,35000.0,23950.0,2530.0,1804.0,0.6843,0.713
2024-02,11620,관악구,아파트,81,287,68700.0,44000.0,2962.0,2023.0,0.6405,0.6831
2024-02,11620,관악구,연립다세대,83,222,26000.0,19650.0,1848.0,1804.0,0.7558,0.9762
2024-02,11650,서초구,아파트,106,764,202000.0,66263.0,7389.0,2754.0,0.328,0.3727
2024-02,11650,서초구,연립다세대,79,320,49500.0,30600.0,4618.0,2693.0,0.6182,0.5831
2024-02,11680,강남구,아파트,169,1019,213500.0,75000.0,8945.0,3152.0,0.3513,0.3524
2024-02,11680,강남구,연립다세대,46,318,62225.0,29000.0,5503.0,2636.0,0.4661,0.4789
2024-02,11710,송파구,아파트,182,1004,168750.0,62000.0,6582.0,2611.0,0.3674,0.3967
2024-02,11710,송파구,연립다세대,76,576,34400.0,24405.0,2877.0,1846.0,0.7094,0.6418
2024-02,11740,강동구,아파트,157,725,100500.0,54000.0,4711.0,2347.0,0.5373,0.4982
2024-02,11740,강동구,연립다세대,65,333,33000.0,23000.0,2953.0,2171.0,0.697,0.7353
2024-02,41111,수원시 장안구,아파트,146,387,40250.0,28000.0,1901.0,1378.0,0.6957,0.7251
2024-02,41111,수원시 장안구,연립다세대,40,85,15850.0,10000.0,988.0,799.0,0.6309,0.8086
2024-02,41113,수원시 권선구,아파트,228,445,41450.0,28000.0,2036.0,1279.0,0.6755,0.6284
2024-02,41113,수원시 권선구,연립다세대,80,152,11150.0,13000.0,1126.0,1173.0,1.1659,1.0424
2024-02,41115,수원시 팔달구,아파트,79,211,43000.0,26000.0,2322.0,1369.0,0.6047,0.5896
2024-02,41115,수원시 팔달구,연립다세대,31,116,18000.0,13000.0,1377.0,1345.0,0.7222,0.9764
2024-02,41117,수원시 영통구,아파트,309,708,53800.0,31650.0,2282.0,1565.0,0.5883,0.6859
2024-02,41117,수원시 영통구,연립다세대,6,29,22250.0,13000.0,1311.0,992.0,0.5843,0.7567
2024-02,41131,성남시 수정구,아파트,54,240,90650.0,57500.0,4136.0,2479.0,0.6343,0.5994
2024-02,41131,성남시 수정구,연립다세대,30,90,24750.0,16000.0,1638.0,1068.0,0.6465,0.6523
2024-02,41133,성남시 중원구,아파트,39,199,64000.0,40000.0,2720.0,1751.0,0.625,0.6437
2024-02,41133,성남시 중원구,연립다세대,36,135,23750.0,13000.0,1534.0,949.0,0.5474,0.6187
2024-02,41135,성남시 분당구,아파트,224,1003,114000.0,59000.0,4678.0,2400.0,0.5175,0.5131
2024-02,41135,성남시 분당구,연립다세대,19,91,87000.0,42000.0,2851.0,1752.0,0.4828,0.6144
2024-02,41150,의정부시,아파트,307,563,31000.0,21190.0,1447.0,1104.0,0.6835,0.7624
2024-02,41150,의정부시,연립다세대,49,94,14500.0,10050.0,1041.0,704.0,0.6931,0.6765
2024-02,41171,안양시 만안구,아파트,93,200,58600.0,38000.0,2661.0,1744.0,0.6485,0.6555
2024-02,41171,안양시 만안구,연립다세대,37,63,24000.0,13000.0,1529.0,1090.0,0.5417,0.7133
2024-02,41173,안양시 동안구,아파트,229,760,57000.0,34825.0,2973.0,1863.0,0.611,0.6267
2024-02,41173,안양시 동안구,연립다세대,19,84,29000.0,14150.0,2319.0,1204.0,0.4879,0.5194
2024-02,41192,부천시 원미구,아파트,163,459,49000.0,30500.0,2185.0,1540.0,0.6224,0.7049
2024-02,41192,부천시 원미구,연립다세대,73,83,17500.0,12000.0,1098.0,868.0,0.6857,0.7903
2024-02,41194,부천시 소사구,아파트,147,196,37000.0,36750.0,2339.0,1527.0,0.9932,0.6527
2024-02,41194,부천시 소사구,연립다세대,55,54,15000.0,12000.0,1220.0,837.0,0.8,0.686
2024-02,41196,부천시 오정구,아파트,35,91,20300.0,25000.0,1423.0,1224.0,1.2315,0.8606
2024-02,41196,부천시 오정구,연립다세대,72,97,15350.0,10000.0,1074.0,756.0,0.6515,0.7038
2024-02,41210,광명시,아파트,139,555,59900.0,34650.0,3052.0,1663.0,0.5785,0.5449
2024-02,41210,광명시,연립다세대,26,80,30050.0,17400.0,1987.0,1162.0,0.579,0.5846
2024-02,41220,평택시,아파트,434,761,30700.0,20900.0,1342.0,973.0,0.6808,0.7252
2024-02,41220,평택시,연립다세대,47,74,9500.0,6800.0,690.0,580.0,0.7158,0.8403
2024-02,41250,동두천시,아파트,98,83,15800.0,13000.0,866.0,662.0,0.8228,0.7646
2024-02,41250,동두천시,연립다세대,22,10,6350.0,8000.0,428.0,495.0,1.2598,1.1565
2024-02,41271,안산시 상록구,아파트,120,325,38950.0,21000.0,1718.0,1003.0,0.5392,0.5836
2024-02,41271,안산시 상록구,연립다세대,138,151,14650.0,10000.0,783.0,633.0,0.6826,0.8093
2024-02,41273,안산시 단원구,아파트,183,392,40500.0,26000.0,1881.0,1249.0,0.642,0.6643
2024-02,41273,안산시 단원구,연립다세대,51,63,20000.0,10000.0,1156.0,662.0,0.5,0.5725
2024-02,41281,고양시 덕양구,아파트,245,627,46500.0,33000.0,2059.0,1478.0,0.7097,0.7179
2024-02,41281,고양시 덕양구,연립다세대,65,72,13900.0,13000.0,883.0,959.0,0.9353,1.0856
2024-02,41285,고양시 일산동구,아파트,134,352,53000.0,33000.0,1850.0,1365.0,0.6226,0.7381
2024-02,41285,고양시 일산동구,연립다세대,18,38,28000.0,25915.0,1607.0,1097.0,0.9255,0.683
2024-02,41287,고양시 일산서구,아파트,185,575,40000.0,28000.0,1558.0,1228.0,0.7,0.7884
2024-02,41287,고양시 일산서구,연립다세대,10,39,18450.0,15750.0,1101.0,928.0,0.8537,0.8433
2024-02,41290,과천시,아파트,34,159,147000.0,73000.0,6810.0,2883.0,0.4966,0.4234
2024-02,41290,과천시,연립다세대,6,42,58000.0,38500.0,3851.0,2055.0,0.6638,0.5337
2024-02,41310,구리시,아파트,82,335,62800.0,32000.0,2719.0,1653.0,0.5096,0.608
2024-02,41310,구리시,연립다세대,19,50,27500.0,16250.0,1985.0,1072.0,0.5909,0.5397
2024-02,41360,남양주시,아파트,387,1170,42500.0,30000.0,1762.0,1220.0,0.7059,0.6922
2024-02,41360,남양주시,연립다세대,77,150,13100.0,11000.0,847.0,694.0,0.8397,0.8203
2024-02,41370,오산시,아파트,224,270,32950.0,20900.0,1342.0,940.0,0.6343,0.7007
2024-02,41370,오산시,연립다세대,34,47,9200.0,8000.0,1229.0,848.0,0.8696,0.6896
2024-02,41390,시흥시,아파트,391,606,32000.0,23000.0,1498.0,1103.0,0.7188,0.7361
2024-02,41390,시흥시,연립다세대,37,80,10000.0,8000.0,696.0,636.0,0.8,0.9141
2024-02,41410,군포시,아파트,156,414,38100.0,24000.0,2125.0,1361.0,0.6299,0.6403
2024-02,41410,군포시,연립다세대,44,71,16250.0,11900.0,1935.0,1085.0,0.7323,0.5606
2024-02,41430,의왕시,아파트,58,282,55750.0,40000.0,2723.0,1765.0,0.7175,0.6483
2024-02,41430,의왕시,연립다세대,5,50,31000.0,16900.0,1621.0,1269.0,0.5452,0.783
2024-02,41450,하남시,아파트,175,502,80000.0,50000.0,3534.0,2142.0,0.625,0.6062
2024-02,41450,하남시,연립다세대,9,36,27500.0,18050.0,1883.0,1151.0,0.6564,0.6114
2024-02,41461,용인시 처인구,아파트,130,281,31750.0,23000.0,1402.0,1057.0,0.7244,0.7542
2024-02,41461,용인시 처인구,연립다세대,89,87,12300.0,8000.0,798.0,670.0,0.6504,0.8404
2024-02,41463,용인시 기흥구,아파트,261,731,51500.0,35000.0,1915.0,1368.0,0.6796,0.7143
2024-02,41463,용인시 기흥구,연립다세대,21,84,20000.0,14000.0,1303.0,1179.0,0.7,0.9052
2024-02,41465,용인시 수지구,아파트,255,678,71500.0,47000.0,2763.0,1795.0,0.6573,0.6497
2024-02,41465,용인시 수지구,연립다세대,11,56,25000.0,24850.0,1680.0,1556.0,0.994,0.9265
2024-02,41480,파주시,아파트,224,541,34150.0,24000.0,1287.0,1052.0,0.7028,0.8171
2024-02,41480,파주시,연립다세대,40,50,18750.0,13000.0,1037.0,674.0,0.6933,0.6498
2024-02,41500,이천시,아파트,98,191,20750.0,18000.0,1021.0,894.0,0.8675,0.8753
2024-02,41500,이천시,연립다세대,25,35,8100.0,8000.0,463.0,560.0,0.9877,1.2075
2024-02,41550,안성시,아파트,198,253,15500.0,14000.0,882.0,732.0,0.9032,0.8297
2024-02,41550,안성시,연립다세대,17,20,7500.0,6000.0,470.0,593.0,0.8,1.2607
2024-02,41570,김포시,아파트,406,611,41500.0,29000.0,1735.0,1190.0,0.6988,0.6861
2024-02,41570,김포시,연립다세대,22,34,11900.0,17000.0,699.0,1143.0,1.4286,1.6361
2024-02,41591,화성시 만세구,아파트,124,414,35600.0,18773.0,1401.0,779.0,0.5273,0.5557
2024-02,41591,화성시 만세구,연립다세대,32,10,10000.0,7250.0,568.0,664.0,0.725,1.1687
2024-02,41593,화성시 효행구,아파트,97,147,29900.0,23000.0,1190.0,1098.0,0.7692,0.9222
2024-02,41593,화성시 효행구,연립다세대,5,15,7200.0,7500.0,468.0,851.0,1.0417,1.819
2024-02,41595,화성시 병점구,아파트,104,229,35000.0,26500.0,1448.0,1169.0,0.7571,0.8072
2024-02,41595,화성시 병점구,연립다세대,4,60,8000.0,11000.0,625.0,1280.0,1.375,2.049
2024-02,41597,화성시 동탄구,아파트,239,645,62000.0,37000.0,2548.0,1568.0,0.5968,0.6153
2024-02,41597,화성시 동탄구,연립다세대,1,10,95000.0,29750.0,2345.0,1158.0,0.3132,0.4937
2024-02,41610,광주시,아파트,122,362,42500.0,29000.0,1573.0,1255.0,0.6824,0.7975
2024-02,41610,광주시,연립다세대,141,199,16900.0,14000.0,941.0,803.0,0.8284,0.8528
2024-02,41630,양주시,아파트,184,342,25000.0,18000.0,1104.0,778.0,0.72,0.7053
2024-02,41630,양주시,연립다세대,21,17,9300.0,5000.0,581.0,372.0,0.5376,0.6397
2024-02,41650,포천시,아파트,49,73,14100.0,15000.0,774.0,661.0,1.0638,0.855
2024-02,41650,포천시,연립다세대,27,21,8000.0,5500.0,498.0,334.0,0.6875,0.6705
2024-02,41670,여주시,아파트,66,74,17000.0,15250.0,815.0,718.0,0.8971,0.8805
2024-02,41670,여주시,연립다세대,9,9,9800.0,13000.0,507.0,674.0,1.3265,1.3289
2024-02,41800,연천군,아파트,9,7,16500.0,12500.0,770.0,508.0,0.7576,0.6592
2024-02,41800,연천군,연립다세대,4,4,5025.0,7400.0,328.0,524.0,1.4726,1.5955
2024-02,41820,가평군,아파트,13,46,23000.0,15000.0,1025.0,733.0,0.6522,0.7154
2024-02,41820,가평군,연립다세대,7,16,6100.0,12150.0,370.0,700.0,1.9918,1.8903
2024-02,41830,양평군,아파트,35,94,27000.0,22000.0,1267.0,932.0,0.8148,0.7354
2024-02,41830,양평군,연립다세대,12,22,14750.0,13250.0,705.0,624.0,0.8983,0.8849
2024-03,11110,종로구,아파트,31,79,106000.0,50000.0,4357.0,2190.0,0.4717,0.5027
2024-03,11110,종로구,연립다세대,30,82,36500.0,21950.0,2143.0,1326.0,0.6014,0.6187
2024-03,11140,중구,아파트,74,188,105000.0,60000.0,4585.0,2742.0,0.5714,0.598
2024-03,11140,중구,연립다세대,21,40,29300.0,24000.0,2611.0,1924.0,0.8191,0.7371
2024-03,11170,용산구,아파트,83,316,178500.0,63750.0,7041.0,2731.0,0.3571,0.3879
2024-03,11170,용산구,연립다세대,51,329,52000.0,25000.0,4560.0,2683.0,0.4808,0.5883
2024-03,11200,성동구,아파트,224,558,127250.0,64000.0,5704.0,2831.0,0.5029,0.4963
2024-03,11200,성동구,연립다세대,31,131,49000.0,23000.0,5251.0,2009.0,0.4694,0.3826
2024-03,11215,광진구,아파트,114,271,111250.0,63000.0,5057.0,2647.0,0.5663,0.5234
2024-03,11215,광진구,연립다세대,125,390,39000.0,25000.0,3017.0,2334.0,0.641,0.7736
2024-03,11230,동대문구,아파트,193,418,79000.0,50000.0,3638.0,2151.0,0.6329,0.5912
2024-03,11230,동대문구,연립다세대,36,147,33850.0,24000.0,2532.0,2193.0,0.709,0.8663
2024-03,11260,중랑구,아파트,127,517,56000.0,28000.0,2894.0,1556.0,0.5,0.5377
2024-03,11260,중랑구,연립다세대,119,318,29000.0,22000.0,2636.0,2177.0,0.7586,0.8257
2024-03,11290,성북구,아파트,213,671,72000.0,46000.0,3228.0,1975.0,0.6389,0.6118
2024-03,11290,성북구,연립다세대,81,223,28500.0,20000.0,2182.0,1514.0,0.7018,0.694
2024-03,11305,강북구,아파트,77,163,59000.0,38000.0,2715.0,1764.0,0.6441,0.6497
2024-03,11305,강북구,연립다세대,117,218,21800.0,14900.0,1476.0,1058.0,0.6835,0.7166
2024-03,11320,도봉구,아파트,124,415,50000.0,29000.0,2288.0,1425.0,0.58,0.6228
2024-03,11320,도봉구,연립다세대,111,126,19000.0,15399.0,1567.0,1088.0,0.8105,0.6945
2024-03,11350,노원구,아파트,292,1180,58000.0,25000.0,3137.0,1531.0,0.431,0.4881
2024-03,11350,노원구,연립다세대,42,87,25150.0,14000.0,2171.0,1012.0,0.5567,0.4663
2024-03,11380,은평구,아파트,194,569,73750.0,46700.0,3386.0,2151.0,0.6332,0.6353
2024-03,11380,은평구,연립다세대,212,431,27250.0,18500.0,1891.0,1235.0,0.6789,0.6528
2024-03,11410,서대문구,아파트,142,366,89000.0,49200.0,4006.0,2230.0,0.5528,0.5567
2024-03,11410,서대문구,연립다세대,78,152,23000.0,20800.0,1659.0,1334.0,0.9043,0.8039
2024-03,11440,마포구,아파트,208,648,119750.0,57000.0,5333.0,2642.0,0.476,0.4953
2024-03,11440,마포구,연립다세대,97,359,35750.0,24000.0,2903.0,2015.0,0.6713,0.694
2024-03,11470,양천구,아파트,159,635,100000.0,50000.0,4088.0,2334.0,0.5,0.5709
2024-03,11470,양천구,연립다세대,97,328,26500.0,18000.0,2068.0,1389.0,0.6792,0.6719
2024-03,11500,강서구,아파트,248,869,75600.0,37000.0,3634.0,1998.0,0.4894,0.5497
2024-03,11500,강서구,연립다세대,257,554,21300.0,18050.0,1848.0,1588.0,0.8474,0.8591
2024-03,11530,구로구,아파트,198,520,61650.0,38000.0,2889.0,1761.0,0.6164,0.6095
2024-03,11530,구로구,연립다세대,74,209,25375.0,16000.0,1698.0,1138.0,0.6305,0.6701
2024-03,11545,금천구,아파트,61,194,59000.0,32959.0,2539.0,1599.0,0.5586,0.6298
2024-03,11545,금천구,연립다세대,79,166,24700.0,20000.0,2288.0,1928.0,0.8097,0.8425
2024-03,11560,영등포구,아파트,193,629,95000.0,55000.0,4191.0,2396.0,0.5789,0.5718
2024-03,11560,영등포구,연립다세대,71,154,30000.0,23475.0,2985.0,2207.0,0.7825,0.7393
2024-03,11590,동작구,아파트,183,505,105000.0,57000.0,4704.0,2537.0,0.5429,0.5394
2024-03,11590,동작구,연립다세대,112,272,37000.0,24000.0,2558.0,1856.0,0.6486,0.7258
2024-03,11620,관악구,아파트,123,340,71300.0,45000.0,3078.0,2062.0,0.6311,0.6699
2024-03,11620,관악구,연립다세대,97,254,28000.0,20000.0,1855.0,1407.0,0.7143,0.7585
2024-03,11650,서초구,아파트,219,649,228500.0,80000.0,8416.0,3233.0,0.3501,0.3842
2024-03,11650,서초구,연립다세대,99,412,58000.0,32250.0,4731.0,2540.0,0.556,0.5369
2024-03,11680,강남구,아파트,233,1009,207000.0,74000.0,8560.0,3168.0,0.3575,0.3701
2024-03,11680,강남구,연립다세대,35,373,51000.0,30000.0,4076.0,2451.0,0.5882,0.6014
2024-03,11710,송파구,아파트,327,1173,155000.0,62000.0,6110.0,2605.0,0.4,0.4263
2024-03,11710,송파구,연립다세대,112,808,34450.0,25000.0,2355.0,1876.0,0.7257,0.7969
2024-03,11740,강동구,아파트,233,925,109500.0,51000.0,4908.0,2336.0,0.4658,0.4758
2024-03,11740,강동구,연립다세대,135,393,30000.0,23100.0,2703.0,2137.0,0.77,0.7908
2024-03,41111,수원시 장안구,아파트,160,467,40500.0,29000.0,1877.0,1436.0,0.716,0.7653
2024-03,41111,수원시 장안구,연립다세대,89,93,13631.0,10000.0,1103.0,827.0,0.7336,0.7494
2024-03,41113,수원시 권선구,아파트,283,516,39500.0,27563.0,1935.0,1284.0,0.6978,0.6637
2024-03,41113,수원시 권선구,연립다세대,77,184,15300.0,13250.0,986.0,1131.0,0.866,1.1473
2024-03,41115,수원시 팔달구,아파트,106,269,48750.0,27000.0,2269.0,1455.0,0.5538,0.6411
2024-03,41115,수원시 팔달구,연립다세대,34,119,16250.0,12500.0,1098.0,1437.0,0.7692,1.309
2024-03,41117,수원시 영통구,아파트,436,732,51900.0,31195.0,2339.0,1565.0,0.6011,0.6692
2024-03,41117,수원시 영통구,연립다세대,9,37,34000.0,19000.0,1886.0,1492.0,0.5588,0.7908
2024-03,41131,성남시 수정구,아파트,98,199,96500.0,58000.0,4387.0,2440.0,0.601,0.5562
2024-03,41131,성남시 수정구,연립다세대,43,74,26000.0,16500.0,1680.0,1037.0,0.6346,0.6175
2024-03,41133,성남시 중원구,아파트,99,203,63300.0,39000.0,2980.0,1654.0,0.6161,0.5549
2024-03,41133,성남시 중원구,연립다세대,51,196,21500.0,13355.0,1438.0,982.0,0.6212,0.6829
2024-03,41135,성남시 분당구,아파트,309,890,120000.0,57000.0,4732.0,2397.0,0.475,0.5065
2024-03,41135,성남시 분당구,연립다세대,15,85,67000.0,38000.0,3379.0,1803.0,0.5672,0.5335
2024-03,41150,의정부시,아파트,380,636,32250.0,22250.0,1464.0,1102.0,0.6899,0.7525
2024-03,41150,의정부시,연립다세대,52,106,14250.0,9910.0,958.0,663.0,0.6954,0.692
2024-03,41171,안양시 만안구,아파트,131,237,48500.0,34000.0,2374.0,1600.0,0.701,0.674
2024-03,41171,안양시 만안구,연립다세대,58,93,23250.0,13000.0,1456.0,1026.0,0.5591,0.7041
2024-03,41173,안양시 동안구,아파트,296,838,59000.0,35000.0,2982.0,1827.0,0.5932,0.6126
2024-03,41173,안양시 동안구,연립다세대,24,102,23800.0,15000.0,1894.0,1172.0,0.6303,0.6186
2024-03,41192,부천시 원미구,아파트,268,550,50700.0,30000.0,2266.0,1545.0,0.5917,0.6819
2024-03,41192,부천시 원미구,연립다세대,115,113,16500.0,12000.0,1115.0,840.0,0.7273,0.7531
2024-03,41194,부천시 소사구,아파트,139,249,51000.0,33000.0,2137.0,1546.0,0.6471,0.7238
2024-03,41194,부천시 소사구,연립다세대,64,76,17950.0,11550.0,1180.0,781.0,0.6435,0.6616
2024-03,41196,부천시 오정구,아파트,43,88,23000.0,19000.0,1445.0,1072.0,0.8261,0.7419
2024-03,41196,부천시 오정구,연립다세대,121,143,13000.0,10000.0,994.0,738.0,0.7692,0.7421
2024-03,41210,광명시,아파트,204,657,64000.0,35000.0,3042.0,1681.0,0.5469,0.5526
2024-03,41210,광명시,연립다세대,63,108,28000.0,16250.0,1918.0,1105.0,0.5804,0.5762
2024-03,41220,평택시,아파트,561,854,28000.0,21000.0,1312.0,973.0,0.75,0.7413
2024-03,41220,평택시,연립다세대,93,79,9040.0,7000.0,1010.0,606.0,0.7743,0.6003
2024-03,41250,동두천시,아파트,87,78,16400.0,12500.0,877.0,671.0,0.7622,0.7648
2024-03,41250,동두천시,연립다세대,30,19,6900.0,5000.0,436.0,317.0,0.7246,0.7278
2024-03,41271,안산시 상록구,아파트,159,328,37800.0,21000.0,1714.0,1042.0,0.5556,0.6081
2024-03,41271,안산시 상록구,연립다세대,179,148,15300.0,9400.0,779.0,660.0,0.6144,0.8467
2024-03,41273,안산시 단원구,아파트,240,481,43800.0,28000.0,1971.0,1284.0,0.6393,0.6513
2024-03,41273,안산시 단원구,연립다세대,96,85,17950.0,10000.0,1267.0,665.0,0.5571,0.5249
2024-03,41281,고양시 덕양구,아파트,301,843,48000.0,34000.0,2035.0,1488.0,0.7083,0.7313
2024-03,41281,고양시 덕양구,연립다세대,81,120,14500.0,13000.0,866.0,893.0,0.8966,1.0317
2024-03,41285,고양시 일산동구,아파트,184,392,48000.0,31000.0,1807.0,1396.0,0.6458,0.7726
2024-03,41285,고양시 일산동구,연립다세대,31,44,21500.0,24720.0,1307.0,1192.0,1.1498,0.9115
2024-03,41287,고양시 일산서구,아파트,209,631,38300.0,26500.0,1615.0,1228.0,0.6919,0.7609
2024-03,41287,고양시 일산서구,연립다세대,17,31,20300.0,14800.0,1174.0,852.0,0.7291,0.7263
2024-03,41290,과천시,아파트,50,170,148500.0,77500.0,6614.0,3308.0,0.5219,0.5001
2024-03,41290,과천시,연립다세대,6,39,60000.0,40000.0,2235.0,2219.0,0.6667,0.9929
2024-03,41310,구리시,아파트,131,356,61000.0,35000.0,2774.0,1636.0,0.5738,0.5899
2024-03,41310,구리시,연립다세대,24,54,33500.0,16400.0,2386.0,988.0,0.4896,0.4143
2024-03,41360,남양주시,아파트,559,1362,41700.0,30000.0,1732.0,1246.0,0.7194,0.7195
2024-03,41360,남양주시,연립다세대,130,196,12850.0,10950.0,777.0,699.0,0.8521,0.8993
2024-03,41370,오산시,아파트,257,360,32400.0,22025.0,1312.0,974.0,0.6798,0.7424
2024-03,41370,오산시,연립다세대,23,42,8600.0,9500.0,721.0,892.0,1.1047,1.2368
2024-03,41390,시흥시,아파트,505,837,33000.0,25000.0,1505.0,1167.0,0.7576,0.7753
2024-03,41390,시흥시,연립다세대,67,103,12000.0,8500.0,802.0,671.0,0.7083,0.8368
2024-03,41410,군포시,아파트,223,544,40400.0,24000.0,2111.0,1379.0,0.5941,0.6533
2024-03,41410,군포시,연립다세대,23,81,21200.0,13000.0,1591.0,997.0,0.6132,0.6265
2024-03,41430,의왕시,아파트,113,327,57000.0,40000.0,2567.0,1716.0,0.7018,0.6685
2024-03,41430,의왕시,연립다세대,12,73,27000.0,12700.0,1812.0,1102.0,0.4704,0.6081
2024-03,41450,하남시,아파트,243,633,82000.0,51000.0,3618.0,2181.0,0.622,0.6028
2024-03,41450,하남시,연립다세대,8,43,31250.0,22000.0,1742.0,1303.0,0.704,0.748
2024-03,41461,용인시 처인구,아파트,171,329,34000.0,23000.0,1559.0,1050.0,0.6765,0.6737
2024-03,41461,용인시 처인구,연립다세대,126,85,13250.0,10000.0,750.0,688.0,0.7547,0.9163
2024-03,41463,용인시 기흥구,아파트,342,750,51450.0,35000.0,1998.0,1350.0,0.6803,0.6759
2024-03,41463,용인시 기흥구,연립다세대,43,87,20700.0,15000.0,1261.0,1352.0,0.7246,1.0718
2024-03,41465,용인시 수지구,아파트,374,814,70000.0,45000.0,2819.0,1817.0,0.6429,0.6447
2024-03,41465,용인시 수지구,연립다세대,19,45,32000.0,23000.0,2020.0,1594.0,0.7188,0.7893
2024-03,41480,파주시,아파트,371,625,35000.0,24000.0,1378.0,1058.0,0.6857,0.7683
2024-03,41480,파주시,연립다세대,78,53,13850.0,13700.0,1166.0,804.0,0.9892,0.69
2024-03,41500,이천시,아파트,131,183,20000.0,17500.0,992.0,882.0,0.875,0.8887
2024-03,41500,이천시,연립다세대,42,40,6350.0,11000.0,961.0,683.0,1.7323,0.7105
2024-03,41550,안성시,아파트,216,284,15775.0,15000.0,884.0,773.0,0.9509,0.8741
2024-03,41550,안성시,연립다세대,17,17,11000.0,8000.0,628.0,588.0,0.7273,0.9362
2024-03,41570,김포시,아파트,471,718,44000.0,29500.0,1788.0,1216.0,0.6705,0.68
2024-03,41570,김포시,연립다세대,36,47,17100.0,16700.0,1139.0,820.0,0.9766,0.7199
2024-03,41591,화성시 만세구,아파트,167,436,36500.0,18773.0,1432.0,812.0,0.5143,0.5674
2024-03,41591,화성시 만세구,연립다세대,48,19,9065.0,10000.0,601.0,648.0,1.1031,1.0777
2024-03,41593,화성시 효행구,아파트,123,176,31000.0,26000.0,1246.0,1013.0,0.8387,0.8131
2024-03,41593,화성시 효행구,연립다세대,25,16,10000.0,5750.0,563.0,698.0,0.575,1.2401
2024-03,41595,화성시 병점구,아파트,184,259,38000.0,26500.0,1562.0,1129.0,0.6974,0.7227
2024-03,41595,화성시 병점구,연립다세대,15,78,7800.0,12238.0,490.0,1372.0,1.5689,2.8003
2024-03,41597,화성시 동탄구,아파트,404,697,61000.0,38000.0,2582.0,1565.0,0.623,0.606
2024-03,41597,화성시 동탄구,연립다세대,3,2,59000.0,32500.0,2299.0,1390.0,0.5508,0.6045
2024-03,41610,광주시,아파트,189,387,36000.0,29400.0,1466.0,1259.0,0.8167,0.8584
2024-03,41610,광주시,연립다세대,181,246,17900.0,14750.0,975.0,811.0,0.824,0.8313
2024-03,41630,양주시,아파트,233,402,29000.0,19000.0,1173.0,817.0,0.6552,0.6969
2024-03,41630,양주시,연립다세대,32,14,6800.0,7700.0,494.0,443.0,1.1324,0.8978
2024-03,41650,포천시,아파트,61,83,18400.0,15000.0,893.0,662.0,0.8152,0.7412
2024-03,41650,포천시,연립다세대,32,16,7825.0,5500.0,471.0,346.0,0.7029,0.7329
2024-03,41670,여주시,아파트,92,70,14000.0,15000.0,753.0,678.0,1.0714,0.9003
2024-03,41670,여주시,연립다세대,13,16,12000.0,9100.0,663.0,595.0,0.7583,0.898
2024-03,41800,연천군,아파트,9,12,12980.0,15000.0,819.0,662.0,1.1556,0.8083
2024-03,41800,연천군,연립다세대,4,2,9150.0,10000.0,428.0,467.0,1.0929,1.0898
2024-03,41820,가평군,아파트,27,37,20800.0,17000.0,923.0,722.0,0.8173,0.782
2024-03,41820,가평군,연립다세대,14,18,7750.0,10000.0,437.0,609.0,1.2903,1.3931
2024-03,41830,양평군,아파트,38,78,28000.0,20500.0,1332.0,934.0,0.7321,0.7009
2024-03,41830,양평군,연립다세대,15,24,16500.0,12650.0,759.0,721.0,0.7667,0.9509
2024-04,11110,종로구,아파트,33,65,100000.0,65000.0,3892.0,2531.0,0.65,0.6504
2024-04,11110,종로구,연립다세대,39,77,38000.0,20000.0,2245.0,1329.0,0.5263,0.5919
2024-04,11140,중구,아파트,63,138,101000.0,54000.0,4824.0,2758.0,0.5347,0.5717
2024-04,11140,중구,연립다세대,14,75,30750.0,26000.0,2702.0,2603.0,0.8455,0.9631
2024-04,11170,용산구,아파트,75,280,166500.0,65000.0,6654.0,2840.0,0.3904,0.4268
2024-04,11170,용산구,연립다세대,58,285,50000.0,25000.0,4694.0,2565.0,0.5,0.5464
2024-04,11200,성동구,아파트,228,463,125450.0,65000.0,5900.0,2879.0,0.5181,0.488
2024-04,11200,성동구,연립다세대,23,130,50700.0,25000.0,5430.0,2898.0,0.4931,0.5336
2024-04,11215,광진구,아파트,77,198,119500.0,64000.0,5256.0,2727.0,0.5356,0.5189
2024-04,11215,광진구,연립다세대,139,346,35000.0,26000.0,2844.0,2335.0,0.7429,0.8209
2024-04,11230,동대문구,아파트,183,343,81900.0,50000.0,3666.0,2257.0,0.6105,0.6156
2024-04,11230,동대문구,연립다세대,43,106,35000.0,23550.0,2873.0,2279.0,0.6729,0.7933
2024-04,11260,중랑구,아파트,129,289,58000.0,36500.0,2863.0,1771.0,0.6293,0.6186
2024-04,11260,중랑구,연립다세대,105,260,29000.0,22000.0,2709.0,2122.0,0.7586,0.7835
2024-04,11290,성북구,아파트,260,391,75000.0,48000.0,3273.0,2102.0,0.64,0.6422
2024-04,11290,성북구,연립다세대,74,193,26250.0,20000.0,2266.0,1496.0,0.7619,0.6604
2024-04,11305,강북구,아파트,65,145,58900.0,35000.0,2921.0,1662.0,0.5942,0.5689
2024-04,11305,강북구,연립다세대,132,171,23500.0,14400.0,1632.0,995.0,0.6128,0.6094
2024-04,11320,도봉구,아파트,141,343,54000.0,27000.0,2590.0,1412.0,0.5,0.5452
2024-04,11320,도봉구,연립다세대,106,139,19500.0,15000.0,1406.0,1029.0,0.7692,0.7322
2024-04,11350,노원구,아파트,310,1027,55900.0,25500.0,3100.0,1555.0,0.4562,0.5016
2024-04,11350,노원구,연립다세대,36,80,17500.0,14300.0,1474.0,1089.0,0.8171,0.7387
2024-04,11380,은평구,아파트,182,581,74500.0,41700.0,3755.0,1956.0,0.5597,0.5209
2024-04,11380,은평구,연립다세대,210,432,25950.0,19000.0,1921.0,1372.0,0.7322,0.714
2024-04,11410,서대문구,아파트,177,308,88000.0,51200.0,3972.0,2243.0,0.5818,0.5647
2024-04,11410,서대문구,연립다세대,110,152,33000.0,20000.0,2246.0,1274.0,0.6061,0.5674
2024-04,11440,마포구,아파트,238,436,121500.0,59000.0,5560.0,2665.0,0.4856,0.4794
2024-04,11440,마포구,연립다세대,120,340,37000.0,23050.0,3177.0,2132.0,0.623,0.6713
2024-04,11470,양천구,아파트,150,621,104700.0,47400.0,4176.0,2307.0,0.4527,0.5525
2024-04,11470,양천구,연립다세대,99,311,24000.0,17500.0,1961.0,1235.0,0.7292,0.6297
2024-04,11500,강서구,아파트,228,697,70750.0,40900.0,3603.0,2143.0,0.5781,0.5948
2024-04,11500,강서구,연립다세대,204,491,23500.0,18000.0,1906.0,1375.0,0.766,0.7215
2024-04,11530,구로구,아파트,213,560,64000.0,32000.0,2968.0,1586.0,0.5,0.5343
2024-04,11530,구로구,연립다세대,76,157,25500.0,17500.0,1721.0,1291.0,0.6863,0.7503
2024-04,11545,금천구,아파트,61,178,60500.0,32000.0,2712.0,1658.0,0.5289,0.6115
2024-04,11545,금천구,연립다세대,73,132,28000.0,19850.0,2301.0,1790.0,0.7089,0.7781
2024-04,11560,영등포구,아파트,261,502,107000.0,54500.0,4745.0,2412.0,0.5093,0.5083
2024-04,11560,영등포구,연립다세대,37,151,30000.0,23000.0,3008.0,2575.0,0.7667,0.8563
2024-04,11590,동작구,아파트,190,411,107050.0,60000.0,4933.0,2734.0,0.5605,0.5544
2024-04,11590,동작구,연립다세대,101,245,32000.0,25000.0,2832.0,1876.0,0.7813,0.6624
2024-04,11620,관악구,아파트,116,266,68700.0,44000.0,3124.0,2030.0,0.6405,0.6498
2024-04,11620,관악구,연립다세대,118,211,27500.0,18900.0,1724.0,1625.0,0.6873,0.943
2024-04,11650,서초구,아파트,221,606,227900.0,82000.0,8440.0,3315.0,0.3598,0.3928
2024-04,11650,서초구,연립다세대,78,322,57700.0,32500.0,4407.0,2602.0,0.5633,0.5905
2024-04,11680,강남구,아파트,283,872,225000.0,84225.0,9378.0,3467.0,0.3743,0.3697
2024-04,11680,강남구,연립다세대,38,286,58000.0,26750.0,4690.0,2335.0,0.4612,0.4978
2024-04,11710,송파구,아파트,349,887,149000.0,65000.0,6130.0,2622.0,0.4362,0.4278
2024-04,11710,송파구,연립다세대,129,623,35200.0,24000.0,2447.0,1787.0,0.6818,0.7304
2024-04,11740,강동구,아파트,231,788,105000.0,50000.0,4767.0,2262.0,0.4762,0.4745
2024-04,11740,강동구,연립다세대,113,347,34000.0,23100.0,2984.0,2192.0,0.6794,0.7348
2024-04,41111,수원시 장안구,아파트,157,441,44000.0,27000.0,2023.0,1448.0,0.6136,0.7157
2024-04,41111,수원시 장안구,연립다세대,57,80,14500.0,12500.0,980.0,823.0,0.8621,0.8396
2024-04,41113,수원시 권선구,아파트,334,358,39800.0,28000.0,1945.0,1283.0,0.7035,0.6594
2024-04,41113,수원시 권선구,연립다세대,79,150,18000.0,11500.0,1179.0,1054.0,0.6389,0.8947
2024-04,41115,수원시 팔달구,아파트,124,182,52650.0,30000.0,2373.0,1384.0,0.5698,0.583
2024-04,41115,수원시 팔달구,연립다세대,39,87,16700.0,13755.0,1194.0,1249.0,0.8237,1.046
2024-04,41117,수원시 영통구,아파트,408,598,61650.0,30000.0,2505.0,1558.0,0.4866,0.6221
2024-04,41117,수원시 영통구,연립다세대,4,26,122250.0,15250.0,3690.0,1335.0,0.1247,0.3618
2024-04,41131,성남시 수정구,아파트,87,217,98500.0,53000.0,4436.0,2205.0,0.5381,0.4971
2024-04,41131,성남시 수정구,연립다세대,41,97,27000.0,16000.0,1789.0,1046.0,0.5926,0.5848
2024-04,41133,성남시 중원구,아파트,76,164,67750.0,38000.0,3281.0,1706.0,0.5609,0.52
2024-04,41133,성남시 중원구,연립다세대,37,187,26000.0,13500.0,1661.0,989.0,0.5192,0.5951
2024-04,41135,성남시 분당구,아파트,342,787,110750.0,59000.0,4864.0,2432.0,0.5327,0.5
2024-04,41135,성남시 분당구,연립다세대,22,71,58000.0,40000.0,2742.0,1931.0,0.6897,0.7042
2024-04,41150,의정부시,아파트,377,542,30000.0,23000.0,1411.0,1090.0,0.7667,0.7726
2024-04,41150,의정부시,연립다세대,44,86,13250.0,10000.0,895.0,657.0,0.7547,0.7338
2024-04,41171,안양시 만안구,아파트,111,182,53000.0,34500.0,2428.0,1765.0,0.6509,0.7269
2024-04,41171,안양시 만안구,연립다세대,49,85,21500.0,13000.0,1419.0,1048.0,0.6047,0.7383
2024-04,41173,안양시 동안구,아파트,339,607,60500.0,35000.0,3088.0,1825.0,0.5785,0.591
2024-04,41173,안양시 동안구,연립다세대,22,105,26400.0,15000.0,2123.0,1218.0,0.5682,0.5737
2024-04,41192,부천시 원미구,아파트,243,490,47800.0,30000.0,2254.0,1569.0,0.6276,0.6964
2024-04,41192,부천시 원미구,연립다세대,110,79,17250.0,11700.0,1172.0,790.0,0.6783,0.6744
2024-04,41194,부천시 소사구,아파트,167,235,51400.0,36000.0,2143.0,1519.0,0.7004,0.7091
2024-04,41194,부천시 소사구,연립다세대,67,67,15000.0,11700.0,1075.0,840.0,0.78,0.7817
2024-04,41196,부천시 오정구,아파트,38,92,36950.0,26500.0,1734.0,1188.0,0.7172,0.6853
2024-04,41196,부천시 오정구,연립다세대,85,139,14000.0,10000.0,1022.0,758.0,0.7143,0.7417
2024-04,41210,광명시,아파트,189,536,66500.0,35000.0,3233.0,1687.0,0.5263,0.5219
2024-04,41210,광명시,연립다세대,41,86,29600.0,16500.0,1925.0,1141.0,0.5574,0.5924
2024-04,41220,평택시,아파트,492,717,30000.0,22000.0,1238.0,973.0,0.7333,0.7859
2024-04,41220,평택시,연립다세대,87,73,9983.0,6000.0,718.0,527.0,0.601,0.7331
2024-04,41250,동두천시,아파트,90,90,17375.0,12000.0,893.0,663.0,0.6906,0.7416
2024-04,41250,동두천시,연립다세대,40,21,6850.0,6300.0,436.0,392.0,0.9197,0.8979
2024-04,41271,안산시 상록구,아파트,141,279,35200.0,22000.0,1714.0,1025.0,0.625,0.5978
2024-04,41271,안산시 상록구,연립다세대,199,106,14500.0,9500.0,784.0,609.0,0.6552,0.7762
2024-04,41273,안산시 단원구,아파트,225,426,45000.0,27000.0,1878.0,1273.0,0.6,0.6782
2024-04,41273,안산시 단원구,연립다세대,95,52,18300.0,9000.0,1011.0,663.0,0.4918,0.656
2024-04,41281,고양시 덕양구,아파트,309,673,48000.0,31500.0,2004.0,1478.0,0.6563,0.7378
2024-04,41281,고양시 덕양구,연립다세대,60,85,11500.0,13000.0,824.0,827.0,1.1304,1.0029
2024-04,41285,고양시 일산동구,아파트,152,336,52750.0,33245.0,1897.0,1427.0,0.6302,0.7523
2024-04,41285,고양시 일산동구,연립다세대,29,39,23200.0,23000.0,1435.0,1052.0,0.9914,0.7333
2024-04,41287,고양시 일산서구,아파트,250,568,39500.0,27000.0,1639.0,1248.0,0.6835,0.7615
2024-04,41287,고양시 일산서구,연립다세대,21,23,22800.0,15000.0,1297.0,974.0,0.6579,0.7507
2024-04,41290,과천시,아파트,74,174,149750.0,75000.0,6827.0,3285.0,0.5008,0.4811
2024-04,41290,과천시,연립다세대,16,26,50000.0,36750.0,3786.0,2189.0,0.735,0.5781
2024-04,41310,구리시,아파트,88,302,61125.0,33000.0,2842.0,1592.0,0.5399,0.5603
2024-04,41310,구리시,연립다세대,15,53,31500.0,13000.0,1967.0,1114.0,0.4127,0.5665
2024-04,41360,남양주시,아파트,501,1191,42500.0,30000.0,1719.0,1227.0,0.7059,0.7138
2024-04,41360,남양주시,연립다세대,87,187,15000.0,11300.0,859.0,724.0,0.7533,0.8429
2024-04,41370,오산시,아파트,230,354,32400.0,22000.0,1364.0,993.0,0.679,0.7278
2024-04,41370,오산시,연립다세대,19,50,8900.0,8000.0,836.0,922.0,0.8989,1.1032
2024-04,41390,시흥시,아파트,511,741,32800.0,26000.0,1552.0,1213.0,0.7927,0.7817
2024-04,41390,시흥시,연립다세대,62,89,12000.0,8500.0,987.0,607.0,0.7083,0.6153
2024-04,41410,군포시,아파트,203,421,42000.0,24000.0,2099.0,1364.0,0.5714,0.65
2024-04,41410,군포시,연립다세대,29,82,20700.0,12300.0,1446.0,1083.0,0.5942,0.7486
2024-04,41430,의왕시,아파트,102,254,60500.0,40000.0,2750.0,1719.0,0.6612,0.6249
2024-04,41430,의왕시,연립다세대,15,39,29500.0,23000.0,1962.0,1269.0,0.7797,0.6466
2024-04,41450,하남시,아파트,235,608,83000.0,50000.0,3612.0,2191.0,0.6024,0.6066
2024-04,41450,하남시,연립다세대,11,28,35000.0,14750.0,1870.0,1288.0,0.4214,0.6887
2024-04,41461,용인시 처인구,아파트,187,271,31500.0,22500.0,1460.0,1105.0,0.7143,0.7565
2024-04,41461,용인시 처인구,연립다세대,100,79,12000.0,10200.0,688.0,659.0,0.85,0.9589
2024-04,41463,용인시 기흥구,아파트,375,591,51000.0,35000.0,1949.0,1367.0,0.6863,0.7012
2024-04,41463,용인시 기흥구,연립다세대,23,65,18300.0,14000.0,1362.0,1314.0,0.765,0.965
2024-04,41465,용인시 수지구,아파트,365,698,72000.0,47000.0,2768.0,1818.0,0.6528,0.6569
2024-04,41465,용인시 수지구,연립다세대,16,36,24500.0,24600.0,1637.0,1620.0,1.0041,0.9895
2024-04,41480,파주시,아파트,373,598,36500.0,26000.0,1412.0,1050.0,0.7123,0.7438
2024-04,41480,파주시,연립다세대,48,40,13000.0,12000.0,757.0,820.0,0.9231,1.0831
2024-04,41500,이천시,아파트,124,157,20000.0,17000.0,1009.0,884.0,0.85,0.876
2024-04,41500,이천시,연립다세대,47,36,8700.0,9850.0,525.0,670.0,1.1322,1.2772
2024-04,41550,안성시,아파트,202,234,15800.0,13600.0,865.0,744.0,0.8608,0.8605
2024-04,41550,안성시,연립다세대,13,18,9500.0,6900.0,587.0,512.0,0.7263,0.8729
2024-04,41570,김포시,아파트,456,654,44000.0,29250.0,1762.0,1213.0,0.6648,0.6886
2024-04,41570,김포시,연립다세대,35,32,16000.0,16500.0,977.0,1013.0,1.0313,1.0363
2024-04,41591,화성시 만세구,아파트,139,330,36000.0,20375.0,1440.0,813.0,0.566,0.5642
2024-04,41591,화성시 만세구,연립다세대,30,19,10750.0,11000.0,703.0,778.0,1.0233,1.1062
2024-04,41593,화성시 효행구,아파트,120,136,33000.0,25000.0,1346.0,1070.0,0.7576,0.7952
2024-04,41593,화성시 효행구,연립다세대,19,9,12000.0,7000.0,839.0,469.0,0.5833,0.5593
2024-04,41595,화성시 병점구,아파트,146,221,35700.0,27000.0,1450.0,1221.0,0.7563,0.8423
2024-04,41595,화성시 병점구,연립다세대,10,56,11350.0,12200.0,622.0,1313.0,1.0749,2.1099
2024-04,41597,화성시 동탄구,아파트,385,611,61500.0,37000.0,2700.0,1561.0,0.6016,0.5782
2024-04,41597,화성시 동탄구,연립다세대,3,11,54000.0,55000.0,2102.0,2123.0,1.0185,1.01
2024-04,41610,광주시,아파트,179,332,36800.0,30000.0,1382.0,1273.0,0.8152,0.9209
2024-04,41610,광주시,연립다세대,173,180,16500.0,14000.0,951.0,807.0,0.8485,0.8491
2024-04,41630,양주시,아파트,247,382,26900.0,18500.0,1174.0,779.0,0.6877,0.6637
2024-04,41630,양주시,연립다세대,22,13,9700.0,12000.0,541.0,547.0,1.2371,1.0122
2024-04,41650,포천시,아파트,59,57,14800.0,13000.0,633.0,662.0,0.8784,1.0462
2024-04,41650,포천시,연립다세대,32,22,7250.0,7500.0,404.0,407.0,1.0345,1.009
2024-04,41670,여주시,아파트,80,60,16950.0,14850.0,830.0,619.0,0.8761,0.7452
2024-04,41670,여주시,연립다세대,17,13,7900.0,8500.0,459.0,471.0,1.0759,1.0267
2024-04,41800,연천군,아파트,11,11,20000.0,14000.0,778.0,546.0,0.7,0.7013
2024-04,41800,연천군,연립다세대,7,3,4500.0,5000.0,218.0,277.0,1.1111,1.2694
2024-04,41820,가평군,아파트,19,35,23000.0,18000.0,992.0,785.0,0.7826,0.7913
2024-04,41820,가평군,연립다세대,17,16,8500.0,14000.0,477.0,733.0,1.6471,1.5387
2024-04,41830,양평군,아파트,35,65,30000.0,24000.0,1324.0,972.0,0.8,0.7346
2024-04,41830,양평군,연립다세대,20,42,16700.0,12250.0,836.0,709.0,0.7335,0.8473
2024-05,11110,종로구,아파트,60,75,128500.0,55000.0,4843.0,2345.0,0.428,0.4841
2024-05,11110,종로구,연립다세대,32,98,39500.0,25000.0,2188.0,1398.0,0.6329,0.6389
2024-05,11140,중구,아파트,66,170,106000.0,56500.0,4602.0,2795.0,0.533,0.6073
2024-05,11140,중구,연립다세대,14,51,31300.0,24000.0,2616.0,2433.0,0.7668,0.93
2024-05,11170,용산구,아파트,103,277,179000.0,68000.0,6884.0,2956.0,0.3799,0.4295
2024-05,11170,용산구,연립다세대,66,334,55500.0,24853.0,5011.0,2544.0,0.4478,0.5077
2024-05,11200,성동구,아파트,283,463,129000.0,65000.0,5823.0,2884.0,0.5039,0.4953
2024-05,11200,성동구,연립다세대,32,116,44500.0,25000.0,4579.0,2173.0,0.5618,0.4745
2024-05,11215,광진구,아파트,106,208,118500.0,60000.0,5217.0,2713.0,0.5063,0.5201
2024-05,11215,광진구,연립다세대,154,353,36500.0,25200.0,3095.0,2464.0,0.6904,0.796
2024-05,11230,동대문구,아파트,204,352,80000.0,49000.0,3642.0,2220.0,0.6125,0.6095
2024-05,11230,동대문구,연립다세대,30,97,37250.0,23000.0,2728.0,2227.0,0.6174,0.8164
2024-05,11260,중랑구,아파트,142,306,62000.0,36000.0,2867.0,1752.0,0.5806,0.6112
2024-05,11260,중랑구,연립다세대,131,265,30000.0,21900.0,2698.0,2172.0,0.73,0.8048
2024-05,11290,성북구,아파트,253,505,76800.0,47500.0,3307.0,2096.0,0.6185,0.6337
2024-05,11290,성북구,연립다세대,67,255,28900.0,19000.0,2077.0,1575.0,0.6574,0.7581
2024-05,11305,강북구,아파트,76,152,60000.0,40000.0,2589.0,1861.0,0.6667,0.7189
2024-05,11305,강북구,연립다세대,110,161,22050.0,14000.0,1547.0,1008.0,0.6349,0.6516
2024-05,11320,도봉구,아파트,114,327,54100.0,29000.0,2485.0,1441.0,0.536,0.5797
2024-05,11320,도봉구,연립다세대,96,155,19600.0,15700.0,1382.0,1106.0,0.801,0.8003
2024-05,11350,노원구,아파트,331,999,54700.0,26000.0,3057.0,1543.0,0.4753,0.5047
2024-05,11350,노원구,연립다세대,37,82,25000.0,18000.0,1778.0,1302.0,0.72,0.7325
2024-05,11380,은평구,아파트,206,510,78200.0,50000.0,3575.0,2240.0,0.6394,0.6267
2024-05,11380,은평구,연립다세대,220,382,26900.0,19000.0,1978.0,1344.0,0.7063,0.6795
2024-05,11410,서대문구,아파트,193,306,89500.0,50350.0,3998.0,2220.0,0.5626,0.5554
2024-05,11410,서대문구,연립다세대,70,152,25000.0,19000.0,1558.0,1281.0,0.76,0.8222
2024-05,11440,마포구,아파트,267,507,132000.0,60000.0,5616.0,2685.0,0.4545,0.4781
2024-05,11440,마포구,연립다세대,106,389,35000.0,23000.0,2905.0,2066.0,0.6571,0.711
2024-05,11470,양천구,아파트,207,640,105000.0,48400.0,4504.0,2307.0,0.461,0.5123
2024-05,11470,양천구,연립다세대,122,297,22500.0,17850.0,1884.0,1251.0,0.7933,0.6642
2024-05,11500,강서구,아파트,251,745,77500.0,40000.0,3676.0,2097.0,0.5161,0.5704
2024-05,11500,강서구,연립다세대,224,470,24000.0,17550.0,1854.0,1386.0,0.7312,0.7478
2024-05,11530,구로구,아파트,220,437,63250.0,36750.0,3073.0,1818.0,0.581,0.5915
2024-05,11530,구로구,연립다세대,81,199,24800.0,16000.0,1895.0,1112.0,0.6452,0.5867
2024-05,11545,금천구,아파트,55,160,60000.0,35000.0,2726.0,1762.0,0.5833,0.6464
2024-05,11545,금천구,연립다세대,79,159,24000.0,20500.0,1963.0,2106.0,0.8542,1.0728
2024-05,11560,영등포구,아파트,269,511,105000.0,53000.0,4571.0,2483.0,0.5048,0.5433
2024-05,11560,영등포구,연립다세대,44,178,31350.0,22825.0,2923.0,2700.0,0.7281,0.9239
2024-05,11590,동작구,아파트,198,459,107250.0,60000.0,4830.0,2548.0,0.5594,0.5276
2024-05,11590,동작구,연립다세대,99,237,35300.0,24140.0,2788.0,1833.0,0.6839,0.6574
2024-05,11620,관악구,아파트,134,295,76500.0,46000.0,3349.0,2062.0,0.6013,0.6158
2024-05,11620,관악구,연립다세대,115,189,24000.0,21000.0,1743.0,1600.0,0.875,0.9179
2024-05,11650,서초구,아파트,318,653,239500.0,82000.0,9224.0,3345.0,0.3424,0.3626
2024-05,11650,서초구,연립다세대,90,321,46250.0,31970.0,4158.0,2629.0,0.6912,0.6322
2024-05,11680,강남구,아파트,313,1401,215000.0,65000.0,8917.0,3009.0,0.3023,0.3375
2024-05,11680,강남구,연립다세대,41,297,48000.0,29500.0,4477.0,2461.0,0.6146,0.5497
2024-05,11710,송파구,아파트,432,1018,158750.0,65000.0,6291.0,2649.0,0.4094,0.4211
2024-05,11710,송파구,연립다세대,144,553,34100.0,24150.0,2330.0,1825.0,0.7082,0.7834
2024-05,11740,강동구,아파트,311,767,113000.0,51000.0,5095.0,2398.0,0.4513,0.4706
2024-05,11740,강동구,연립다세대,112,326,31000.0,24125.0,2729.0,2442.0,0.7782,0.8948
2024-05,41111,수원시 장안구,아파트,176,395,40000.0,27000.0,1949.0,1493.0,0.675,0.7659
2024-05,41111,수원시 장안구,연립다세대,67,61,13400.0,11000.0,1110.0,878.0,0.8209,0.791
2024-05,41113,수원시 권선구,아파트,322,384,41000.0,28750.0,1896.0,1323.0,0.7012,0.6977
2024-05,41113,수원시 권선구,연립다세대,57,123,18000.0,13000.0,1202.0,1106.0,0.7222,0.92
2024-05,41115,수원시 팔달구,아파트,112,227,55000.0,28000.0,2490.0,1459.0,0.5091,0.5857
2024-05,41115,수원시 팔달구,연립다세대,40,94,17500.0,12800.0,1301.0,1368.0,0.7314,1.0513
2024-05,41117,수원시 영통구,아파트,440,664,60000.0,31000.0,2511.0,1601.0,0.5167,0.6375
2024-05,41117,수원시 영통구,연립다세대,4,30,21600.0,16900.0,1172.0,1383.0,0.7824,1.1803
2024-05,41131,성남시 수정구,아파트,113,361,100000.0,55000.0,4475.0,2028.0,0.55,0.4533
2024-05,41131,성남시 수정구,연립다세대,37,72,29240.0,13000.0,1660.0,961.0,0.4446,0.5793
2024-05,41133,성남시 중원구,아파트,103,167,69000.0,42000.0,3161.0,1768.0,0.6087,0.5594
2024-05,41133,성남시 중원구,연립다세대,46,182,24875.0,13000.0,1568.0,995.0,0.5226,0.6348
2024-05,41135,성남시 분당구,아파트,494,909,114750.0,54000.0,4924.0,2463.0,0.4706,0.5003
2024-05,41135,성남시 분당구,연립다세대,32,65,78000.0,40000.0,3034.0,2032.0,0.5128,0.6696
2024-05,41150,의정부시,아파트,397,460,33500.0,23000.0,1506.0,1128.0,0.6866,0.7489
2024-05,41150,의정부시,연립다세대,65,82,14600.0,10000.0,940.0,660.0,0.6849,0.7027
2024-05,41171,안양시 만안구,아파트,124,204,55000.0,34000.0,2426.0,1667.0,0.6182,0.6872
2024-05,41171,안양시 만안구,연립다세대,37,66,21400.0,15000.0,1514.0,1129.0,0.7009,0.7459
2024-05,41173,안양시 동안구,아파트,412,757,67150.0,36000.0,3206.0,1829.0,0.5361,0.5704
2024-05,41173,안양시 동안구,연립다세대,25,86,29200.0,15000.0,2259.0,1218.0,0.5137,0.5394
2024-05,41192,부천시 원미구,아파트,277,416,50200.0,28550.0,2287.0,1566.0,0.5687,0.685
2024-05,41192,부천시 원미구,연립다세대,82,77,17950.0,13000.0,1195.0,912.0,0.7242,0.7637
2024-05,41194,부천시 소사구,아파트,145,189,51800.0,38000.0,2257.0,1684.0,0.7336,0.7464
2024-05,41194,부천시 소사구,연립다세대,56,55,17500.0,12500.0,1202.0,836.0,0.7143,0.6954
2024-05,41196,부천시 오정구,아파트,49,80,39500.0,23750.0,1677.0,1083.0,0.6013,0.6458
2024-05,41196,부천시 오정구,연립다세대,103,117,13500.0,9000.0,1112.0,744.0,0.6667,0.6686
2024-05,41210,광명시,아파트,273,550,68000.0,36500.0,3308.0,1769.0,0.5368,0.5346
2024-05,41210,광명시,연립다세대,38,61,31550.0,16000.0,2051.0,1103.0,0.5071,0.5381
2024-05,41220,평택시,아파트,541,793,29500.0,21000.0,1245.0,974.0,0.7119,0.7821
2024-05,41220,평택시,연립다세대,78,72,8500.0,6500.0,666.0,584.0,0.7647,0.8767
2024-05,41250,동두천시,아파트,78,82,15775.0,13000.0,830.0,683.0,0.8241,0.8232
2024-05,41250,동두천시,연립다세대,14,19,4750.0,10500.0,309.0,486.0,2.2105,1.5747
2024-05,41271,안산시 상록구,아파트,127,264,38000.0,25000.0,1818.0,1053.0,0.6579,0.5794
2024-05,41271,안산시 상록구,연립다세대,235,132,13500.0,10000.0,959.0,646.0,0.7407,0.6737
2024-05,41273,안산시 단원구,아파트,245,346,46000.0,27000.0,1919.0,1262.0,0.587,0.6578
2024-05,41273,안산시 단원구,연립다세대,97,72,20600.0,8000.0,1217.0,685.0,0.3883,0.5629
2024-05,41281,고양시 덕양구,아파트,305,658,53800.0,34000.0,2102.0,1488.0,0.632,0.708
2024-05,41281,고양시 덕양구,연립다세대,89,76,12900.0,13000.0,812.0,829.0,1.0078,1.0209
2024-05,41285,고양시 일산동구,아파트,162,310,48000.0,32000.0,1815.0,1392.0,0.6667,0.7667
2024-05,41285,고양시 일산동구,연립다세대,29,52,27000.0,23000.0,1279.0,1116.0,0.8519,0.8728
2024-05,41287,고양시 일산서구,아파트,251,541,38800.0,28000.0,1655.0,1211.0,0.7216,0.7316
2024-05,41287,고양시 일산서구,연립다세대,12,24,20550.0,19200.0,1244.0,919.0,0.9343,0.7388
2024-05,41290,과천시,아파트,104,181,166250.0,70000.0,6834.0,3183.0,0.4211,0.4658
2024-05,41290,과천시,연립다세대,16,49,48100.0,35000.0,2434.0,2083.0,0.7277,0.8558
2024-05,41310,구리시,아파트,120,294,62650.0,34000.0,2835.0,1653.0,0.5427,0.5829
2024-05,41310,구리시,연립다세대,24,49,33850.0,16000.0,2176.0,1274.0,0.4727,0.5857
2024-05,41360,남양주시,아파트,530,1106,41250.0,29500.0,1682.0,1225.0,0.7152,0.7279
2024-05,41360,남양주시,연립다세대,83,148,16000.0,11600.0,901.0,696.0,0.725,0.7723
2024-05,41370,오산시,아파트,249,352,31900.0,21500.0,1267.0,1012.0,0.674,0.7981
2024-05,41370,오산시,연립다세대,23,35,9800.0,9000.0,676.0,931.0,0.9184,1.3776
2024-05,41390,시흥시,아파트,558,723,32700.0,26000.0,1542.0,1204.0,0.7951,0.781
2024-05,41390,시흥시,연립다세대,77,77,12500.0,8000.0,909.0,651.0,0.64,0.7166
2024-05,41410,군포시,아파트,253,413,43000.0,25000.0,2073.0,1408.0,0.5814,0.6791
2024-05,41410,군포시,연립다세대,29,64,20300.0,13000.0,1273.0,1182.0,0.6404,0.9283
2024-05,41430,의왕시,아파트,114,188,60800.0,40735.0,2706.0,1751.0,0.67,0.6471
2024-05,41430,의왕시,연립다세대,14,37,29500.0,19000.0,1737.0,1330.0,0.6441,0.7654
2024-05,41450,하남시,아파트,293,561,85500.0,51000.0,3712.0,2182.0,0.5965,0.5879
2024-05,41450,하남시,연립다세대,7,36,23500.0,20100.0,1858.0,1446.0,0.8553,0.7782
2024-05,41461,용인시 처인구,아파트,161,253,34000.0,22000.0,1640.0,1102.0,0.6471,0.672
2024-05,41461,용인시 처인구,연립다세대,96,95,11000.0,9800.0,664.0,696.0,0.8909,1.0488
2024-05,41463,용인시 기흥구,아파트,380,650,52000.0,35013.0,2012.0,1384.0,0.6733,0.6876
2024-05,41463,용인시 기흥구,연립다세대,34,82,23700.0,13000.0,1402.0,1222.0,0.5485,0.8719
2024-05,41465,용인시 수지구,아파트,452,697,72500.0,48000.0,2916.0,1824.0,0.6621,0.6255
2024-05,41465,용인시 수지구,연립다세대,25,38,21000.0,27000.0,1497.0,1472.0,1.2857,0.9832
2024-05,41480,파주시,아파트,342,606,34550.0,27400.0,1343.0,1069.0,0.7931,0.7956
2024-05,41480,파주시,연립다세대,62,49,18400.0,14400.0,982.0,895.0,0.7826,0.9112
2024-05,41500,이천시,아파트,136,123,20400.0,17500.0,1000.0,883.0,0.8578,0.8828
2024-05,41500,이천시,연립다세대,56,29,7250.0,9000.0,706.0,723.0,1.2414,1.0233
2024-05,41550,안성시,아파트,200,218,15000.0,14000.0,850.0,720.0,0.9333,0.8463
2024-05,41550,안성시,연립다세대,25,3,8000.0,7500.0,473.0,608.0,0.9375,1.2855
2024-05,41570,김포시,아파트,455,718,45000.0,30000.0,1820.0,1268.0,0.6667,0.6965
2024-05,41570,김포시,연립다세대,36,32,18400.0,16700.0,1050.0,1099.0,0.9076,1.0473
2024-05,41591,화성시 만세구,아파트,147,336,35700.0,18773.0,1400.0,812.0,0.5259,0.5802
2024-05,41591,화성시 만세구,연립다세대,36,13,8750.0,12000.0,560.0,614.0,1.3714,1.0973
2024-05,41593,화성시 효행구,아파트,120,160,32450.0,25400.0,1265.0,1098.0,0.7827,0.8675
2024-05,41593,화성시 효행구,연립다세대,23,14,7500.0,10800.0,503.0,568.0,1.44,1.1295
2024-05,41595,화성시 병점구,아파트,148,218,36900.0,26500.0,1558.0,1232.0,0.7182,0.7908
2024-05,41595,화성시 병점구,연립다세대,14,45,14250.0,11500.0,901.0,1411.0,0.807,1.5665
2024-05,41597,화성시 동탄구,아파트,361,754,63000.0,39000.0,2719.0,1607.0,0.619,0.5909
2024-05,41597,화성시 동탄구,연립다세대,6,6,56000.0,67100.0,2181.0,2119.0,1.1982,0.9712
2024-05,41610,광주시,아파트,189,347,39000.0,30000.0,1557.0,1284.0,0.7692,0.8245
2024-05,41610,광주시,연립다세대,160,205,18000.0,14175.0,969.0,771.0,0.7875,0.7956
2024-05,41630,양주시,아파트,247,353,31500.0,19000.0,1392.0,844.0,0.6032,0.606
2024-05,41630,양주시,연립다세대,18,11,4900.0,9000.0,397.0,481.0,1.8367,1.2104
2024-05,41650,포천시,아파트,56,60,17000.0,15000.0,724.0,667.0,0.8824,0.9218
2024-05,41650,포천시,연립다세대,27,19,6400.0,7000.0,407.0,349.0,1.0938,0.8573
2024-05,41670,여주시,아파트,94,55,17600.0,15000.0,784.0,671.0,0.8523,0.8556
2024-05,41670,여주시,연립다세대,27,21,11092.0,8500.0,669.0,616.0,0.7663,0.9206
2024-05,41800,연천군,아파트,19,3,11900.0,19000.0,664.0,778.0,1.5966,1.1716
2024-05,41800,연천군,연립다세대,8,4,6600.0,3350.0,418.0,194.0,0.5076,0.4636
2024-05,41820,가평군,아파트,19,28,23000.0,18000.0,941.0,827.0,0.7826,0.8784
2024-05,41820,가평군,연립다세대,14,8,7754.0,6650.0,507.0,454.0,0.8577,0.8957
2024-05,41830,양평군,아파트,38,69,28750.0,24000.0,1329.0,1051.0,0.8348,0.7906
2024-05,41830,양평군,연립다세대,15,25,12200.0,12500.0,558.0,660.0,1.0246,1.183
2024-06,11110,종로구,아파트,59,78,115990.0,51500.0,4667.0,2481.0,0.444,0.5316
2024-06,11110,종로구,연립다세대,32,65,42250.0,23500.0,2238.0,1436.0,0.5562,0.6413
2024-06,11140,중구,아파트,101,126,113800.0,59000.0,4961.0,2773.0,0.5185,0.5589
2024-06,11140,중구,연립다세대,14,54,32250.0,24000.0,3130.0,2636.0,0.7442,0.8422
2024-06,11170,용산구,아파트,155,278,169500.0,70000.0,7202.0,2937.0,0.413,0.4079
2024-06,11170,용산구,연립다세대,98,300,57250.0,25000.0,4589.0,2445.0,0.4367,0.5329
2024-06,11200,성동구,아파트,468,503,130000.0,69000.0,5915.0,3032.0,0.5308,0.5127
2024-06,11200,성동구,연립다세대,30,93,66750.0,24000.0,5639.0,2422.0,0.3596,0.4296
2024-06,11215,광진구,아파트,284,211,97650.0,63000.0,4673.0,2823.0,0.6452,0.6041
2024-06,11215,광진구,연립다세대,130,307,37350.0,25460.0,3037.0,2459.0,0.6817,0.8098
2024-06,11230,동대문구,아파트,307,359,87000.0,50000.0,3932.0,2360.0,0.5747,0.6004
2024-06,11230,동대문구,연립다세대,42,108,35000.0,22850.0,2176.0,2015.0,0.6529,0.926
2024-06,11260,중랑구,아파트,195,353,62000.0,35000.0,2913.0,1949.0,0.5645,0.6691
2024-06,11260,중랑구,연립다세대,99,215,29600.0,21500.0,2298.0,2222.0,0.7264,0.9666
2024-06,11290,성북구,아파트,403,447,81500.0,50000.0,3747.0,2147.0,0.6135,0.573
2024-06,11290,성북구,연립다세대,65,207,28000.0,19900.0,2270.0,1629.0,0.7107,0.7177
2024-06,11305,강북구,아파트,99,151,64000.0,37000.0,2898.0,1803.0,0.5781,0.6222
2024-06,11305,강북구,연립다세대,130,182,22325.0,15750.0,1651.0,1085.0,0.7055,0.6573
2024-06,11320,도봉구,아파트,167,302,54000.0,29150.0,2543.0,1479.0,0.5398,0.5815
2024-06,11320,도봉구,연립다세대,68,113,21500.0,15000.0,1587.0,1072.0,0.6977,0.6757
2024-06,11350,노원구,아파트,439,847,58500.0,26000.0,3172.0,1601.0,0.4444,0.5046
2024-06,11350,노원구,연립다세대,27,74,22900.0,14150.0,1529.0,1066.0,0.6179,0.6975
2024-06,11380,은평구,아파트,266,535,79950.0,48000.0,3809.0,2256.0,0.6004,0.5923
2024-06,11380,은평구,연립다세대,205,361,27300.0,18000.0,2152.0,1352.0,0.6593,0.6285
2024-06,11410,서대문구,아파트,305,304,95000.0,52800.0,4300.0,2460.0,0.5558,0.5721
2024-06,11410,서대문구,연립다세대,87,135,28000.0,18000.0,1847.0,1231.0,0.6429,0.6663
2024-06,11440,마포구,아파트,383,483,134200.0,61000.0,5782.0,2733.0,0.4545,0.4726
2024-06,11440,마포구,연립다세대,106,306,38250.0,23000.0,3244.0,2202.0,0.6013,0.6789
2024-06,11470,양천구,아파트,273,611,124500.0,50200.0,5336.0,2359.0,0.4032,0.4421
2024-06,11470,양천구,연립다세대,125,283,23800.0,18000.0,1947.0,1366.0,0.7563,0.7016
2024-06,11500,강서구,아파트,349,723,81000.0,41800.0,3996.0,2087.0,0.516,0.5222
2024-06,11500,강서구,연립다세대,223,452,22800.0,17400.0,1909.0,1364.0,0.7632,0.7145
2024-06,11530,구로구,아파트,246,412,70300.0,38000.0,3122.0,1820.0,0.5405,0.5829
2024-06,11530,구로구,연립다세대,83,147,23500.0,17000.0,2028.0,1170.0,0.7234,0.5769
2024-06,11545,금천구,아파트,97,125,60000.0,37000.0,2759.0,1714.0,0.6167,0.6215
2024-06,11545,금천구,연립다세대,68,119,25750.0,19650.0,1808.0,1981.0,0.7631,1.0957
2024-06,11560,영등포구,아파트,351,746,108000.0,43000.0,4844.0,2723.0,0.3981,0.562
2024-06,11560,영등포구,연립다세대,56,124,26310.0,23900.0,2393.0,2534.0,0.9084,1.0589
2024-06,11590,동작구,아파트,334,454,118000.0,60000.0,5060.0,2620.0,0.5085,0.5178
2024-06,11590,동작구,연립다세대,133,169,38500.0,24450.0,2982.0,1804.0,0.6351,0.6052
2024-06,11620,관악구,아파트,203,287,76800.0,45000.0,3314.0,2143.0,0.5859,0.6466
2024-06,11620,관악구,연립다세대,86,183,27650.0,19900.0,1877.0,1587.0,0.7197,0.8453
2024-06,11650,서초구,아파트,479,718,250000.0,82594.0,9714.0,3270.0,0.3304,0.3366
2024-06,11650,서초구,연립다세대,80,303,53750.0,32000.0,4474.0,2537.0,0.5953,0.5671
2024-06,11680,강남구,아파트,483,997,207000.0,81000.0,9287.0,3326.0,0.3913,0.3581
2024-06,11680,강남구,연립다세대,64,269,47000.0,30000.0,5316.0,2599.0,0.6383,0.4889
2024-06,11710,송파구,아파트,600,962,154100.0,65000.0,6345.0,2727.0,0.4218,0.4299
2024-06,11710,송파구,연립다세대,125,524,33000.0,24000.0,2780.0,1864.0,0.7273,0.6705
2024-06,11740,강동구,아파트,580,1054,120000.0,48000.0,5244.0,2182.0,0.4,0.4162
2024-06,11740,강동구,연립다세대,106,280,30000.0,23295.0,2595.0,2234.0,0.7765,0.8607
2024-06,41111,수원시 장안구,아파트,242,362,45725.0,29000.0,2094.0,1436.0,0.6342,0.6858
2024-06,41111,수원시 장안구,연립다세대,53,61,16000.0,8900.0,1066.0,726.0,0.5563,0.6804
2024-06,41113,수원시 권선구,아파트,360,351,43000.0,28000.0,2052.0,1325.0,0.6512,0.6456
2024-06,41113,수원시 권선구,연립다세대,55,114,15000.0,12400.0,934.0,1099.0,0.8267,1.1758
2024-06,41115,수원시 팔달구,아파트,148,239,57500.0,34000.0,2617.0,1737.0,0.5913,0.6639
2024-06,41115,수원시 팔달구,연립다세대,47,108,18000.0,13000.0,1351.0,1334.0,0.7222,0.9872
2024-06,41117,수원시 영통구,아파트,685,638,63000.0,33038.0,2628.0,1653.0,0.5244,0.6292
2024-06,41117,수원시 영통구,연립다세대,11,19,24200.0,25000.0,1895.0,1162.0,1.0331,0.6131
2024-06,41131,성남시 수정구,아파트,143,348,105000.0,55520.0,4616.0,2425.0,0.5288,0.5254
2024-06,41131,성남시 수정구,연립다세대,23,73,28000.0,12300.0,1641.0,957.0,0.4393,0.5831
2024-06,41133,성남시 중원구,아파트,144,187,68800.0,37000.0,3591.0,1750.0,0.5378,0.4875
2024-06,41133,성남시 중원구,연립다세대,39,167,22000.0,13000.0,1396.0,969.0,0.5909,0.6941
2024-06,41135,성남시 분당구,아파트,820,912,123100.0,55000.0,5014.0,2472.0,0.4468,0.493
2024-06,41135,성남시 분당구,연립다세대,22,65,86000.0,38000.0,3293.0,1843.0,0.4419,0.5597
2024-06,41150,의정부시,아파트,407,513,33500.0,22000.0,1541.0,1093.0,0.6567,0.7097
2024-06,41150,의정부시,연립다세대,56,71,14600.0,10000.0,932.0,675.0,0.6849,0.7249
2024-06,41171,안양시 만안구,아파트,144,204,55250.0,35000.0,2755.0,1660.0,0.6335,0.6027
2024-06,41171,안양시 만안구,연립다세대,52,103,22250.0,12500.0,1404.0,1001.0,0.5618,0.7127
2024-06,41173,안양시 동안구,아파트,420,730,64600.0,35000.0,3222.0,1790.0,0.5418,0.5555
2024-06,41173,안양시 동안구,연립다세대,25,98,31500.0,17250.0,2142.0,1343.0,0.5476,0.6269
2024-06,41192,부천시 원미구,아파트,391,387,52700.0,32000.0,2370.0,1600.0,0.6072,0.6752
2024-06,41192,부천시 원미구,연립다세대,88,85,19150.0,11900.0,1215.0,861.0,0.6214,0.7087
2024-06,41194,부천시 소사구,아파트,154,158,51650.0,38000.0,2188.0,1562.0,0.7357,0.7142
2024-06,41194,부천시 소사구,연립다세대,61,58,17500.0,11000.0,1222.0,779.0,0.6286,0.6379
2024-06,41196,부천시 오정구,아파트,61,106,29000.0,16930.0,1578.0,1093.0,0.5838,0.693
2024-06,41196,부천시 오정구,연립다세대,70,119,15250.0,10500.0,1038.0,783.0,0.6885,0.755
2024-06,41210,광명시,아파트,362,511,72075.0,37000.0,3486.0,1806.0,0.5134,0.518
2024-06,41210,광명시,연립다세대,32,67,32900.0,16000.0,2200.0,1067.0,0.4863,0.4849
2024-06,41220,평택시,아파트,519,788,29800.0,22000.0,1333.0,974.0,0.7383,0.7312
2024-06,41220,평택시,연립다세대,96,68,7368.0,7500.0,960.0,565.0,1.0179,0.5887
2024-06,41250,동두천시,아파트,66,118,15750.0,12000.0,813.0,651.0,0.7619,0.8013
2024-06,41250,동두천시,연립다세대,21,12,5500.0,2400.0,332.0,287.0,0.4364,0.862
2024-06,41271,안산시 상록구,아파트,165,280,36500.0,20500.0,1661.0,1032.0,0.5616,0.6215
2024-06,41271,안산시 상록구,연립다세대,111,91,15800.0,9000.0,810.0,592.0,0.5696,0.7307
2024-06,41273,안산시 단원구,아파트,296,369,45950.0,26000.0,1990.0,1248.0,0.5658,0.6272
2024-06,41273,안산시 단원구,연립다세대,66,73,17250.0,10000.0,1083.0,697.0,0.5797,0.6438
2024-06,41281,고양시 덕양구,아파트,392,590,54000.0,31000.0,2194.0,1512.0,0.5741,0.6889
2024-06,41281,고양시 덕양구,연립다세대,68,97,18000.0,13000.0,1151.0,940.0,0.7222,0.8163
2024-06,41285,고양시 일산동구,아파트,221,308,46000.0,32000.0,1807.0,1403.0,0.6957,0.7763
2024-06,41285,고양시 일산동구,연립다세대,41,36,22000.0,20050.0,1369.0,1097.0,0.9114,0.8013
2024-06,41287,고양시 일산서구,아파트,287,533,42000.0,28000.0,1708.0,1264.0,0.6667,0.7403
2024-06,41287,고양시 일산서구,연립다세대,20,22,16250.0,15000.0,991.0,925.0,0.9231,0.9327
2024-06,41290,과천시,아파트,159,200,155000.0,75000.0,7221.0,3308.0,0.4839,0.4581
2024-06,41290,과천시,연립다세대,14,56,58600.0,34000.0,2920.0,1950.0,0.5802,0.668
2024-06,41310,구리시,아파트,152,308,59850.0,34750.0,2783.0,1653.0,0.5806,0.594
2024-06,41310,구리시,연립다세대,25,76,28800.0,21450.0,2062.0,1460.0,0.7448,0.708
2024-06,41360,남양주시,아파트,598,1073,43300.0,30000.0,1809.0,1270.0,0.6928,0.7022
2024-06,41360,남양주시,연립다세대,80,177,13700.0,11000.0,882.0,704.0,0.8029,0.7973
2024-06,41370,오산시,아파트,266,349,31450.0,22000.0,1305.0,1076.0,0.6995,0.8248
2024-06,41370,오산시,연립다세대,20,50,10000.0,8000.0,731.0,746.0,0.8,1.0216
2024-06,41390,시흥시,아파트,587,734,35700.0,26000.0,1653.0,1181.0,0.7283,0.7146
2024-06,41390,시흥시,연립다세대,51,117,12000.0,8000.0,733.0,649.0,0.6667,0.8854
2024-06,41410,군포시,아파트,312,386,47000.0,23500.0,2144.0,1408.0,0.5,0.6566
2024-06,41410,군포시,연립다세대,22,84,21500.0,14800.0,1420.0,1098.0,0.6884,0.7729
2024-06,41430,의왕시,아파트,136,175,69575.0,40000.0,2957.0,1719.0,0.5749,0.5814
2024-06,41430,의왕시,연립다세대,15,34,30500.0,22000.0,2279.0,1326.0,0.7213,0.582
2024-06,41450,하남시,아파트,457,565,86900.0,52000.0,3787.0,2220.0,0.5984,0.5861
2024-06,41450,하남시,연립다세대,9,28,27000.0,23000.0,2053.0,1652.0,0.8519,0.8046
2024-06,41461,용인시 처인구,아파트,207,334,34500.0,23000.0,1531.0,1115.0,0.6667,0.7287
2024-06,41461,용인시 처인구,연립다세대,78,82,13125.0,8750.0,783.0,635.0,0.6667,0.8121
2024-06,41463,용인시 기흥구,아파트,471,701,53500.0,36000.0,2051.0,1403.0,0.6729,0.684
2024-06,41463,용인시 기흥구,연립다세대,26,60,24500.0,14317.0,1511.0,1402.0,0.5843,0.9281
2024-06,41465,용인시 수지구,아파트,722,761,74600.0,47000.0,2919.0,1872.0,0.63,0.6413
2024-06,41465,용인시 수지구,연립다세대,25,40,32000.0,24175.0,2092.0,1580.0,0.7555,0.7553
2024-06,41480,파주시,아파트,395,693,34300.0,27000.0,1311.0,1051.0,0.7872,0.8016
2024-06,41480,파주시,연립다세대,64,54,17500.0,15000.0,1313.0,859.0,0.8571,0.6541
2024-06,41500,이천시,아파트,115,126,20000.0,17000.0,999.0,913.0,0.85,0.9135
2024-06,41500,이천시,연립다세대,43,37,8800.0,9600.0,605.0,709.0,1.0909,1.1709
2024-06,41550,안성시,아파트,210,251,16900.0,13000.0,866.0,731.0,0.7692,0.8432
2024-06,41550,안성시,연립다세대,12,9,6000.0,11000.0,388.0,686.0,1.8333,1.7657
2024-06,41570,김포시,아파트,533,803,46900.0,30000.0,1918.0,1300.0,0.6397,0.6777
2024-06,41570,김포시,연립다세대,41,31,17000.0,15700.0,949.0,917.0,0.9235,0.9661
2024-06,41591,화성시 만세구,아파트,137,327,37800.0,20375.0,1471.0,817.0,0.539,0.5552
2024-06,41591,화성시 만세구,연립다세대,34,14,9200.0,11000.0,534.0,608.0,1.1957,1.1379
2024-06,41593,화성시 효행구,아파트,137,142,32000.0,26500.0,1326.0,1135.0,0.8281,0.856
2024-06,41593,화성시 효행구,연립다세대,10,17,9000.0,9000.0,449.0,499.0,1.0,1.1115
2024-06,41595,화성시 병점구,아파트,176,200,37150.0,27000.0,1504.0,1172.0,0.7268,0.7792
2024-06,41595,화성시 병점구,연립다세대,10,35,7500.0,10000.0,645.0,1387.0,1.3333,2.1503
2024-06,41597,화성시 동탄구,아파트,447,655,62500.0,36000.0,2742.0,1556.0,0.576,0.5675
2024-06,41597,화성시 동탄구,연립다세대,4,6,59250.0,41000.0,2305.0,1613.0,0.692,0.6996
2024-06,41610,광주시,아파트,221,389,40500.0,30000.0,1672.0,1246.0,0.7407,0.745
2024-06,41610,광주시,연립다세대,144,216,17950.0,13600.0,994.0,771.0,0.7577,0.7757
2024-06,41630,양주시,아파트,222,354,30900.0,20000.0,1317.0,837.0,0.6472,0.6357
2024-06,41630,양주시,연립다세대,17,23,7000.0,8000.0,455.0,486.0,1.1429,1.0679
2024-06,41650,포천시,아파트,65,61,17400.0,14000.0,863.0,665.0,0.8046,0.7705
2024-06,41650,포천시,연립다세대,32,9,8850.0,5500.0,450.0,314.0,0.6215,0.6978
2024-06,41670,여주시,아파트,89,56,18700.0,14500.0,821.0,778.0,0.7754,0.9474
2024-06,41670,여주시,연립다세대,13,9,13200.0,9800.0,706.0,651.0,0.7424,0.9226
2024-06,41800,연천군,아파트,14,11,9975.0,8000.0,557.0,446.0,0.802,0.8016
2024-06,41800,연천군,연립다세대,6,3,4700.0,8000.0,289.0,315.0,1.7021,1.0928
2024-06,41820,가평군,아파트,16,18,20400.0,16000.0,836.0,691.0,0.7843,0.8268
2024-06,41820,가평군,연립다세대,19,16,8900.0,5750.0,503.0,342.0,0.6461,0.6798
2024-06,41830,양평군,아파트,35,62,30000.0,24750.0,1462.0,1047.0,0.825,0.7162
2024-06,41830,양평군,연립다세대,17,16,13200.0,11400.0,802.0,759.0,0.8636,0.9462
2024-07,11110,종로구,아파트,56,87,112500.0,55000.0,4446.0,2629.0,0.4889,0.5913
2024-07,11110,종로구,연립다세대,43,78,38000.0,22000.0,2019.0,1389.0,0.5789,0.6879
2024-07,11140,중구,아파트,133,180,110000.0,64000.0,4849.0,2723.0,0.5818,0.5616
2024-07,11140,중구,연립다세대,23,84,36500.0,25000.0,3210.0,2576.0,0.6849,0.8023
2024-07,11170,용산구,아파트,168,215,170000.0,68250.0,7110.0,2774.0,0.4015,0.3902
2024-07,11170,용산구,연립다세대,94,279,55000.0,25137.0,4595.0,2693.0,0.457,0.5861
2024-07,11200,성동구,아파트,406,461,135000.0,67900.0,5933.0,3030.0,0.503,0.5107
2024-07,11200,성동구,연립다세대,76,96,126500.0,25140.0,8177.0,2606.0,0.1987,0.3186
2024-07,11215,광진구,아파트,234,200,127400.0,63000.0,5436.0,2770.0,0.4945,0.5095
2024-07,11215,광진구,연립다세대,164,294,40800.0,25750.0,3225.0,2381.0,0.6311,0.7383
2024-07,11230,동대문구,아파트,358,415,86400.0,50000.0,3789.0,2341.0,0.5787,0.6178
2024-07,11230,동대문구,연립다세대,63,101,39900.0,20000.0,3513.0,1987.0,0.5013,0.5657
2024-07,11260,중랑구,아파트,195,298,65500.0,37000.0,3018.0,1908.0,0.5649,0.6323
2024-07,11260,중랑구,연립다세대,171,258,31600.0,21488.0,2868.0,2163.0,0.68,0.7542
2024-07,11290,성북구,아파트,450,463,80000.0,50000.0,3466.0,2206.0,0.625,0.6365
2024-07,11290,성북구,연립다세대,93,196,30000.0,20000.0,2103.0,1545.0,0.6667,0.7347
2024-07,11305,강북구,아파트,131,180,64000.0,40000.0,3058.0,1752.0,0.625,0.573
2024-07,11305,강북구,연립다세대,133,158,24500.0,13000.0,1690.0,971.0,0.5306,0.5749
2024-07,11320,도봉구,아파트,231,294,54000.0,30000.0,2464.0,1503.0,0.5556,0.6102
2024-07,11320,도봉구,연립다세대,69,109,19000.0,16000.0,1414.0,1038.0,0.8421,0.7339
2024-07,11350,노원구,아파트,712,911,60000.0,26250.0,3200.0,1605.0,0.4375,0.5017
2024-07,11350,노원구,연립다세대,43,47,24700.0,14000.0,1729.0,1159.0,0.5668,0.6701
2024-07,11380,은평구,아파트,276,530,80000.0,45000.0,3847.0,2104.0,0.5625,0.5469
2024-07,11380,은평구,연립다세대,202,379,29500.0,19000.0,2141.0,1358.0,0.6441,0.6342
2024-07,11410,서대문구,아파트,370,417,98250.0,50500.0,4475.0,2339.0,0.514,0.5228
2024-07,11410,서대문구,연립다세대,77,141,33000.0,20000.0,2084.0,1440.0,0.6061,0.6911
2024-07,11440,마포구,아파트,424,481,133250.0,64300.0,5798.0,2811.0,0.4826,0.4848
2024-07,11440,마포구,연립다세대,144,329,39150.0,25000.0,2998.0,2251.0,0.6386,0.7507
2024-07,11470,양천구,아파트,429,666,110000.0,50000.0,4639.0,2327.0,0.4545,0.5017
2024-07,11470,양천구,연립다세대,154,297,25500.0,19000.0,2012.0,1429.0,0.7451,0.7101
2024-07,11500,강서구,아파트,427,1134,85000.0,28000.0,3943.0,1641.0,0.3294,0.4163
2024-07,11500,강서구,연립다세대,193,416,24000.0,18400.0,1742.0,1474.0,0.7667,0.8462
2024-07,11530,구로구,아파트,307,470,71000.0,36650.0,3309.0,1790.0,0.5162,0.5411
2024-07,11530,구로구,연립다세대,68,142,25000.0,15599.0,1878.0,1158.0,0.624,0.6162
2024-07,11545,금천구,아파트,105,139,65700.0,33000.0,2944.0,1730.0,0.5023,0.5878
2024-07,11545,금천구,연립다세대,79,120,27000.0,20100.0,2124.0,2131.0,0.7444,1.0029
2024-07,11560,영등포구,아파트,456,628,106250.0,53000.0,4648.0,2600.0,0.4988,0.5595
2024-07,11560,영등포구,연립다세대,34,147,32250.0,24300.0,3042.0,2594.0,0.7535,0.8527
2024-07,11590,동작구,아파트,451,478,115500.0,64500.0,4982.0,2734.0,0.5584,0.5489
2024-07,11590,동작구,연립다세대,138,202,37000.0,24938.0,2987.0,1892.0,0.674,0.6334
2024-07,11620,관악구,아파트,220,278,79800.0,45000.0,3470.0,2135.0,0.5639,0.6152
2024-07,11620,관악구,연립다세대,152,192,29100.0,22000.0,2165.0,1711.0,0.756,0.7901
2024-07,11650,서초구,아파트,498,703,237500.0,78750.0,8952.0,3265.0,0.3316,0.3648
2024-07,11650,서초구,연립다세대,117,330,55000.0,33600.0,4344.0,2673.0,0.6109,0.6154
2024-07,11680,강남구,아파트,575,924,219000.0,85000.0,8657.0,3386.0,0.3881,0.3911
2024-07,11680,강남구,연립다세대,49,264,59800.0,29880.0,5020.0,2424.0,0.4997,0.4829
2024-07,11710,송파구,아파트,719,969,156500.0,68000.0,6511.0,2771.0,0.4345,0.4256
2024-07,11710,송파구,연립다세대,125,547,35000.0,24900.0,2663.0,1834.0,0.7114,0.6887
2024-07,11740,강동구,아파트,570,891,95150.0,50000.0,4606.0,2289.0,0.5255,0.4969
2024-07,11740,강동구,연립다세대,118,281,32000.0,24900.0,3038.0,2416.0,0.7781,0.7955
2024-07,41111,수원시 장안구,아파트,274,274,49500.0,28000.0,2176.0,1380.0,0.5657,0.6342
2024-07,41111,수원시 장안구,연립다세대,48,74,14000.0,10300.0,988.0,993.0,0.7357,1.0041
2024-07,41113,수원시 권선구,아파트,410,361,45750.0,29000.0,2063.0,1358.0,0.6339,0.6585
2024-07,41113,수원시 권선구,연립다세대,55,113,19000.0,11500.0,1126.0,1153.0,0.6053,1.0234
2024-07,41115,수원시 팔달구,아파트,194,340,56500.0,34100.0,2729.0,1808.0,0.6035,0.6623
2024-07,41115,수원시 팔달구,연립다세대,38,97,16850.0,12500.0,1126.0,1553.0,0.7418,1.3793
2024-07,41117,수원시 영통구,아파트,688,623,61250.0,35000.0,2624.0,1666.0,0.5714,0.6349
2024-07,41117,수원시 영통구,연립다세대,6,27,75000.0,18000.0,2829.0,1636.0,0.24,0.5783
2024-07,41131,성남시 수정구,아파트,183,274,108000.0,58000.0,4544.0,2557.0,0.537,0.5628
2024-07,41131,성남시 수정구,연립다세대,40,90,27250.0,16000.0,1686.0,1022.0,0.5872,0.6063
2024-07,41133,성남시 중원구,아파트,190,205,66500.0,40900.0,3306.0,1944.0,0.615,0.588
2024-07,41133,성남시 중원구,연립다세대,44,161,24850.0,13500.0,1662.0,983.0,0.5433,0.5918
2024-07,41135,성남시 분당구,아파트,692,933,126750.0,59000.0,5036.0,2461.0,0.4655,0.4887
2024-07,41135,성남시 분당구,연립다세대,30,84,77000.0,41750.0,3429.0,2003.0,0.5422,0.5842
2024-07,41150,의정부시,아파트,476,618,33575.0,25000.0,1511.0,1165.0,0.7446,0.771
2024-07,41150,의정부시,연립다세대,39,86,15400.0,9950.0,943.0,668.0,0.6461,0.7089
2024-07,41171,안양시 만안구,아파트,206,226,57500.0,36500.0,2736.0,1779.0,0.6348,0.6501
2024-07,41171,안양시 만안구,연립다세대,39,88,20200.0,13000.0,1408.0,1021.0,0.6436,0.7246
2024-07,41173,안양시 동안구,아파트,552,844,66700.0,37300.0,3326.0,1812.0,0.5592,0.5448
2024-07,41173,안양시 동안구,연립다세대,22,103,30400.0,15000.0,2011.0,1188.0,0.4934,0.591
2024-07,41192,부천시 원미구,아파트,405,438,55000.0,30000.0,2355.0,1611.0,0.5455,0.6839
2024-07,41192,부천시 원미구,연립다세대,82,83,18000.0,11600.0,1227.0,834.0,0.6444,0.6797
2024-07,41194,부천시 소사구,아파트,207,186,53500.0,34325.0,2206.0,1488.0,0.6416,0.6747
2024-07,41194,부천시 소사구,연립다세대,50,74,20500.0,12000.0,1463.0,836.0,0.5854,0.5713
2024-07,41196,부천시 오정구,아파트,52,59,34750.0,18000.0,1629.0,999.0,0.518,0.6131
2024-07,41196,부천시 오정구,연립다세대,98,111,16625.0,10000.0,1146.0,766.0,0.6015,0.6684
2024-07,41210,광명시,아파트,417,517,72000.0,38000.0,3322.0,1836.0,0.5278,0.5527
2024-07,41210,광명시,연립다세대,52,59,31900.0,18000.0,2211.0,1152.0,0.5643,0.5207
2024-07,41220,평택시,아파트,570,832,30900.0,22000.0,1326.0,988.0,0.712,0.7446
2024-07,41220,평택시,연립다세대,72,50,12600.0,8500.0,732.0,557.0,0.6746,0.7612
2024-07,41250,동두천시,아파트,82,110,16000.0,12000.0,849.0,661.0,0.75,0.7789
2024-07,41250,동두천시,연립다세대,37,15,9980.0,5200.0,1077.0,325.0,0.521,0.3014
2024-07,41271,안산시 상록구,아파트,178,267,37900.0,24000.0,1775.0,1051.0,0.6332,0.5919
2024-07,41271,안산시 상록구,연립다세대,200,89,16400.0,10000.0,929.0,672.0,0.6098,0.7235
2024-07,41273,안산시 단원구,아파트,339,345,45000.0,29000.0,1945.0,1322.0,0.6444,0.6801
2024-07,41273,안산시 단원구,연립다세대,86,61,18000.0,10000.0,1043.0,666.0,0.5556,0.6387
2024-07,41281,고양시 덕양구,아파트,482,629,52000.0,32000.0,2182.0,1500.0,0.6154,0.6871
2024-07,41281,고양시 덕양구,연립다세대,81,99,17500.0,13000.0,1235.0,906.0,0.7429,0.7338
2024-07,41285,고양시 일산동구,아파트,251,384,52000.0,35000.0,1882.0,1448.0,0.6731,0.7696
2024-07,41285,고양시 일산동구,연립다세대,41,48,20000.0,22500.0,1311.0,1073.0,1.125,0.8184
2024-07,41287,고양시 일산서구,아파트,335,575,40000.0,28000.0,1722.0,1258.0,0.7,0.7303
2024-07,41287,고양시 일산서구,연립다세대,22,30,24000.0,16200.0,1336.0,950.0,0.675,0.7111
2024-07,41290,과천시,아파트,106,143,161000.0,77000.0,7385.0,3268.0,0.4783,0.4426
2024-07,41290,과천시,연립다세대,16,50,59450.0,38000.0,3472.0,2170.0,0.6392,0.625
2024-07,41310,구리시,아파트,163,303,65000.0,35800.0,2880.0,1706.0,0.5508,0.5923
2024-07,41310,구리시,연립다세대,19,66,38635.0,32500.0,2368.0,1703.0,0.8412,0.7193
2024-07,41360,남양주시,아파트,762,1190,46000.0,30000.0,1848.0,1308.0,0.6522,0.7075
2024-07,41360,남양주시,연립다세대,80,141,15000.0,11000.0,893.0,677.0,0.7333,0.7585
2024-07,41370,오산시,아파트,276,311,32250.0,23000.0,1422.0,1119.0,0.7132,0.7867
2024-07,41370,오산시,연립다세대,21,45,8500.0,11300.0,648.0,883.0,1.3294,1.3612
2024-07,41390,시흥시,아파트,636,723,41000.0,27000.0,1871.0,1213.0,0.6585,0.6481
2024-07,41390,시흥시,연립다세대,68,97,9900.0,8300.0,1042.0,631.0,0.8384,0.6053
2024-07,41410,군포시,아파트,325,398,45000.0,26000.0,2159.0,1437.0,0.5778,0.6654
2024-07,41410,군포시,연립다세대,40,50,22850.0,12300.0,1761.0,1007.0,0.5383,0.5715
2024-07,41430,의왕시,아파트,237,211,65000.0,42000.0,2918.0,1811.0,0.6462,0.6208
2024-07,41430,의왕시,연립다세대,15,35,30000.0,19000.0,2280.0,1326.0,0.6333,0.5814
2024-07,41450,하남시,아파트,602,580,89000.0,55000.0,3831.0,2256.0,0.618,0.5889
2024-07,41450,하남시,연립다세대,6,28,40000.0,20000.0,2467.0,1145.0,0.5,0.4643
2024-07,41461,용인시 처인구,아파트,217,308,36000.0,23000.0,1594.0,1112.0,0.6389,0.6975
2024-07,41461,용인시 처인구,연립다세대,100,84,9175.0,8950.0,991.0,622.0,0.9755,0.6279
2024-07,41463,용인시 기흥구,아파트,588,749,52125.0,36000.0,1916.0,1420.0,0.6906,0.7413
2024-07,41463,용인시 기흥구,연립다세대,28,74,28095.0,15250.0,1474.0,1155.0,0.5428,0.7838
2024-07,41465,용인시 수지구,아파트,813,745,76500.0,48000.0,2979.0,1883.0,0.6275,0.632
2024-07,41465,용인시 수지구,연립다세대,14,33,22500.0,25200.0,1821.0,1680.0,1.12,0.9223
2024-07,41480,파주시,아파트,456,785,36550.0,27000.0,1415.0,1062.0,0.7387,0.7509
2024-07,41480,파주시,연립다세대,79,40,24800.0,13250.0,1514.0,888.0,0.5343,0.587
2024-07,41500,이천시,아파트,134,134,25250.0,18000.0,1080.0,901.0,0.7129,0.8342
2024-07,41500,이천시,연립다세대,29,16,11000.0,9120.0,695.0,722.0,0.8291,1.0381
2024-07,41550,안성시,아파트,188,278,18250.0,16500.0,889.0,817.0,0.9041,0.9189
2024-07,41550,안성시,연립다세대,13,12,5000.0,7750.0,342.0,633.0,1.55,1.8525
2024-07,41570,김포시,아파트,629,732,46800.0,31000.0,1864.0,1292.0,0.6624,0.693
2024-07,41570,김포시,연립다세대,39,39,18000.0,14500.0,1314.0,853.0,0.8056,0.6492
2024-07,41591,화성시 만세구,아파트,149,472,37200.0,22000.0,1498.0,912.0,0.5914,0.6092
2024-07,41591,화성시 만세구,연립다세대,25,11,11800.0,14500.0,660.0,831.0,1.2288,1.2575
2024-07,41593,화성시 효행구,아파트,158,142,31700.0,26300.0,1309.0,1172.0,0.8297,0.8953
2024-07,41593,화성시 효행구,연립다세대,26,12,13500.0,7000.0,1036.0,534.0,0.5185,0.5154
2024-07,41595,화성시 병점구,아파트,220,180,37850.0,27000.0,1595.0,1190.0,0.7133,0.746
2024-07,41595,화성시 병점구,연립다세대,8,45,4600.0,11500.0,401.0,1350.0,2.5,3.3673
2024-07,41597,화성시 동탄구,아파트,597,630,65000.0,36000.0,2886.0,1544.0,0.5538,0.5349
2024-07,41597,화성시 동탄구,연립다세대,10,11,66500.0,50000.0,2597.0,1945.0,0.7519,0.749
2024-07,41610,광주시,아파트,239,404,43000.0,30000.0,1737.0,1210.0,0.6977,0.6966
2024-07,41610,광주시,연립다세대,165,222,18000.0,14000.0,975.0,798.0,0.7778,0.8177
2024-07,41630,양주시,아파트,255,386,31000.0,18000.0,1362.0,846.0,0.5806,0.6208
2024-07,41630,양주시,연립다세대,20,20,8650.0,8500.0,597.0,467.0,0.9827,0.7826
2024-07,41650,포천시,아파트,65,58,17500.0,15000.0,827.0,730.0,0.8571,0.8824
2024-07,41650,포천시,연립다세대,54,18,6680.0,5150.0,634.0,329.0,0.771,0.5191
2024-07,41670,여주시,아파트,73,67,18800.0,13000.0,843.0,603.0,0.6915,0.7154
2024-07,41670,여주시,연립다세대,5,10,10000.0,13050.0,543.0,666.0,1.305,1.2269
2024-07,41800,연천군,아파트,3,13,28000.0,14000.0,1089.0,574.0,0.5,0.5271
2024-07,41800,연천군,연립다세대,1,4,6000.0,11000.0,391.0,493.0,1.8333,1.2618
2024-07,41820,가평군,아파트,27,15,19000.0,17000.0,963.0,785.0,0.8947,0.8152
2024-07,41820,가평군,연립다세대,23,12,13000.0,6545.0,665.0,437.0,0.5035,0.6566
2024-07,41830,양평군,아파트,44,50,28000.0,23000.0,1325.0,987.0,0.8214,0.7448
2024-07,41830,양평군,연립다세대,28,20,11450.0,12000.0,573.0,632.0,1.048,1.1031
2024-08,11110,종로구,아파트,40,72,89725.0,65000.0,3919.0,2726.0,0.7244,0.6957
2024-08,11110,종로구,연립다세대,30,78,37500.0,28500.0,1852.0,1544.0,0.76,0.8334
2024-08,11140,중구,아파트,86,140,108000.0,60000.0,4944.0,2758.0,0.5556,0.5579
2024-08,11140,중구,연립다세대,21,69,34800.0,25725.0,2892.0,2867.0,0.7392,0.9913
2024-08,11170,용산구,아파트,119,277,171500.0,70000.0,7218.0,2976.0,0.4082,0.4124
2024-08,11170,용산구,연립다세대,98,274,62599.0,25000.0,6767.0,2508.0,0.3994,0.3707
2024-08,11200,성동구,아파트,310,488,133750.0,66075.0,5808.0,2882.0,0.494,0.4962
2024-08,11200,성동구,연립다세대,51,100,52500.0,23555.0,3706.0,2063.0,0.4487,0.5568
2024-08,11215,광진구,아파트,126,219,138000.0,65000.0,5779.0,2874.0,0.471,0.4972
2024-08,11215,광진구,연립다세대,139,265,40000.0,26000.0,3455.0,2577.0,0.65,0.746
2024-08,11230,동대문구,아파트,271,366,81600.0,50000.0,3741.0,2354.0,0.6127,0.6292
2024-08,11230,동대문구,연립다세대,66,103,39950.0,23000.0,3202.0,1960.0,0.5757,0.6121
2024-08,11260,중랑구,아파트,192,446,64850.0,28425.0,2973.0,1604.0,0.4383,0.5395
2024-08,11260,중랑구,연립다세대,137,205,31000.0,22050.0,2686.0,2144.0,0.7113,0.798
2024-08,11290,성북구,아파트,363,443,78000.0,49000.0,3574.0,2226.0,0.6282,0.623
2024-08,11290,성북구,연립다세대,131,190,30000.0,20000.0,2269.0,1641.0,0.6667,0.7232
2024-08,11305,강북구,아파트,114,152,66500.0,40000.0,3039.0,1776.0,0.6015,0.5845
2024-08,11305,강북구,연립다세대,116,163,25750.0,15000.0,1865.0,1017.0,0.5825,0.5454
2024-08,11320,도봉구,아파트,182,313,55000.0,30000.0,2785.0,1493.0,0.5455,0.536
2024-08,11320,도봉구,연립다세대,93,101,24750.0,15400.0,1690.0,1030.0,0.6222,0.6097
2024-08,11350,노원구,아파트,506,904,62000.0,27000.0,3199.0,1621.0,0.4355,0.5068
2024-08,11350,노원구,연립다세대,37,58,30000.0,14850.0,1700.0,1044.0,0.495,0.6142
2024-08,11380,은평구,아파트,209,409,81900.0,49000.0,3837.0,2228.0,0.5983,0.5807
2024-08,11380,은평구,연립다세대,241,294,27000.0,19000.0,1993.0,1315.0,0.7037,0.6597
2024-08,11410,서대문구,아파트,221,343,97000.0,57500.0,4279.0,2597.0,0.5928,0.6067
2024-08,11410,서대문구,연립다세대,74,103,33500.0,20400.0,2120.0,1207.0,0.609,0.5695
2024-08,11440,마포구,아파트,293,545,123000.0,60000.0,5569.0,2779.0,0.4878,0.499
2024-08,11440,마포구,연립다세대,120,303,39750.0,24000.0,3353.0,2273.0,0.6038,0.6779
2024-08,11470,양천구,아파트,370,607,115750.0,52000.0,4788.0,2395.0,0.4492,0.5003
2024-08,11470,양천구,연립다세대,145,268,24500.0,18350.0,1916.0,1404.0,0.749,0.7326
2024-08,11500,강서구,아파트,328,1333,75500.0,25811.0,3848.0,1192.0,0.3419,0.3098
2024-08,11500,강서구,연립다세대,184,370,24450.0,18000.0,2015.0,1402.0,0.7362,0.6957
2024-08,11530,구로구,아파트,217,427,64250.0,39000.0,3111.0,1873.0,0.607,0.6019
2024-08,11530,구로구,연립다세대,90,173,25850.0,17000.0,1982.0,1192.0,0.6576,0.6015
2024-08,11545,금천구,아파트,89,125,64000.0,37500.0,2890.0,1656.0,0.5859,0.5728
2024-08,11545,금천구,연립다세대,74,113,26900.0,21000.0,2352.0,2112.0,0.7807,0.8978
2024-08,11560,영등포구,아파트,343,598,99000.0,53250.0,4657.0,2486.0,0.5379,0.5337
2024-08,11560,영등포구,연립다세대,80,135,26750.0,25200.0,2659.0,2929.0,0.9421,1.1013
2024-08,11590,동작구,아파트,244,432,112850.0,65000.0,4977.0,2793.0,0.576,0.5613
2024-08,11590,동작구,연립다세대,144,236,39250.0,24950.0,3033.0,1948.0,0.6357,0.6423
2024-08,11620,관악구,아파트,161,272,77000.0,48500.0,3369.0,2258.0,0.6299,0.6703
2024-08,11620,관악구,연립다세대,96,176,27450.0,21000.0,1925.0,1762.0,0.765,0.9155
2024-08,11650,서초구,아파트,301,1000,230000.0,80000.0,8530.0,3289.0,0.3478,0.3855
2024-08,11650,서초구,연립다세대,98,249,53250.0,31900.0,4383.0,2503.0,0.5991,0.5711
2024-08,11680,강남구,아파트,422,884,245000.0,83500.0,9208.0,3350.0,0.3408,0.3639
2024-08,11680,강남구,연립다세대,77,221,48000.0,30000.0,4571.0,2679.0,0.625,0.5861
2024-08,11710,송파구,아파트,459,914,152500.0,65500.0,6066.0,2751.0,0.4295,0.4534
2024-08,11710,송파구,연립다세대,147,557,39500.0,25000.0,2951.0,1826.0,0.6329,0.6187
2024-08,11740,강동구,아파트,342,651,111250.0,53000.0,4817.0,2494.0,0.4764,0.5178
2024-08,11740,강동구,연립다세대,137,290,35800.0,24000.0,3015.0,2323.0,0.6704,0.7706
2024-08,41111,수원시 장안구,아파트,276,266,45250.0,29000.0,2062.0,1369.0,0.6409,0.6638
2024-08,41111,수원시 장안구,연립다세대,64,74,13375.0,13000.0,1058.0,1015.0,0.972,0.9591
2024-08,41113,수원시 권선구,아파트,333,324,42800.0,29200.0,2016.0,1390.0,0.6822,0.6893
2024-08,41113,수원시 권선구,연립다세대,75,267,15000.0,14500.0,1097.0,1360.0,0.9667,1.2397
2024-08,41115,수원시 팔달구,아파트,164,324,56250.0,34825.0,2708.0,1751.0,0.6191,0.6466
2024-08,41115,수원시 팔달구,연립다세대,54,221,16750.0,15000.0,1584.0,1708.0,0.8955,1.0786
2024-08,41117,수원시 영통구,아파트,490,583,61500.0,31933.0,2628.0,1661.0,0.5192,0.6321
2024-08,41117,수원시 영통구,연립다세대,13,23,25600.0,17500.0,1653.0,964.0,0.6836,0.5833
2024-08,41131,성남시 수정구,아파트,175,249,114000.0,60000.0,4442.0,2646.0,0.5263,0.5956
2024-08,41131,성남시 수정구,연립다세대,35,54,29500.0,14500.0,1697.0,1057.0,0.4915,0.6231
2024-08,41133,성남시 중원구,아파트,153,245,70000.0,45000.0,3201.0,2083.0,0.6429,0.6509
2024-08,41133,성남시 중원구,연립다세대,46,148,21350.0,13315.0,1610.0,1012.0,0.6237,0.6287
2024-08,41135,성남시 분당구,아파트,408,792,118000.0,57000.0,5070.0,2504.0,0.4831,0.4939
2024-08,41135,성남시 분당구,연립다세대,35,80,67000.0,39290.0,3364.0,1846.0,0.5864,0.5487
2024-08,41150,의정부시,아파트,524,575,31550.0,24000.0,1470.0,1157.0,0.7607,0.787
2024-08,41150,의정부시,연립다세대,67,86,13800.0,9550.0,1046.0,655.0,0.692,0.6256
2024-08,41171,안양시 만안구,아파트,212,253,58250.0,35000.0,2830.0,1668.0,0.6009,0.5892
2024-08,41171,안양시 만안구,연립다세대,55,78,24000.0,13000.0,1514.0,1013.0,0.5417,0.6689
2024-08,41173,안양시 동안구,아파트,437,726,62000.0,36350.0,3204.0,1832.0,0.5863,0.5717
2024-08,41173,안양시 동안구,연립다세대,42,138,31350.0,22500.0,2670.0,1657.0,0.7177,0.6206
2024-08,41192,부천시 원미구,아파트,375,349,51000.0,30500.0,2418.0,1637.0,0.598,0.677
2024-08,41192,부천시 원미구,연립다세대,100,80,17000.0,11150.0,1133.0,774.0,0.6559,0.6836
2024-08,41194,부천시 소사구,아파트,135,159,48400.0,35000.0,2184.0,1493.0,0.7231,0.684
2024-08,41194,부천시 소사구,연립다세대,37,45,13500.0,12000.0,1075.0,853.0,0.8889,0.7935
2024-08,41196,부천시 오정구,아파트,60,79,34000.0,15500.0,1664.0,1042.0,0.4559,0.6263
2024-08,41196,부천시 오정구,연립다세대,90,115,14500.0,9500.0,1028.0,774.0,0.6552,0.753
2024-08,41210,광명시,아파트,266,550,71500.0,38150.0,3336.0,1835.0,0.5336,0.55
2024-08,41210,광명시,연립다세대,79,69,33000.0,15000.0,2335.0,1027.0,0.4545,0.4398
2024-08,41220,평택시,아파트,548,800,30850.0,22000.0,1322.0,983.0,0.7131,0.7436
2024-08,41220,평택시,연립다세대,90,61,8400.0,7000.0,771.0,523.0,0.8333,0.6791
2024-08,41250,동두천시,아파트,57,85,16450.0,13000.0,796.0,701.0,0.7903,0.8807
2024-08,41250,동두천시,연립다세대,91,15,18141.0,5000.0,1197.0,332.0,0.2756,0.2775
2024-08,41271,안산시 상록구,아파트,115,221,36000.0,26000.0,1795.0,1098.0,0.7222,0.6119
2024-08,41271,안산시 상록구,연립다세대,137,70,16000.0,10000.0,755.0,731.0,0.625,0.9675
2024-08,41273,안산시 단원구,아파트,281,351,44800.0,28000.0,2012.0,1295.0,0.625,0.6435
2024-08,41273,안산시 단원구,연립다세대,98,43,16100.0,10500.0,866.0,700.0,0.6522,0.8082
2024-08,41281,고양시 덕양구,아파트,413,593,51000.0,30000.0,2172.0,1488.0,0.5882,0.6851
2024-08,41281,고양시 덕양구,연립다세대,79,94,18180.0,10000.0,1324.0,788.0,0.5501,0.5953
2024-08,41285,고양시 일산동구,아파트,202,316,52000.0,33248.0,1940.0,1395.0,0.6394,0.719
2024-08,41285,고양시 일산동구,연립다세대,35,34,24600.0,19500.0,1519.0,1050.0,0.7927,0.6915
2024-08,41287,고양시 일산서구,아파트,270,530,39775.0,29000.0,1746.0,1269.0,0.7291,0.7268
2024-08,41287,고양시 일산서구,연립다세대,16,36,18000.0,19475.0,1118.0,974.0,1.0819,0.8712
2024-08,41290,과천시,아파트,61,138,169000.0,83000.0,7579.0,3504.0,0.4911,0.4624
2024-08,41290,과천시,연립다세대,10,27,76500.0,38500.0,4778.0,2401.0,0.5033,0.5026
2024-08,41310,구리시,아파트,172,262,65250.0,34050.0,2949.0,1658.0,0.5218,0.5623
2024-08,41310,구리시,연립다세대,21,52,30000.0,19850.0,2095.0,1182.0,0.6617,0.5641
2024-08,41360,남양주시,아파트,692,1110,44500.0,29000.0,1796.0,1235.0,0.6517,0.6875
2024-08,41360,남양주시,연립다세대,80,158,12500.0,11400.0,748.0,691.0,0.912,0.9236
2024-08,41370,오산시,아파트,317,241,32000.0,23500.0,1590.0,1060.0,0.7344,0.6662
2024-08,41370,오산시,연립다세대,18,77,4303.0,8500.0,628.0,1064.0,1.9756,1.6945
2024-08,41390,시흥시,아파트,558,688,36750.0,28500.0,1685.0,1271.0,0.7755,0.7541
2024-08,41390,시흥시,연립다세대,42,103,11100.0,8000.0,757.0,730.0,0.7207,0.9636
2024-08,41410,군포시,아파트,247,356,41800.0,25000.0,2165.0,1404.0,0.5981,0.6482
2024-08,41410,군포시,연립다세대,39,54,23700.0,11000.0,1637.0,962.0,0.4641,0.588
2024-08,41430,의왕시,아파트,180,184,66100.0,42000.0,3034.0,1789.0,0.6354,0.5897
2024-08,41430,의왕시,연립다세대,14,37,29250.0,12000.0,2339.0,1096.0,0.4103,0.4685
2024-08,41450,하남시,아파트,405,512,90000.0,55000.0,3892.0,2260.0,0.6111,0.5807
2024-08,41450,하남시,연립다세대,19,33,45000.0,24000.0,2518.0,1525.0,0.5333,0.6057
2024-08,41461,용인시 처인구,아파트,161,302,33800.0,22000.0,1562.0,1107.0,0.6509,0.7089
2024-08,41461,용인시 처인구,연립다세대,84,84,13000.0,8750.0,725.0,583.0,0.6731,0.8031
2024-08,41463,용인시 기흥구,아파트,490,584,55000.0,38000.0,2171.0,1441.0,0.6909,0.6636
2024-08,41463,용인시 기흥구,연립다세대,33,115,15100.0,14000.0,1198.0,1608.0,0.9272,1.3423
2024-08,41465,용인시 수지구,아파트,590,734,75000.0,47750.0,2914.0,1930.0,0.6367,0.6623
2024-08,41465,용인시 수지구,연립다세대,13,50,36000.0,25000.0,1762.0,1477.0,0.6944,0.8383
2024-08,41480,파주시,아파트,479,686,40000.0,27750.0,1529.0,1090.0,0.6937,0.7129
2024-08,41480,파주시,연립다세대,50,61,18750.0,14000.0,1048.0,863.0,0.7467,0.8229
2024-08,41500,이천시,아파트,119,126,27800.0,19000.0,1139.0,917.0,0.6835,0.8055
2024-08,41500,이천시,연립다세대,29,19,11500.0,11200.0,639.0,696.0,0.9739,1.0898
2024-08,41550,안성시,아파트,211,240,16400.0,16000.0,858.0,778.0,0.9756,0.9068
2024-08,41550,안성시,연립다세대,11,7,7000.0,5000.0,445.0,272.0,0.7143,0.6099
2024-08,41570,김포시,아파트,580,766,46000.0,32000.0,1848.0,1287.0,0.6957,0.6967
2024-08,41570,김포시,연립다세대,44,37,13000.0,15750.0,855.0,952.0,1.2115,1.1142
2024-08,41591,화성시 만세구,아파트,163,476,40000.0,18923.0,1669.0,807.0,0.4731,0.4835
2024-08,41591,화성시 만세구,연립다세대,32,14,13150.0,9500.0,747.0,490.0,0.7224,0.6556
2024-08,41593,화성시 효행구,아파트,134,159,32500.0,25000.0,1289.0,1092.0,0.7692,0.8473
2024-08,41593,화성시 효행구,연립다세대,17,15,12000.0,8000.0,720.0,607.0,0.6667,0.8434
2024-08,41595,화성시 병점구,아파트,212,224,39900.0,28000.0,1655.0,1209.0,0.7018,0.7306
2024-08,41595,화성시 병점구,연립다세대,39,91,17900.0,12000.0,1353.0,1506.0,0.6704,1.1134
2024-08,41597,화성시 동탄구,아파트,633,689,64300.0,36000.0,2853.0,1564.0,0.5599,0.5484
2024-08,41597,화성시 동탄구,연립다세대,6,16,72850.0,69220.0,2839.0,2145.0,0.9502,0.7557
2024-08,41610,광주시,아파트,245,355,42300.0,30000.0,1722.0,1304.0,0.7092,0.7575
2024-08,41610,광주시,연립다세대,149,200,17500.0,14000.0,990.0,773.0,0.8,0.7806
2024-08,41630,양주시,아파트,281,382,32000.0,18000.0,1373.0,779.0,0.5625,0.5675
2024-08,41630,양주시,연립다세대,15,16,8350.0,11000.0,511.0,644.0,1.3174,1.2591
2024-08,41650,포천시,아파트,47,67,18000.0,14000.0,768.0,662.0,0.7778,0.8617
2024-08,41650,포천시,연립다세대,33,12,8900.0,7750.0,503.0,496.0,0.8708,0.9851
2024-08,41670,여주시,아파트,61,64,19400.0,18000.0,859.0,790.0,0.9278,0.9199
2024-08,41670,여주시,연립다세대,44,8,10740.0,7250.0,630.0,618.0,0.675,0.9819
2024-08,41800,연천군,아파트,17,5,10500.0,15000.0,603.0,584.0,1.4286,0.969
2024-08,41800,연천군,연립다세대,6,4,4750.0,4000.0,290.0,211.0,0.8421,0.7277
2024-08,41820,가평군,아파트,34,16,24900.0,19000.0,1094.0,851.0,0.7631,0.7773
2024-08,41820,가평군,연립다세대,8,9,8750.0,9300.0,462.0,603.0,1.0629,1.3055
2024-08,41830,양평군,아파트,48,54,33500.0,22000.0,1512.0,937.0,0.6567,0.6197
2024-08,41830,양평군,연립다세대,21,31,14600.0,14000.0,859.0,774.0,0.9589,0.901
2024-09,11110,종로구,아파트,27,50,121000.0,63500.0,3548.0,2498.0,0.5248,0.7041
2024-09,11110,종로구,연립다세대,16,70,40000.0,23000.0,2165.0,1237.0,0.575,0.5713
2024-09,11140,중구,아파트,47,119,112500.0,59000.0,4280.0,2684.0,0.5244,0.6272
2024-09,11140,중구,연립다세대,21,77,38000.0,27900.0,2776.0,3004.0,0.7342,1.0823
2024-09,11170,용산구,아파트,55,199,268000.0,65000.0,7789.0,2920.0,0.2425,0.3748
2024-09,11170,용산구,연립다세대,69,215,50000.0,25500.0,5560.0,2691.0,0.51,0.484
2024-09,11200,성동구,아파트,118,382,143625.0,66000.0,6446.0,3032.0,0.4595,0.4704
2024-09,11200,성동구,연립다세대,28,113,49900.0,24650.0,4315.0,2035.0,0.494,0.4718
2024-09,11215,광진구,아파트,67,161,114000.0,65000.0,5314.0,2867.0,0.5702,0.5395
2024-09,11215,광진구,연립다세대,119,250,38500.0,25480.0,3263.0,2385.0,0.6618,0.7309
2024-09,11230,동대문구,아파트,128,296,72250.0,52250.0,3626.0,2487.0,0.7232,0.686
2024-09,11230,동대문구,연립다세대,30,87,35000.0,23800.0,3699.0,1973.0,0.68,0.5335
2024-09,11260,중랑구,아파트,94,182,59250.0,39840.0,2921.0,1849.0,0.6724,0.633
2024-09,11260,중랑구,연립다세대,102,168,32750.0,23000.0,2822.0,2092.0,0.7023,0.7411
2024-09,11290,성북구,아파트,184,361,79150.0,49000.0,3509.0,2165.0,0.6191,0.617
2024-09,11290,성북구,연립다세대,78,163,28000.0,19250.0,1904.0,1591.0,0.6875,0.836
2024-09,11305,강북구,아파트,47,120,59500.0,41500.0,2810.0,1812.0,0.6975,0.645
2024-09,11305,강북구,연립다세대,96,149,23850.0,13000.0,1910.0,987.0,0.5451,0.5166
2024-09,11320,도봉구,아파트,91,260,53850.0,29000.0,2329.0,1461.0,0.5385,0.6273
2024-09,11320,도봉구,연립다세대,83,68,19800.0,14700.0,1393.0,1075.0,0.7424,0.7718
2024-09,11350,노원구,아파트,249,721,57400.0,27000.0,3116.0,1635.0,0.4704,0.5247
2024-09,11350,노원구,연립다세대,45,47,29400.0,14000.0,1893.0,1053.0,0.4762,0.5561
2024-09,11380,은평구,아파트,129,460,75000.0,39000.0,3312.0,1724.0,0.52,0.5206
2024-09,11380,은평구,연립다세대,219,295,30000.0,18900.0,2316.0,1289.0,0.63,0.5566
2024-09,11410,서대문구,아파트,106,294,79500.0,55000.0,3854.0,2565.0,0.6918,0.6654
2024-09,11410,서대문구,연립다세대,60,97,25625.0,19500.0,1782.0,1336.0,0.761,0.7496
2024-09,11440,마포구,아파트,131,527,123500.0,58640.0,5176.0,2607.0,0.4748,0.5037
2024-09,11440,마포구,연립다세대,104,227,44000.0,21650.0,3684.0,1955.0,0.492,0.5307
2024-09,11470,양천구,아파트,175,439,124000.0,55000.0,5193.0,2424.0,0.4435,0.4668
2024-09,11470,양천구,연립다세대,110,205,23750.0,18500.0,1934.0,1304.0,0.7789,0.6739
2024-09,11500,강서구,아파트,140,644,74850.0,38400.0,3602.0,2047.0,0.513,0.5682
2024-09,11500,강서구,연립다세대,146,288,23500.0,19000.0,1805.0,1564.0,0.8085,0.8663
2024-09,11530,구로구,아파트,130,339,64250.0,38000.0,3074.0,1843.0,0.5914,0.5996
2024-09,11530,구로구,연립다세대,76,139,28950.0,17000.0,2289.0,1161.0,0.5872,0.5072
2024-09,11545,금천구,아파트,34,117,60250.0,35000.0,2662.0,1683.0,0.5809,0.6321
2024-09,11545,금천구,연립다세대,52,90,25800.0,18000.0,1890.0,1874.0,0.6977,0.992
2024-09,11560,영등포구,아파트,197,478,129500.0,55000.0,5513.0,2543.0,0.4247,0.4613
2024-09,11560,영등포구,연립다세대,46,119,36900.0,25000.0,3073.0,2822.0,0.6775,0.9186
2024-09,11590,동작구,아파트,115,353,119000.0,62000.0,4631.0,2645.0,0.521,0.571
2024-09,11590,동작구,연립다세대,101,171,40000.0,25500.0,2765.0,1784.0,0.6375,0.6452
2024-09,11620,관악구,아파트,83,213,71000.0,47000.0,3462.0,2220.0,0.662,0.6414
2024-09,11620,관악구,연립다세대,101,133,29850.0,20600.0,2216.0,1610.0,0.6901,0.7269
2024-09,11650,서초구,아파트,177,586,230000.0,85000.0,8280.0,3697.0,0.3696,0.4464
2024-09,11650,서초구,연립다세대,80,225,52750.0,32000.0,4566.0,2421.0,0.6066,0.5303
2024-09,11680,강남구,아파트,210,666,247000.0,76500.0,9194.0,3315.0,0.3097,0.3606
2024-09,11680,강남구,연립다세대,56,220,74035.0,29000.0,5904.0,2742.0,0.3917,0.4644
2024-09,11710,송파구,아파트,190,752,151500.0,63750.0,6225.0,2686.0,0.4208,0.4314
2024-09,11710,송파구,연립다세대,136,474,37775.0,24000.0,3102.0,1857.0,0.6353,0.5985
2024-09,11740,강동구,아파트,146,610,91750.0,50000.0,4132.0,2270.0,0.545,0.5495
2024-09,11740,강동구,연립다세대,104,250,36000.0,24550.0,2994.0,2210.0,0.6819,0.7383
2024-09,41111,수원시 장안구,아파트,177,186,44000.0,27500.0,2018.0,1434.0,0.625,0.711
2024-09,41111,수원시 장안구,연립다세대,60,32,12500.0,8750.0,1076.0,760.0,0.7,0.7059
2024-09,41113,수원시 권선구,아파트,199,278,42000.0,30000.0,1885.0,1345.0,0.7143,0.7135
2024-09,41113,수원시 권선구,연립다세대,49,122,18000.0,13775.0,1248.0,1219.0,0.7653,0.9764
2024-09,41115,수원시 팔달구,아파트,99,286,55000.0,33500.0,2489.0,1692.0,0.6091,0.6796
2024-09,41115,수원시 팔달구,연립다세대,45,72,15300.0,12000.0,1205.0,1183.0,0.7843,0.9813
2024-09,41117,수원시 영통구,아파트,262,491,53000.0,33000.0,2399.0,1598.0,0.6226,0.6661
2024-09,41117,수원시 영통구,연립다세대,3,40,15000.0,12250.0,865.0,1778.0,0.8167,2.0543
2024-09,41131,성남시 수정구,아파트,51,197,110000.0,60000.0,4395.0,2530.0,0.5455,0.5757
2024-09,41131,성남시 수정구,연립다세대,31,67,25000.0,16000.0,1717.0,970.0,0.64,0.5646
2024-09,41133,성남시 중원구,아파트,60,208,63750.0,43600.0,2984.0,2024.0,0.6839,0.6783
2024-09,41133,성남시 중원구,연립다세대,47,149,22500.0,13000.0,1450.0,1013.0,0.5778,0.6984
2024-09,41135,성남시 분당구,아파트,207,624,127000.0,55000.0,4882.0,2488.0,0.4331,0.5096
2024-09,41135,성남시 분당구,연립다세대,26,54,62250.0,35500.0,2813.0,1938.0,0.5703,0.6888
2024-09,41150,의정부시,아파트,289,461,30000.0,23000.0,1478.0,1175.0,0.7667,0.7952
2024-09,41150,의정부시,연립다세대,53,75,14180.0,9300.0,1068.0,651.0,0.6559,0.6099
2024-09,41171,안양시 만안구,아파트,108,222,53500.0,34500.0,2681.0,1654.0,0.6449,0.6168
2024-09,41171,안양시 만안구,연립다세대,41,73,18500.0,14500.0,1392.0,1045.0,0.7838,0.7508
2024-09,41173,안양시 동안구,아파트,247,547,61000.0,35000.0,3124.0,1791.0,0.5738,0.5731
2024-09,41173,안양시 동안구,연립다세대,33,97,28500.0,17000.0,2448.0,1193.0,0.5965,0.4874
2024-09,41192,부천시 원미구,아파트,214,298,51300.0,30000.0,2315.0,1598.0,0.5848,0.6906
2024-09,41192,부천시 원미구,연립다세대,64,47,16950.0,11400.0,1093.0,910.0,0.6726,0.8329
2024-09,41194,부천시 소사구,아파트,90,130,48125.0,30500.0,2162.0,1444.0,0.6338,0.668
2024-09,41194,부천시 소사구,연립다세대,57,47,16000.0,12000.0,1091.0,780.0,0.75,0.7152
2024-09,41196,부천시 오정구,아파트,34,118,20250.0,21840.0,1400.0,1202.0,1.0785,0.8581
2024-09,41196,부천시 오정구,연립다세대,81,85,13300.0,9900.0,1004.0,750.0,0.7444,0.747
2024-09,41210,광명시,아파트,144,415,72500.0,38000.0,3159.0,1946.0,0.5241,0.616
2024-09,41210,광명시,연립다세대,52,83,32150.0,15500.0,2353.0,1157.0,0.4821,0.4917
2024-09,41220,평택시,아파트,353,683,31250.0,22000.0,1447.0,1012.0,0.704,0.6995
2024-09,41220,평택시,연립다세대,77,60,8350.0,8000.0,713.0,635.0,0.9581,0.8905
2024-09,41250,동두천시,아파트,70,71,16475.0,13500.0,822.0,654.0,0.8194,0.7956
2024-09,41250,동두천시,연립다세대,24,17,6800.0,6500.0,388.0,303.0,0.9559,0.7801
2024-09,41271,안산시 상록구,아파트,98,214,38250.0,21500.0,1814.0,1051.0,0.5621,0.5793
2024-09,41271,안산시 상록구,연립다세대,105,59,14500.0,9200.0,733.0,557.0,0.6345,0.759
2024-09,41273,안산시 단원구,아파트,173,278,43000.0,27275.0,1891.0,1362.0,0.6343,0.7204
2024-09,41273,안산시 단원구,연립다세대,64,48,18950.0,10750.0,1095.0,677.0,0.5673,0.6185
2024-09,41281,고양시 덕양구,아파트,242,509,54000.0,30000.0,2289.0,1486.0,0.5556,0.649
2024-09,41281,고양시 덕양구,연립다세대,77,75,18000.0,10500.0,1269.0,766.0,0.5833,0.6038
2024-09,41285,고양시 일산동구,아파트,157,256,53000.0,35000.0,1924.0,1410.0,0.6604,0.7329
2024-09,41285,고양시 일산동구,연립다세대,30,39,23750.0,21000.0,1632.0,1076.0,0.8842,0.659
2024-09,41287,고양시 일산서구,아파트,179,440,39100.0,28000.0,1792.0,1310.0,0.7161,0.7311
2024-09,41287,고양시 일산서구,연립다세대,18,21,19000.0,15000.0,1447.0,851.0,0.7895,0.5885
2024-09,41290,과천시,아파트,36,81,185000.0,80000.0,7173.0,3528.0,0.4324,0.4918
2024-09,41290,과천시,연립다세대,17,33,61000.0,42000.0,3597.0,2519.0,0.6885,0.7004
2024-09,41310,구리시,아파트,84,215,59995.0,36000.0,2932.0,1759.0,0.6001,0.5999
2024-09,41310,구리시,연립다세대,14,84,35870.0,23000.0,2406.0,1612.0,0.6412,0.6698
2024-09,41360,남양주시,아파트,412,2907,42000.0,21889.0,1681.0,1212.0,0.5212,0.7208
2024-09,41360,남양주시,연립다세대,68,153,13000.0,10000.0,815.0,681.0,0.7692,0.8352
2024-09,41370,오산시,아파트,179,205,34000.0,24000.0,1590.0,1050.0,0.7059,0.6607
2024-09,41370,오산시,연립다세대,39,21,7500.0,8000.0,1104.0,806.0,1.0667,0.7298
2024-09,41390,시흥시,아파트,339,523,33000.0,27000.0,1515.0,1213.0,0.8182,0.8003
2024-09,41390,시흥시,연립다세대,47,80,12000.0,8963.0,879.0,641.0,0.7469,0.7284
2024-09,41410,군포시,아파트,138,302,40150.0,24000.0,2152.0,1401.0,0.5978,0.6513
2024-09,41410,군포시,연립다세대,32,66,21700.0,12900.0,1509.0,1037.0,0.5945,0.687
2024-09,41430,의왕시,아파트,95,142,65000.0,41500.0,2831.0,1815.0,0.6385,0.6412
2024-09,41430,의왕시,연립다세대,16,35,31750.0,20000.0,1945.0,1291.0,0.6299,0.6636
2024-09,41450,하남시,아파트,154,449,85000.0,55000.0,3696.0,2271.0,0.6471,0.6145
2024-09,41450,하남시,연립다세대,17,20,45000.0,24150.0,2707.0,1444.0,0.5367,0.5334
2024-09,41461,용인시 처인구,아파트,128,246,32500.0,23000.0,1374.0,1034.0,0.7077,0.7525
2024-09,41461,용인시 처인구,연립다세대,82,83,9200.0,9600.0,787.0,539.0,1.0435,0.684
2024-09,41463,용인시 기흥구,아파트,252,488,53000.0,37000.0,2055.0,1421.0,0.6981,0.6915
2024-09,41463,용인시 기흥구,연립다세대,22,77,22350.0,13000.0,1690.0,1168.0,0.5817,0.691
2024-09,41465,용인시 수지구,아파트,305,487,74500.0,48300.0,2832.0,1934.0,0.6483,0.6829
2024-09,41465,용인시 수지구,연립다세대,40,38,26400.0,27250.0,1352.0,1550.0,1.0322,1.1463
2024-09,41480,파주시,아파트,329,478,38900.0,26000.0,1486.0,1088.0,0.6684,0.7326
2024-09,41480,파주시,연립다세대,49,45,17200.0,12000.0,1105.0,718.0,0.6977,0.65
2024-09,41500,이천시,아파트,93,125,23000.0,18900.0,1041.0,894.0,0.8217,0.8585
2024-09,41500,이천시,연립다세대,32,27,10250.0,11000.0,805.0,674.0,1.0732,0.8364
2024-09,41550,안성시,아파트,169,225,14000.0,15000.0,863.0,716.0,1.0714,0.8305
2024-09,41550,안성시,연립다세대,9,9,9500.0,6500.0,598.0,608.0,0.6842,1.0163
2024-09,41570,김포시,아파트,368,556,45800.0,32000.0,1802.0,1284.0,0.6987,0.7124
2024-09,41570,김포시,연립다세대,30,31,15000.0,24000.0,999.0,1482.0,1.6,1.483
2024-09,41591,화성시 만세구,아파트,94,412,37000.0,17490.0,1551.0,807.0,0.4727,0.5205
2024-09,41591,화성시 만세구,연립다세대,27,10,12300.0,11000.0,661.0,791.0,0.8943,1.1961
2024-09,41593,화성시 효행구,아파트,87,145,32500.0,24000.0,1318.0,1168.0,0.7385,0.8855
2024-09,41593,화성시 효행구,연립다세대,15,24,8500.0,10000.0,532.0,877.0,1.1765,1.6498
2024-09,41595,화성시 병점구,아파트,128,170,37850.0,26000.0,1532.0,1208.0,0.6869,0.7885
2024-09,41595,화성시 병점구,연립다세대,2,96,9500.0,11000.0,533.0,1449.0,1.1579,2.7178
2024-09,41597,화성시 동탄구,아파트,307,472,64800.0,37650.0,2693.0,1581.0,0.581,0.587
2024-09,41597,화성시 동탄구,연립다세대,7,13,84200.0,58000.0,3007.0,2123.0,0.6888,0.7062
2024-09,41610,광주시,아파트,157,295,45800.0,29500.0,1864.0,1242.0,0.6441,0.6662
2024-09,41610,광주시,연립다세대,130,169,17000.0,14000.0,982.0,778.0,0.8235,0.7925
2024-09,41630,양주시,아파트,201,279,29100.0,18000.0,1265.0,837.0,0.6186,0.6615
2024-09,41630,양주시,연립다세대,10,16,6400.0,6250.0,516.0,369.0,0.9766,0.7152
2024-09,41650,포천시,아파트,57,36,16800.0,14250.0,794.0,682.0,0.8482,0.8582
2024-09,41650,포천시,연립다세대,46,11,8441.0,10800.0,467.0,596.0,1.2795,1.277
2024-09,41670,여주시,아파트,69,39,20000.0,17000.0,855.0,765.0,0.85,0.8943
2024-09,41670,여주시,연립다세대,7,11,5300.0,8000.0,311.0,579.0,1.5094,1.8649
2024-09,41800,연천군,아파트,10,7,10700.0,17000.0,565.0,749.0,1.5888,1.3252
2024-09,41800,연천군,연립다세대,9,2,5000.0,4450.0,311.0,267.0,0.89,0.8564
2024-09,41820,가평군,아파트,21,22,21400.0,18000.0,857.0,747.0,0.8411,0.8719
2024-09,41820,가평군,연립다세대,20,14,8150.0,14000.0,746.0,637.0,1.7178,0.8538
2024-09,41830,양평군,아파트,37,40,32000.0,23000.0,1481.0,975.0,0.7188,0.6584
2024-09,41830,양평군,연립다세대,13,22,11500.0,11350.0,627.0,536.0,0.987,0.854
2024-10,11110,종로구,아파트,37,65,124900.0,67000.0,4357.0,2491.0,0.5364,0.5718
2024-10,11110,종로구,연립다세대,31,65,43000.0,23000.0,2302.0,1379.0,0.5349,0.599
2024-10,11140,중구,아파트,63,145,109000.0,60000.0,5061.0,2745.0,0.5505,0.5424
2024-10,11140,중구,연립다세대,25,48,39000.0,27950.0,2699.0,1834.0,0.7167,0.6794
2024-10,11170,용산구,아파트,69,292,194990.0,68625.0,7994.0,2858.0,0.3519,0.3575
2024-10,11170,용산구,연립다세대,57,310,59900.0,24860.0,6198.0,2391.0,0.415,0.3857
2024-10,11200,성동구,아파트,160,477,138850.0,65000.0,6010.0,2956.0,0.4681,0.492
2024-10,11200,성동구,연립다세대,26,99,49350.0,22000.0,3835.0,1930.0,0.4458,0.5033
2024-10,11215,광진구,아파트,69,228,125000.0,62500.0,5179.0,2767.0,0.5,0.5343
2024-10,11215,광진구,연립다세대,121,289,42000.0,24150.0,3338.0,2302.0,0.575,0.6899
2024-10,11230,동대문구,아파트,145,431,78000.0,50000.0,3491.0,2334.0,0.641,0.6687
2024-10,11230,동대문구,연립다세대,61,128,34200.0,24900.0,2789.0,2153.0,0.7281,0.772
2024-10,11260,중랑구,아파트,107,198,61800.0,37000.0,2914.0,1946.0,0.5987,0.6678
2024-10,11260,중랑구,연립다세대,167,205,34500.0,22000.0,3142.0,2211.0,0.6377,0.7036
2024-10,11290,성북구,아파트,208,459,75550.0,48000.0,3238.0,2205.0,0.6353,0.6808
2024-10,11290,성북구,연립다세대,77,176,31000.0,20000.0,2304.0,1760.0,0.6452,0.7641
2024-10,11305,강북구,아파트,75,133,64000.0,39000.0,2760.0,1819.0,0.6094,0.6592
2024-10,11305,강북구,연립다세대,147,115,27500.0,14500.0,1972.0,1000.0,0.5273,0.5074
2024-10,11320,도봉구,아파트,137,323,53500.0,28000.0,2412.0,1535.0,0.5234,0.6365
2024-10,11320,도봉구,연립다세대,85,77,21500.0,15750.0,1445.0,1021.0,0.7326,0.7064
2024-10,11350,노원구,아파트,268,908,54000.0,28000.0,3091.0,1619.0,0.5185,0.5238
2024-10,11350,노원구,연립다세대,22,59,26250.0,15000.0,1742.0,1090.0,0.5714,0.6258
2024-10,11380,은평구,아파트,125,331,74300.0,47000.0,3508.0,2258.0,0.6326,0.6437
2024-10,11380,은평구,연립다세대,240,353,28100.0,18000.0,2207.0,1289.0,0.6406,0.584
2024-10,11410,서대문구,아파트,145,318,84400.0,55000.0,4046.0,2569.0,0.6517,0.6351
2024-10,11410,서대문구,연립다세대,75,132,26000.0,18600.0,1881.0,1198.0,0.7154,0.6369
2024-10,11440,마포구,아파트,153,535,120000.0,63000.0,5371.0,2884.0,0.525,0.537
2024-10,11440,마포구,연립다세대,110,302,41500.0,22700.0,3682.0,2091.0,0.547,0.5679
2024-10,11470,양천구,아파트,164,660,98150.0,50000.0,4148.0,2410.0,0.5094,0.581
2024-10,11470,양천구,연립다세대,148,238,25700.0,18240.0,2147.0,1381.0,0.7097,0.643
2024-10,11500,강서구,아파트,190,874,75500.0,38500.0,3699.0,2029.0,0.5099,0.5486
2024-10,11500,강서구,연립다세대,203,400,23500.0,18500.0,1805.0,1380.0,0.7872,0.7643
2024-10,11530,구로구,아파트,170,377,65500.0,38000.0,3158.0,1874.0,0.5802,0.5936
2024-10,11530,구로구,연립다세대,77,169,24600.0,16500.0,1875.0,1237.0,0.6707,0.6594
2024-10,11545,금천구,아파트,43,127,55200.0,40000.0,2494.0,1908.0,0.7246,0.7652
2024-10,11545,금천구,연립다세대,72,108,23505.0,19100.0,2040.0,1700.0,0.8126,0.8332
2024-10,11560,영등포구,아파트,201,574,105000.0,56900.0,4713.0,2585.0,0.5419,0.5484
2024-10,11560,영등포구,연립다세대,41,138,32000.0,24000.0,3285.0,2647.0,0.75,0.8058
2024-10,11590,동작구,아파트,162,438,107500.0,60000.0,4564.0,2540.0,0.5581,0.5564
2024-10,11590,동작구,연립다세대,119,184,38000.0,23750.0,2614.0,1755.0,0.625,0.6716
2024-10,11620,관악구,아파트,92,268,81000.0,49250.0,3412.0,2257.0,0.608,0.6615
2024-10,11620,관악구,연립다세대,94,147,26250.0,20000.0,1746.0,1902.0,0.7619,1.0891
2024-10,11650,서초구,아파트,202,800,217500.0,92500.0,8104.0,3661.0,0.4253,0.4518
2024-10,11650,서초구,연립다세대,81,249,53500.0,33200.0,4213.0,2696.0,0.6206,0.64
2024-10,11680,강남구,아파트,288,922,244000.0,86000.0,10050.0,3483.0,0.3525,0.3466
2024-10,11680,강남구,연립다세대,42,229,53750.0,30000.0,3994.0,2692.0,0.5581,0.674
2024-10,11710,송파구,아파트,248,1042,160500.0,65000.0,6229.0,2654.0,0.405,0.426
2024-10,11710,송파구,연립다세대,148,513,34950.0,24000.0,2704.0,1792.0,0.6867,0.6627
2024-10,11740,강동구,아파트,199,825,98500.0,55600.0,4512.0,2572.0,0.5645,0.5702
2024-10,11740,강동구,연립다세대,129,295,35750.0,24000.0,2854.0,2105.0,0.6713,0.7377
2024-10,41111,수원시 장안구,아파트,213,217,48700.0,29500.0,2138.0,1433.0,0.6057,0.6699
2024-10,41111,수원시 장안구,연립다세대,65,47,13300.0,9900.0,934.0,708.0,0.7444,0.7583
2024-10,41113,수원시 권선구,아파트,244,385,44000.0,29000.0,1930.0,1362.0,0.6591,0.7056
2024-10,41113,수원시 권선구,연립다세대,57,111,16300.0,12500.0,995.0,1298.0,0.7669,1.3042
2024-10,41115,수원시 팔달구,아파트,123,284,48000.0,33300.0,2481.0,1652.0,0.6937,0.6657
2024-10,41115,수원시 팔달구,연립다세대,84,85,17770.0,13000.0,1355.0,1181.0,0.7316,0.8715
2024-10,41117,수원시 영통구,아파트,343,688,59000.0,35000.0,2616.0,1653.0,0.5932,0.6319
2024-10,41117,수원시 영통구,연립다세대,9,29,106000.0,17280.0,3211.0,1563.0,0.163,0.4867
2024-10,41131,성남시 수정구,아파트,77,209,91700.0,57750.0,4300.0,2452.0,0.6298,0.5703
2024-10,41131,성남시 수정구,연립다세대,28,77,23250.0,14300.0,1662.0,1032.0,0.6151,0.6208
2024-10,41133,성남시 중원구,아파트,85,315,69500.0,40000.0,3422.0,2023.0,0.5755,0.5911
2024-10,41133,성남시 중원구,연립다세대,59,166,24000.0,13450.0,1458.0,1000.0,0.5604,0.6856
2024-10,41135,성남시 분당구,아파트,299,989,125000.0,57700.0,4891.0,2529.0,0.4616,0.5171
2024-10,41135,성남시 분당구,연립다세대,18,76,85500.0,39500.0,3250.0,1943.0,0.462,0.5979
2024-10,41150,의정부시,아파트,336,537,31000.0,24000.0,1439.0,1119.0,0.7742,0.7778
2024-10,41150,의정부시,연립다세대,53,121,15000.0,9500.0,947.0,645.0,0.6333,0.6808
2024-10,41171,안양시 만안구,아파트,145,237,53700.0,35000.0,2688.0,1668.0,0.6518,0.6204
2024-10,41171,안양시 만안구,연립다세대,70,111,19750.0,13000.0,1409.0,1084.0,0.6582,0.7695
2024-10,41173,안양시 동안구,아파트,318,721,64525.0,33900.0,3130.0,1781.0,0.5254,0.569
2024-10,41173,안양시 동안구,연립다세대,48,220,29750.0,40000.0,2328.0,2129.0,1.3445,0.9146
2024-10,41192,부천시 원미구,아파트,229,382,52250.0,30000.0,2296.0,1580.0,0.5742,0.6882
2024-10,41192,부천시 원미구,연립다세대,94,92,16400.0,11000.0,1197.0,803.0,0.6707,0.6704
2024-10,41194,부천시 소사구,아파트,133,162,43000.0,34085.0,1992.0,1448.0,0.7927,0.7269
2024-10,41194,부천시 소사구,연립다세대,65,69,15000.0,12000.0,969.0,837.0,0.8,0.8637
2024-10,41196,부천시 오정구,아파트,38,92,33950.0,24000.0,1720.0,1201.0,0.7069,0.6984
2024-10,41196,부천시 오정구,연립다세대,104,94,13000.0,10000.0,974.0,742.0,0.7692,0.7626
2024-10,41210,광명시,아파트,174,616,71500.0,36441.0,3306.0,1839.0,0.5097,0.5563
2024-10,41210,광명시,연립다세대,48,88,30000.0,16250.0,2084.0,1164.0,0.5417,0.5587
2024-10,41220,평택시,아파트,432,817,30000.0,21500.0,1313.0,1039.0,0.7167,0.7914
2024-10,41220,평택시,연립다세대,83,64,8200.0,7450.0,665.0,606.0,0.9085,0.9107
2024-10,41250,동두천시,아파트,62,78,16500.0,13000.0,856.0,678.0,0.7879,0.7929
2024-10,41250,동두천시,연립다세대,14,17,5700.0,7500.0,356.0,526.0,1.3158,1.4781
2024-10,41271,안산시 상록구,아파트,111,240,38000.0,22000.0,1784.0,1061.0,0.5789,0.5948
2024-10,41271,안산시 상록구,연립다세대,154,80,15500.0,9250.0,802.0,755.0,0.5968,0.9408
2024-10,41273,안산시 단원구,아파트,206,321,43000.0,28350.0,1835.0,1334.0,0.6593,0.7268
2024-10,41273,안산시 단원구,연립다세대,93,51,18400.0,12000.0,1141.0,714.0,0.6522,0.6257
2024-10,41281,고양시 덕양구,아파트,256,680,50900.0,35250.0,2075.0,1555.0,0.6925,0.7493
2024-10,41281,고양시 덕양구,연립다세대,83,80,15200.0,10850.0,1178.0,746.0,0.7138,0.6334
2024-10,41285,고양시 일산동구,아파트,173,343,50000.0,36000.0,1854.0,1468.0,0.72,0.7915
2024-10,41285,고양시 일산동구,연립다세대,26,42,22800.0,21050.0,1314.0,1054.0,0.9232,0.8022
2024-10,41287,고양시 일산서구,아파트,204,491,40000.0,28000.0,1691.0,1308.0,0.7,0.7733
2024-10,41287,고양시 일산서구,연립다세대,23,16,22000.0,15150.0,1222.0,878.0,0.6886,0.7179
2024-10,41290,과천시,아파트,47,131,173000.0,83800.0,7574.0,3676.0,0.4844,0.4853
2024-10,41290,과천시,연립다세대,24,50,74750.0,43000.0,2946.0,2591.0,0.5753,0.8796
2024-10,41310,구리시,아파트,127,206,62000.0,39000.0,2888.0,1765.0,0.629,0.6112
2024-10,41310,구리시,연립다세대,12,64,43500.0,16650.0,2379.0,1233.0,0.3828,0.5185
2024-10,41360,남양주시,아파트,471,1163,45000.0,27000.0,1785.0,1212.0,0.6,0.6788
2024-10,41360,남양주시,연립다세대,88,156,12750.0,10000.0,768.0,656.0,0.7843,0.8545
2024-10,41370,오산시,아파트,254,309,31700.0,23000.0,1401.0,1052.0,0.7256,0.7511
2024-10,41370,오산시,연립다세대,32,45,8000.0,9000.0,644.0,876.0,1.125,1.3598
2024-10,41390,시흥시,아파트,434,605,36600.0,27300.0,1718.0,1213.0,0.7459,0.7062
2024-10,41390,시흥시,연립다세대,76,93,9450.0,9000.0,1009.0,632.0,0.9524,0.626
2024-10,41410,군포시,아파트,171,340,46500.0,24750.0,2137.0,1425.0,0.5323,0.6669
2024-10,41410,군포시,연립다세대,34,54,27300.0,13000.0,1639.0,1078.0,0.4762,0.658
2024-10,41430,의왕시,아파트,85,195,67000.0,43000.0,2995.0,1790.0,0.6418,0.5979
2024-10,41430,의왕시,연립다세대,14,41,28200.0,14500.0,1985.0,1094.0,0.5142,0.5508
2024-10,41450,하남시,아파트,202,540,86500.0,55000.0,3806.0,2244.0,0.6358,0.5897
2024-10,41450,하남시,연립다세대,59,34,52000.0,24525.0,2799.0,1458.0,0.4716,0.5209
2024-10,41461,용인시 처인구,아파트,148,214,29400.0,21500.0,1375.0,981.0,0.7313,0.7134
2024-10,41461,용인시 처인구,연립다세대,79,87,11000.0,10300.0,632.0,643.0,0.9364,1.0173
2024-10,41463,용인시 기흥구,아파트,299,577,53500.0,35000.0,2047.0,1410.0,0.6542,0.6885
2024-10,41463,용인시 기흥구,연립다세대,22,76,22750.0,15000.0,1113.0,1197.0,0.6593,1.0758
2024-10,41465,용인시 수지구,아파트,405,705,75000.0,48000.0,2851.0,1874.0,0.64,0.6572
2024-10,41465,용인시 수지구,연립다세대,12,25,29750.0,23000.0,2055.0,1525.0,0.7731,0.7421
2024-10,41480,파주시,아파트,413,623,33500.0,28000.0,1541.0,1144.0,0.8358,0.7423
2024-10,41480,파주시,연립다세대,58,54,18000.0,14800.0,933.0,832.0,0.8222,0.892
2024-10,41500,이천시,아파트,107,159,20500.0,17800.0,1011.0,910.0,0.8683,0.8997
2024-10,41500,이천시,연립다세대,29,30,8000.0,8000.0,506.0,656.0,1.0,1.2952
2024-10,41550,안성시,아파트,182,239,14750.0,14000.0,812.0,714.0,0.9492,0.8796
2024-10,41550,안성시,연립다세대,11,11,9700.0,6000.0,588.0,556.0,0.6186,0.9464
2024-10,41570,김포시,아파트,401,608,44600.0,30055.0,1763.0,1265.0,0.6739,0.7172
2024-10,41570,김포시,연립다세대,38,35,11550.0,20000.0,801.0,1141.0,1.7316,1.4244
2024-10,41591,화성시 만세구,아파트,155,483,38000.0,18700.0,1556.0,807.0,0.4921,0.5189
2024-10,41591,화성시 만세구,연립다세대,32,19,8200.0,10000.0,478.0,663.0,1.2195,1.3853
2024-10,41593,화성시 효행구,아파트,92,130,30000.0,25000.0,1217.0,1118.0,0.8333,0.9186
2024-10,41593,화성시 효행구,연립다세대,40,10,4850.0,8100.0,314.0,707.0,1.6701,2.2501
2024-10,41595,화성시 병점구,아파트,160,221,38000.0,26000.0,1551.0,1216.0,0.6842,0.784
2024-10,41595,화성시 병점구,연립다세대,12,50,9900.0,9800.0,708.0,1315.0,0.9899,1.8582
2024-10,41597,화성시 동탄구,아파트,402,698,64000.0,36725.0,2695.0,1631.0,0.5738,0.6053
2024-10,41597,화성시 동탄구,연립다세대,6,8,77750.0,49000.0,2631.0,1908.0,0.6302,0.7249
2024-10,41610,광주시,아파트,180,344,41250.0,30000.0,1584.0,1284.0,0.7273,0.8106
2024-10,41610,광주시,연립다세대,159,181,17300.0,14000.0,975.0,774.0,0.8092,0.7943
2024-10,41630,양주시,아파트,212,417,31250.0,18000.0,1229.0,803.0,0.576,0.6532
2024-10,41630,양주시,연립다세대,22,15,8200.0,7100.0,526.0,491.0,0.8659,0.9325
2024-10,41650,포천시,아파트,71,53,15000.0,15000.0,749.0,669.0,1.0,0.8934
2024-10,41650,포천시,연립다세대,38,29,6425.0,7000.0,333.0,443.0,1.0895,1.3286
2024-10,41670,여주시,아파트,75,62,17000.0,13250.0,855.0,685.0,0.7794,0.8013
2024-10,41670,여주시,연립다세대,19,18,10945.0,8750.0,672.0,548.0,0.7995,0.8152
2024-10,41800,연천군,아파트,18,10,6250.0,8950.0,532.0,571.0,1.432,1.0732
2024-10,41800,연천군,연립다세대,9,3,4500.0,3000.0,309.0,187.0,0.6667,0.6042
2024-10,41820,가평군,아파트,19,24,20500.0,18000.0,934.0,783.0,0.878,0.8385
2024-10,41820,가평군,연립다세대,17,15,7950.0,7200.0,441.0,386.0,0.9057,0.8743
2024-10,41830,양평군,아파트,34,47,30250.0,23000.0,1389.0,1025.0,0.7603,0.738
2024-10,41830,양평군,연립다세대,67,24,29433.0,11500.0,1155.0,701.0,0.3907,0.6072
2024-11,11110,종로구,아파트,37,74,105000.0,70044.0,4577.0,2863.0,0.6671,0.6256
2024-11,11110,종로구,연립다세대,26,75,46000.0,21000.0,2126.0,1407.0,0.4565,0.662
2024-11,11140,중구,아파트,49,124,115000.0,60900.0,4693.0,2922.0,0.5296,0.6226
2024-11,11140,중구,연립다세대,14,61,32900.0,24300.0,3378.0,2031.0,0.7386,0.6013
2024-11,11170,용산구,아파트,73,253,180000.0,61000.0,7124.0,2942.0,0.3389,0.413
2024-11,11170,용산구,연립다세대,42,254,59750.0,25000.0,4826.0,2414.0,0.4184,0.5002
2024-11,11200,성동구,아파트,146,396,138900.0,63335.0,5896.0,2921.0,0.456,0.4954
2024-11,11200,성동구,연립다세대,27,90,32500.0,22025.0,3775.0,2585.0,0.6777,0.6847
2024-11,11215,광진구,아파트,71,219,130000.0,63000.0,5506.0,2877.0,0.4846,0.5226
2024-11,11215,광진구,연립다세대,91,240,42000.0,25000.0,3036.0,2354.0,0.5952,0.7753
2024-11,11230,동대문구,아파트,197,346,63000.0,50000.0,3957.0,2439.0,0.7937,0.6165
2024-11,11230,동대문구,연립다세대,41,125,36900.0,23000.0,3315.0,2024.0,0.6233,0.6106
2024-11,11260,중랑구,아파트,88,206,60000.0,39680.0,2878.0,1878.0,0.6613,0.6526
2024-11,11260,중랑구,연립다세대,136,171,34500.0,20800.0,2925.0,2032.0,0.6029,0.6949
2024-11,11290,성북구,아파트,145,435,78000.0,49500.0,3507.0,2257.0,0.6346,0.6438
2024-11,11290,성북구,연립다세대,102,189,30000.0,19000.0,2926.0,1663.0,0.6333,0.5685
2024-11,11305,강북구,아파트,47,107,59000.0,39000.0,2992.0,1847.0,0.661,0.6172
2024-11,11305,강북구,연립다세대,78,115,22000.0,14700.0,1737.0,1019.0,0.6682,0.5871
2024-11,11320,도봉구,아파트,79,281,50000.0,29300.0,2395.0,1472.0,0.586,0.6147
2024-11,11320,도봉구,연립다세대,68,78,16622.0,15000.0,1504.0,1011.0,0.9024,0.6723
2024-11,11350,노원구,아파트,282,839,51600.0,27000.0,3200.0,1637.0,0.5233,0.5114
2024-11,11350,노원구,연립다세대,22,46,28800.0,12000.0,1978.0,1134.0,0.4167,0.5735
2024-11,11380,은평구,아파트,124,317,66000.0,48000.0,3287.0,2247.0,0.7273,0.6835
2024-11,11380,은평구,연립다세대,178,270,28500.0,18500.0,2140.0,1393.0,0.6491,0.6507
2024-11,11410,서대문구,아파트,135,358,86500.0,54250.0,4020.0,2490.0,0.6272,0.6193
2024-11,11410,서대문구,연립다세대,46,103,30250.0,19400.0,1991.0,1186.0,0.6413,0.5955
2024-11,11440,마포구,아파트,151,515,137500.0,63000.0,5689.0,2894.0,0.4582,0.5087
2024-11,11440,마포구,연립다세대,71,278,39000.0,20950.0,3155.0,2096.0,0.5372,0.6642
2024-11,11470,양천구,아파트,153,600,130000.0,57600.0,5057.0,2506.0,0.4431,0.4955
2024-11,11470,양천구,연립다세대,100,179,24750.0,18000.0,2036.0,1362.0,0.7273,0.6686
2024-11,11500,강서구,아파트,156,839,80500.0,37000.0,3779.0,1962.0,0.4596,0.5193
2024-11,11500,강서구,연립다세대,224,286,24700.0,17946.0,2013.0,1506.0,0.7266,0.7481
2024-11,11530,구로구,아파트,126,334,67350.0,38000.0,3160.0,1778.0,0.5642,0.5626
2024-11,11530,구로구,연립다세대,77,126,23000.0,16400.0,1741.0,1256.0,0.713,0.7217
2024-11,11545,금천구,아파트,42,137,51800.0,33000.0,2795.0,1766.0,0.6371,0.6318
2024-11,11545,금천구,연립다세대,62,102,29000.0,19700.0,2156.0,1831.0,0.6793,0.8493
2024-11,11560,영등포구,아파트,177,510,107000.0,53000.0,4748.0,2609.0,0.4953,0.5495
2024-11,11560,영등포구,연립다세대,38,118,38450.0,23950.0,3544.0,2655.0,0.6229,0.7492
2024-11,11590,동작구,아파트,130,473,107200.0,63000.0,4637.0,2645.0,0.5877,0.5704
2024-11,11590,동작구,연립다세대,79,171,40800.0,23500.0,2962.0,1812.0,0.576,0.6118
2024-11,11620,관악구,아파트,90,243,77400.0,47000.0,3446.0,2142.0,0.6072,0.6216
2024-11,11620,관악구,연립다세대,127,157,25500.0,21000.0,1789.0,1808.0,0.8235,1.0106
2024-11,11650,서초구,아파트,187,654,212500.0,98199.0,7412.0,3696.0,0.4621,0.4987
2024-11,11650,서초구,연립다세대,98,205,45625.0,29400.0,5284.0,2425.0,0.6444,0.4588
2024-11,11680,강남구,아파트,241,868,232000.0,85000.0,9700.0,3484.0,0.3664,0.3591
2024-11,11680,강남구,연립다세대,62,214,51500.0,30000.0,4771.0,2584.0,0.5825,0.5417
2024-11,11710,송파구,아파트,275,1101,180000.0,65000.0,6666.0,2718.0,0.3611,0.4077
2024-11,11710,송파구,연립다세대,107,481,35500.0,23700.0,2802.0,1809.0,0.6676,0.6458
2024-11,11740,강동구,아파트,158,838,106000.0,58000.0,4842.0,2584.0,0.5472,0.5337
2024-11,11740,강동구,연립다세대,111,239,34700.0,25000.0,3246.0,2278.0,0.7205,0.702
2024-11,41111,수원시 장안구,아파트,132,214,46275.0,29000.0,2095.0,1401.0,0.6267,0.6691
2024-11,41111,수원시 장안구,연립다세대,52,60,13600.0,8600.0,1055.0,790.0,0.6324,0.7482
2024-11,41113,수원시 권선구,아파트,195,316,42400.0,28000.0,1903.0,1352.0,0.6604,0.7105
2024-11,41113,수원시 권선구,연립다세대,82,173,13400.0,11000.0,1049.0,1226.0,0.8209,1.1687
2024-11,41115,수원시 팔달구,아파트,89,294,50300.0,32550.0,2354.0,1675.0,0.6471,0.7116
2024-11,41115,수원시 팔달구,연립다세대,53,90,18000.0,12000.0,1354.0,1347.0,0.6667,0.9945
2024-11,41117,수원시 영통구,아파트,270,710,60000.0,35700.0,2530.0,1653.0,0.595,0.6535
2024-11,41117,수원시 영통구,연립다세대,12,22,30400.0,19750.0,1865.0,1469.0,0.6497,0.7873
2024-11,41131,성남시 수정구,아파트,49,192,114000.0,59000.0,4781.0,2452.0,0.5175,0.513
2024-11,41131,성남시 수정구,연립다세대,22,59,23450.0,14000.0,1778.0,1008.0,0.597,0.5668
2024-11,41133,성남시 중원구,아파트,74,309,68500.0,40000.0,3301.0,2029.0,0.5839,0.6147
2024-11,41133,성남시 중원구,연립다세대,32,135,24500.0,13000.0,1600.0,964.0,0.5306,0.6027
2024-11,41135,성남시 분당구,아파트,259,859,134000.0,60500.0,4985.0,2529.0,0.4515,0.5073
2024-11,41135,성남시 분당구,연립다세대,12,56,68500.0,36500.0,2911.0,1729.0,0.5328,0.5941
2024-11,41150,의정부시,아파트,242,492,31200.0,23000.0,1524.0,1148.0,0.7372,0.7533
2024-11,41150,의정부시,연립다세대,50,88,16050.0,9431.0,1085.0,654.0,0.5876,0.6024
2024-11,41171,안양시 만안구,아파트,113,187,51000.0,32000.0,2260.0,1658.0,0.6275,0.7336
2024-11,41171,안양시 만안구,연립다세대,53,78,20500.0,13000.0,1529.0,1049.0,0.6341,0.6857
2024-11,41173,안양시 동안구,아파트,245,627,63000.0,36000.0,3163.0,1789.0,0.5714,0.5658
2024-11,41173,안양시 동안구,연립다세대,35,73,34000.0,16000.0,2409.0,1216.0,0.4706,0.5049
2024-11,41192,부천시 원미구,아파트,172,349,45000.0,29500.0,2283.0,1603.0,0.6556,0.7025
2024-11,41192,부천시 원미구,연립다세대,90,53,16950.0,13000.0,1112.0,811.0,0.767,0.7294
2024-11,41194,부천시 소사구,아파트,111,133,51000.0,35000.0,2198.0,1595.0,0.6863,0.7257
2024-11,41194,부천시 소사구,연립다세대,41,40,18000.0,12000.0,1213.0,834.0,0.6667,0.6879
2024-11,41196,부천시 오정구,아파트,45,61,36200.0,25000.0,1814.0,1178.0,0.6906,0.6491
2024-11,41196,부천시 오정구,연립다세대,89,80,13500.0,9350.0,1019.0,761.0,0.6926,0.747
2024-11,41210,광명시,아파트,133,550,64000.0,40000.0,3152.0,2024.0,0.625,0.6421
2024-11,41210,광명시,연립다세대,31,62,31000.0,18000.0,2244.0,1198.0,0.5806,0.5339
2024-11,41220,평택시,아파트,334,671,30600.0,21000.0,1294.0,992.0,0.6863,0.7669
2024-11,41220,평택시,연립다세대,74,45,8540.0,6000.0,1031.0,641.0,0.7026,0.6215
2024-11,41250,동두천시,아파트,46,82,16000.0,13000.0,878.0,709.0,0.8125,0.8071
2024-11,41250,동두천시,연립다세대,43,8,11747.0,5500.0,652.0,282.0,0.4682,0.4321
2024-11,41271,안산시 상록구,아파트,110,186,36250.0,24000.0,1707.0,1119.0,0.6621,0.6557
2024-11,41271,안산시 상록구,연립다세대,119,67,12700.0,8800.0,762.0,588.0,0.6929,0.7716
2024-11,41273,안산시 단원구,아파트,133,289,41200.0,27500.0,1873.0,1291.0,0.6675,0.6893
2024-11,41273,안산시 단원구,연립다세대,89,49,18500.0,9000.0,1099.0,656.0,0.4865,0.5968
2024-11,41281,고양시 덕양구,아파트,247,606,52700.0,30500.0,2141.0,1552.0,0.5787,0.7251
2024-11,41281,고양시 덕양구,연립다세대,84,61,16250.0,13000.0,1239.0,813.0,0.8,0.6563
2024-11,41285,고양시 일산동구,아파트,141,314,43000.0,36000.0,1849.0,1439.0,0.8372,0.7785
2024-11,41285,고양시 일산동구,연립다세대,27,33,25000.0,22000.0,1538.0,1034.0,0.88,0.6724
2024-11,41287,고양시 일산서구,아파트,176,460,38000.0,28000.0,1613.0,1278.0,0.7368,0.7925
2024-11,41287,고양시 일산서구,연립다세대,15,22,23000.0,15500.0,1271.0,885.0,0.6739,0.6964
2024-11,41290,과천시,아파트,35,135,167000.0,83790.0,7524.0,3715.0,0.5017,0.4938
2024-11,41290,과천시,연립다세대,9,27,65000.0,43000.0,4064.0,2306.0,0.6615,0.5675
2024-11,41310,구리시,아파트,84,234,58000.0,36750.0,2855.0,1762.0,0.6336,0.6171
2024-11,41310,구리시,연립다세대,15,37,27000.0,16800.0,1923.0,1258.0,0.6222,0.6542
2024-11,41360,남양주시,아파트,332,808,41000.0,29450.0,1712.0,1223.0,0.7183,0.7145
2024-11,41360,남양주시,연립다세대,112,107,17156.0,10440.0,985.0,681.0,0.6085,0.6913
2024-11,41370,오산시,아파트,206,251,29500.0,25000.0,1315.0,1102.0,0.8475,0.8384
2024-11,41370,오산시,연립다세대,19,25,6900.0,9000.0,643.0,847.0,1.3043,1.3163
2024-11,41390,시흥시,아파트,311,524,40000.0,26000.0,1736.0,1168.0,0.65,0.6727
2024-11,41390,시흥시,연립다세대,34,71,11050.0,8000.0,745.0,653.0,0.724,0.8767
2024-11,41410,군포시,아파트,115,318,40300.0,25000.0,2213.0,1407.0,0.6203,0.6356
2024-11,41410,군포시,연립다세대,29,50,24500.0,13000.0,1636.0,1033.0,0.5306,0.6312
2024-11,41430,의왕시,아파트,62,163,62000.0,39000.0,2747.0,1672.0,0.629,0.6087
2024-11,41430,의왕시,연립다세대,12,29,32700.0,11000.0,1644.0,1161.0,0.3364,0.7063
2024-11,41450,하남시,아파트,144,570,86500.0,52500.0,3814.0,2136.0,0.6069,0.56
2024-11,41450,하남시,연립다세대,17,20,53000.0,17925.0,2955.0,1097.0,0.3382,0.3712
2024-11,41461,용인시 처인구,아파트,109,208,28000.0,21500.0,1309.0,969.0,0.7679,0.7401
2024-11,41461,용인시 처인구,연립다세대,83,71,11200.0,8800.0,709.0,529.0,0.7857,0.7466
2024-11,41463,용인시 기흥구,아파트,276,546,53000.0,36000.0,1962.0,1400.0,0.6792,0.7139
2024-11,41463,용인시 기흥구,연립다세대,29,57,30000.0,14000.0,1484.0,1131.0,0.4667,0.7619
2024-11,41465,용인시 수지구,아파트,350,684,75000.0,48000.0,2896.0,1867.0,0.64,0.6447
2024-11,41465,용인시 수지구,연립다세대,9,28,50000.0,19450.0,1977.0,1409.0,0.389,0.7126
2024-11,41480,파주시,아파트,244,502,35500.0,27000.0,1417.0,1103.0,0.7606,0.7779
2024-11,41480,파주시,연립다세대,49,31,17900.0,15000.0,1228.0,882.0,0.838,0.7183
2024-11,41500,이천시,아파트,114,146,22850.0,19900.0,1049.0,891.0,0.8709,0.8492
2024-11,41500,이천시,연립다세대,26,32,9300.0,11000.0,563.0,644.0,1.1828,1.1433
2024-11,41550,안성시,아파트,176,199,20150.0,15000.0,910.0,721.0,0.7444,0.7922
2024-11,41550,안성시,연립다세대,14,12,5100.0,6440.0,433.0,371.0,1.2627,0.8579
2024-11,41570,김포시,아파트,316,527,43800.0,30000.0,1832.0,1284.0,0.6849,0.7005
2024-11,41570,김포시,연립다세대,43,38,24000.0,29500.0,1347.0,1311.0,1.2292,0.9732
2024-11,41591,화성시 만세구,아파트,76,436,42075.0,17540.0,1655.0,826.0,0.4169,0.4991
2024-11,41591,화성시 만세구,연립다세대,31,9,6300.0,11600.0,401.0,691.0,1.8413,1.7246
2024-11,41593,화성시 효행구,아파트,77,119,33500.0,25000.0,1314.0,1031.0,0.7463,0.7844
2024-11,41593,화성시 효행구,연립다세대,13,15,8000.0,7220.0,520.0,563.0,0.9025,1.0819
2024-11,41595,화성시 병점구,아파트,131,214,38000.0,27500.0,1564.0,1168.0,0.7237,0.7466
2024-11,41595,화성시 병점구,연립다세대,9,20,6100.0,12000.0,459.0,1350.0,1.9672,2.9406
2024-11,41597,화성시 동탄구,아파트,299,671,65000.0,37000.0,2700.0,1593.0,0.5692,0.5901
2024-11,41597,화성시 동탄구,연립다세대,3,6,57000.0,55500.0,2197.0,2096.0,0.9737,0.9543
2024-11,41610,광주시,아파트,110,259,38250.0,30000.0,1622.0,1326.0,0.7843,0.8174
2024-11,41610,광주시,연립다세대,104,178,18000.0,14000.0,969.0,804.0,0.7778,0.8293
2024-11,41630,양주시,아파트,174,322,26825.0,18000.0,1135.0,819.0,0.671,0.7216
2024-11,41630,양주시,연립다세대,18,15,10350.0,5000.0,607.0,397.0,0.4831,0.655
2024-11,41650,포천시,아파트,55,56,18000.0,16000.0,841.0,728.0,0.8889,0.8663
2024-11,41650,포천시,연립다세대,38,12,7725.0,5500.0,449.0,411.0,0.712,0.9147
2024-11,41670,여주시,아파트,70,54,17350.0,23000.0,832.0,939.0,1.3256,1.1282
2024-11,41670,여주시,연립다세대,8,8,8475.0,8500.0,490.0,522.0,1.0029,1.0643
2024-11,41800,연천군,아파트,20,10,19750.0,10500.0,860.0,527.0,0.5316,0.6126
2024-11,41800,연천군,연립다세대,14,0,13132.0,,710.0,,,
2024-11,41820,가평군,아파트,19,13,25000.0,24000.0,992.0,936.0,0.96,0.9438
2024-11,41820,가평군,연립다세대,15,12,10500.0,14150.0,526.0,701.0,1.3476,1.3322
2024-11,41830,양평군,아파트,28,36,31000.0,25000.0,1351.0,1086.0,0.8065,0.8036
2024-11,41830,양평군,연립다세대,15,20,15560.0,13350.0,754.0,689.0,0.858,0.9135
2024-12,11110,종로구,아파트,17,112,92900.0,73500.0,3619.0,2754.0,0.7912,0.7611
2024-12,11110,종로구,연립다세대,24,61,40100.0,29000.0,2606.0,1502.0,0.7232,0.5766
2024-12,11140,중구,아파트,60,149,103000.0,60000.0,4863.0,2891.0,0.5825,0.5945
2024-12,11140,중구,연립다세대,20,70,35500.0,23000.0,3298.0,2453.0,0.6479,0.7438
2024-12,11170,용산구,아파트,50,261,174000.0,68000.0,6681.0,2885.0,0.3908,0.4319
2024-12,11170,용산구,연립다세대,36,275,58500.0,25000.0,5274.0,2662.0,0.4274,0.5047
2024-12,11200,성동구,아파트,137,502,133500.0,65000.0,5844.0,2768.0,0.4869,0.4737
2024-12,11200,성동구,연립다세대,22,101,45250.0,23000.0,3818.0,2339.0,0.5083,0.6127
2024-12,11215,광진구,아파트,71,241,119000.0,62000.0,5363.0,2776.0,0.521,0.5176
2024-12,11215,광진구,연립다세대,111,205,43450.0,25000.0,3658.0,2334.0,0.5754,0.6381
2024-12,11230,동대문구,아파트,140,498,74000.0,50000.0,3544.0,2529.0,0.6757,0.7136
2024-12,11230,동대문구,연립다세대,32,114,39650.0,22150.0,3193.0,2422.0,0.5586,0.7585
2024-12,11260,중랑구,아파트,81,180,59300.0,36000.0,2909.0,1874.0,0.6071,0.6441
2024-12,11260,중랑구,연립다세대,95,156,31000.0,21938.0,2725.0,2127.0,0.7077,0.7806
2024-12,11290,성북구,아파트,131,444,73400.0,49000.0,3429.0,2205.0,0.6676,0.6431
2024-12,11290,성북구,연립다세대,77,165,28000.0,19000.0,2310.0,1732.0,0.6786,0.7497
2024-12,11305,강북구,아파트,43,122,60900.0,40450.0,3185.0,1752.0,0.6642,0.5503
2024-12,11305,강북구,연립다세대,101,96,21700.0,13995.0,2377.0,1085.0,0.6449,0.4562
2024-12,11320,도봉구,아파트,81,242,52000.0,30000.0,2375.0,1479.0,0.5769,0.6227
2024-12,11320,도봉구,연립다세대,62,62,23089.0,15000.0,1694.0,982.0,0.6497,0.5798
2024-12,11350,노원구,아파트,215,880,57000.0,28000.0,3141.0,1651.0,0.4912,0.5257
2024-12,11350,노원구,연립다세대,24,73,22300.0,13000.0,1423.0,1236.0,0.583,0.8682
2024-12,11380,은평구,아파트,91,339,60000.0,45150.0,3406.0,2250.0,0.7525,0.6606
2024-12,11380,은평구,연립다세대,212,246,27900.0,19600.0,2248.0,1478.0,0.7025,0.6576
2024-12,11410,서대문구,아파트,209,406,47607.0,52750.0,4668.0,2482.0,1.108,0.5318
2024-12,11410,서대문구,연립다세대,58,95,26900.0,18480.0,2066.0,1479.0,0.687,0.7159
2024-12,11440,마포구,아파트,121,629,122000.0,60000.0,5675.0,2738.0,0.4918,0.4824
2024-12,11440,마포구,연립다세대,61,246,35000.0,21000.0,2990.0,2215.0,0.6,0.7406
2024-12,11470,양천구,아파트,137,570,129000.0,57750.0,5115.0,2496.0,0.4477,0.488
2024-12,11470,양천구,연립다세대,106,192,24000.0,19200.0,2159.0,1468.0,0.8,0.6799
2024-12,11500,강서구,아파트,143,577,72000.0,47000.0,3614.0,2228.0,0.6528,0.6165
2024-12,11500,강서구,연립다세대,170,263,24450.0,18300.0,1978.0,1536.0,0.7485,0.7768
2024-12,11530,구로구,아파트,117,348,64000.0,38000.0,3032.0,1868.0,0.5938,0.616
2024-12,11530,구로구,연립다세대,44,112,21900.0,17000.0,1597.0,1182.0,0.7763,0.7403
2024-12,11545,금천구,아파트,43,133,59900.0,36000.0,2494.0,1820.0,0.601,0.7297
2024-12,11545,금천구,연립다세대,45,88,24000.0,19700.0,2027.0,1990.0,0.8208,0.9816
2024-12,11560,영등포구,아파트,161,512,102000.0,54600.0,4593.0,2550.0,0.5353,0.5551
2024-12,11560,영등포구,연립다세대,25,113,30500.0,22400.0,3367.0,2476.0,0.7344,0.7353
2024-12,11590,동작구,아파트,155,485,109000.0,63000.0,4960.0,2696.0,0.578,0.5436
2024-12,11590,동작구,연립다세대,58,157,38000.0,24000.0,2811.0,1607.0,0.6316,0.5718
2024-12,11620,관악구,아파트,82,282,77250.0,47000.0,3419.0,2103.0,0.6084,0.6152
2024-12,11620,관악구,연립다세대,111,124,27200.0,20000.0,2257.0,1948.0,0.7353,0.8633
2024-12,11650,서초구,아파트,174,698,255250.0,94750.0,9484.0,3642.0,0.3712,0.384
2024-12,11650,서초구,연립다세대,41,197,59000.0,30000.0,5299.0,2578.0,0.5085,0.4866
2024-12,11680,강남구,아파트,184,1102,265250.0,89625.0,9479.0,3585.0,0.3379,0.3782
2024-12,11680,강남구,연립다세대,31,198,64600.0,30000.0,5072.0,2604.0,0.4644,0.5134
2024-12,11710,송파구,아파트,265,1239,182000.0,69000.0,7150.0,2797.0,0.3791,0.3911
2024-12,11710,송파구,연립다세대,121,451,47312.0,24000.0,3638.0,1767.0,0.5073,0.4858
2024-12,11740,강동구,아파트,241,1111,65500.0,58000.0,4249.0,2599.0,0.8855,0.6116
2024-12,11740,강동구,연립다세대,102,209,34750.0,24000.0,3163.0,2199.0,0.6906,0.6952
2024-12,41111,수원시 장안구,아파트,121,188,41500.0,30000.0,2101.0,1435.0,0.7229,0.6829
2024-12,41111,수원시 장안구,연립다세대,45,57,17800.0,8500.0,1310.0,1017.0,0.4775,0.7766
2024-12,41113,수원시 권선구,아파트,168,298,41400.0,29450.0,1856.0,1307.0,0.7114,0.7044
2024-12,41113,수원시 권선구,연립다세대,35,112,14000.0,13000.0,849.0,1257.0,0.9286,1.4793
2024-12,41115,수원시 팔달구,아파트,87,254,50500.0,31500.0,2487.0,1482.0,0.6238,0.5959
2024-12,41115,수원시 팔달구,연립다세대,21,145,14800.0,14500.0,1177.0,1757.0,0.9797,1.4933
2024-12,41117,수원시 영통구,아파트,217,684,56500.0,36750.0,2505.0,1654.0,0.6504,0.6602
2024-12,41117,수원시 영통구,연립다세대,4,24,27750.0,14500.0,3045.0,1126.0,0.5225,0.3697
2024-12,41131,성남시 수정구,아파트,44,193,113400.0,60000.0,4519.0,2529.0,0.5291,0.5596
2024-12,41131,성남시 수정구,연립다세대,29,62,23500.0,17400.0,1642.0,1006.0,0.7404,0.6127
2024-12,41133,성남시 중원구,아파트,56,289,71500.0,42000.0,3342.0,1968.0,0.5874,0.5888
2024-12,41133,성남시 중원구,연립다세대,37,94,23000.0,13000.0,1546.0,976.0,0.5652,0.6314
2024-12,41135,성남시 분당구,아파트,213,925,121000.0,63000.0,4906.0,2456.0,0.5207,0.5007
2024-12,41135,성남시 분당구,연립다세대,28,66,79000.0,38050.0,3842.0,1823.0,0.4816,0.4744
2024-12,41150,의정부시,아파트,221,446,32700.0,23000.0,1439.0,1142.0,0.7034,0.7932
2024-12,41150,의정부시,연립다세대,59,58,9800.0,9600.0,1049.0,641.0,0.9796,0.6109
2024-12,41171,안양시 만안구,아파트,75,235,50400.0,32000.0,2259.0,1653.0,0.6349,0.7316
2024-12,41171,안양시 만안구,연립다세대,29,62,22200.0,13000.0,1684.0,928.0,0.5856,0.551
2024-12,41173,안양시 동안구,아파트,252,676,64250.0,38000.0,3112.0,1846.0,0.5914,0.5931
2024-12,41173,안양시 동안구,연립다세대,41,69,29700.0,16000.0,2326.0,1269.0,0.5387,0.5454
2024-12,41192,부천시 원미구,아파트,171,344,47000.0,33000.0,2271.0,1569.0,0.7021,0.6912
2024-12,41192,부천시 원미구,연립다세대,61,53,14800.0,12000.0,1066.0,823.0,0.8108,0.7716
2024-12,41194,부천시 소사구,아파트,72,129,48500.0,35000.0,2025.0,1493.0,0.7216,0.7371
2024-12,41194,부천시 소사구,연립다세대,36,41,16500.0,10900.0,1023.0,771.0,0.6606,0.7534
2024-12,41196,부천시 오정구,아파트,29,39,25000.0,22900.0,1423.0,1073.0,0.916,0.7542
2024-12,41196,부천시 오정구,연립다세대,80,63,12700.0,9000.0,993.0,778.0,0.7087,0.7833
2024-12,41210,광명시,아파트,120,565,66650.0,40000.0,3276.0,1946.0,0.6002,0.5941
2024-12,41210,광명시,연립다세대,31,67,30000.0,17000.0,2156.0,1132.0,0.5667,0.525
2024-12,41220,평택시,아파트,380,695,29550.0,21000.0,1285.0,997.0,0.7107,0.7762
2024-12,41220,평택시,연립다세대,47,46,9100.0,6950.0,714.0,573.0,0.7637,0.8033
2024-12,41250,동두천시,아파트,48,45,16450.0,13000.0,831.0,718.0,0.7903,0.8644
2024-12,41250,동두천시,연립다세대,35,9,5984.0,5000.0,612.0,501.0,0.8356,0.8188
2024-12,41271,안산시 상록구,아파트,92,211,38000.0,23000.0,1805.0,1098.0,0.6053,0.6082
2024-12,41271,안산시 상록구,연립다세대,105,76,16300.0,8650.0,834.0,612.0,0.5307,0.7332
2024-12,41273,안산시 단원구,아파트,119,303,46500.0,30000.0,1980.0,1362.0,0.6452,0.6881
2024-12,41273,안산시 단원구,연립다세대,72,36,15700.0,9750.0,876.0,601.0,0.621,0.6865
2024-12,41281,고양시 덕양구,아파트,214,591,52200.0,33000.0,2137.0,1488.0,0.6322,0.6962
2024-12,41281,고양시 덕양구,연립다세대,80,71,18973.0,11600.0,1254.0,879.0,0.6114,0.7008
2024-12,41285,고양시 일산동구,아파트,114,310,43900.0,35600.0,1910.0,1437.0,0.8109,0.7522
2024-12,41285,고양시 일산동구,연립다세대,24,35,24900.0,21000.0,1331.0,1042.0,0.8434,0.7827
2024-12,41287,고양시 일산서구,아파트,144,456,35850.0,30000.0,1630.0,1318.0,0.8368,0.8087
2024-12,41287,고양시 일산서구,연립다세대,8,19,20900.0,18000.0,1182.0,974.0,0.8612,0.8241
2024-12,41290,과천시,아파트,29,150,159000.0,83500.0,7827.0,3609.0,0.5252,0.4611
2024-12,41290,과천시,연립다세대,8,33,70000.0,42000.0,4186.0,2143.0,0.6,0.5119
2024-12,41310,구리시,아파트,64,204,66600.0,38340.0,2943.0,1706.0,0.5757,0.5797
2024-12,41310,구리시,연립다세대,7,31,31000.0,20000.0,2079.0,1132.0,0.6452,0.5443
2024-12,41360,남양주시,아파트,323,791,43700.0,30000.0,1789.0,1258.0,0.6865,0.703
2024-12,41360,남양주시,연립다세대,149,91,15600.0,10000.0,1059.0,618.0,0.641,0.5833
2024-12,41370,오산시,아파트,147,235,31700.0,25000.0,1372.0,1060.0,0.7886,0.7724
2024-12,41370,오산시,연립다세대,46,42,7740.0,11000.0,1136.0,952.0,1.4212,0.8384
2024-12,41390,시흥시,아파트,240,545,38100.0,26400.0,1727.0,1185.0,0.6929,0.686
2024-12,41390,시흥시,연립다세대,47,40,9800.0,9000.0,843.0,679.0,0.9184,0.806
2024-12,41410,군포시,아파트,138,293,41400.0,25000.0,2093.0,1405.0,0.6039,0.6712
2024-12,41410,군포시,연립다세대,22,50,20000.0,13825.0,1556.0,1174.0,0.6913,0.755
2024-12,41430,의왕시,아파트,78,198,59100.0,42000.0,2756.0,1805.0,0.7107,0.655
2024-12,41430,의왕시,연립다세대,13,28,21500.0,18850.0,1556.0,1173.0,0.8767,0.7536
2024-12,41450,하남시,아파트,129,500,89500.0,52500.0,3851.0,2141.0,0.5866,0.5559
2024-12,41450,하남시,연립다세대,13,20,35000.0,29500.0,2367.0,1662.0,0.8429,0.7022
2024-12,41461,용인시 처인구,아파트,92,219,28900.0,23000.0,1352.0,1007.0,0.7958,0.7447
2024-12,41461,용인시 처인구,연립다세대,43,88,13000.0,9200.0,669.0,809.0,0.7077,1.2105
2024-12,41463,용인시 기흥구,아파트,204,565,52000.0,36000.0,1951.0,1403.0,0.6923,0.7193
2024-12,41463,용인시 기흥구,연립다세대,41,97,19900.0,11000.0,1444.0,1515.0,0.5528,1.0492
2024-12,41465,용인시 수지구,아파트,287,686,75000.0,48000.0,2996.0,1829.0,0.64,0.6107
2024-12,41465,용인시 수지구,연립다세대,8,32,40900.0,22000.0,1970.0,1615.0,0.5379,0.8201
2024-12,41480,파주시,아파트,212,461,34950.0,28000.0,1326.0,1109.0,0.8011,0.8361
2024-12,41480,파주시,연립다세대,54,29,23290.0,14700.0,1092.0,819.0,0.6312,0.75
2024-12,41500,이천시,아파트,92,170,23650.0,20000.0,1047.0,901.0,0.8457,0.8611
2024-12,41500,이천시,연립다세대,25,19,10000.0,7000.0,594.0,725.0,0.7,1.2197
2024-12,41550,안성시,아파트,137,220,16000.0,13500.0,817.0,719.0,0.8438,0.8807
2024-12,41550,안성시,연립다세대,6,5,10150.0,5500.0,477.0,595.0,0.5419,1.248
2024-12,41570,김포시,아파트,228,546,45400.0,30000.0,1787.0,1247.0,0.6608,0.6981
2024-12,41570,김포시,연립다세대,36,37,10350.0,18600.0,695.0,1127.0,1.7971,1.6207
2024-12,41591,화성시 만세구,아파트,89,449,37000.0,17082.0,1506.0,807.0,0.4617,0.5361
2024-12,41591,화성시 만세구,연립다세대,17,17,9500.0,10000.0,583.0,573.0,1.0526,0.9824
2024-12,41593,화성시 효행구,아파트,71,137,30500.0,24000.0,1270.0,978.0,0.7869,0.7696
2024-12,41593,화성시 효행구,연립다세대,7,18,8000.0,10500.0,606.0,1029.0,1.3125,1.6989
2024-12,41595,화성시 병점구,아파트,104,216,37000.0,26000.0,1503.0,1268.0,0.7027,0.844
2024-12,41595,화성시 병점구,연립다세대,6,31,9950.0,10000.0,663.0,1372.0,1.005,2.0686
2024-12,41597,화성시 동탄구,아파트,227,739,63500.0,37000.0,2685.0,1580.0,0.5827,0.5887
2024-12,41597,화성시 동탄구,연립다세대,1,8,40000.0,42500.0,1557.0,1659.0,1.0625,1.0657
2024-12,41610,광주시,아파트,113,227,36000.0,30450.0,1419.0,1206.0,0.8458,0.8499
2024-12,41610,광주시,연립다세대,121,135,16500.0,13650.0,940.0,791.0,0.8273,0.8413
2024-12,41630,양주시,아파트,144,294,29850.0,18000.0,1187.0,816.0,0.603,0.6879
2024-12,41630,양주시,연립다세대,19,6,8300.0,4500.0,491.0,295.0,0.5422,0.6004
2024-12,41650,포천시,아파트,39,52,15500.0,12500.0,756.0,658.0,0.8065,0.8714
2024-12,41650,포천시,연립다세대,28,16,7250.0,5250.0,409.0,259.0,0.7241,0.6335
2024-12,41670,여주시,아파트,42,60,19000.0,16750.0,865.0,798.0,0.8816,0.9233
2024-12,41670,여주시,연립다세대,20,3,11701.0,7000.0,558.0,386.0,0.5983,0.6911
2024-12,41800,연천군,아파트,12,6,17900.0,11000.0,728.0,546.0,0.6145,0.7499
2024-12,41800,연천군,연립다세대,9,1,4100.0,2500.0,266.0,106.0,0.6098,0.3975
2024-12,41820,가평군,아파트,11,13,23200.0,18500.0,952.0,837.0,0.7974,0.8793
2024-12,41820,가평군,연립다세대,11,11,11500.0,7000.0,562.0,357.0,0.6087,0.6356
2024-12,41830,양평군,아파트,25,23,29000.0,26000.0,1288.0,1130.0,0.8966,0.8771
2024-12,41830,양평군,연립다세대,19,16,16000.0,10525.0,841.0,702.0,0.6578,0.8347
2025-01,11110,종로구,아파트,25,86,115000.0,53500.0,4480.0,2619.0,0.4652,0.5845
2025-01,11110,종로구,연립다세대,33,59,22000.0,27000.0,2327.0,1619.0,1.2273,0.6956
2025-01,11140,중구,아파트,69,159,103900.0,57000.0,4839.0,2925.0,0.5486,0.6046
2025-01,11140,중구,연립다세대,31,53,37950.0,23000.0,3957.0,2366.0,0.6061,0.5978
2025-01,11170,용산구,아파트,71,249,170500.0,65000.0,7707.0,2887.0,0.3812,0.3746
2025-01,11170,용산구,연립다세대,22,239,59500.0,26000.0,4000.0,2891.0,0.437,0.7228
2025-01,11200,성동구,아파트,177,493,135000.0,63000.0,6166.0,2939.0,0.4667,0.4767
2025-01,11200,성동구,연립다세대,18,92,55625.0,22700.0,4053.0,2470.0,0.4081,0.6093
2025-01,11215,광진구,아파트,92,219,128250.0,60000.0,5459.0,2685.0,0.4678,0.4918
2025-01,11215,광진구,연립다세대,104,224,37350.0,24000.0,4033.0,2388.0,0.6426,0.592
2025-01,11230,동대문구,아파트,144,513,78250.0,50000.0,3855.0,2490.0,0.639,0.6459
2025-01,11230,동대문구,연립다세대,38,114,38000.0,21000.0,3300.0,2360.0,0.5526,0.7152
2025-01,11260,중랑구,아파트,81,213,66000.0,40000.0,3001.0,1811.0,0.6061,0.6033
2025-01,11260,중랑구,연립다세대,92,132,30380.0,21000.0,3030.0,2061.0,0.6912,0.68
2025-01,11290,성북구,아파트,183,472,79000.0,48000.0,3616.0,2160.0,0.6076,0.5974
2025-01,11290,성북구,연립다세대,57,169,31000.0,19900.0,2398.0,1834.0,0.6419,0.7649
2025-01,11305,강북구,아파트,49,120,61000.0,39500.0,2886.0,1958.0,0.6475,0.6783
2025-01,11305,강북구,연립다세대,77,92,22000.0,15875.0,1428.0,1043.0,0.7216,0.7306
2025-01,11320,도봉구,아파트,77,229,51200.0,30000.0,2584.0,1467.0,0.5859,0.5678
2025-01,11320,도봉구,연립다세대,60,61,18150.0,14900.0,1409.0,1007.0,0.8209,0.7149
2025-01,11350,노원구,아파트,201,748,56700.0,27500.0,3047.0,1628.0,0.485,0.5343
2025-01,11350,노원구,연립다세대,42,56,26650.0,12000.0,2599.0,1170.0,0.4503,0.4502
2025-01,11380,은평구,아파트,110,434,75250.0,43000.0,3428.0,2125.0,0.5714,0.6201
2025-01,11380,은평구,연립다세대,99,236,24700.0,19000.0,1970.0,1427.0,0.7692,0.7244
2025-01,11410,서대문구,아파트,123,389,90000.0,52000.0,4337.0,2373.0,0.5778,0.5472
2025-01,11410,서대문구,연립다세대,43,104,30000.0,17925.0,1939.0,1462.0,0.5975,0.754
2025-01,11440,마포구,아파트,159,516,128000.0,61845.0,5935.0,2782.0,0.4832,0.4689
2025-01,11440,마포구,연립다세대,64,268,43000.0,22000.0,3156.0,2279.0,0.5116,0.7222
2025-01,11470,양천구,아파트,100,533,127500.0,51450.0,5122.0,2413.0,0.4035,0.4711
2025-01,11470,양천구,연립다세대,87,144,25900.0,16300.0,2358.0,1375.0,0.6293,0.583
2025-01,11500,강서구,아파트,170,656,72250.0,42000.0,3645.0,2156.0,0.5813,0.5915
2025-01,11500,강서구,연립다세대,134,291,22000.0,18000.0,1652.0,1581.0,0.8182,0.9566
2025-01,11530,구로구,아파트,136,347,64100.0,37000.0,3078.0,1773.0,0.5772,0.576
2025-01,11530,구로구,연립다세대,44,100,26500.0,16750.0,1794.0,1107.0,0.6321,0.6168
2025-01,11545,금천구,아파트,36,187,52950.0,31602.0,2637.0,1743.0,0.5968,0.6609
2025-01,11545,금천구,연립다세대,38,83,27500.0,19600.0,2221.0,2010.0,0.7127,0.905
2025-01,11560,영등포구,아파트,186,470,103000.0,52500.0,4797.0,2453.0,0.5097,0.5113
2025-01,11560,영등포구,연립다세대,73,114,41577.0,24175.0,4105.0,2789.0,0.5815,0.6794
2025-01,11590,동작구,아파트,152,459,112000.0,60000.0,5198.0,2723.0,0.5357,0.5239
2025-01,11590,동작구,연립다세대,82,166,41000.0,24000.0,3149.0,1879.0,0.5854,0.5968
2025-01,11620,관악구,아파트,90,286,75500.0,45000.0,3465.0,2039.0,0.596,0.5886
2025-01,11620,관악구,연립다세대,57,137,26500.0,20070.0,2156.0,1738.0,0.7574,0.8061
2025-01,11650,서초구,아파트,209,684,255000.0,80000.0,9343.0,3389.0,0.3137,0.3627
2025-01,11650,서초구,연립다세대,43,202,49500.0,29550.0,4008.0,2512.0,0.597,0.6269
2025-01,11680,강남구,아파트,204,869,239000.0,75000.0,9907.0,3299.0,0.3138,0.333
2025-01,11680,강남구,연립다세대,33,190,66094.0,30000.0,4778.0,2564.0,0.4539,0.5367
2025-01,11710,송파구,아파트,321,1460,177000.0,55000.0,6731.0,2392.0,0.3107,0.3553
2025-01,11710,송파구,연립다세대,79,415,35500.0,24940.0,2856.0,1835.0,0.7025,0.6424
2025-01,11740,강동구,아파트,180,924,111500.0,53000.0,4898.0,2451.0,0.4753,0.5004
2025-01,11740,강동구,연립다세대,133,230,40000.0,23000.0,3338.0,2078.0,0.575,0.6226
2025-01,41111,수원시 장안구,아파트,103,210,44800.0,28500.0,2120.0,1389.0,0.6362,0.6552
2025-01,41111,수원시 장안구,연립다세대,26,55,13200.0,10400.0,1112.0,1049.0,0.7879,0.9432
2025-01,41113,수원시 권선구,아파트,177,341,41500.0,29500.0,1874.0,1353.0,0.7108,0.7221
2025-01,41113,수원시 권선구,연립다세대,40,97,16650.0,10500.0,1094.0,1096.0,0.6306,1.0012
2025-01,41115,수원시 팔달구,아파트,85,282,45000.0,30000.0,2114.0,1603.0,0.6667,0.7585
2025-01,41115,수원시 팔달구,연립다세대,21,58,18500.0,12000.0,1431.0,1272.0,0.6486,0.889
2025-01,41117,수원시 영통구,아파트,221,658,51500.0,35000.0,2431.0,1589.0,0.6796,0.6535
2025-01,41117,수원시 영통구,연립다세대,4,21,31250.0,15000.0,2035.0,1415.0,0.48,0.695
2025-01,41131,성남시 수정구,아파트,41,178,107000.0,56000.0,4762.0,2329.0,0.5234,0.4891
2025-01,41131,성남시 수정구,연립다세대,18,43,33500.0,15000.0,1815.0,1040.0,0.4478,0.573
2025-01,41133,성남시 중원구,아파트,63,256,73000.0,41000.0,4063.0,1932.0,0.5616,0.4756
2025-01,41133,성남시 중원구,연립다세대,21,80,31000.0,13000.0,1620.0,1006.0,0.4194,0.6213
2025-01,41135,성남시 분당구,아파트,211,855,125000.0,55000.0,4978.0,2370.0,0.44,0.476
2025-01,41135,성남시 분당구,연립다세대,13,69,77300.0,37800.0,3016.0,1963.0,0.489,0.6509
2025-01,41150,의정부시,아파트,220,471,32000.0,22000.0,1463.0,1159.0,0.6875,0.792
2025-01,41150,의정부시,연립다세대,32,44,12250.0,10100.0,897.0,755.0,0.8245,0.8423
2025-01,41171,안양시 만안구,아파트,95,254,60500.0,34250.0,2717.0,1640.0,0.5661,0.6036
2025-01,41171,안양시 만안구,연립다세대,42,56,22100.0,15000.0,1423.0,1033.0,0.6787,0.7256
2025-01,41173,안양시 동안구,아파트,233,684,62700.0,37000.0,3202.0,1850.0,0.5901,0.5777
2025-01,41173,안양시 동안구,연립다세대,31,58,33000.0,15850.0,2631.0,1337.0,0.4803,0.5082
2025-01,41192,부천시 원미구,아파트,166,291,51175.0,30000.0,2334.0,1556.0,0.5862,0.6669
2025-01,41192,부천시 원미구,연립다세대,65,68,17500.0,12850.0,1204.0,896.0,0.7343,0.7447
2025-01,41194,부천시 소사구,아파트,77,158,48000.0,33950.0,2252.0,1485.0,0.7073,0.6596
2025-01,41194,부천시 소사구,연립다세대,29,38,18300.0,10750.0,1253.0,779.0,0.5874,0.6216
2025-01,41196,부천시 오정구,아파트,28,48,27650.0,14500.0,1513.0,1010.0,0.5244,0.6676
2025-01,41196,부천시 오정구,연립다세대,65,62,14525.0,8950.0,1102.0,714.0,0.6162,0.6479
2025-01,41210,광명시,아파트,141,673,69000.0,40000.0,3042.0,2024.0,0.5797,0.6654
2025-01,41210,광명시,연립다세대,30,52,28850.0,18000.0,1927.0,1150.0,0.6239,0.5969
2025-01,41220,평택시,아파트,375,672,30300.0,21000.0,1307.0,992.0,0.6931,0.7595
2025-01,41220,평택시,연립다세대,37,65,9400.0,6800.0,628.0,594.0,0.7234,0.9463
2025-01,41250,동두천시,아파트,37,57,16300.0,13000.0,798.0,669.0,0.7975,0.8375
2025-01,41250,동두천시,연립다세대,16,9,4300.0,7000.0,306.0,342.0,1.6279,1.1187
2025-01,41271,안산시 상록구,아파트,86,193,34200.0,26250.0,1620.0,1105.0,0.7675,0.6822
2025-01,41271,안산시 상록구,연립다세대,112,80,14250.0,10000.0,777.0,668.0,0.7018,0.8603
2025-01,41273,안산시 단원구,아파트,132,325,42500.0,28350.0,1922.0,1310.0,0.6671,0.6815
2025-01,41273,안산시 단원구,연립다세대,43,37,17000.0,10000.0,907.0,664.0,0.5882,0.7321
2025-01,41281,고양시 덕양구,아파트,199,611,48000.0,35000.0,2116.0,1543.0,0.7292,0.7295
2025-01,41281,고양시 덕양구,연립다세대,53,57,10500.0,12000.0,856.0,831.0,1.1429,0.971
2025-01,41285,고양시 일산동구,아파트,84,300,48750.0,36875.0,1906.0,1362.0,0.7564,0.7146
2025-01,41285,고양시 일산동구,연립다세대,25,30,19700.0,23000.0,1161.0,1072.0,1.1675,0.9235
2025-01,41287,고양시 일산서구,아파트,154,485,38300.0,30000.0,1664.0,1282.0,0.7833,0.7703
2025-01,41287,고양시 일산서구,연립다세대,10,15,26750.0,18000.0,1351.0,1009.0,0.6729,0.7466
2025-01,41290,과천시,아파트,54,152,168000.0,86500.0,7741.0,3754.0,0.5149,0.4849
2025-01,41290,과천시,연립다세대,12,52,67500.0,43000.0,4369.0,2299.0,0.637,0.5261
2025-01,41310,구리시,아파트,70,207,58750.0,35000.0,2911.0,1727.0,0.5957,0.5933
2025-01,41310,구리시,연립다세대,8,22,23900.0,19500.0,1677.0,1196.0,0.8159,0.7131
2025-01,41360,남양주시,아파트,329,829,42200.0,31000.0,1759.0,1284.0,0.7346,0.7303
2025-01,41360,남양주시,연립다세대,70,105,14250.0,11000.0,784.0,747.0,0.7719,0.9523
2025-01,41370,오산시,아파트,158,239,32000.0,25000.0,1403.0,1050.0,0.7813,0.7486
2025-01,41370,오산시,연립다세대,18,19,7550.0,7500.0,625.0,826.0,0.9934,1.3232
2025-01,41390,시흥시,아파트,252,561,34000.0,26250.0,1599.0,1173.0,0.7721,0.7338
2025-01,41390,시흥시,연립다세대,25,43,13100.0,8000.0,878.0,632.0,0.6107,0.7197
2025-01,41410,군포시,아파트,131,290,41000.0,24000.0,2172.0,1351.0,0.5854,0.6219
2025-01,41410,군포시,연립다세대,14,45,24000.0,11000.0,1481.0,1042.0,0.4583,0.7033
2025-01,41430,의왕시,아파트,82,174,66000.0,42000.0,2894.0,1781.0,0.6364,0.6155
2025-01,41430,의왕시,연립다세대,10,24,28450.0,13850.0,1913.0,1217.0,0.4868,0.636
2025-01,41450,하남시,아파트,139,476,90000.0,52000.0,3947.0,2137.0,0.5778,0.5413
2025-01,41450,하남시,연립다세대,1,16,33300.0,22300.0,2028.0,1571.0,0.6697,0.7743
2025-01,41461,용인시 처인구,아파트,102,231,28700.0,23000.0,1324.0,974.0,0.8014,0.7357
2025-01,41461,용인시 처인구,연립다세대,49,79,11250.0,10000.0,636.0,781.0,0.8889,1.227
2025-01,41463,용인시 기흥구,아파트,202,508,52750.0,36000.0,1984.0,1431.0,0.6825,0.7214
2025-01,41463,용인시 기흥구,연립다세대,21,79,25000.0,15000.0,1290.0,1223.0,0.6,0.9479
2025-01,41465,용인시 수지구,아파트,309,731,74000.0,47000.0,3034.0,1826.0,0.6351,0.602
2025-01,41465,용인시 수지구,연립다세대,9,30,14500.0,23550.0,1342.0,1674.0,1.6241,1.2474
2025-01,41480,파주시,아파트,211,513,35000.0,28000.0,1361.0,1129.0,0.8,0.829
2025-01,41480,파주시,연립다세대,34,32,17500.0,14850.0,1114.0,887.0,0.8486,0.7965
2025-01,41500,이천시,아파트,95,135,23000.0,20000.0,1007.0,914.0,0.8696,0.9073
2025-01,41500,이천시,연립다세대,29,25,8300.0,10000.0,504.0,661.0,1.2048,1.3118
2025-01,41550,안성시,아파트,137,178,14500.0,16500.0,830.0,755.0,1.1379,0.9093
2025-01,41550,안성시,연립다세대,6,7,14650.0,7000.0,703.0,670.0,0.4778,0.9528
2025-01,41570,김포시,아파트,234,538,44150.0,30000.0,1848.0,1212.0,0.6795,0.6561
2025-01,41570,김포시,연립다세대,29,29,18500.0,17500.0,1152.0,1152.0,0.9459,1.0003
2025-01,41591,화성시 만세구,아파트,59,401,35000.0,17839.0,1517.0,826.0,0.5097,0.5446
2025-01,41591,화성시 만세구,연립다세대,13,16,13500.0,9000.0,709.0,682.0,0.6667,0.9615
2025-01,41593,화성시 효행구,아파트,77,129,32000.0,23500.0,1233.0,973.0,0.7344,0.7888
2025-01,41593,화성시 효행구,연립다세대,13,13,8000.0,6200.0,477.0,670.0,0.775,1.4045
2025-01,41595,화성시 병점구,아파트,93,277,39500.0,27300.0,1556.0,1217.0,0.6911,0.782
2025-01,41595,화성시 병점구,연립다세대,4,25,11350.0,10500.0,667.0,1205.0,0.9251,1.8056
2025-01,41597,화성시 동탄구,아파트,235,760,63500.0,35000.0,2730.0,1529.0,0.5512,0.56
2025-01,41597,화성시 동탄구,연립다세대,4,7,51900.0,39000.0,2021.0,1517.0,0.7514,0.7507
2025-01,41610,광주시,아파트,114,231,42250.0,31000.0,1681.0,1304.0,0.7337,0.7756
2025-01,41610,광주시,연립다세대,81,112,20000.0,14300.0,1069.0,835.0,0.715,0.781
2025-01,41630,양주시,아파트,143,325,29000.0,18900.0,1234.0,819.0,0.6517,0.6636
2025-01,41630,양주시,연립다세대,9,13,8000.0,9800.0,594.0,665.0,1.225,1.1192
2025-01,41650,포천시,아파트,136,54,21502.0,17000.0,1682.0,758.0,0.7906,0.4505
2025-01,41650,포천시,연립다세대,16,9,8600.0,5500.0,583.0,367.0,0.6395,0.6293
2025-01,41670,여주시,아파트,48,40,13650.0,19500.0,784.0,884.0,1.4286,1.1273
2025-01,41670,여주시,연립다세대,11,11,6200.0,5000.0,348.0,445.0,0.8065,1.2773
2025-01,41800,연천군,아파트,15,20,11500.0,15500.0,647.0,687.0,1.3478,1.0629
2025-01,41800,연천군,연립다세대,3,2,9900.0,5900.0,371.0,383.0,0.5959,1.0324
2025-01,41820,가평군,아파트,18,11,22100.0,19000.0,860.0,846.0,0.8597,0.9838
2025-01,41820,가평군,연립다세대,9,4,8800.0,13000.0,410.0,659.0,1.4773,1.6069
2025-01,41830,양평군,아파트,17,40,34500.0,25000.0,1434.0,1103.0,0.7246,0.7688
2025-01,41830,양평군,연립다세대,10,16,15000.0,13400.0,811.0,715.0,0.8933,0.8818
2025-02,11110,종로구,아파트,52,112,131735.0,69500.0,4678.0,2762.0,0.5276,0.5904
2025-02,11110,종로구,연립다세대,24,71,39400.0,25000.0,2120.0,1489.0,0.6345,0.7023
2025-02,11140,중구,아파트,105,176,114000.0,55500.0,5127.0,2868.0,0.4868,0.5595
2025-02,11140,중구,연립다세대,30,66,37250.0,22250.0,2989.0,1943.0,0.5973,0.6498
2025-02,11170,용산구,아파트,147,329,205000.0,63000.0,8071.0,2769.0,0.3073,0.343
2025-02,11170,용산구,연립다세대,43,293,65000.0,24870.0,6613.0,2497.0,0.3826,0.3776
2025-02,11200,성동구,아파트,368,611,138650.0,64050.0,6319.0,2791.0,0.462,0.4416
2025-02,11200,성동구,연립다세대,34,95,51250.0,25000.0,4797.0,2438.0,0.4878,0.5082
2025-02,11215,광진구,아파트,151,273,130000.0,60000.0,5707.0,2684.0,0.4615,0.4703
2025-02,11215,광진구,연립다세대,84,292,42000.0,24000.0,3845.0,2296.0,0.5714,0.5972
2025-02,11230,동대문구,아파트,248,660,82650.0,50000.0,3733.0,2449.0,0.605,0.6561
2025-02,11230,동대문구,연립다세대,59,123,37000.0,21000.0,3159.0,2172.0,0.5676,0.6875
2025-02,11260,중랑구,아파트,124,267,60750.0,38000.0,2930.0,1836.0,0.6255,0.6265
2025-02,11260,중랑구,연립다세대,100,194,31000.0,23150.0,2740.0,2068.0,0.7468,0.7548
2025-02,11290,성북구,아파트,235,587,79000.0,46200.0,3502.0,2124.0,0.5848,0.6066
2025-02,11290,성북구,연립다세대,102,172,34700.0,20474.0,2459.0,1788.0,0.59,0.7273
2025-02,11305,강북구,아파트,90,155,59750.0,38000.0,2898.0,1756.0,0.636,0.6061
2025-02,11305,강북구,연립다세대,161,119,27500.0,14970.0,2048.0,1025.0,0.5444,0.5005
2025-02,11320,도봉구,아파트,110,324,47600.0,29000.0,2424.0,1520.0,0.6092,0.627
2025-02,11320,도봉구,연립다세대,70,81,17900.0,17000.0,1204.0,1291.0,0.9497,1.0723
2025-02,11350,노원구,아파트,351,1035,55500.0,28000.0,3177.0,1630.0,0.5045,0.513
2025-02,11350,노원구,연립다세대,26,65,27150.0,14500.0,1818.0,1289.0,0.5341,0.7087
2025-02,11380,은평구,아파트,153,547,74500.0,42000.0,3444.0,1953.0,0.5638,0.5672
2025-02,11380,은평구,연립다세대,168,286,26700.0,19000.0,2066.0,1454.0,0.7116,0.7036
2025-02,11410,서대문구,아파트,189,454,92000.0,51225.0,4410.0,2338.0,0.5568,0.5302
2025-02,11410,서대문구,연립다세대,49,119,27200.0,18000.0,1834.0,1415.0,0.6618,0.7716
2025-02,11440,마포구,아파트,346,695,142750.0,63000.0,6290.0,2724.0,0.4413,0.4331
2025-02,11440,마포구,연립다세대,93,316,41000.0,22700.0,3265.0,2253.0,0.5537,0.6901
2025-02,11470,양천구,아파트,208,647,119600.0,52000.0,4813.0,2353.0,0.4348,0.489
2025-02,11470,양천구,연립다세대,141,226,24000.0,18550.0,2234.0,1411.0,0.7729,0.6319
2025-02,11500,강서구,아파트,249,872,73500.0,41422.0,3985.0,2096.0,0.5636,0.5259
2025-02,11500,강서구,연립다세대,164,318,23050.0,18550.0,1636.0,1818.0,0.8048,1.1113
2025-02,11530,구로구,아파트,215,470,64000.0,37000.0,3088.0,1752.0,0.5781,0.5675
2025-02,11530,구로구,연립다세대,71,124,25500.0,15775.0,1922.0,999.0,0.6186,0.52
2025-02,11545,금천구,아파트,59,134,59500.0,35000.0,2489.0,1656.0,0.5882,0.6651
2025-02,11545,금천구,연립다세대,44,85,28850.0,19600.0,2262.0,1689.0,0.6794,0.7466
2025-02,11560,영등포구,아파트,323,639,105000.0,52000.0,4826.0,2445.0,0.4952,0.5067
2025-02,11560,영등포구,연립다세대,23,110,30500.0,24685.0,2866.0,2851.0,0.8093,0.9949
2025-02,11590,동작구,아파트,290,597,120000.0,60000.0,5349.0,2552.0,0.5,0.4772
2025-02,11590,동작구,연립다세대,99,187,37000.0,25000.0,3284.0,1935.0,0.6757,0.5893
2025-02,11620,관악구,아파트,141,377,77500.0,44500.0,3463.0,2039.0,0.5742,0.5888
2025-02,11620,관악구,연립다세대,122,168,28250.0,22000.0,2434.0,1830.0,0.7788,0.7518
2025-02,11650,서초구,아파트,521,727,286000.0,80850.0,10862.0,3419.0,0.2827,0.3148
2025-02,11650,서초구,연립다세대,62,307,53500.0,31500.0,4591.0,2479.0,0.5888,0.5401
2025-02,11680,강남구,아파트,594,1157,250000.0,78750.0,10120.0,3339.0,0.315,0.3299
2025-02,11680,강남구,연립다세대,39,266,54000.0,30000.0,4833.0,2358.0,0.5556,0.4879
2025-02,11710,송파구,아파트,708,1268,197000.0,68000.0,7307.0,2772.0,0.3452,0.3793
2025-02,11710,송파구,연립다세대,176,558,35188.0,24100.0,3274.0,1874.0,0.6849,0.5724
2025-02,11740,강동구,아파트,386,1462,124250.0,37800.0,5181.0,1756.0,0.3042,0.3389
2025-02,11740,강동구,연립다세대,141,290,36500.0,23505.0,3103.0,2163.0,0.644,0.6969
2025-02,41111,수원시 장안구,아파트,185,239,44700.0,28000.0,1987.0,1354.0,0.6264,0.6811
2025-02,41111,수원시 장안구,연립다세대,55,61,15000.0,8800.0,949.0,1012.0,0.5867,1.0665
2025-02,41113,수원시 권선구,아파트,266,422,43250.0,28500.0,1992.0,1327.0,0.659,0.6662
2025-02,41113,수원시 권선구,연립다세대,51,103,16500.0,12000.0,923.0,1163.0,0.7273,1.2606
2025-02,41115,수원시 팔달구,아파트,98,310,51500.0,30225.0,2597.0,1653.0,0.5869,0.6367
2025-02,41115,수원시 팔달구,연립다세대,39,87,18000.0,14000.0,1273.0,1416.0,0.7778,1.1123
2025-02,41117,수원시 영통구,아파트,348,812,58000.0,30225.0,2515.0,1557.0,0.5211,0.6192
2025-02,41117,수원시 영통구,연립다세대,7,25,32100.0,19000.0,1873.0,1047.0,0.5919,0.5588
2025-02,41131,성남시 수정구,아파트,88,256,110425.0,56700.0,4763.0,2399.0,0.5135,0.5036
2025-02,41131,성남시 수정구,연립다세대,30,56,25525.0,18000.0,1771.0,1035.0,0.7052,0.5847
2025-02,41133,성남시 중원구,아파트,129,275,60000.0,42000.0,3126.0,1927.0,0.7,0.6165
2025-02,41133,성남시 중원구,연립다세대,48,128,20900.0,13750.0,1516.0,1007.0,0.6579,0.6641
2025-02,41135,성남시 분당구,아파트,428,1130,123375.0,55000.0,5134.0,2408.0,0.4458,0.469
2025-02,41135,성남시 분당구,연립다세대,20,74,80250.0,40000.0,3397.0,1887.0,0.4984,0.5554
2025-02,41150,의정부시,아파트,378,578,30500.0,23000.0,1478.0,1144.0,0.7541,0.7737
2025-02,41150,의정부시,연립다세대,64,64,12500.0,10000.0,865.0,726.0,0.8,0.8401
2025-02,41171,안양시 만안구,아파트,146,317,53700.0,35000.0,2600.0,1655.0,0.6518,0.6367
2025-02,41171,안양시 만안구,연립다세대,78,75,23275.0,14000.0,1596.0,1038.0,0.6015,0.6503
2025-02,41173,안양시 동안구,아파트,363,1062,65900.0,36875.0,3306.0,1852.0,0.5596,0.5602
2025-02,41173,안양시 동안구,연립다세대,60,74,32000.0,15000.0,2513.0,1181.0,0.4688,0.47
2025-02,41192,부천시 원미구,아파트,232,444,53000.0,28750.0,2361.0,1545.0,0.5425,0.6543
2025-02,41192,부천시 원미구,연립다세대,91,67,18000.0,11500.0,1158.0,828.0,0.6389,0.7147
2025-02,41194,부천시 소사구,아파트,138,275,48200.0,33000.0,2160.0,1448.0,0.6846,0.6706
2025-02,41194,부천시 소사구,연립다세대,60,44,14900.0,10000.0,1019.0,797.0,0.6711,0.7822
2025-02,41196,부천시 오정구,아파트,44,78,34250.0,19500.0,1645.0,1054.0,0.5693,0.6409
2025-02,41196,부천시 오정구,연립다세대,89,77,13500.0,9200.0,1023.0,780.0,0.6815,0.7626
2025-02,41210,광명시,아파트,215,778,70000.0,38050.0,3151.0,1844.0,0.5436,0.5851
2025-02,41210,광명시,연립다세대,42,69,29000.0,18400.0,1813.0,1197.0,0.6345,0.66
2025-02,41220,평택시,아파트,453,820,30400.0,21000.0,1320.0,974.0,0.6908,0.7379
2025-02,41220,평택시,연립다세대,54,54,8198.0,7000.0,677.0,675.0,0.8539,0.9972
2025-02,41250,동두천시,아파트,77,71,14500.0,14000.0,779.0,700.0,0.9655,0.8993
2025-02,41250,동두천시,연립다세대,19,20,5400.0,6750.0,327.0,353.0,1.25,1.0816
2025-02,41271,안산시 상록구,아파트,98,260,37550.0,22000.0,1670.0,1013.0,0.5859,0.6067
2025-02,41271,안산시 상록구,연립다세대,175,74,14000.0,9800.0,776.0,730.0,0.7,0.9408
2025-02,41273,안산시 단원구,아파트,203,424,42000.0,27000.0,1870.0,1316.0,0.6429,0.7036
2025-02,41273,안산시 단원구,연립다세대,52,55,14000.0,8500.0,755.0,618.0,0.6071,0.8191
2025-02,41281,고양시 덕양구,아파트,287,809,47000.0,34650.0,2050.0,1521.0,0.7372,0.742
2025-02,41281,고양시 덕양구,연립다세대,52,66,12750.0,11500.0,839.0,819.0,0.902,0.9762
2025-02,41285,고양시 일산동구,아파트,158,409,41725.0,35000.0,1772.0,1373.0,0.8388,0.775
2025-02,41285,고양시 일산동구,연립다세대,32,27,28250.0,23000.0,1537.0,1270.0,0.8142,0.8263
2025-02,41287,고양시 일산서구,아파트,216,628,36500.0,29000.0,1653.0,1282.0,0.7945,0.7759
2025-02,41287,고양시 일산서구,연립다세대,18,30,18250.0,20698.0,1243.0,1000.0,1.1341,0.8041
2025-02,41290,과천시,아파트,137,176,173000.0,83500.0,8103.0,3515.0,0.4827,0.4338
2025-02,41290,과천시,연립다세대,14,47,68000.0,40000.0,4717.0,2339.0,0.5882,0.496
2025-02,41310,구리시,아파트,93,295,61000.0,36000.0,2955.0,1673.0,0.5902,0.566
2025-02,41310,구리시,연립다세대,24,41,24500.0,18000.0,1950.0,973.0,0.7347,0.4987
2025-02,41360,남양주시,아파트,498,1185,43600.0,30000.0,1749.0,1245.0,0.6881,0.7118
2025-02,41360,남양주시,연립다세대,93,116,12000.0,11000.0,799.0,726.0,0.9167,0.9085
2025-02,41370,오산시,아파트,188,266,29000.0,23000.0,1260.0,1054.0,0.7931,0.8362
2025-02,41370,오산시,연립다세대,18,25,15200.0,8000.0,1030.0,983.0,0.5263,0.9541
2025-02,41390,시흥시,아파트,460,799,34000.0,26250.0,1517.0,1185.0,0.7721,0.7809
2025-02,41390,시흥시,연립다세대,54,69,13750.0,8000.0,804.0,656.0,0.5818,0.8157
2025-02,41410,군포시,아파트,184,472,42800.0,24750.0,2163.0,1369.0,0.5783,0.6332
2025-02,41410,군포시,연립다세대,33,77,21500.0,12000.0,1499.0,1002.0,0.5581,0.6687
2025-02,41430,의왕시,아파트,162,313,67250.0,42000.0,3003.0,1757.0,0.6245,0.585
2025-02,41430,의왕시,연립다세대,10,23,33450.0,15500.0,1975.0,1215.0,0.4634,0.6151
2025-02,41450,하남시,아파트,283,666,88500.0,51450.0,4068.0,2071.0,0.5814,0.5091
2025-02,41450,하남시,연립다세대,8,21,33750.0,23600.0,2368.0,1388.0,0.6993,0.5861
2025-02,41461,용인시 처인구,아파트,147,319,29600.0,22000.0,1429.0,974.0,0.7432,0.6818
2025-02,41461,용인시 처인구,연립다세대,71,103,12500.0,9000.0,706.0,711.0,0.72,1.0071
2025-02,41463,용인시 기흥구,아파트,327,701,52500.0,34500.0,2063.0,1362.0,0.6571,0.6604
2025-02,41463,용인시 기흥구,연립다세대,29,71,29123.0,16000.0,2009.0,1305.0,0.5494,0.6496
2025-02,41465,용인시 수지구,아파트,544,800,74500.0,45000.0,3099.0,1836.0,0.604,0.5925
2025-02,41465,용인시 수지구,연립다세대,10,36,31400.0,26500.0,1955.0,1687.0,0.8439,0.8625
2025-02,41480,파주시,아파트,309,638,34300.0,27000.0,1355.0,1082.0,0.7872,0.7988
2025-02,41480,파주시,연립다세대,61,46,20200.0,16500.0,1189.0,1019.0,0.8168,0.857
2025-02,41500,이천시,아파트,95,183,20250.0,18000.0,954.0,858.0,0.8889,0.8998
2025-02,41500,이천시,연립다세대,28,28,10250.0,7400.0,690.0,707.0,0.722,1.0232
2025-02,41550,안성시,아파트,200,250,14250.0,17000.0,805.0,739.0,1.193,0.918
2025-02,41550,안성시,연립다세대,9,9,5400.0,5000.0,372.0,629.0,0.9259,1.6928
2025-02,41570,김포시,아파트,386,631,42075.0,29900.0,1714.0,1213.0,0.7106,0.7073
2025-02,41570,김포시,연립다세대,47,36,19300.0,16600.0,1048.0,903.0,0.8601,0.8615
2025-02,41591,화성시 만세구,아파트,107,464,35000.0,18923.0,1425.0,819.0,0.5407,0.5744
2025-02,41591,화성시 만세구,연립다세대,22,14,10000.0,12000.0,526.0,706.0,1.2,1.3435
2025-02,41593,화성시 효행구,아파트,104,165,33950.0,24000.0,1283.0,997.0,0.7069,0.7775
2025-02,41593,화성시 효행구,연립다세대,19,14,9500.0,11250.0,558.0,854.0,1.1842,1.5304
2025-02,41595,화성시 병점구,아파트,151,349,36900.0,26250.0,1558.0,1186.0,0.7114,0.7614
2025-02,41595,화성시 병점구,연립다세대,12,33,13400.0,10500.0,802.0,1148.0,0.7836,1.4307
2025-02,41597,화성시 동탄구,아파트,359,825,64500.0,34000.0,2843.0,1456.0,0.5271,0.5122
2025-02,41597,화성시 동탄구,연립다세대,5,11,63500.0,40000.0,2478.0,1842.0,0.6299,0.7433
2025-02,41610,광주시,아파트,180,319,39700.0,30000.0,1644.0,1284.0,0.7557,0.7808
2025-02,41610,광주시,연립다세대,137,153,16500.0,15000.0,925.0,819.0,0.9091,0.8857
2025-02,41630,양주시,아파트,211,384,29000.0,18900.0,1208.0,786.0,0.6517,0.6509
2025-02,41630,양주시,연립다세대,19,19,8200.0,10000.0,552.0,662.0,1.2195,1.1998
2025-02,41650,포천시,아파트,69,62,18000.0,15000.0,818.0,756.0,0.8333,0.9237
2025-02,41650,포천시,연립다세대,37,20,7000.0,5250.0,425.0,317.0,0.75,0.7453
2025-02,41670,여주시,아파트,68,55,14375.0,16000.0,797.0,674.0,1.113,0.8457
2025-02,41670,여주시,연립다세대,8,12,9915.0,6000.0,549.0,456.0,0.6051,0.8297
2025-02,41800,연천군,아파트,25,26,11360.0,17500.0,868.0,726.0,1.5405,0.8368
2025-02,41800,연천군,연립다세대,6,2,3600.0,5235.0,234.0,355.0,1.4542,1.515
2025-02,41820,가평군,아파트,27,18,20500.0,19500.0,939.0,860.0,0.9512,0.9159
2025-02,41820,가평군,연립다세대,8,9,5575.0,5500.0,368.0,477.0,0.9865,1.2941
2025-02,41830,양평군,아파트,27,78,26500.0,24000.0,1165.0,1040.0,0.9057,0.893
2025-02,41830,양평군,연립다세대,15,20,17000.0,15000.0,830.0,708.0,0.8824,0.8527
2025-03,11110,종로구,아파트,81,91,115000.0,66000.0,4909.0,2647.0,0.5739,0.5393
2025-03,11110,종로구,연립다세대,51,54,41500.0,28175.0,2352.0,1588.0,0.6789,0.6752
2025-03,11140,중구,아파트,159,201,112000.0,60900.0,5160.0,2982.0,0.5437,0.5779
2025-03,11140,중구,연립다세대,31,48,42000.0,23400.0,2914.0,2459.0,0.5571,0.8438
2025-03,11170,용산구,아파트,272,352,194000.0,64750.0,7389.0,2776.0,0.3338,0.3756
2025-03,11170,용산구,연립다세대,86,297,66500.0,25357.0,6958.0,2661.0,0.3813,0.3825
2025-03,11200,성동구,아파트,583,721,141500.0,66000.0,6433.0,2917.0,0.4664,0.4535
2025-03,11200,성동구,연립다세대,66,112,53250.0,24000.0,5095.0,2399.0,0.4507,0.471
2025-03,11215,광진구,아파트,248,285,143000.0,60000.0,5813.0,2686.0,0.4196,0.462
2025-03,11215,광진구,연립다세대,154,286,38750.0,25600.0,3305.0,2366.0,0.6606,0.7159
2025-03,11230,동대문구,아파트,381,724,84700.0,49000.0,3874.0,2373.0,0.5785,0.6125
2025-03,11230,동대문구,연립다세대,175,131,17000.0,23800.0,3124.0,2378.0,1.4,0.7612
2025-03,11260,중랑구,아파트,172,262,60000.0,38925.0,2929.0,1840.0,0.6488,0.6281
2025-03,11260,중랑구,연립다세대,129,211,30000.0,22000.0,2672.0,2154.0,0.7333,0.8063
2025-03,11290,성북구,아파트,403,640,81800.0,47500.0,3740.0,2179.0,0.5807,0.5826
2025-03,11290,성북구,연립다세대,109,184,33000.0,20000.0,2509.0,1544.0,0.6061,0.6153
2025-03,11305,강북구,아파트,99,155,69800.0,39000.0,2882.0,1724.0,0.5587,0.5984
2025-03,11305,강북구,연립다세대,119,136,23000.0,16000.0,1516.0,1028.0,0.6957,0.6783
2025-03,11320,도봉구,아파트,168,366,49500.0,30000.0,2414.0,1448.0,0.6061,0.5996
2025-03,11320,도봉구,연립다세대,85,93,19500.0,16000.0,1296.0,1080.0,0.8205,0.8331
2025-03,11350,노원구,아파트,559,1077,56000.0,27000.0,3186.0,1599.0,0.4821,0.5018
2025-03,11350,노원구,연립다세대,67,57,29000.0,16000.0,2610.0,1141.0,0.5517,0.4373
2025-03,11380,은평구,아파트,262,527,74100.0,45000.0,3599.0,2101.0,0.6073,0.5838
2025-03,11380,은평구,연립다세대,276,321,27700.0,18000.0,2048.0,1269.0,0.6498,0.6196
2025-03,11410,서대문구,아파트,292,402,102000.0,52500.0,4538.0,2336.0,0.5147,0.5148
2025-03,11410,서대문구,연립다세대,123,134,28000.0,19350.0,2126.0,1352.0,0.6911,0.6363
2025-03,11440,마포구,아파트,548,654,144000.0,65000.0,6328.0,2918.0,0.4514,0.4612
2025-03,11440,마포구,연립다세대,151,344,38700.0,23035.0,3252.0,2216.0,0.5952,0.6815
2025-03,11470,양천구,아파트,454,670,132750.0,50000.0,5402.0,2321.0,0.3766,0.4297
2025-03,11470,양천구,연립다세대,164,244,27000.0,18650.0,2185.0,1317.0,0.6907,0.6026
2025-03,11500,강서구,아파트,417,820,80000.0,43000.0,4084.0,2187.0,0.5375,0.5355
2025-03,11500,강서구,연립다세대,264,317,22650.0,18600.0,1820.0,1467.0,0.8212,0.8061
2025-03,11530,구로구,아파트,328,461,67000.0,39000.0,3096.0,1807.0,0.5821,0.5837
2025-03,11530,구로구,연립다세대,106,142,25750.0,16000.0,1911.0,1159.0,0.6214,0.6068
2025-03,11545,금천구,아파트,89,164,55000.0,34300.0,2639.0,1671.0,0.6236,0.6334
2025-03,11545,금천구,연립다세대,74,106,25100.0,20000.0,1873.0,1825.0,0.7968,0.9743
2025-03,11560,영등포구,아파트,509,763,111000.0,54000.0,4932.0,2486.0,0.4865,0.5041
2025-03,11560,영등포구,연립다세대,57,152,31000.0,22000.0,3246.0,2475.0,0.7097,0.7624
2025-03,11590,동작구,아파트,531,725,125000.0,60000.0,5355.0,2574.0,0.48,0.4808
2025-03,11590,동작구,연립다세대,165,202,43000.0,25000.0,2950.0,1762.0,0.5814,0.5974
2025-03,11620,관악구,아파트,235,367,80000.0,45000.0,3679.0,2108.0,0.5625,0.5731
2025-03,11620,관악구,연립다세대,125,166,28000.0,20000.0,2013.0,1650.0,0.7143,0.8195
2025-03,11650,서초구,아파트,662,1117,245000.0,70000.0,8553.0,2929.0,0.2857,0.3424
2025-03,11650,서초구,연립다세대,113,290,55000.0,31000.0,4560.0,2562.0,0.5636,0.5619
2025-03,11680,강남구,아파트,842,1231,245000.0,79000.0,9961.0,3326.0,0.3224,0.3339
2025-03,11680,강남구,연립다세대,72,279,60250.0,30000.0,5180.0,2455.0,0.4979,0.474
2025-03,11710,송파구,아파트,908,1326,170000.0,65750.0,6736.0,2751.0,0.3868,0.4084
2025-03,11710,송파구,연립다세대,266,560,38000.0,24000.0,3117.0,1813.0,0.6316,0.5816
2025-03,11740,강동구,아파트,592,1373,125000.0,40000.0,5249.0,1869.0,0.32,0.356
2025-03,11740,강동구,연립다세대,147,303,36000.0,24000.0,2891.0,2097.0,0.6667,0.7251
2025-03,41111,수원시 장안구,아파트,247,249,44000.0,28700.0,2040.0,1389.0,0.6523,0.6807
2025-03,41111,수원시 장안구,연립다세대,89,76,13000.0,9000.0,949.0,808.0,0.6923,0.8514
2025-03,41113,수원시 권선구,아파트,320,428,42000.0,29000.0,1928.0,1273.0,0.6905,0.6603
2025-03,41113,수원시 권선구,연립다세대,76,110,16750.0,12450.0,1035.0,972.0,0.7433,0.9385
2025-03,41115,수원시 팔달구,아파트,189,333,51700.0,31500.0,2567.0,1572.0,0.6093,0.6123
2025-03,41115,수원시 팔달구,연립다세대,73,99,18000.0,12000.0,1380.0,1344.0,0.6667,0.9743
2025-03,41117,수원시 영통구,아파트,503,753,58700.0,32000.0,2643.0,1601.0,0.5451,0.6057
2025-03,41117,수원시 영통구,연립다세대,10,25,136250.0,16500.0,3824.0,1502.0,0.1211,0.3927
2025-03,41131,성남시 수정구,아파트,153,248,112800.0,56464.0,4874.0,2472.0,0.5006,0.5072
2025-03,41131,성남시 수정구,연립다세대,44,58,25650.0,13500.0,1804.0,1012.0,0.5263,0.5609
2025-03,41133,성남시 중원구,아파트,148,244,80000.0,40950.0,3759.0,1929.0,0.5119,0.5131
2025-03,41133,성남시 중원구,연립다세대,69,138,23500.0,13000.0,1596.0,1009.0,0.5532,0.6322
2025-03,41135,성남시 분당구,아파트,697,1056,126500.0,55000.0,5392.0,2433.0,0.4348,0.4512
2025-03,41135,성남시 분당구,연립다세대,25,69,81700.0,40000.0,3544.0,1865.0,0.4896,0.5262
2025-03,41150,의정부시,아파트,437,546,32600.0,23000.0,1501.0,1106.0,0.7055,0.7366
2025-03,41150,의정부시,연립다세대,64,76,13000.0,9000.0,872.0,637.0,0.6923,0.7301
2025-03,41171,안양시 만안구,아파트,182,305,56650.0,33000.0,2826.0,1656.0,0.5825,0.5861
2025-03,41171,안양시 만안구,연립다세대,68,64,22650.0,13000.0,1538.0,957.0,0.574,0.6221
2025-03,41173,안양시 동안구,아파트,538,913,65000.0,36700.0,3346.0,1837.0,0.5646,0.5489
2025-03,41173,안양시 동안구,연립다세대,63,82,32000.0,15000.0,2413.0,1160.0,0.4688,0.4806
2025-03,41192,부천시 원미구,아파트,291,484,53000.0,30000.0,2411.0,1518.0,0.566,0.6297
2025-03,41192,부천시 원미구,연립다세대,120,103,19500.0,12700.0,1237.0,823.0,0.6513,0.6652
2025-03,41194,부천시 소사구,아파트,164,349,51600.0,30000.0,2116.0,1482.0,0.5814,0.7004
2025-03,41194,부천시 소사구,연립다세대,46,57,17850.0,11880.0,1150.0,816.0,0.6655,0.7092
2025-03,41196,부천시 오정구,아파트,81,89,31500.0,25000.0,1632.0,1119.0,0.7937,0.6856
2025-03,41196,부천시 오정구,연립다세대,127,112,14500.0,9000.0,1074.0,773.0,0.6207,0.7196
2025-03,41210,광명시,아파트,381,932,73500.0,38000.0,3472.0,1890.0,0.517,0.5444
2025-03,41210,광명시,연립다세대,62,68,31850.0,17100.0,1986.0,1198.0,0.5369,0.6031
2025-03,41220,평택시,아파트,619,787,31800.0,20000.0,1393.0,976.0,0.6289,0.701
2025-03,41220,평택시,연립다세대,53,45,9750.0,6000.0,623.0,557.0,0.6154,0.8953
2025-03,41250,동두천시,아파트,97,423,15500.0,27990.0,784.0,1202.0,1.8058,1.5318
2025-03,41250,동두천시,연립다세대,17,16,6900.0,4000.0,313.0,374.0,0.5797,1.1956
2025-03,41271,안산시 상록구,아파트,143,254,39000.0,22000.0,1721.0,1089.0,0.5641,0.6327
2025-03,41271,안산시 상록구,연립다세대,209,110,14700.0,10000.0,762.0,624.0,0.6803,0.8184
2025-03,41273,안산시 단원구,아파트,267,500,43000.0,25305.0,1903.0,1286.0,0.5885,0.6758
2025-03,41273,안산시 단원구,연립다세대,76,51,17800.0,10000.0,892.0,695.0,0.5618,0.7789
2025-03,41281,고양시 덕양구,아파트,426,743,53200.0,35500.0,2163.0,1511.0,0.6673,0.6984
2025-03,41281,고양시 덕양구,연립다세대,106,97,14600.0,12000.0,976.0,864.0,0.8219,0.8854
2025-03,41285,고양시 일산동구,아파트,216,361,45500.0,36000.0,1789.0,1389.0,0.7912,0.7765
2025-03,41285,고양시 일산동구,연립다세대,38,35,22800.0,23000.0,1323.0,981.0,1.0088,0.742
2025-03,41287,고양시 일산서구,아파트,298,560,38800.0,28000.0,1695.0,1259.0,0.7216,0.7425
2025-03,41287,고양시 일산서구,연립다세대,17,25,21500.0,15000.0,1396.0,874.0,0.6977,0.6266
2025-03,41290,과천시,아파트,134,157,179000.0,84000.0,7969.0,3419.0,0.4693,0.429
2025-03,41290,과천시,연립다세대,20,30,66250.0,38925.0,3396.0,2133.0,0.5875,0.6281
2025-03,41310,구리시,아파트,171,342,60000.0,36000.0,3059.0,1693.0,0.6,0.5536
2025-03,41310,구리시,연립다세대,23,55,30000.0,16000.0,1958.0,1178.0,0.5333,0.6018
2025-03,41360,남양주시,아파트,634,1206,44000.0,30000.0,1817.0,1284.0,0.6818,0.7069
2025-03,41360,남양주시,연립다세대,93,172,12450.0,10375.0,804.0,658.0,0.8333,0.8185
2025-03,41370,오산시,아파트,252,262,31000.0,22000.0,1336.0,987.0,0.7097,0.7386
2025-03,41370,오산시,연립다세대,21,21,7000.0,7000.0,631.0,847.0,1.0,1.3415
2025-03,41390,시흥시,아파트,540,781,37000.0,26000.0,1637.0,1158.0,0.7027,0.7071
2025-03,41390,시흥시,연립다세대,64,80,11000.0,8350.0,742.0,626.0,0.7591,0.8437
2025-03,41410,군포시,아파트,290,499,42750.0,25000.0,2109.0,1372.0,0.5848,0.6507
2025-03,41410,군포시,연립다세대,46,69,22750.0,13000.0,1563.0,1115.0,0.5714,0.7133
2025-03,41430,의왕시,아파트,206,382,63000.0,42000.0,2921.0,1946.0,0.6667,0.6664
2025-03,41430,의왕시,연립다세대,32,40,18250.0,12900.0,1576.0,1129.0,0.7068,0.7166
2025-03,41450,하남시,아파트,455,731,89000.0,53000.0,3834.0,2180.0,0.5955,0.5687
2025-03,41450,하남시,연립다세대,12,26,34750.0,18000.0,2208.0,1341.0,0.518,0.6073
2025-03,41461,용인시 처인구,아파트,185,372,30000.0,24000.0,1440.0,978.0,0.8,0.6792
2025-03,41461,용인시 처인구,연립다세대,104,102,10500.0,8750.0,705.0,626.0,0.8333,0.8884
2025-03,41463,용인시 기흥구,아파트,499,743,53200.0,35000.0,2064.0,1381.0,0.6579,0.6692
2025-03,41463,용인시 기흥구,연립다세대,46,73,21500.0,15750.0,1191.0,1270.0,0.7326,1.0663
2025-03,41465,용인시 수지구,아파트,819,859,75500.0,45000.0,3115.0,1819.0,0.596,0.5842
2025-03,41465,용인시 수지구,연립다세대,31,37,9600.0,23000.0,1428.0,1372.0,2.3958,0.9608
2025-03,41480,파주시,아파트,426,580,35000.0,27650.0,1331.0,1089.0,0.79,0.8181
2025-03,41480,파주시,연립다세대,54,41,16600.0,12500.0,1062.0,778.0,0.753,0.7321
2025-03,41500,이천시,아파트,120,181,19250.0,20000.0,1013.0,889.0,1.039,0.8776
2025-03,41500,이천시,연립다세대,42,24,9750.0,8500.0,643.0,566.0,0.8718,0.8807
2025-03,41550,안성시,아파트,241,257,15000.0,18000.0,829.0,759.0,1.2,0.915
2025-03,41550,안성시,연립다세대,18,8,5850.0,4000.0,388.0,484.0,0.6838,1.2468
2025-03,41570,김포시,아파트,403,691,44700.0,30000.0,1808.0,1222.0,0.6711,0.6755
2025-03,41570,김포시,연립다세대,76,35,20819.0,12000.0,1445.0,803.0,0.5764,0.5558
2025-03,41591,화성시 만세구,아파트,145,431,37800.0,18940.0,1526.0,826.0,0.5011,0.5413
2025-03,41591,화성시 만세구,연립다세대,27,15,10100.0,12000.0,606.0,730.0,1.1881,1.2033
2025-03,41593,화성시 효행구,아파트,160,177,33211.0,24000.0,1270.0,973.0,0.7227,0.7667
2025-03,41593,화성시 효행구,연립다세대,18,10,12825.0,8000.0,846.0,804.0,0.6238,0.9496
2025-03,41595,화성시 병점구,아파트,200,394,37950.0,28000.0,1615.0,1225.0,0.7378,0.7582
2025-03,41595,화성시 병점구,연립다세대,13,48,7500.0,12250.0,645.0,1415.0,1.6333,2.1953
2025-03,41597,화성시 동탄구,아파트,524,830,64900.0,35000.0,2792.0,1481.0,0.5393,0.5305
2025-03,41597,화성시 동탄구,연립다세대,5,10,43800.0,44500.0,1705.0,1735.0,1.016,1.0176
2025-03,41610,광주시,아파트,256,288,41750.0,30475.0,1705.0,1325.0,0.7299,0.777
2025-03,41610,광주시,연립다세대,226,167,18000.0,14000.0,1016.0,785.0,0.7778,0.7728
2025-03,41630,양주시,아파트,262,382,27100.0,18900.0,1150.0,846.0,0.6974,0.7352
2025-03,41630,양주시,연립다세대,16,14,7225.0,7000.0,469.0,415.0,0.9689,0.8849
2025-03,41650,포천시,아파트,86,79,16000.0,16000.0,817.0,784.0,1.0,0.9588
2025-03,41650,포천시,연립다세대,59,18,7233.0,5000.0,437.0,275.0,0.6913,0.6288
2025-03,41670,여주시,아파트,86,66,16400.0,22500.0,827.0,847.0,1.372,1.0244
2025-03,41670,여주시,연립다세대,12,16,12900.0,6174.0,646.0,436.0,0.4786,0.6745
2025-03,41800,연천군,아파트,18,21,15650.0,15000.0,703.0,623.0,0.9585,0.8857
2025-03,41800,연천군,연립다세대,5,2,3900.0,5250.0,273.0,297.0,1.3462,1.0889
2025-03,41820,가평군,아파트,19,7,20500.0,16000.0,1010.0,779.0,0.7805,0.771
2025-03,41820,가평군,연립다세대,20,11,8000.0,10000.0,523.0,710.0,1.25,1.3558
2025-03,41830,양평군,아파트,48,64,32500.0,22000.0,1402.0,981.0,0.6769,0.6993
2025-03,41830,양평군,연립다세대,25,23,13000.0,14000.0,704.0,790.0,1.0769,1.1234
2025-04,11110,종로구,아파트,41,88,86000.0,67000.0,4098.0,2688.0,0.7791,0.6559
2025-04,11110,종로구,연립다세대,41,47,50000.0,22000.0,2473.0,1483.0,0.44,0.5996
2025-04,11140,중구,아파트,93,172,106000.0,59925.0,4829.0,2836.0,0.5653,0.5872
2025-04,11140,중구,연립다세대,38,36,35000.0,23000.0,3219.0,2603.0,0.6571,0.8086
2025-04,11170,용산구,아파트,37,347,168000.0,65000.0,7014.0,2760.0,0.3869,0.3935
2025-04,11170,용산구,연립다세대,79,273,60800.0,25000.0,6016.0,2538.0,0.4112,0.4219
2025-04,11200,성동구,아파트,319,583,152000.0,64000.0,6567.0,2841.0,0.4211,0.4327
2025-04,11200,성동구,연립다세대,47,91,49000.0,25000.0,4466.0,2346.0,0.5102,0.5254
2025-04,11215,광진구,아파트,156,305,126000.0,64000.0,5491.0,2702.0,0.5079,0.492
2025-04,11215,광진구,연립다세대,156,304,40000.0,25000.0,3339.0,2212.0,0.625,0.6626
2025-04,11230,동대문구,아파트,321,527,72500.0,50000.0,4644.0,2374.0,0.6897,0.5111
2025-04,11230,동대문구,연립다세대,41,99,38000.0,24500.0,2839.0,2329.0,0.6447,0.8204
2025-04,11260,중랑구,아파트,134,224,58500.0,38000.0,2903.0,1886.0,0.6496,0.6497
2025-04,11260,중랑구,연립다세대,111,167,32500.0,20400.0,2884.0,1919.0,0.6277,0.6654
2025-04,11290,성북구,아파트,313,510,80500.0,47000.0,3620.0,2181.0,0.5839,0.6026
2025-04,11290,성북구,연립다세대,108,154,31250.0,20900.0,2320.0,1795.0,0.6688,0.774
2025-04,11305,강북구,아파트,90,152,70000.0,38925.0,3061.0,1629.0,0.5561,0.5322
2025-04,11305,강북구,연립다세대,130,94,22250.0,14110.0,1494.0,1060.0,0.6342,0.7094
2025-04,11320,도봉구,아파트,149,344,50500.0,30000.0,2387.0,1440.0,0.5941,0.6032
2025-04,11320,도봉구,연립다세대,111,87,20500.0,15000.0,1336.0,1077.0,0.7317,0.806
2025-04,11350,노원구,아파트,385,915,57200.0,27000.0,3200.0,1581.0,0.472,0.4941
2025-04,11350,노원구,연립다세대,37,55,26500.0,19950.0,1776.0,1096.0,0.7528,0.6172
2025-04,11380,은평구,아파트,190,432,72000.0,44050.0,3625.0,2140.0,0.6118,0.5904
2025-04,11380,은평구,연립다세대,257,304,26000.0,18900.0,1950.0,1461.0,0.7269,0.7494
2025-04,11410,서대문구,아파트,249,357,90500.0,52000.0,4082.0,2316.0,0.5746,0.5673
2025-04,11410,서대문구,연립다세대,76,121,29450.0,20000.0,2498.0,1195.0,0.6791,0.4782
2025-04,11440,마포구,아파트,340,621,140750.0,65000.0,6086.0,2882.0,0.4618,0.4735
2025-04,11440,마포구,연립다세대,84,311,45000.0,24000.0,3471.0,2273.0,0.5333,0.655
2025-04,11470,양천구,아파트,299,573,143000.0,50000.0,5718.0,2316.0,0.3497,0.4051
2025-04,11470,양천구,연립다세대,165,226,25000.0,16900.0,2367.0,1245.0,0.676,0.526
2025-04,11500,강서구,아파트,330,755,80600.0,41580.0,3888.0,2095.0,0.5159,0.5388
2025-04,11500,강서구,연립다세대,208,323,24000.0,18000.0,1895.0,1449.0,0.75,0.7645
2025-04,11530,구로구,아파트,258,413,68000.0,39000.0,3183.0,1759.0,0.5735,0.5525
2025-04,11530,구로구,연립다세대,86,121,24100.0,17000.0,1736.0,1154.0,0.7054,0.6648
2025-04,11545,금천구,아파트,54,153,54750.0,36200.0,2587.0,1671.0,0.6612,0.646
2025-04,11545,금천구,연립다세대,52,90,25500.0,17800.0,2187.0,1773.0,0.698,0.811
2025-04,11560,영등포구,아파트,352,606,113900.0,52500.0,4942.0,2451.0,0.4609,0.496
2025-04,11560,영등포구,연립다세대,48,132,29850.0,24000.0,2822.0,2761.0,0.804,0.9782
2025-04,11590,동작구,아파트,363,543,111500.0,61950.0,5268.0,2627.0,0.5556,0.4987
2025-04,11590,동작구,연립다세대,150,156,41000.0,23700.0,2958.0,1709.0,0.578,0.5776
2025-04,11620,관악구,아파트,173,288,82500.0,45000.0,3569.0,2074.0,0.5455,0.5812
2025-04,11620,관악구,연립다세대,123,155,28400.0,20000.0,1950.0,1659.0,0.7042,0.851
2025-04,11650,서초구,아파트,54,821,172000.0,80000.0,6366.0,3263.0,0.4651,0.5126
2025-04,11650,서초구,연립다세대,98,274,56400.0,31248.0,4670.0,2545.0,0.554,0.545
2025-04,11680,강남구,아파트,106,1096,383000.0,70000.0,12860.0,3094.0,0.1828,0.2406
2025-04,11680,강남구,연립다세대,58,258,62350.0,30000.0,4312.0,2425.0,0.4812,0.5625
2025-04,11710,송파구,아파트,129,1203,158000.0,64417.0,6302.0,2615.0,0.4077,0.4149
2025-04,11710,송파구,연립다세대,180,534,37000.0,25000.0,2977.0,1837.0,0.6757,0.6168
2025-04,11740,강동구,아파트,292,787,114900.0,50000.0,4985.0,2254.0,0.4352,0.4521
2025-04,11740,강동구,연립다세대,102,243,37000.0,24000.0,2969.0,2154.0,0.6486,0.7256
2025-04,41111,수원시 장안구,아파트,199,218,48500.0,28350.0,2100.0,1431.0,0.5845,0.6812
2025-04,41111,수원시 장안구,연립다세대,64,58,14650.0,8950.0,1024.0,663.0,0.6109,0.6471
2025-04,41113,수원시 권선구,아파트,296,314,42250.0,29000.0,1939.0,1275.0,0.6864,0.6575
2025-04,41113,수원시 권선구,연립다세대,60,92,14800.0,10710.0,922.0,1034.0,0.7236,1.1219
2025-04,41115,수원시 팔달구,아파트,148,239,54350.0,30000.0,2615.0,1519.0,0.552,0.5809
2025-04,41115,수원시 팔달구,연립다세대,46,77,19950.0,12600.0,1603.0,1206.0,0.6316,0.7523
2025-04,41117,수원시 영통구,아파트,427,739,61300.0,33000.0,2652.0,1571.0,0.5383,0.5925
2025-04,41117,수원시 영통구,연립다세대,11,28,28500.0,15700.0,2019.0,1165.0,0.5509,0.5768
2025-04,41131,성남시 수정구,아파트,95,268,110000.0,54600.0,4717.0,2374.0,0.4964,0.5032
2025-04,41131,성남시 수정구,연립다세대,39,76,28000.0,14550.0,1667.0,1066.0,0.5196,0.6391
2025-04,41133,성남시 중원구,아파트,128,206,73000.0,40000.0,3823.0,1984.0,0.5479,0.519
2025-04,41133,성남시 중원구,연립다세대,54,117,25000.0,13000.0,1513.0,993.0,0.52,0.656
2025-04,41135,성남시 분당구,아파트,476,928,129750.0,55050.0,5295.0,2439.0,0.4243,0.4606
2025-04,41135,성남시 분당구,연립다세대,25,73,78000.0,42000.0,4136.0,1931.0,0.5385,0.4667
2025-04,41150,의정부시,아파트,423,432,31400.0,23000.0,1471.0,1128.0,0.7325,0.7674
2025-04,41150,의정부시,연립다세대,68,66,14700.0,9400.0,921.0,633.0,0.6395,0.6878
2025-04,41171,안양시 만안구,아파트,169,239,52500.0,37000.0,2605.0,1708.0,0.7048,0.6556
2025-04,41171,안양시 만안구,연립다세대,59,73,21500.0,13000.0,1418.0,1044.0,0.6047,0.7363
2025-04,41173,안양시 동안구,아파트,425,694,65000.0,36500.0,3291.0,1908.0,0.5615,0.5798
2025-04,41173,안양시 동안구,연립다세대,60,84,34000.0,14000.0,2859.0,1177.0,0.4118,0.4116
2025-04,41192,부천시 원미구,아파트,254,436,51550.0,28000.0,2435.0,1499.0,0.5432,0.6158
2025-04,41192,부천시 원미구,연립다세대,91,89,18800.0,12000.0,1365.0,855.0,0.6383,0.6265
2025-04,41194,부천시 소사구,아파트,139,259,50500.0,29400.0,2151.0,1378.0,0.5822,0.6409
2025-04,41194,부천시 소사구,연립다세대,57,49,16500.0,11300.0,1136.0,790.0,0.6848,0.6948
2025-04,41196,부천시 오정구,아파트,43,62,33854.0,23200.0,1636.0,1156.0,0.6853,0.7064
2025-04,41196,부천시 오정구,연립다세대,92,96,14250.0,9700.0,960.0,751.0,0.6807,0.7822
2025-04,41210,광명시,아파트,301,669,69000.0,35000.0,3310.0,1738.0,0.5072,0.525
2025-04,41210,광명시,연립다세대,51,66,29800.0,17000.0,1959.0,1253.0,0.5705,0.6395
2025-04,41220,평택시,아파트,620,662,30850.0,20000.0,1378.0,953.0,0.6483,0.6919
2025-04,41220,평택시,연립다세대,61,63,8600.0,7000.0,574.0,527.0,0.814,0.9184
2025-04,41250,동두천시,아파트,63,82,16800.0,13000.0,778.0,665.0,0.7738,0.8544
2025-04,41250,동두천시,연립다세대,37,7,6900.0,7500.0,457.0,421.0,1.087,0.9206
2025-04,41271,안산시 상록구,아파트,126,220,38650.0,23000.0,1803.0,1068.0,0.5951,0.5922
2025-04,41271,안산시 상록구,연립다세대,137,110,15000.0,13450.0,744.0,706.0,0.8967,0.9482
2025-04,41273,안산시 단원구,아파트,207,353,44900.0,27000.0,1953.0,1327.0,0.6013,0.6793
2025-04,41273,안산시 단원구,연립다세대,89,54,18686.0,10000.0,1151.0,664.0,0.5352,0.5769
2025-04,41281,고양시 덕양구,아파트,385,638,48000.0,32550.0,2062.0,1454.0,0.6781,0.7049
2025-04,41281,고양시 덕양구,연립다세대,92,79,16150.0,11000.0,1080.0,829.0,0.6811,0.7668
2025-04,41285,고양시 일산동구,아파트,172,319,51000.0,33000.0,1828.0,1363.0,0.6471,0.7453
2025-04,41285,고양시 일산동구,연립다세대,33,32,22800.0,21000.0,1143.0,1147.0,0.9211,1.0035
2025-04,41287,고양시 일산서구,아파트,260,500,36000.0,27000.0,1541.0,1236.0,0.75,0.8021
2025-04,41287,고양시 일산서구,연립다세대,19,18,24000.0,13550.0,1362.0,836.0,0.5646,0.6136
2025-04,41290,과천시,아파트,49,131,180000.0,85000.0,7724.0,3618.0,0.4722,0.4684
2025-04,41290,과천시,연립다세대,13,22,60000.0,47000.0,2934.0,2067.0,0.7833,0.7046
2025-04,41310,구리시,아파트,134,278,59250.0,38000.0,2942.0,1662.0,0.6414,0.5649
2025-04,41310,구리시,연립다세대,22,35,38000.0,15000.0,2008.0,1056.0,0.3947,0.5262
2025-04,41360,남양주시,아파트,564,1025,42300.0,30000.0,1734.0,1285.0,0.7092,0.7412
2025-04,41360,남양주시,연립다세대,103,129,13000.0,10300.0,787.0,731.0,0.7923,0.9286
2025-04,41370,오산시,아파트,229,213,32700.0,24500.0,1425.0,1050.0,0.7492,0.7373
2025-04,41370,오산시,연립다세대,16,24,7500.0,8000.0,693.0,789.0,1.0667,1.1388
2025-04,41390,시흥시,아파트,447,707,39250.0,26000.0,1786.0,1164.0,0.6624,0.6518
2025-04,41390,시흥시,연립다세대,70,63,11100.0,9000.0,930.0,615.0,0.8108,0.6613
2025-04,41410,군포시,아파트,208,378,43000.0,23750.0,2146.0,1391.0,0.5523,0.6482
2025-04,41410,군포시,연립다세대,44,49,18450.0,13800.0,1561.0,1097.0,0.748,0.7029
2025-04,41430,의왕시,아파트,166,347,63650.0,41000.0,2900.0,1836.0,0.6441,0.6332
2025-04,41430,의왕시,연립다세대,18,50,27750.0,14000.0,1416.0,1083.0,0.5045,0.7647
2025-04,41450,하남시,아파트,234,598,89350.0,54000.0,3925.0,2178.0,0.6044,0.555
2025-04,41450,하남시,연립다세대,15,21,30000.0,26200.0,1936.0,1485.0,0.8733,0.7672
2025-04,41461,용인시 처인구,아파트,168,289,30600.0,24150.0,1449.0,1035.0,0.7892,0.7142
2025-04,41461,용인시 처인구,연립다세대,105,101,10000.0,11000.0,789.0,681.0,1.1,0.8636
2025-04,41463,용인시 기흥구,아파트,402,625,52000.0,35000.0,2059.0,1389.0,0.6731,0.6747
2025-04,41463,용인시 기흥구,연립다세대,23,78,20000.0,17300.0,1183.0,1169.0,0.865,0.9878
2025-04,41465,용인시 수지구,아파트,627,720,77000.0,47000.0,2968.0,1838.0,0.6104,0.6194
2025-04,41465,용인시 수지구,연립다세대,15,28,20000.0,24000.0,1589.0,1472.0,1.2,0.9263
2025-04,41480,파주시,아파트,373,503,34900.0,26000.0,1343.0,1040.0,0.745,0.7741
2025-04,41480,파주시,연립다세대,83,48,18000.0,13000.0,942.0,807.0,0.7222,0.8573
2025-04,41500,이천시,아파트,133,175,23000.0,20000.0,1004.0,904.0,0.8696,0.9004
2025-04,41500,이천시,연립다세대,35,18,7500.0,9500.0,456.0,634.0,1.2667,1.3904
2025-04,41550,안성시,아파트,195,179,14500.0,16000.0,817.0,738.0,1.1034,0.9029
2025-04,41550,안성시,연립다세대,13,4,8000.0,6250.0,448.0,468.0,0.7813,1.0444
2025-04,41570,김포시,아파트,387,640,43300.0,29500.0,1783.0,1203.0,0.6813,0.6746
2025-04,41570,김포시,연립다세대,39,38,13500.0,37000.0,824.0,1440.0,2.7407,1.7478
2025-04,41591,화성시 만세구,아파트,114,372,38500.0,20000.0,1549.0,826.0,0.5195,0.5335
2025-04,41591,화성시 만세구,연립다세대,58,11,8250.0,12000.0,509.0,736.0,1.4545,1.444
2025-04,41593,화성시 효행구,아파트,130,118,34900.0,25000.0,1388.0,1045.0,0.7163,0.7529
2025-04,41593,화성시 효행구,연립다세대,13,9,13000.0,10000.0,863.0,715.0,0.7692,0.8278
2025-04,41595,화성시 병점구,아파트,168,291,37900.0,27300.0,1530.0,1167.0,0.7203,0.7626
2025-04,41595,화성시 병점구,연립다세대,8,31,7600.0,13500.0,528.0,1318.0,1.7763,2.4942
2025-04,41597,화성시 동탄구,아파트,420,683,63850.0,35000.0,2721.0,1480.0,0.5482,0.5439
2025-04,41597,화성시 동탄구,연립다세대,5,12,66000.0,45000.0,2576.0,1767.0,0.6818,0.686
2025-04,41610,광주시,아파트,215,259,43000.0,30000.0,1731.0,1172.0,0.6977,0.6769
2025-04,41610,광주시,연립다세대,175,154,18300.0,14000.0,1010.0,777.0,0.765,0.7694
2025-04,41630,양주시,아파트,207,371,26500.0,18900.0,1148.0,828.0,0.7132,0.721
2025-04,41630,양주시,연립다세대,29,13,8300.0,6500.0,538.0,438.0,0.7831,0.8136
2025-04,41650,포천시,아파트,64,62,16700.0,15625.0,826.0,784.0,0.9356,0.9487
2025-04,41650,포천시,연립다세대,40,16,9650.0,5000.0,519.0,335.0,0.5181,0.6455
2025-04,41670,여주시,아파트,80,55,17650.0,21000.0,804.0,858.0,1.1898,1.0668
2025-04,41670,여주시,연립다세대,18,6,11360.0,6700.0,459.0,461.0,0.5898,1.0035
2025-04,41800,연천군,아파트,7,26,11000.0,17500.0,617.0,725.0,1.5909,1.1759
2025-04,41800,연천군,연립다세대,2,5,6400.0,9000.0,421.0,435.0,1.4063,1.0338
2025-04,41820,가평군,아파트,19,14,18800.0,18000.0,806.0,875.0,0.9574,1.0857
2025-04,41820,가평군,연립다세대,21,13,8700.0,8000.0,466.0,456.0,0.9195,0.9775
2025-04,41830,양평군,아파트,51,59,28500.0,26000.0,1325.0,1131.0,0.9123,0.8539
2025-04,41830,양평군,연립다세대,23,25,12500.0,12000.0,607.0,622.0,0.96,1.0258
2025-05,11110,종로구,아파트,56,92,118000.0,66413.0,4623.0,2915.0,0.5628,0.6307
2025-05,11110,종로구,연립다세대,41,65,39000.0,25000.0,2356.0,1482.0,0.641,0.629
2025-05,11140,중구,아파트,114,172,118500.0,58000.0,5365.0,2891.0,0.4895,0.5389
2025-05,11140,중구,연립다세대,25,62,32500.0,24000.0,3130.0,2259.0,0.7385,0.7218
2025-05,11170,용산구,아파트,83,340,177000.0,69150.0,7275.0,2936.0,0.3907,0.4035
2025-05,11170,용산구,연립다세대,111,277,68000.0,25000.0,5805.0,2469.0,0.3676,0.4254
2025-05,11200,성동구,아파트,504,596,148000.0,65000.0,6549.0,2914.0,0.4392,0.4449
2025-05,11200,성동구,연립다세대,60,90,49900.0,24750.0,5651.0,2385.0,0.496,0.4221
2025-05,11215,광진구,아파트,225,280,138000.0,65000.0,5826.0,2804.0,0.471,0.4814
2025-05,11215,광진구,연립다세대,173,296,40500.0,25825.0,3237.0,2493.0,0.6377,0.7701
2025-05,11230,동대문구,아파트,331,518,85500.0,50000.0,3857.0,2367.0,0.5848,0.6137
2025-05,11230,동대문구,연립다세대,51,112,37000.0,24000.0,2986.0,2308.0,0.6486,0.7729
2025-05,11260,중랑구,아파트,171,266,60000.0,39500.0,2907.0,1878.0,0.6583,0.6462
2025-05,11260,중랑구,연립다세대,118,207,31000.0,22000.0,2695.0,2030.0,0.7097,0.7533
2025-05,11290,성북구,아파트,423,524,80000.0,48400.0,3639.0,2140.0,0.605,0.588
2025-05,11290,성북구,연립다세대,95,173,34000.0,21000.0,2273.0,1511.0,0.6176,0.6646
2025-05,11305,강북구,아파트,118,150,58700.0,38000.0,2857.0,1673.0,0.6474,0.5856
2025-05,11305,강북구,연립다세대,116,81,21000.0,15000.0,1733.0,1048.0,0.7143,0.6046
2025-05,11320,도봉구,아파트,149,286,50000.0,29200.0,2390.0,1440.0,0.584,0.6025
2025-05,11320,도봉구,연립다세대,92,93,20000.0,15000.0,1373.0,1027.0,0.75,0.7481
2025-05,11350,노원구,아파트,521,930,57800.0,27000.0,3230.0,1569.0,0.4671,0.4856
2025-05,11350,노원구,연립다세대,42,51,24550.0,11000.0,1538.0,897.0,0.4481,0.5834
2025-05,11380,은평구,아파트,237,400,78000.0,46000.0,3754.0,2104.0,0.5897,0.5604
2025-05,11380,은평구,연립다세대,269,289,27700.0,19000.0,2061.0,1482.0,0.6859,0.7191
2025-05,11410,서대문구,아파트,323,384,95700.0,53000.0,4651.0,2409.0,0.5538,0.5179
2025-05,11410,서대문구,연립다세대,75,125,35000.0,19000.0,2343.0,1212.0,0.5429,0.5174
2025-05,11440,마포구,아파트,438,580,149100.0,63000.0,6350.0,2808.0,0.4225,0.4421
2025-05,11440,마포구,연립다세대,128,360,43050.0,24400.0,3623.0,2256.0,0.5668,0.6227
2025-05,11470,양천구,아파트,368,630,128000.0,52500.0,5036.0,2387.0,0.4102,0.474
2025-05,11470,양천구,연립다세대,200,215,26725.0,19000.0,2520.0,1560.0,0.7109,0.6192
2025-05,11500,강서구,아파트,480,729,72000.0,44000.0,4250.0,2087.0,0.6111,0.4911
2025-05,11500,강서구,연립다세대,304,291,25000.0,18000.0,1892.0,1403.0,0.72,0.7414
2025-05,11530,구로구,아파트,486,433,50000.0,38850.0,3764.0,1801.0,0.777,0.4785
2025-05,11530,구로구,연립다세대,85,125,28000.0,16300.0,2066.0,1163.0,0.5821,0.5628
2025-05,11545,금천구,아파트,71,129,54300.0,37000.0,2476.0,1950.0,0.6814,0.7875
2025-05,11545,금천구,연립다세대,89,110,25000.0,20000.0,2202.0,1948.0,0.8,0.8846
2025-05,11560,영등포구,아파트,483,525,110400.0,51900.0,4998.0,2448.0,0.4701,0.4898
2025-05,11560,영등포구,연립다세대,75,133,34345.0,23000.0,4014.0,2653.0,0.6697,0.6608
2025-05,11590,동작구,아파트,485,543,124000.0,62000.0,5139.0,2615.0,0.5,0.5088
2025-05,11590,동작구,연립다세대,216,214,42000.0,24000.0,3240.0,1970.0,0.5714,0.6081
2025-05,11620,관악구,아파트,211,286,82700.0,46100.0,3545.0,2178.0,0.5574,0.6144
2025-05,11620,관악구,연립다세대,173,142,26000.0,21200.0,1957.0,1857.0,0.8154,0.9492
2025-05,11650,서초구,아파트,154,867,242000.0,90000.0,8375.0,3595.0,0.3719,0.4293
2025-05,11650,서초구,연립다세대,116,303,65750.0,30398.0,4612.0,2567.0,0.4623,0.5566
2025-05,11680,강남구,아파트,256,1091,266250.0,78750.0,10530.0,3231.0,0.2958,0.3068
2025-05,11680,강남구,연립다세대,99,255,40000.0,30000.0,4553.0,2617.0,0.75,0.5747
2025-05,11710,송파구,아파트,385,1091,175000.0,67500.0,6603.0,2735.0,0.3857,0.4142
2025-05,11710,송파구,연립다세대,177,504,39050.0,24500.0,3061.0,1867.0,0.6274,0.6099
2025-05,11740,강동구,아파트,505,786,130000.0,50000.0,5644.0,2275.0,0.3846,0.4031
2025-05,11740,강동구,연립다세대,127,257,37800.0,24000.0,2968.0,2216.0,0.6349,0.7464
2025-05,41111,수원시 장안구,아파트,229,294,44500.0,28000.0,2087.0,1449.0,0.6292,0.6945
2025-05,41111,수원시 장안구,연립다세대,92,62,15150.0,11000.0,1369.0,949.0,0.7261,0.693
2025-05,41113,수원시 권선구,아파트,284,350,42800.0,29000.0,1920.0,1308.0,0.6776,0.6814
2025-05,41113,수원시 권선구,연립다세대,93,109,16250.0,10500.0,948.0,1031.0,0.6462,1.0882
2025-05,41115,수원시 팔달구,아파트,158,273,57650.0,30000.0,2718.0,1574.0,0.5204,0.579
2025-05,41115,수원시 팔달구,연립다세대,45,126,21500.0,13000.0,1425.0,1320.0,0.6047,0.9266
2025-05,41117,수원시 영통구,아파트,554,701,63725.0,33600.0,2670.0,1598.0,0.5273,0.5985
2025-05,41117,수원시 영통구,연립다세대,12,30,37650.0,18500.0,2074.0,1067.0,0.4914,0.5146
2025-05,41131,성남시 수정구,아파트,124,374,115000.0,57750.0,5026.0,2107.0,0.5022,0.4193
2025-05,41131,성남시 수정구,연립다세대,52,59,23485.0,15000.0,1605.0,1062.0,0.6387,0.6617
2025-05,41133,성남시 중원구,아파트,188,236,75250.0,40000.0,3749.0,2045.0,0.5316,0.5454
2025-05,41133,성남시 중원구,연립다세대,61,123,21500.0,14000.0,1512.0,1049.0,0.6512,0.6942
2025-05,41135,성남시 분당구,아파트,781,1049,135000.0,57000.0,5478.0,2451.0,0.4222,0.4475
2025-05,41135,성남시 분당구,연립다세대,23,61,78000.0,35000.0,4071.0,1709.0,0.4487,0.4198
2025-05,41150,의정부시,아파트,449,454,30000.0,24000.0,1444.0,1103.0,0.8,0.764
2025-05,41150,의정부시,연립다세대,53,67,16300.0,9100.0,1073.0,622.0,0.5583,0.5796
2025-05,41171,안양시 만안구,아파트,186,193,56350.0,34000.0,2793.0,1655.0,0.6034,0.5925
2025-05,41171,안양시 만안구,연립다세대,66,73,21600.0,12000.0,1450.0,947.0,0.5556,0.6532
2025-05,41173,안양시 동안구,아파트,620,740,68000.0,37400.0,3419.0,1870.0,0.55,0.5468
2025-05,41173,안양시 동안구,연립다세대,68,63,35250.0,15000.0,2878.0,1184.0,0.4255,0.4113
2025-05,41192,부천시 원미구,아파트,255,413,53900.0,30000.0,2465.0,1537.0,0.5566,0.6237
2025-05,41192,부천시 원미구,연립다세대,127,70,16000.0,11000.0,1075.0,822.0,0.6875,0.7643
2025-05,41194,부천시 소사구,아파트,165,310,50000.0,29450.0,2116.0,1621.0,0.589,0.766
2025-05,41194,부천시 소사구,연립다세대,69,46,17000.0,9650.0,1118.0,746.0,0.5676,0.6672
2025-05,41196,부천시 오정구,아파트,50,64,24300.0,23000.0,1461.0,1095.0,0.9465,0.7496
2025-05,41196,부천시 오정구,연립다세대,74,78,13400.0,9900.0,993.0,775.0,0.7388,0.7805
2025-05,41210,광명시,아파트,389,682,69000.0,35000.0,3413.0,1695.0,0.5072,0.4966
2025-05,41210,광명시,연립다세대,59,60,29800.0,17000.0,1881.0,1192.0,0.5705,0.6339
2025-05,41220,평택시,아파트,597,669,27800.0,20000.0,1268.0,941.0,0.7194,0.7424
2025-05,41220,평택시,연립다세대,43,61,13500.0,7500.0,699.0,526.0,0.5556,0.7532
2025-05,41250,동두천시,아파트,86,164,14950.0,15000.0,696.0,828.0,1.0033,1.1893
2025-05,41250,동두천시,연립다세대,18,17,8000.0,6000.0,473.0,562.0,0.75,1.1897
2025-05,41271,안산시 상록구,아파트,136,234,35300.0,22000.0,1733.0,1054.0,0.6232,0.6082
2025-05,41271,안산시 상록구,연립다세대,146,99,15350.0,10000.0,785.0,651.0,0.6515,0.8292
2025-05,41273,안산시 단원구,아파트,218,396,45000.0,26888.0,1984.0,1246.0,0.5975,0.6279
2025-05,41273,안산시 단원구,연립다세대,55,42,17500.0,10000.0,886.0,663.0,0.5714,0.7479
2025-05,41281,고양시 덕양구,아파트,333,591,52000.0,33600.0,2190.0,1521.0,0.6462,0.6945
2025-05,41281,고양시 덕양구,연립다세대,89,80,12500.0,9580.0,923.0,752.0,0.7664,0.8151
2025-05,41285,고양시 일산동구,아파트,168,316,44500.0,33800.0,1887.0,1363.0,0.7596,0.7221
2025-05,41285,고양시 일산동구,연립다세대,21,42,24000.0,23450.0,1653.0,1130.0,0.9771,0.6836
2025-05,41287,고양시 일산서구,아파트,277,496,40000.0,28350.0,1720.0,1232.0,0.7087,0.7163
2025-05,41287,고양시 일산서구,연립다세대,20,19,19000.0,17900.0,1133.0,940.0,0.9421,0.8293
2025-05,41290,과천시,아파트,111,198,198000.0,85000.0,8421.0,3506.0,0.4293,0.4164
2025-05,41290,과천시,연립다세대,19,41,80000.0,40900.0,5252.0,2212.0,0.5112,0.4211
2025-05,41310,구리시,아파트,186,260,62000.0,36600.0,2946.0,1755.0,0.5903,0.5955
2025-05,41310,구리시,연립다세대,16,43,28500.0,19000.0,2031.0,1261.0,0.6667,0.6209
2025-05,41360,남양주시,아파트,596,1124,42000.0,29400.0,1747.0,1236.0,0.7,0.7077
2025-05,41360,남양주시,연립다세대,83,123,14000.0,10000.0,835.0,618.0,0.7143,0.7403
2025-05,41370,오산시,아파트,254,209,32500.0,24500.0,1364.0,1047.0,0.7538,0.7678
2025-05,41370,오산시,연립다세대,17,31,8500.0,10000.0,673.0,870.0,1.1765,1.2929
2025-05,41390,시흥시,아파트,480,686,34000.0,26550.0,1658.0,1167.0,0.7809,0.7039
2025-05,41390,시흥시,연립다세대,59,55,11000.0,7000.0,757.0,598.0,0.6364,0.7896
2025-05,41410,군포시,아파트,218,366,43850.0,25000.0,2133.0,1372.0,0.5701,0.6434
2025-05,41410,군포시,연립다세대,24,79,22750.0,12000.0,1675.0,952.0,0.5275,0.5686
2025-05,41430,의왕시,아파트,212,406,67750.0,42000.0,2918.0,1986.0,0.6199,0.6805
2025-05,41430,의왕시,연립다세대,22,50,27400.0,13000.0,1838.0,1130.0,0.4745,0.615
2025-05,41450,하남시,아파트,355,683,91000.0,52500.0,3948.0,2153.0,0.5769,0.5455
2025-05,41450,하남시,연립다세대,14,26,46000.0,22300.0,2721.0,1501.0,0.4848,0.5516
2025-05,41461,용인시 처인구,아파트,186,279,33000.0,24000.0,1402.0,1056.0,0.7273,0.7531
2025-05,41461,용인시 처인구,연립다세대,123,61,11700.0,9500.0,927.0,664.0,0.812,0.7162
2025-05,41463,용인시 기흥구,아파트,445,653,55000.0,35170.0,2102.0,1384.0,0.6395,0.6581
2025-05,41463,용인시 기흥구,연립다세대,33,73,22400.0,15650.0,1415.0,1213.0,0.6987,0.8573
2025-05,41465,용인시 수지구,아파트,779,768,78000.0,48000.0,3038.0,1893.0,0.6154,0.623
2025-05,41465,용인시 수지구,연립다세대,15,20,37500.0,25550.0,1921.0,1586.0,0.6813,0.8256
2025-05,41480,파주시,아파트,354,515,36950.0,26000.0,1409.0,1023.0,0.7037,0.7259
2025-05,41480,파주시,연립다세대,59,45,17500.0,14100.0,979.0,880.0,0.8057,0.899
2025-05,41500,이천시,아파트,108,154,18800.0,17750.0,984.0,835.0,0.9441,0.8494
2025-05,41500,이천시,연립다세대,46,28,7750.0,7600.0,660.0,583.0,0.9806,0.8829
2025-05,41550,안성시,아파트,229,182,15200.0,13400.0,793.0,723.0,0.8816,0.9119
2025-05,41550,안성시,연립다세대,12,6,11400.0,4850.0,651.0,583.0,0.4254,0.8953
2025-05,41570,김포시,아파트,408,625,44800.0,29000.0,1782.0,1206.0,0.6473,0.6769
2025-05,41570,김포시,연립다세대,33,42,14900.0,16050.0,1085.0,1013.0,1.0772,0.9337
2025-05,41591,화성시 만세구,아파트,107,314,37000.0,20820.0,1481.0,826.0,0.5627,0.558
2025-05,41591,화성시 만세구,연립다세대,43,7,6800.0,12000.0,455.0,712.0,1.7647,1.5648
2025-05,41593,화성시 효행구,아파트,156,170,34700.0,21500.0,1371.0,1048.0,0.6196,0.7646
2025-05,41593,화성시 효행구,연립다세대,21,12,8647.0,7650.0,1040.0,568.0,0.8847,0.5458
2025-05,41595,화성시 병점구,아파트,182,277,37500.0,28000.0,1615.0,1136.0,0.7467,0.7035
2025-05,41595,화성시 병점구,연립다세대,12,165,10475.0,12000.0,617.0,1471.0,1.1456,2.3841
2025-05,41597,화성시 동탄구,아파트,503,719,63500.0,35000.0,2789.0,1521.0,0.5512,0.5453
2025-05,41597,화성시 동탄구,연립다세대,7,5,76000.0,57000.0,2962.0,1950.0,0.75,0.6583
2025-05,41610,광주시,아파트,231,228,40000.0,32000.0,1588.0,1322.0,0.8,0.8328
2025-05,41610,광주시,연립다세대,211,154,18500.0,13500.0,1031.0,806.0,0.7297,0.7818
2025-05,41630,양주시,아파트,242,350,28500.0,18875.0,1245.0,823.0,0.6623,0.6611
2025-05,41630,양주시,연립다세대,19,15,8500.0,7000.0,582.0,341.0,0.8235,0.5851
2025-05,41650,포천시,아파트,63,44,18800.0,14500.0,897.0,772.0,0.7713,0.861
2025-05,41650,포천시,연립다세대,41,17,8500.0,6500.0,445.0,382.0,0.7647,0.8567
2025-05,41670,여주시,아파트,64,69,18950.0,19950.0,795.0,868.0,1.0528,1.0916
2025-05,41670,여주시,연립다세대,13,16,7700.0,7630.0,393.0,634.0,0.9909,1.6138
2025-05,41800,연천군,아파트,8,16,18250.0,11750.0,803.0,664.0,0.6438,0.8267
2025-05,41800,연천군,연립다세대,8,2,7650.0,5630.0,440.0,391.0,0.7359,0.8869
2025-05,41820,가평군,아파트,14,14,16100.0,20000.0,808.0,965.0,1.2422,1.1954
2025-05,41820,가평군,연립다세대,13,11,7300.0,8000.0,382.0,579.0,1.0959,1.5133
2025-05,41830,양평군,아파트,47,57,32500.0,27000.0,1344.0,1168.0,0.8308,0.8689
2025-05,41830,양평군,연립다세대,14,18,19250.0,12350.0,836.0,688.0,0.6416,0.8219
2025-06,11110,종로구,아파트,94,103,124950.0,65000.0,4810.0,2924.0,0.5202,0.6079
2025-06,11110,종로구,연립다세대,57,65,41500.0,27000.0,2363.0,1563.0,0.6506,0.6613
2025-06,11140,중구,아파트,186,207,119350.0,60000.0,4980.0,2866.0,0.5027,0.5756
2025-06,11140,중구,연립다세대,36,72,42000.0,23250.0,3090.0,2730.0,0.5536,0.8836
2025-06,11170,용산구,아파트,143,278,175000.0,68000.0,7004.0,2776.0,0.3886,0.3963
2025-06,11170,용산구,연립다세대,168,280,60000.0,25000.0,6088.0,2795.0,0.4167,0.4591
2025-06,11200,성동구,아파트,765,668,155000.0,69000.0,6507.0,2894.0,0.4452,0.4447
2025-06,11200,성동구,연립다세대,88,112,52250.0,25000.0,5937.0,2531.0,0.4785,0.4264
2025-06,11215,광진구,아파트,324,347,139000.0,70000.0,5841.0,2971.0,0.5036,0.5087
2025-06,11215,광진구,연립다세대,226,333,46250.0,25000.0,3693.0,2345.0,0.5405,0.6349
2025-06,11230,동대문구,아파트,508,529,89000.0,52500.0,3997.0,2392.0,0.5899,0.5985
2025-06,11230,동대문구,연립다세대,83,106,33500.0,23000.0,3203.0,2242.0,0.6866,0.7
2025-06,11260,중랑구,아파트,267,284,63000.0,43000.0,3087.0,1945.0,0.6825,0.6302
2025-06,11260,중랑구,연립다세대,171,200,34500.0,22000.0,2819.0,2000.0,0.6377,0.7095
2025-06,11290,성북구,아파트,599,497,86500.0,48000.0,3829.0,2234.0,0.5549,0.5834
2025-06,11290,성북구,연립다세대,151,181,33000.0,20000.0,2505.0,1928.0,0.6061,0.7694
2025-06,11305,강북구,아파트,161,131,64000.0,39500.0,3147.0,1675.0,0.6172,0.5322
2025-06,11305,강북구,연립다세대,136,79,28000.0,15800.0,1956.0,1017.0,0.5643,0.5201
2025-06,11320,도봉구,아파트,280,338,54500.0,30000.0,2759.0,1478.0,0.5505,0.5357
2025-06,11320,도봉구,연립다세대,90,78,21250.0,14000.0,1491.0,923.0,0.6588,0.619
2025-06,11350,노원구,아파트,802,957,59700.0,27000.0,3258.0,1599.0,0.4523,0.4906
2025-06,11350,노원구,연립다세대,48,60,26850.0,13000.0,1828.0,1196.0,0.4842,0.6543
2025-06,11380,은평구,아파트,384,469,83500.0,47200.0,4222.0,2153.0,0.5653,0.5101
2025-06,11380,은평구,연립다세대,299,267,28500.0,18740.0,2307.0,1342.0,0.6575,0.5815
2025-06,11410,서대문구,아파트,501,374,105000.0,55000.0,4670.0,2432.0,0.5238,0.5207
2025-06,11410,서대문구,연립다세대,97,104,37500.0,20000.0,2348.0,1175.0,0.5333,0.5004
2025-06,11440,마포구,아파트,666,565,150000.0,66150.0,6399.0,3022.0,0.441,0.4723
2025-06,11440,마포구,연립다세대,197,323,46800.0,24000.0,3966.0,2401.0,0.5128,0.6055
2025-06,11470,양천구,아파트,524,780,135000.0,50000.0,5040.0,2344.0,0.3704,0.465
2025-06,11470,양천구,연립다세대,238,234,26950.0,19000.0,2211.0,1357.0,0.705,0.6141
2025-06,11500,강서구,아파트,560,695,87000.0,44000.0,4175.0,2194.0,0.5057,0.5255
2025-06,11500,강서구,연립다세대,238,251,24485.0,18100.0,1942.0,1391.0,0.7392,0.7162
2025-06,11530,구로구,아파트,448,364,71500.0,39900.0,3276.0,1869.0,0.558,0.5707
2025-06,11530,구로구,연립다세대,92,105,25000.0,16250.0,1838.0,1122.0,0.65,0.6107
2025-06,11545,금천구,아파트,128,154,57500.0,38250.0,2740.0,1671.0,0.6652,0.6098
2025-06,11545,금천구,연립다세대,97,90,27700.0,20000.0,2306.0,2047.0,0.722,0.8878
2025-06,11560,영등포구,아파트,677,609,120000.0,52500.0,5102.0,2522.0,0.4375,0.4943
2025-06,11560,영등포구,연립다세대,104,152,34450.0,22640.0,3143.0,2826.0,0.6572,0.8993
2025-06,11590,동작구,아파트,608,616,133000.0,65000.0,5278.0,2683.0,0.4887,0.5084
2025-06,11590,동작구,연립다세대,269,195,40000.0,24000.0,3087.0,1840.0,0.6,0.5962
2025-06,11620,관악구,아파트,295,293,81600.0,48000.0,3530.0,2217.0,0.5882,0.6281
2025-06,11620,관악구,연립다세대,136,108,29600.0,19000.0,1879.0,1450.0,0.6419,0.772
2025-06,11650,서초구,아파트,324,1006,258250.0,93425.0,8583.0,3986.0,0.3618,0.4645
2025-06,11650,서초구,연립다세대,158,311,60000.0,31400.0,5011.0,2641.0,0.5233,0.5271
2025-06,11680,강남구,아파트,523,992,289000.0,83175.0,10809.0,3400.0,0.2878,0.3146
2025-06,11680,강남구,연립다세대,113,239,58705.0,31500.0,5182.0,2405.0,0.5366,0.4641
2025-06,11710,송파구,아파트,631,946,169000.0,70000.0,6705.0,2910.0,0.4142,0.434
2025-06,11710,송파구,연립다세대,283,469,40400.0,24000.0,3185.0,1882.0,0.5941,0.5908
2025-06,11740,강동구,아파트,871,839,133000.0,50400.0,5354.0,2408.0,0.3789,0.4497
2025-06,11740,강동구,연립다세대,184,234,41175.0,23277.0,3451.0,2111.0,0.5653,0.6119
2025-06,41111,수원시 장안구,아파트,335,272,48500.0,30000.0,2151.0,1476.0,0.6186,0.6863
2025-06,41111,수원시 장안구,연립다세대,45,63,14200.0,7700.0,973.0,693.0,0.5423,0.7121
2025-06,41113,수원시 권선구,아파트,441,375,43000.0,29000.0,1992.0,1322.0,0.6744,0.6639
2025-06,41113,수원시 권선구,연립다세대,111,93,13000.0,11000.0,1127.0,991.0,0.8462,0.8796
2025-06,41115,수원시 팔달구,아파트,254,298,59500.0,30000.0,2966.0,1543.0,0.5042,0.5203
2025-06,41115,수원시 팔달구,연립다세대,45,88,17200.0,12250.0,1176.0,1122.0,0.7122,0.9543
2025-06,41117,수원시 영통구,아파트,773,732,69000.0,32750.0,2775.0,1653.0,0.4746,0.5957
2025-06,41117,수원시 영통구,연립다세대,15,27,33000.0,15000.0,2361.0,1265.0,0.4545,0.5357
2025-06,41131,성남시 수정구,아파트,260,329,117000.0,59000.0,5146.0,2337.0,0.5043,0.4541
2025-06,41131,성남시 수정구,연립다세대,50,61,23750.0,14000.0,1667.0,1025.0,0.5895,0.6149
2025-06,41133,성남시 중원구,아파트,236,199,81000.0,45000.0,4097.0,2101.0,0.5556,0.5127
2025-06,41133,성남시 중원구,연립다세대,66,107,24000.0,14000.0,1476.0,989.0,0.5833,0.6701
2025-06,41135,성남시 분당구,아파트,1274,1066,136500.0,60000.0,5509.0,2529.0,0.4396,0.459
2025-06,41135,성남시 분당구,연립다세대,51,83,86000.0,40000.0,3831.0,1951.0,0.4651,0.5093
2025-06,41150,의정부시,아파트,517,475,33000.0,24000.0,1517.0,1128.0,0.7273,0.7436
2025-06,41150,의정부시,연립다세대,69,49,18300.0,9480.0,1087.0,632.0,0.518,0.5817
2025-06,41171,안양시 만안구,아파트,253,186,58800.0,32500.0,2860.0,1684.0,0.5527,0.5889
2025-06,41171,안양시 만안구,연립다세대,69,77,21500.0,13000.0,1517.0,1095.0,0.6047,0.7218
2025-06,41173,안양시 동안구,아파트,818,684,69500.0,37900.0,3410.0,1929.0,0.5453,0.5658
2025-06,41173,안양시 동안구,연립다세대,77,72,37000.0,15000.0,2726.0,1224.0,0.4054,0.449
2025-06,41192,부천시 원미구,아파트,357,443,53000.0,31000.0,2425.0,1517.0,0.5849,0.6255
2025-06,41192,부천시 원미구,연립다세대,101,59,17300.0,12000.0,1144.0,845.0,0.6936,0.7386
2025-06,41194,부천시 소사구,아파트,188,198,52700.0,36000.0,2315.0,1564.0,0.6831,0.6756
2025-06,41194,부천시 소사구,연립다세대,53,41,15550.0,11000.0,1118.0,804.0,0.7074,0.719
2025-06,41196,부천시 오정구,아파트,65,75,38000.0,23100.0,1798.0,1167.0,0.6079,0.6493
2025-06,41196,부천시 오정구,연립다세대,81,84,14500.0,9425.0,1022.0,717.0,0.65,0.701
2025-06,41210,광명시,아파트,627,632,70000.0,36000.0,3461.0,1741.0,0.5143,0.5029
2025-06,41210,광명시,연립다세대,72,43,33250.0,20000.0,2236.0,1317.0,0.6015,0.5893
2025-06,41220,평택시,아파트,620,628,30950.0,20000.0,1317.0,910.0,0.6462,0.6912
2025-06,41220,평택시,연립다세대,65,46,12600.0,6550.0,695.0,472.0,0.5198,0.68
2025-06,41250,동두천시,아파트,88,97,15700.0,13000.0,869.0,722.0,0.828,0.8305
2025-06,41250,동두천시,연립다세대,22,8,6200.0,6500.0,375.0,479.0,1.0484,1.2774
2025-06,41271,안산시 상록구,아파트,172,218,39150.0,23000.0,1805.0,1074.0,0.5875,0.595
2025-06,41271,안산시 상록구,연립다세대,172,74,15000.0,8000.0,753.0,588.0,0.5333,0.7806
2025-06,41273,안산시 단원구,아파트,275,386,44000.0,29400.0,1951.0,1358.0,0.6682,0.6964
2025-06,41273,안산시 단원구,연립다세대,77,66,18560.0,9000.0,1179.0,628.0,0.4849,0.533
2025-06,41281,고양시 덕양구,아파트,536,590,57500.0,35000.0,2314.0,1530.0,0.6087,0.6614
2025-06,41281,고양시 덕양구,연립다세대,95,68,20200.0,17000.0,1394.0,977.0,0.8416,0.7008
2025-06,41285,고양시 일산동구,아파트,221,318,54000.0,35000.0,1966.0,1396.0,0.6481,0.7101
2025-06,41285,고양시 일산동구,연립다세대,45,21,26500.0,27000.0,1607.0,1267.0,1.0189,0.7883
2025-06,41287,고양시 일산서구,아파트,310,534,39000.0,29000.0,1670.0,1231.0,0.7436,0.7374
2025-06,41287,고양시 일산서구,연립다세대,14,17,20950.0,18000.0,1308.0,915.0,0.8592,0.6997
2025-06,41290,과천시,아파트,111,155,210000.0,85000.0,8714.0,3552.0,0.4048,0.4076
2025-06,41290,과천시,연립다세대,21,36,75000.0,37375.0,4019.0,2536.0,0.4983,0.631
2025-06,41310,구리시,아파트,236,231,61250.0,35700.0,3025.0,1759.0,0.5829,0.5815
2025-06,41310,구리시,연립다세대,45,43,33000.0,18000.0,2313.0,1143.0,0.5455,0.4943
2025-06,41360,남양주시,아파트,814,970,45000.0,32000.0,1829.0,1323.0,0.7111,0.7231
2025-06,41360,남양주시,연립다세대,121,96,13900.0,9440.0,868.0,601.0,0.6791,0.6925
2025-06,41370,오산시,아파트,306,186,32950.0,25000.0,1383.0,1102.0,0.7587,0.7968
2025-06,41370,오산시,연립다세대,25,24,9500.0,7500.0,715.0,1045.0,0.7895,1.4625
2025-06,41390,시흥시,아파트,572,556,41000.0,25500.0,1890.0,1167.0,0.622,0.6175
2025-06,41390,시흥시,연립다세대,111,54,8100.0,7900.0,853.0,588.0,0.9753,0.6896
2025-06,41410,군포시,아파트,334,387,42800.0,25000.0,2169.0,1408.0,0.5841,0.649
2025-06,41410,군포시,연립다세대,43,59,24700.0,13000.0,1614.0,1043.0,0.5263,0.6467
2025-06,41430,의왕시,아파트,303,592,71500.0,38400.0,3134.0,2204.0,0.5371,0.7034
2025-06,41430,의왕시,연립다세대,28,32,30650.0,17350.0,2054.0,1351.0,0.5661,0.6576
2025-06,41450,하남시,아파트,663,692,97500.0,53750.0,4097.0,2219.0,0.5513,0.5417
2025-06,41450,하남시,연립다세대,27,18,46000.0,22525.0,2333.0,1443.0,0.4897,0.6186
2025-06,41461,용인시 처인구,아파트,207,212,35000.0,25000.0,1629.0,1054.0,0.7143,0.6469
2025-06,41461,용인시 처인구,연립다세대,92,94,13350.0,8000.0,765.0,645.0,0.5993,0.8429
2025-06,41463,용인시 기흥구,아파트,626,656,54500.0,36000.0,2092.0,1431.0,0.6606,0.6839
2025-06,41463,용인시 기흥구,연립다세대,25,53,25000.0,14300.0,1444.0,1100.0,0.572,0.7618
2025-06,41465,용인시 수지구,아파트,1071,825,78000.0,49000.0,3045.0,1879.0,0.6282,0.6171
2025-06,41465,용인시 수지구,연립다세대,24,37,37500.0,25000.0,1812.0,1614.0,0.6667,0.8908
2025-06,41480,파주시,아파트,421,474,38500.0,28000.0,1441.0,1129.0,0.7273,0.7832
2025-06,41480,파주시,연립다세대,100,44,16325.0,13730.0,1037.0,821.0,0.841,0.7915
2025-06,41500,이천시,아파트,138,126,21000.0,20500.0,990.0,921.0,0.9762,0.9296
2025-06,41500,이천시,연립다세대,37,24,9000.0,9650.0,509.0,569.0,1.0722,1.1175
2025-06,41550,안성시,아파트,204,193,16300.0,16500.0,871.0,717.0,1.0123,0.8234
2025-06,41550,안성시,연립다세대,10,8,6750.0,5750.0,330.0,494.0,0.8519,1.4968
2025-06,41570,김포시,아파트,500,564,46000.0,30000.0,1815.0,1206.0,0.6522,0.6644
2025-06,41570,김포시,연립다세대,40,36,18250.0,37800.0,1067.0,1471.0,2.0712,1.3779
2025-06,41591,화성시 만세구,아파트,131,262,39500.0,21121.0,1618.0,846.0,0.5347,0.523
2025-06,41591,화성시 만세구,연립다세대,31,7,11700.0,13000.0,618.0,603.0,1.1111,0.9756
2025-06,41593,화성시 효행구,아파트,176,150,33450.0,24000.0,1387.0,1105.0,0.7175,0.7967
2025-06,41593,화성시 효행구,연립다세대,13,10,8000.0,11000.0,486.0,602.0,1.375,1.2406
2025-06,41595,화성시 병점구,아파트,245,289,39000.0,28000.0,1683.0,1225.0,0.7179,0.7283
2025-06,41595,화성시 병점구,연립다세대,9,18,9500.0,10750.0,596.0,1270.0,1.1316,2.1305
2025-06,41597,화성시 동탄구,아파트,876,701,67750.0,35000.0,3002.0,1556.0,0.5166,0.5184
2025-06,41597,화성시 동탄구,연립다세대,9,10,59800.0,50500.0,2329.0,1853.0,0.8445,0.7957
2025-06,41610,광주시,아파트,290,258,43800.0,32000.0,1768.0,1328.0,0.7306,0.7513
2025-06,41610,광주시,연립다세대,185,139,20000.0,15000.0,1017.0,853.0,0.75,0.8388
2025-06,41630,양주시,아파트,254,296,25625.0,19725.0,1150.0,848.0,0.7698,0.7373
2025-06,41630,양주시,연립다세대,25,22,8900.0,6250.0,572.0,314.0,0.7022,0.5488
2025-06,41650,포천시,아파트,76,50,20000.0,14000.0,884.0,585.0,0.7,0.662
2025-06,41650,포천시,연립다세대,27,23,9000.0,6500.0,519.0,408.0,0.7222,0.7858
2025-06,41670,여주시,아파트,61,71,20000.0,18900.0,830.0,767.0,0.945,0.9241
2025-06,41670,여주시,연립다세대,11,13,13500.0,9000.0,644.0,579.0,0.6667,0.8986
2025-06,41800,연천군,아파트,7,25,18000.0,17000.0,764.0,661.0,0.9444,0.8651
2025-06,41800,연천군,연립다세대,8,0,5850.0,,315.0,,,
2025-06,41820,가평군,아파트,28,25,22000.0,18500.0,894.0,745.0,0.8409,0.8331
2025-06,41820,가평군,연립다세대,39,9,4900.0,10200.0,528.0,827.0,2.0816,1.5671
2025-06,41830,양평군,아파트,81,48,34530.0,24000.0,1535.0,977.0,0.695,0.6362
2025-06,41830,양평군,연립다세대,10,22,16550.0,12440.0,627.0,768.0,0.7517,1.2242
2025-07,11110,종로구,아파트,34,83,84100.0,68250.0,4144.0,2807.0,0.8115,0.6773
2025-07,11110,종로구,연립다세대,44,70,45850.0,23500.0,2681.0,1571.0,0.5125,0.586
2025-07,11140,중구,아파트,47,194,107000.0,64914.0,4609.0,2880.0,0.6067,0.6248
2025-07,11140,중구,연립다세대,18,63,45000.0,26400.0,2935.0,2268.0,0.5867,0.7728
2025-07,11170,용산구,아파트,126,300,175000.0,68125.0,7041.0,2968.0,0.3893,0.4216
2025-07,11170,용산구,연립다세대,74,270,68000.0,25142.0,5513.0,2696.0,0.3697,0.4889
2025-07,11200,성동구,아파트,105,604,135000.0,63050.0,5690.0,2861.0,0.467,0.5028
2025-07,11200,성동구,연립다세대,45,101,48500.0,21000.0,5455.0,2313.0,0.433,0.424
2025-07,11215,광진구,아파트,71,279,134000.0,68000.0,5956.0,2904.0,0.5075,0.4876
2025-07,11215,광진구,연립다세대,166,279,41000.0,25450.0,2888.0,2424.0,0.6207,0.8393
2025-07,11230,동대문구,아파트,184,477,83000.0,50000.0,3775.0,2373.0,0.6024,0.6285
2025-07,11230,동대문구,연립다세대,54,119,42000.0,23000.0,3360.0,2226.0,0.5476,0.6625
2025-07,11260,중랑구,아파트,119,251,64300.0,40950.0,2960.0,1930.0,0.6369,0.6521
2025-07,11260,중랑구,연립다세대,180,176,34250.0,21000.0,2970.0,2081.0,0.6131,0.7005
2025-07,11290,성북구,아파트,205,495,82400.0,50000.0,3496.0,2140.0,0.6068,0.6123
2025-07,11290,성북구,연립다세대,84,150,32000.0,20000.0,2443.0,1876.0,0.625,0.7678
2025-07,11305,강북구,아파트,78,144,66725.0,40000.0,2914.0,1755.0,0.5995,0.6024
2025-07,11305,강북구,연립다세대,120,96,23150.0,15000.0,1664.0,1064.0,0.6479,0.6396
2025-07,11320,도봉구,아파트,134,393,52250.0,30000.0,2557.0,1518.0,0.5742,0.5937
2025-07,11320,도봉구,연립다세대,83,72,21500.0,15535.0,1513.0,1059.0,0.7226,0.6996
2025-07,11350,노원구,아파트,315,907,55500.0,29000.0,3149.0,1614.0,0.5225,0.5126
2025-07,11350,노원구,연립다세대,23,53,27500.0,15000.0,1687.0,1118.0,0.5455,0.6627
2025-07,11380,은평구,아파트,193,458,77000.0,48000.0,3664.0,2163.0,0.6234,0.5903
2025-07,11380,은평구,연립다세대,303,286,26000.0,20000.0,2081.0,1412.0,0.7692,0.6787
2025-07,11410,서대문구,아파트,121,348,95000.0,53000.0,4291.0,2476.0,0.5579,0.577
2025-07,11410,서대문구,연립다세대,61,96,30000.0,17000.0,2065.0,1257.0,0.5667,0.6087
2025-07,11440,마포구,아파트,128,533,117100.0,65000.0,5083.0,2759.0,0.5551,0.5429
2025-07,11440,마포구,연립다세대,149,299,43000.0,25000.0,4095.0,2547.0,0.5814,0.622
2025-07,11470,양천구,아파트,175,605,113000.0,54000.0,4624.0,2466.0,0.4779,0.5334
2025-07,11470,양천구,연립다세대,191,244,25700.0,18000.0,2202.0,1318.0,0.7004,0.5985
2025-07,11500,강서구,아파트,237,641,69000.0,45000.0,3793.0,2195.0,0.6522,0.5787
2025-07,11500,강서구,연립다세대,221,257,24000.0,19000.0,1990.0,1698.0,0.7917,0.8533
2025-07,11530,구로구,아파트,202,348,63400.0,41808.0,2952.0,1848.0,0.6594,0.6262
2025-07,11530,구로구,연립다세대,70,107,24750.0,16000.0,1792.0,1186.0,0.6465,0.6616
2025-07,11545,금천구,아파트,58,126,54500.0,36000.0,2489.0,1662.0,0.6606,0.6679
2025-07,11545,금천구,연립다세대,72,92,25250.0,20000.0,2399.0,1877.0,0.7921,0.7822
2025-07,11560,영등포구,아파트,225,575,95000.0,54500.0,4700.0,2403.0,0.5737,0.5113
2025-07,11560,영등포구,연립다세대,60,117,32850.0,23100.0,3348.0,2779.0,0.7032,0.8299
2025-07,11590,동작구,아파트,140,482,114750.0,65000.0,4678.0,2723.0,0.5664,0.582
2025-07,11590,동작구,연립다세대,159,189,35100.0,24190.0,3020.0,1978.0,0.6892,0.655
2025-07,11620,관악구,아파트,142,295,80750.0,46000.0,3582.0,2143.0,0.5697,0.5984
2025-07,11620,관악구,연립다세대,104,111,27425.0,21000.0,2374.0,1775.0,0.7657,0.7477
2025-07,11650,서초구,아파트,205,974,239000.0,108000.0,7584.0,4203.0,0.4519,0.5542
2025-07,11650,서초구,연립다세대,89,288,57000.0,30150.0,4782.0,2511.0,0.5289,0.5252
2025-07,11680,강남구,아파트,332,955,251750.0,84000.0,10454.0,3336.0,0.3337,0.3191
2025-07,11680,강남구,연립다세대,62,249,59000.0,31500.0,5152.0,2638.0,0.5339,0.5121
2025-07,11710,송파구,아파트,378,851,154500.0,70000.0,6395.0,2906.0,0.4531,0.4544
2025-07,11710,송파구,연립다세대,170,503,39750.0,24150.0,3394.0,1990.0,0.6075,0.5865
2025-07,11740,강동구,아파트,196,686,104650.0,54600.0,4675.0,2532.0,0.5217,0.5415
2025-07,11740,강동구,연립다세대,111,274,38000.0,23100.0,3228.0,2203.0,0.6079,0.6826
2025-07,41111,수원시 장안구,아파트,154,295,43400.0,30000.0,2107.0,1479.0,0.6912,0.7021
2025-07,41111,수원시 장안구,연립다세대,52,50,14350.0,10000.0,1038.0,951.0,0.6969,0.9165
2025-07,41113,수원시 권선구,아파트,235,347,42000.0,29000.0,1964.0,1307.0,0.6905,0.6653
2025-07,41113,수원시 권선구,연립다세대,67,70,13500.0,11013.0,865.0,1025.0,0.8157,1.1851
2025-07,41115,수원시 팔달구,아파트,146,337,59975.0,31500.0,3033.0,1563.0,0.5252,0.5151
2025-07,41115,수원시 팔달구,연립다세대,44,75,20850.0,11000.0,1365.0,1201.0,0.5276,0.8803
2025-07,41117,수원시 영통구,아파트,359,823,54900.0,35000.0,2492.0,1646.0,0.6375,0.6607
2025-07,41117,수원시 영통구,연립다세대,7,25,38000.0,15200.0,2123.0,1155.0,0.4,0.5441
2025-07,41131,성남시 수정구,아파트,73,237,116600.0,60000.0,5204.0,2724.0,0.5146,0.5235
2025-07,41131,성남시 수정구,연립다세대,32,55,26000.0,16000.0,1702.0,1130.0,0.6154,0.664
2025-07,41133,성남시 중원구,아파트,94,160,71000.0,45000.0,3767.0,2023.0,0.6338,0.537
2025-07,41133,성남시 중원구,연립다세대,43,113,23900.0,13400.0,1480.0,991.0,0.5607,0.6698
2025-07,41135,성남시 분당구,아파트,226,1038,120000.0,60000.0,5317.0,2530.0,0.5,0.4758
2025-07,41135,성남시 분당구,연립다세대,20,87,85850.0,40500.0,3929.0,1989.0,0.4718,0.5061
2025-07,41150,의정부시,아파트,354,448,32800.0,22950.0,1489.0,1162.0,0.6997,0.7806
2025-07,41150,의정부시,연립다세대,57,52,16500.0,9380.0,1089.0,644.0,0.5685,0.5914
2025-07,41171,안양시 만안구,아파트,119,197,51500.0,34100.0,2592.0,1571.0,0.6621,0.6059
2025-07,41171,안양시 만안구,연립다세대,72,65,22000.0,13000.0,1637.0,1030.0,0.5909,0.6292
2025-07,41173,안양시 동안구,아파트,327,620,62000.0,35600.0,3230.0,1853.0,0.5742,0.5736
2025-07,41173,안양시 동안구,연립다세대,35,66,37250.0,14000.0,2482.0,1273.0,0.3758,0.5131
2025-07,41192,부천시 원미구,아파트,230,385,51900.0,27000.0,2374.0,1501.0,0.5202,0.6322
2025-07,41192,부천시 원미구,연립다세대,103,75,16000.0,11000.0,1072.0,777.0,0.6875,0.7246
2025-07,41194,부천시 소사구,아파트,146,182,48650.0,36500.0,2122.0,1564.0,0.7503,0.7367
2025-07,41194,부천시 소사구,연립다세대,53,36,17000.0,11500.0,1177.0,796.0,0.6765,0.6762
2025-07,41196,부천시 오정구,아파트,48,75,24230.0,22000.0,1526.0,1103.0,0.908,0.7224
2025-07,41196,부천시 오정구,연립다세대,100,80,14350.0,11000.0,1114.0,791.0,0.7666,0.7102
2025-07,41210,광명시,아파트,257,562,66000.0,35000.0,3151.0,1694.0,0.5303,0.5375
2025-07,41210,광명시,연립다세대,50,44,32750.0,16000.0,2174.0,1174.0,0.4885,0.5401
2025-07,41220,평택시,아파트,450,616,28250.0,20000.0,1290.0,934.0,0.708,0.724
2025-07,41220,평택시,연립다세대,34,38,7450.0,5850.0,499.0,478.0,0.7852,0.9579
2025-07,41250,동두천시,아파트,58,73,15200.0,13000.0,783.0,663.0,0.8553,0.8475
2025-07,41250,동두천시,연립다세대,16,5,4500.0,6000.0,358.0,463.0,1.3333,1.2939
2025-07,41271,안산시 상록구,아파트,94,176,37850.0,22750.0,1655.0,1051.0,0.6011,0.6352
2025-07,41271,안산시 상록구,연립다세대,103,90,15000.0,10182.0,715.0,595.0,0.6788,0.832
2025-07,41273,안산시 단원구,아파트,165,366,44800.0,29000.0,2040.0,1396.0,0.6473,0.6843
2025-07,41273,안산시 단원구,연립다세대,44,48,17650.0,10000.0,1057.0,732.0,0.5666,0.6928
2025-07,41281,고양시 덕양구,아파트,250,648,54000.0,32775.0,2100.0,1447.0,0.6069,0.6893
2025-07,41281,고양시 덕양구,연립다세대,63,71,19000.0,12000.0,1238.0,837.0,0.6316,0.6759
2025-07,41285,고양시 일산동구,아파트,126,307,50000.0,34500.0,1857.0,1386.0,0.69,0.7462
2025-07,41285,고양시 일산동구,연립다세대,26,23,23225.0,21000.0,1322.0,1158.0,0.9042,0.8765
2025-07,41287,고양시 일산서구,아파트,179,491,38000.0,27000.0,1627.0,1226.0,0.7105,0.7531
2025-07,41287,고양시 일산서구,연립다세대,16,22,21750.0,16500.0,1197.0,967.0,0.7586,0.8082
2025-07,41290,과천시,아파트,11,112,181000.0,84000.0,8355.0,3489.0,0.4641,0.4175
2025-07,41290,과천시,연립다세대,14,40,74500.0,39635.0,4095.0,2353.0,0.532,0.5745
2025-07,41310,구리시,아파트,132,274,64900.0,36000.0,2990.0,1749.0,0.5547,0.5851
2025-07,41310,구리시,연립다세대,15,36,35000.0,17800.0,2310.0,1190.0,0.5086,0.5152
2025-07,41360,남양주시,아파트,447,949,42500.0,30000.0,1764.0,1226.0,0.7059,0.6954
2025-07,41360,남양주시,연립다세대,85,101,12700.0,10200.0,820.0,675.0,0.8031,0.8233
2025-07,41370,오산시,아파트,204,183,32500.0,25000.0,1420.0,1090.0,0.7692,0.7679
2025-07,41370,오산시,연립다세대,19,32,8500.0,10000.0,577.0,756.0,1.1765,1.3099
2025-07,41390,시흥시,아파트,321,565,39000.0,25200.0,1766.0,1204.0,0.6462,0.6817
2025-07,41390,시흥시,연립다세대,52,47,11715.0,6500.0,913.0,593.0,0.5548,0.649
2025-07,41410,군포시,아파트,189,317,40700.0,25000.0,2109.0,1400.0,0.6143,0.6638
2025-07,41410,군포시,연립다세대,22,40,21000.0,12500.0,1712.0,1014.0,0.5952,0.5923
2025-07,41430,의왕시,아파트,123,355,66000.0,41000.0,2763.0,2039.0,0.6212,0.7379
2025-07,41430,의왕시,연립다세대,24,34,5550.0,18500.0,1199.0,1138.0,3.3333,0.9493
2025-07,41450,하남시,아파트,259,679,90000.0,52500.0,3925.0,2260.0,0.5833,0.5759
2025-07,41450,하남시,연립다세대,14,27,37000.0,25300.0,2272.0,1670.0,0.6838,0.7348
2025-07,41461,용인시 처인구,아파트,145,221,35500.0,25000.0,1543.0,1034.0,0.7042,0.6704
2025-07,41461,용인시 처인구,연립다세대,75,59,10000.0,9000.0,808.0,653.0,0.9,0.808
2025-07,41463,용인시 기흥구,아파트,310,658,54350.0,35000.0,2064.0,1367.0,0.644,0.6626
2025-07,41463,용인시 기흥구,연립다세대,19,51,25000.0,16800.0,1403.0,1189.0,0.672,0.8476
2025-07,41465,용인시 수지구,아파트,315,689,76400.0,48000.0,3059.0,1872.0,0.6283,0.6119
2025-07,41465,용인시 수지구,연립다세대,17,34,36000.0,24500.0,1999.0,1589.0,0.6806,0.7949
2025-07,41480,파주시,아파트,262,474,34500.0,28000.0,1355.0,1128.0,0.8116,0.8328
2025-07,41480,파주시,연립다세대,63,33,13800.0,11600.0,809.0,633.0,0.8406,0.7829
2025-07,41500,이천시,아파트,105,124,21000.0,18000.0,1089.0,885.0,0.8571,0.8127
2025-07,41500,이천시,연립다세대,30,23,10850.0,12000.0,546.0,653.0,1.106,1.1962
2025-07,41550,안성시,아파트,141,161,16200.0,17000.0,817.0,739.0,1.0494,0.9043
2025-07,41550,안성시,연립다세대,23,11,10000.0,7000.0,578.0,572.0,0.7,0.99
2025-07,41570,김포시,아파트,351,509,43000.0,29400.0,1736.0,1206.0,0.6837,0.695
2025-07,41570,김포시,연립다세대,36,36,12850.0,23750.0,817.0,1229.0,1.8482,1.504
2025-07,41591,화성시 만세구,아파트,98,325,35600.0,20639.0,1421.0,826.0,0.5797,0.5813
2025-07,41591,화성시 만세구,연립다세대,15,17,7900.0,10500.0,506.0,889.0,1.3291,1.759
2025-07,41593,화성시 효행구,아파트,111,120,33500.0,24750.0,1343.0,1122.0,0.7388,0.8354
2025-07,41593,화성시 효행구,연립다세대,15,6,15300.0,8250.0,768.0,777.0,0.5392,1.0107
2025-07,41595,화성시 병점구,아파트,142,231,38500.0,28350.0,1559.0,1266.0,0.7364,0.8122
2025-07,41595,화성시 병점구,연립다세대,11,18,12500.0,10000.0,801.0,1267.0,0.8,1.5816
2025-07,41597,화성시 동탄구,아파트,385,1335,66800.0,31920.0,2755.0,1242.0,0.4778,0.4509
2025-07,41597,화성시 동탄구,연립다세대,4,7,84500.0,44000.0,2579.0,1408.0,0.5207,0.5458
2025-07,41610,광주시,아파트,181,224,43800.0,32000.0,1694.0,1308.0,0.7306,0.7721
2025-07,41610,광주시,연립다세대,158,158,18000.0,15000.0,993.0,822.0,0.8333,0.8283
2025-07,41630,양주시,아파트,169,348,28000.0,19000.0,1237.0,823.0,0.6786,0.6654
2025-07,41630,양주시,연립다세대,12,11,20750.0,5600.0,981.0,420.0,0.2699,0.4281
2025-07,41650,포천시,아파트,59,30,18300.0,14750.0,899.0,738.0,0.806,0.8213
2025-07,41650,포천시,연립다세대,40,11,7250.0,5000.0,377.0,263.0,0.6897,0.6972
2025-07,41670,여주시,아파트,74,53,19350.0,17900.0,849.0,799.0,0.9251,0.9409
2025-07,41670,여주시,연립다세대,13,8,11730.0,10000.0,679.0,560.0,0.8525,0.8253
2025-07,41800,연천군,아파트,16,23,13150.0,13000.0,750.0,599.0,0.9886,0.7992
2025-07,41800,연천군,연립다세대,22,4,10000.0,3950.0,719.0,247.0,0.395,0.3435
2025-07,41820,가평군,아파트,32,22,23085.0,20500.0,969.0,907.0,0.888,0.9365
2025-07,41820,가평군,연립다세대,16,10,9300.0,6800.0,546.0,385.0,0.7312,0.7048
2025-07,41830,양평군,아파트,44,52,34000.0,25500.0,1478.0,1105.0,0.75,0.748
2025-07,41830,양평군,연립다세대,17,21,16500.0,15000.0,807.0,740.0,0.9091,0.9168
2025-08,11110,종로구,아파트,42,61,87000.0,75000.0,4151.0,2777.0,0.8621,0.669
2025-08,11110,종로구,연립다세대,29,62,40700.0,25750.0,2500.0,1596.0,0.6327,0.6384
2025-08,11140,중구,아파트,61,140,125000.0,63500.0,4834.0,2921.0,0.508,0.6042
2025-08,11140,중구,연립다세대,23,55,40000.0,22500.0,3188.0,2452.0,0.5625,0.7691
2025-08,11170,용산구,아파트,141,228,45000.0,65888.0,6143.0,2899.0,1.4642,0.4718
2025-08,11170,용산구,연립다세대,90,253,70000.0,24000.0,6176.0,2673.0,0.3429,0.4328
2025-08,11200,성동구,아파트,210,582,145500.0,65000.0,6424.0,3032.0,0.4467,0.472
2025-08,11200,성동구,연립다세대,79,78,175500.0,25000.0,9585.0,2767.0,0.1425,0.2887
2025-08,11215,광진구,아파트,97,237,136000.0,65100.0,6010.0,2895.0,0.4787,0.4818
2025-08,11215,광진구,연립다세대,184,285,38000.0,26000.0,2899.0,2316.0,0.6842,0.7989
2025-08,11230,동대문구,아파트,217,418,87000.0,52000.0,4053.0,2411.0,0.5977,0.5949
2025-08,11230,동대문구,연립다세대,42,102,41750.0,22500.0,2967.0,2259.0,0.5389,0.7613
2025-08,11260,중랑구,아파트,126,251,63800.0,42000.0,2928.0,1920.0,0.6583,0.6557
2025-08,11260,중랑구,연립다세대,105,176,34500.0,21000.0,2722.0,2043.0,0.6087,0.7507
2025-08,11290,성북구,아파트,338,389,74000.0,48000.0,3548.0,2152.0,0.6486,0.6066
2025-08,11290,성북구,연립다세대,126,154,32358.0,20000.0,3187.0,1571.0,0.6181,0.493
2025-08,11305,강북구,아파트,88,105,62000.0,42000.0,2988.0,1756.0,0.6774,0.5877
2025-08,11305,강북구,연립다세대,114,90,21000.0,15000.0,1592.0,1025.0,0.7143,0.6439
2025-08,11320,도봉구,아파트,136,373,49775.0,36000.0,2361.0,1641.0,0.7233,0.6949
2025-08,11320,도봉구,연립다세대,54,56,21800.0,15150.0,1546.0,1039.0,0.695,0.672
2025-08,11350,노원구,아파트,364,894,56300.0,27000.0,3273.0,1597.0,0.4796,0.488
2025-08,11350,노원구,연립다세대,35,48,19400.0,18000.0,1572.0,1064.0,0.9278,0.677
2025-08,11380,은평구,아파트,196,434,81750.0,45325.0,3665.0,2041.0,0.5544,0.557
2025-08,11380,은평구,연립다세대,252,282,26900.0,19000.0,2104.0,1369.0,0.7063,0.6508
2025-08,11410,서대문구,아파트,142,313,94000.0,55000.0,4325.0,2454.0,0.5851,0.5674
2025-08,11410,서대문구,연립다세대,84,113,27750.0,20500.0,2407.0,1233.0,0.7387,0.512
2025-08,11440,마포구,아파트,183,521,134500.0,63000.0,5904.0,2839.0,0.4684,0.481
2025-08,11440,마포구,연립다세대,154,258,46000.0,24000.0,4081.0,2295.0,0.5217,0.5624
2025-08,11470,양천구,아파트,121,743,104300.0,39900.0,4091.0,1946.0,0.3826,0.4755
2025-08,11470,양천구,연립다세대,146,179,29000.0,18200.0,2361.0,1295.0,0.6276,0.5484
2025-08,11500,강서구,아파트,264,654,79500.0,44000.0,4106.0,2170.0,0.5535,0.5286
2025-08,11500,강서구,연립다세대,173,267,23400.0,17200.0,1879.0,1635.0,0.735,0.8697
2025-08,11530,구로구,아파트,216,472,65000.0,36300.0,3051.0,1679.0,0.5585,0.5503
2025-08,11530,구로구,연립다세대,91,96,22500.0,15000.0,1984.0,1346.0,0.6667,0.6784
2025-08,11545,금천구,아파트,66,119,60900.0,32077.0,2788.0,1668.0,0.5267,0.5984
2025-08,11545,금천구,연립다세대,75,72,26900.0,19000.0,1948.0,1610.0,0.7063,0.8264
2025-08,11560,영등포구,아파트,232,457,103750.0,53000.0,4899.0,2401.0,0.5108,0.4902
2025-08,11560,영등포구,연립다세대,64,120,32750.0,23285.0,3377.0,2578.0,0.711,0.7634
2025-08,11590,동작구,아파트,199,451,132500.0,65000.0,5425.0,2690.0,0.4906,0.4958
2025-08,11590,동작구,연립다세대,144,195,41800.0,25000.0,3257.0,1874.0,0.5981,0.5754
2025-08,11620,관악구,아파트,137,254,79000.0,47000.0,3637.0,2141.0,0.5949,0.5887
2025-08,11620,관악구,연립다세대,80,106,29250.0,22000.0,2075.0,1677.0,0.7521,0.8081
2025-08,11650,서초구,아파트,100,979,201000.0,85000.0,6290.0,3411.0,0.4229,0.5423
2025-08,11650,서초구,연립다세대,80,303,61000.0,33000.0,4625.0,2537.0,0.541,0.5485
2025-08,11680,강남구,아파트,115,900,190000.0,75000.0,9526.0,3168.0,0.3947,0.3325
2025-08,11680,강남구,연립다세대,59,214,44000.0,32000.0,4719.0,2624.0,0.7273,0.5559
2025-08,11710,송파구,아파트,155,703,134000.0,69000.0,5808.0,2841.0,0.5149,0.4891
2025-08,11710,송파구,연립다세대,182,454,39250.0,25000.0,3240.0,1897.0,0.6369,0.5855
2025-08,11740,강동구,아파트,331,648,108500.0,54000.0,5044.0,2531.0,0.4977,0.5019
2025-08,11740,강동구,연립다세대,102,221,35400.0,23800.0,2996.0,2096.0,0.6723,0.6998
2025-08,41111,수원시 장안구,아파트,162,309,47500.0,30000.0,2200.0,1472.0,0.6316,0.669
2025-08,41111,수원시 장안구,연립다세대,55,41,14100.0,9500.0,1078.0,708.0,0.6738,0.6572
2025-08,41113,수원시 권선구,아파트,235,324,47000.0,29000.0,1939.0,1338.0,0.617,0.69
2025-08,41113,수원시 권선구,연립다세대,52,71,15000.0,10000.0,985.0,1183.0,0.6667,1.2012
2025-08,41115,수원시 팔달구,아파트,123,370,58800.0,30450.0,2803.0,1597.0,0.5179,0.5697
2025-08,41115,수원시 팔달구,연립다세대,18,46,20500.0,12250.0,1309.0,1248.0,0.5976,0.9533
2025-08,41117,수원시 영통구,아파트,344,651,58950.0,35000.0,2619.0,1641.0,0.5937,0.6264
2025-08,41117,수원시 영통구,연립다세대,8,29,116000.0,18000.0,3353.0,1638.0,0.1552,0.4886
2025-08,41131,성남시 수정구,아파트,119,277,114700.0,55000.0,5291.0,2645.0,0.4795,0.4999
2025-08,41131,성남시 수정구,연립다세대,38,44,23900.0,16500.0,1578.0,1105.0,0.6904,0.7001
2025-08,41133,성남시 중원구,아파트,89,179,82000.0,43000.0,3987.0,1964.0,0.5244,0.4925
2025-08,41133,성남시 중원구,연립다세대,43,111,21500.0,14000.0,1553.0,977.0,0.6512,0.6293
2025-08,41135,성남시 분당구,아파트,336,723,127750.0,60000.0,5677.0,2530.0,0.4697,0.4456
2025-08,41135,성남시 분당구,연립다세대,33,64,89000.0,39900.0,3711.0,1914.0,0.4483,0.5159
2025-08,41150,의정부시,아파트,310,431,31625.0,22300.0,1523.0,1102.0,0.7051,0.7241
2025-08,41150,의정부시,연립다세대,45,52,16000.0,9300.0,984.0,650.0,0.5813,0.6609
2025-08,41171,안양시 만안구,아파트,137,167,54500.0,35000.0,2751.0,1780.0,0.6422,0.6472
2025-08,41171,안양시 만안구,연립다세대,54,66,22000.0,13830.0,1382.0,986.0,0.6286,0.7137
2025-08,41173,안양시 동안구,아파트,312,508,64900.0,40000.0,3314.0,1906.0,0.6163,0.5751
2025-08,41173,안양시 동안구,연립다세대,37,67,36000.0,15000.0,2642.0,1196.0,0.4167,0.4527
2025-08,41192,부천시 원미구,아파트,155,336,50000.0,29325.0,2373.0,1554.0,0.5865,0.655
2025-08,41192,부천시 원미구,연립다세대,65,55,15000.0,12800.0,1110.0,892.0,0.8533,0.8038
2025-08,41194,부천시 소사구,아파트,126,241,49100.0,30000.0,2089.0,1641.0,0.611,0.7854
2025-08,41194,부천시 소사구,연립다세대,46,37,19500.0,12000.0,1328.0,802.0,0.6154,0.6038
2025-08,41196,부천시 오정구,아파트,51,59,26500.0,23100.0,1470.0,1234.0,0.8717,0.8394
2025-08,41196,부천시 오정구,연립다세대,81,73,14000.0,11000.0,968.0,735.0,0.7857,0.759
2025-08,41210,광명시,아파트,340,568,71250.0,36850.0,3452.0,1808.0,0.5172,0.5237
2025-08,41210,광명시,연립다세대,47,49,35000.0,20000.0,2550.0,1381.0,0.5714,0.5418
2025-08,41220,평택시,아파트,420,568,27325.0,20000.0,1224.0,895.0,0.7319,0.7308
2025-08,41220,평택시,연립다세대,107,32,12900.0,6300.0,1080.0,579.0,0.4884,0.5362
2025-08,41250,동두천시,아파트,46,56,13900.0,12550.0,769.0,695.0,0.9029,0.9045
2025-08,41250,동두천시,연립다세대,19,11,7000.0,5000.0,410.0,296.0,0.7143,0.7209
2025-08,41271,안산시 상록구,아파트,107,174,36500.0,22000.0,1681.0,1060.0,0.6027,0.6305
2025-08,41271,안산시 상록구,연립다세대,147,69,13200.0,9000.0,733.0,588.0,0.6818,0.8013
2025-08,41273,안산시 단원구,아파트,160,311,45600.0,30000.0,1972.0,1329.0,0.6579,0.674
2025-08,41273,안산시 단원구,연립다세대,62,44,16500.0,10250.0,807.0,717.0,0.6212,0.8875
2025-08,41281,고양시 덕양구,아파트,214,516,56000.0,34000.0,2322.0,1503.0,0.6071,0.6473
2025-08,41281,고양시 덕양구,연립다세대,67,47,17000.0,11000.0,1095.0,819.0,0.6471,0.7482
2025-08,41285,고양시 일산동구,아파트,125,325,47900.0,35000.0,1878.0,1483.0,0.7307,0.7895
2025-08,41285,고양시 일산동구,연립다세대,21,24,25000.0,17750.0,1409.0,1032.0,0.71,0.7324
2025-08,41287,고양시 일산서구,아파트,169,414,37500.0,28000.0,1597.0,1256.0,0.7467,0.7866
2025-08,41287,고양시 일산서구,연립다세대,6,8,16500.0,13925.0,1231.0,917.0,0.8439,0.7449
2025-08,41290,과천시,아파트,25,78,204000.0,88500.0,8198.0,3843.0,0.4338,0.4688
2025-08,41290,과천시,연립다세대,10,19,69750.0,39900.0,3425.0,2347.0,0.572,0.6853
2025-08,41310,구리시,아파트,167,215,60000.0,36000.0,3041.0,1781.0,0.6,0.5856
2025-08,41310,구리시,연립다세대,16,35,30750.0,17000.0,2031.0,1114.0,0.5528,0.5486
2025-08,41360,남양주시,아파트,449,846,42000.0,30000.0,1764.0,1245.0,0.7143,0.7058
2025-08,41360,남양주시,연립다세대,79,103,14600.0,10500.0,852.0,636.0,0.7192,0.7462
2025-08,41370,오산시,아파트,153,186,34000.0,25000.0,1419.0,1059.0,0.7353,0.7458
2025-08,41370,오산시,연립다세대,11,15,8500.0,7000.0,574.0,599.0,0.8235,1.0441
2025-08,41390,시흥시,아파트,346,469,38450.0,27000.0,1783.0,1212.0,0.7022,0.6799
2025-08,41390,시흥시,연립다세대,38,42,11250.0,9400.0,880.0,669.0,0.8356,0.76
2025-08,41410,군포시,아파트,180,290,41450.0,23750.0,2144.0,1352.0,0.573,0.6306
2025-08,41410,군포시,연립다세대,23,31,23500.0,12000.0,1594.0,1019.0,0.5106,0.6396
2025-08,41430,의왕시,아파트,112,287,68550.0,42500.0,2947.0,1984.0,0.62,0.6733
2025-08,41430,의왕시,연립다세대,12,40,29500.0,16750.0,1976.0,1133.0,0.5678,0.5731
2025-08,41450,하남시,아파트,309,577,94500.0,56503.0,4186.0,2335.0,0.5979,0.5577
2025-08,41450,하남시,연립다세대,23,23,28011.0,20000.0,1833.0,1213.0,0.714,0.6614
2025-08,41461,용인시 처인구,아파트,156,184,39000.0,24750.0,1655.0,1090.0,0.6346,0.6588
2025-08,41461,용인시 처인구,연립다세대,76,60,12000.0,10500.0,671.0,642.0,0.875,0.9575
2025-08,41463,용인시 기흥구,아파트,320,545,54800.0,36000.0,2127.0,1406.0,0.6569,0.6612
2025-08,41463,용인시 기흥구,연립다세대,26,36,19800.0,17500.0,1212.0,1276.0,0.8838,1.0524
2025-08,41465,용인시 수지구,아파트,437,612,80500.0,50000.0,3093.0,1906.0,0.6211,0.6162
2025-08,41465,용인시 수지구,연립다세대,12,24,32350.0,19950.0,1534.0,1485.0,0.6167,0.9685
2025-08,41480,파주시,아파트,258,444,37700.0,28325.0,1449.0,1124.0,0.7513,0.7754
2025-08,41480,파주시,연립다세대,38,36,16125.0,14500.0,903.0,896.0,0.8992,0.9921
2025-08,41500,이천시,아파트,116,142,20000.0,20500.0,900.0,939.0,1.025,1.0428
2025-08,41500,이천시,연립다세대,27,22,12000.0,11350.0,773.0,659.0,0.9458,0.8523
2025-08,41550,안성시,아파트,128,154,14900.0,14000.0,801.0,715.0,0.9396,0.8935
2025-08,41550,안성시,연립다세대,16,5,4000.0,8500.0,351.0,615.0,2.125,1.7515
2025-08,41570,김포시,아파트,307,499,44000.0,29500.0,1815.0,1226.0,0.6705,0.6752
2025-08,41570,김포시,연립다세대,36,30,12300.0,20750.0,758.0,1160.0,1.687,1.5296
2025-08,41591,화성시 만세구,아파트,78,288,34750.0,20871.0,1398.0,822.0,0.6006,0.5879
2025-08,41591,화성시 만세구,연립다세대,22,2,14400.0,14750.0,675.0,706.0,1.0243,1.0454
2025-08,41593,화성시 효행구,아파트,92,136,35000.0,24000.0,1449.0,1047.0,0.6857,0.7227
2025-08,41593,화성시 효행구,연립다세대,16,6,10300.0,7500.0,628.0,543.0,0.7282,0.8635
2025-08,41595,화성시 병점구,아파트,135,216,41500.0,27000.0,1595.0,1161.0,0.6506,0.7277
2025-08,41595,화성시 병점구,연립다세대,8,18,11650.0,8500.0,879.0,1180.0,0.7296,1.3419
2025-08,41597,화성시 동탄구,아파트,347,769,65300.0,33000.0,2743.0,1442.0,0.5054,0.5257
2025-08,41597,화성시 동탄구,연립다세대,6,8,58500.0,43050.0,2282.0,1677.0,0.7359,0.7351
2025-08,41610,광주시,아파트,169,204,41500.0,30450.0,1652.0,1234.0,0.7337,0.7469
2025-08,41610,광주시,연립다세대,145,117,17640.0,14600.0,994.0,796.0,0.8277,0.8011
2025-08,41630,양주시,아파트,162,339,30000.0,19000.0,1475.0,856.0,0.6333,0.5803
2025-08,41630,양주시,연립다세대,46,9,60267.0,6000.0,2358.0,416.0,0.0996,0.1766
2025-08,41650,포천시,아파트,62,29,18000.0,17000.0,862.0,720.0,0.9444,0.8346
2025-08,41650,포천시,연립다세대,39,8,10000.0,6150.0,649.0,362.0,0.615,0.5577
2025-08,41670,여주시,아파트,61,45,15400.0,20000.0,787.0,778.0,1.2987,0.9889
2025-08,41670,여주시,연립다세대,15,11,12300.0,7500.0,641.0,581.0,0.6098,0.9063
2025-08,41800,연천군,아파트,9,9,12800.0,12600.0,544.0,583.0,0.9844,1.0724
2025-08,41800,연천군,연립다세대,4,1,4000.0,3000.0,244.0,195.0,0.75,0.7972
2025-08,41820,가평군,아파트,25,33,21800.0,20000.0,849.0,935.0,0.9174,1.1017
2025-08,41820,가평군,연립다세대,10,10,6825.0,11000.0,485.0,574.0,1.6117,1.1853
2025-08,41830,양평군,아파트,41,72,31500.0,25600.0,1521.0,1128.0,0.8127,0.7417
2025-08,41830,양평군,연립다세대,14,12,16625.0,12750.0,782.0,715.0,0.7669,0.915
2025-09,11110,종로구,아파트,65,64,109000.0,60250.0,4725.0,2592.0,0.5528,0.5487
2025-09,11110,종로구,연립다세대,49,51,36500.0,33000.0,2231.0,1769.0,0.9041,0.7931
2025-09,11140,중구,아파트,154,173,130500.0,61320.0,5382.0,3033.0,0.4699,0.5636
2025-09,11140,중구,연립다세대,31,53,41800.0,26000.0,3337.0,2394.0,0.622,0.7175
2025-09,11170,용산구,아파트,137,272,156000.0,67350.0,6609.0,2875.0,0.4317,0.435
2025-09,11170,용산구,연립다세대,93,282,66800.0,25896.0,5538.0,2657.0,0.3877,0.4798
2025-09,11200,성동구,아파트,560,566,158500.0,68000.0,6785.0,3118.0,0.429,0.4595
2025-09,11200,성동구,연립다세대,71,92,57000.0,25000.0,5937.0,2588.0,0.4386,0.4359
2025-09,11215,광진구,아파트,288,262,147700.0,65000.0,6422.0,2858.0,0.4401,0.4451
2025-09,11215,광진구,연립다세대,244,343,44000.0,25467.0,3394.0,2456.0,0.5788,0.7237
2025-09,11230,동대문구,아파트,484,387,96000.0,55000.0,4345.0,2429.0,0.5729,0.5589
2025-09,11230,동대문구,연립다세대,89,103,34000.0,24000.0,3360.0,2342.0,0.7059,0.6972
2025-09,11260,중랑구,아파트,291,666,53000.0,52706.0,3417.0,2071.0,0.9945,0.606
2025-09,11260,중랑구,연립다세대,161,199,34750.0,22000.0,3032.0,2137.0,0.6331,0.7049
2025-09,11290,성북구,아파트,513,455,88000.0,49000.0,3912.0,2141.0,0.5568,0.5474
2025-09,11290,성북구,연립다세대,120,172,31800.0,20000.0,2483.0,1826.0,0.6289,0.7357
2025-09,11305,강북구,아파트,116,153,67650.0,37800.0,3122.0,1752.0,0.5588,0.5611
2025-09,11305,강북구,연립다세대,98,127,21500.0,13000.0,1403.0,974.0,0.6047,0.6944
2025-09,11320,도봉구,아파트,191,366,56000.0,36750.0,2925.0,1600.0,0.6563,0.5468
2025-09,11320,도봉구,연립다세대,77,72,21500.0,13000.0,1415.0,1020.0,0.6047,0.7207
2025-09,11350,노원구,아파트,567,1008,59500.0,27000.0,3391.0,1610.0,0.4538,0.4748
2025-09,11350,노원구,연립다세대,41,52,24750.0,18000.0,1532.0,1239.0,0.7273,0.8087
2025-09,11380,은평구,아파트,299,445,86000.0,49010.0,3973.0,2142.0,0.5699,0.5391
2025-09,11380,은평구,연립다세대,289,244,28500.0,20000.0,2102.0,1427.0,0.7018,0.6789
2025-09,11410,서대문구,아파트,349,335,108000.0,57000.0,5001.0,2482.0,0.5278,0.4963
2025-09,11410,서대문구,연립다세대,78,125,38000.0,18900.0,2664.0,1220.0,0.4974,0.4579
2025-09,11440,마포구,아파트,532,571,141000.0,65000.0,6387.0,2954.0,0.461,0.4626
2025-09,11440,마포구,연립다세대,225,272,42000.0,24000.0,3739.0,2328.0,0.5714,0.6226
2025-09,11470,양천구,아파트,352,558,112250.0,53000.0,4514.0,2421.0,0.4722,0.5364
2025-09,11470,양천구,연립다세대,217,231,28500.0,19000.0,2126.0,1326.0,0.6667,0.6239
2025-09,11500,강서구,아파트,584,644,89000.0,43000.0,4475.0,2145.0,0.4831,0.4793
2025-09,11500,강서구,연립다세대,203,269,23300.0,18180.0,1861.0,1389.0,0.7803,0.7463
2025-09,11530,구로구,아파트,332,449,75000.0,33000.0,3433.0,1588.0,0.44,0.4626
2025-09,11530,구로구,연립다세대,91,93,25000.0,16500.0,1932.0,1036.0,0.66,0.5363
2025-09,11545,금천구,아파트,82,149,62400.0,35000.0,2707.0,1750.0,0.5609,0.6466
2025-09,11545,금천구,연립다세대,62,68,25900.0,18000.0,2384.0,1614.0,0.695,0.6771
2025-09,11560,영등포구,아파트,486,498,117500.0,55500.0,5112.0,2576.0,0.4723,0.5039
2025-09,11560,영등포구,연립다세대,85,112,32500.0,23000.0,3721.0,2210.0,0.7077,0.5939
2025-09,11590,동작구,아파트,484,490,133000.0,66000.0,5417.0,2691.0,0.4962,0.4968
2025-09,11590,동작구,연립다세대,266,186,39950.0,26000.0,3510.0,2013.0,0.6508,0.5735
2025-09,11620,관악구,아파트,289,292,89800.0,50000.0,3921.0,2185.0,0.5568,0.5572
2025-09,11620,관악구,연립다세대,169,88,27400.0,20000.0,2479.0,1531.0,0.7299,0.6177
2025-09,11650,서초구,아파트,121,788,230000.0,95000.0,7220.0,3659.0,0.413,0.5067
2025-09,11650,서초구,연립다세대,101,292,66500.0,34000.0,4999.0,2417.0,0.5113,0.4836
2025-09,11680,강남구,아파트,221,929,213000.0,82000.0,10219.0,3394.0,0.385,0.3321
2025-09,11680,강남구,연립다세대,101,219,55300.0,30000.0,5410.0,2913.0,0.5425,0.5385
2025-09,11710,송파구,아파트,374,810,163500.0,72725.0,7052.0,2880.0,0.4448,0.4084
2025-09,11710,송파구,연립다세대,274,427,44000.0,26000.0,3279.0,1961.0,0.5909,0.5979
2025-09,11740,강동구,아파트,795,728,142000.0,60000.0,6034.0,2579.0,0.4225,0.4275
2025-09,11740,강동구,연립다세대,177,249,36700.0,23000.0,3312.0,2114.0,0.6267,0.6384
2025-09,41111,수원시 장안구,아파트,209,355,48300.0,27000.0,2239.0,1384.0,0.559,0.618
2025-09,41111,수원시 장안구,연립다세대,52,37,14000.0,9000.0,1027.0,664.0,0.6429,0.6467
2025-09,41113,수원시 권선구,아파트,278,356,45050.0,29650.0,2030.0,1361.0,0.6582,0.6708
2025-09,41113,수원시 권선구,연립다세대,55,66,17000.0,10000.0,979.0,996.0,0.5882,1.0175
2025-09,41115,수원시 팔달구,아파트,194,409,59400.0,27300.0,2899.0,1987.0,0.4596,0.6856
2025-09,41115,수원시 팔달구,연립다세대,42,45,20250.0,12600.0,1577.0,1183.0,0.6222,0.7503
2025-09,41117,수원시 영통구,아파트,647,651,67800.0,32550.0,2858.0,1653.0,0.4801,0.5785
2025-09,41117,수원시 영통구,연립다세대,11,16,38750.0,45500.0,2625.0,2424.0,1.1742,0.9234
2025-09,41131,성남시 수정구,아파트,296,302,120000.0,55000.0,5449.0,2538.0,0.4583,0.4658
2025-09,41131,성남시 수정구,연립다세대,46,50,28650.0,17500.0,1851.0,1060.0,0.6108,0.5724
2025-09,41133,성남시 중원구,아파트,264,170,83000.0,46600.0,4296.0,2141.0,0.5614,0.4983
2025-09,41133,성남시 중원구,연립다세대,75,133,25000.0,14000.0,1676.0,987.0,0.56,0.5888
2025-09,41135,성남시 분당구,아파트,1024,858,133500.0,62000.0,5912.0,2530.0,0.4644,0.4278
2025-09,41135,성남시 분당구,연립다세대,44,78,92500.0,44000.0,3958.0,1825.0,0.4757,0.4611
2025-09,41150,의정부시,아파트,377,392,33500.0,23750.0,1516.0,1131.0,0.709,0.7458
2025-09,41150,의정부시,연립다세대,55,49,13000.0,10000.0,827.0,683.0,0.7692,0.8266
2025-09,41171,안양시 만안구,아파트,196,140,57850.0,32000.0,2694.0,1628.0,0.5532,0.6045
2025-09,41171,안양시 만안구,연립다세대,60,72,23000.0,13000.0,1387.0,983.0,0.5652,0.7084
2025-09,41173,안양시 동안구,아파트,654,625,70000.0,38000.0,3541.0,1940.0,0.5429,0.5478
2025-09,41173,안양시 동안구,연립다세대,45,72,30000.0,15000.0,2619.0,1157.0,0.5,0.4419
2025-09,41192,부천시 원미구,아파트,303,388,50500.0,28000.0,2475.0,1492.0,0.5545,0.6029
2025-09,41192,부천시 원미구,연립다세대,96,73,17781.0,10100.0,1203.0,773.0,0.568,0.6422
2025-09,41194,부천시 소사구,아파트,123,177,52800.0,35000.0,2312.0,1550.0,0.6629,0.6703
2025-09,41194,부천시 소사구,연립다세대,44,38,13500.0,12000.0,1029.0,742.0,0.8889,0.7214
2025-09,41196,부천시 오정구,아파트,59,77,27700.0,23000.0,1696.0,1141.0,0.8303,0.6725
2025-09,41196,부천시 오정구,연립다세대,72,103,14150.0,9900.0,997.0,738.0,0.6996,0.7397
2025-09,41210,광명시,아파트,585,661,72500.0,37000.0,3473.0,1945.0,0.5103,0.5601
2025-09,41210,광명시,연립다세대,52,66,38000.0,18250.0,2658.0,1242.0,0.4803,0.467
2025-09,41220,평택시,아파트,454,624,30000.0,19000.0,1291.0,873.0,0.6333,0.6759
2025-09,41220,평택시,연립다세대,56,58,14200.0,6350.0,847.0,467.0,0.4472,0.5515
2025-09,41250,동두천시,아파트,70,70,14950.0,13000.0,806.0,668.0,0.8696,0.8285
2025-09,41250,동두천시,연립다세대,26,13,4400.0,6000.0,279.0,417.0,1.3636,1.4975
2025-09,41271,안산시 상록구,아파트,126,182,36750.0,24575.0,1694.0,1087.0,0.6687,0.6416
2025-09,41271,안산시 상록구,연립다세대,146,87,14000.0,9900.0,797.0,630.0,0.7071,0.7901
2025-09,41273,안산시 단원구,아파트,183,298,46000.0,28150.0,2011.0,1322.0,0.612,0.6578
2025-09,41273,안산시 단원구,연립다세대,44,40,16400.0,10000.0,898.0,708.0,0.6098,0.7877
2025-09,41281,고양시 덕양구,아파트,325,525,53300.0,35000.0,2230.0,1532.0,0.6567,0.6872
2025-09,41281,고양시 덕양구,연립다세대,68,42,15100.0,12000.0,1109.0,891.0,0.7947,0.8036
2025-09,41285,고양시 일산동구,아파트,159,314,52000.0,35000.0,1910.0,1440.0,0.6731,0.7538
2025-09,41285,고양시 일산동구,연립다세대,30,32,21450.0,24600.0,1352.0,1116.0,1.1469,0.8257
2025-09,41287,고양시 일산서구,아파트,230,506,39000.0,27000.0,1649.0,1229.0,0.6923,0.7455
2025-09,41287,고양시 일산서구,연립다세대,13,19,17300.0,14600.0,1279.0,931.0,0.8439,0.7283
2025-09,41290,과천시,아파트,69,93,211000.0,91000.0,9075.0,4087.0,0.4313,0.4503
2025-09,41290,과천시,연립다세대,26,25,86500.0,38000.0,6362.0,1983.0,0.4393,0.3118
2025-09,41310,구리시,아파트,208,265,63900.0,37000.0,3160.0,1797.0,0.579,0.5688
2025-09,41310,구리시,연립다세대,30,50,34875.0,17050.0,2350.0,1113.0,0.4889,0.4738
2025-09,41360,남양주시,아파트,522,901,44500.0,30000.0,1819.0,1268.0,0.6742,0.6972
2025-09,41360,남양주시,연립다세대,106,109,12450.0,11000.0,751.0,684.0,0.8835,0.9111
2025-09,41370,오산시,아파트,192,218,32700.0,24250.0,1436.0,1056.0,0.7416,0.7355
2025-09,41370,오산시,연립다세대,22,19,7100.0,9000.0,628.0,748.0,1.2676,1.1905
2025-09,41390,시흥시,아파트,445,504,41000.0,26000.0,1900.0,1167.0,0.6341,0.6144
2025-09,41390,시흥시,연립다세대,51,50,11000.0,8600.0,690.0,656.0,0.7818,0.9518
2025-09,41410,군포시,아파트,224,326,40000.0,25000.0,2162.0,1404.0,0.625,0.6496
2025-09,41410,군포시,연립다세대,31,45,27800.0,10000.0,1662.0,920.0,0.3597,0.5533
2025-09,41430,의왕시,아파트,213,289,74500.0,44000.0,3133.0,1945.0,0.5906,0.6207
2025-09,41430,의왕시,연립다세대,17,30,26000.0,15250.0,1637.0,1162.0,0.5865,0.7096
2025-09,41450,하남시,아파트,629,515,101000.0,57750.0,4222.0,2410.0,0.5718,0.5707
2025-09,41450,하남시,연립다세대,16,27,28500.0,21000.0,1832.0,1627.0,0.7368,0.888
2025-09,41461,용인시 처인구,아파트,188,160,34500.0,26000.0,1589.0,1168.0,0.7536,0.7351
2025-09,41461,용인시 처인구,연립다세대,106,65,9650.0,8400.0,788.0,581.0,0.8705,0.7377
2025-09,41463,용인시 기흥구,아파트,511,568,56200.0,36000.0,2250.0,1432.0,0.6406,0.6367
2025-09,41463,용인시 기흥구,연립다세대,25,57,23000.0,13000.0,1207.0,1051.0,0.5652,0.8705
2025-09,41465,용인시 수지구,아파트,903,643,82500.0,50400.0,3268.0,1974.0,0.6109,0.6041
2025-09,41465,용인시 수지구,연립다세대,13,26,33000.0,24800.0,1887.0,1585.0,0.7515,0.8401
2025-09,41480,파주시,아파트,311,477,37000.0,28500.0,1465.0,1129.0,0.7703,0.7704
2025-09,41480,파주시,연립다세대,72,41,13800.0,12000.0,783.0,719.0,0.8696,0.918
2025-09,41500,이천시,아파트,114,131,20700.0,20700.0,988.0,908.0,1.0,0.9189
2025-09,41500,이천시,연립다세대,36,12,8250.0,8400.0,542.0,565.0,1.0182,1.0424
2025-09,41550,안성시,아파트,161,180,15000.0,12500.0,774.0,711.0,0.8333,0.9181
2025-09,41550,안성시,연립다세대,10,6,6000.0,8500.0,321.0,525.0,1.4167,1.6361
2025-09,41570,김포시,아파트,330,464,43750.0,30000.0,1791.0,1210.0,0.6857,0.6753
2025-09,41570,김포시,연립다세대,51,18,22360.0,32000.0,1736.0,1256.0,1.4311,0.7232
2025-09,41591,화성시 만세구,아파트,107,381,36000.0,20000.0,1459.0,822.0,0.5556,0.5632
2025-09,41591,화성시 만세구,연립다세대,21,6,11800.0,23750.0,764.0,1129.0,2.0127,1.4763
2025-09,41593,화성시 효행구,아파트,137,120,34800.0,26000.0,1371.0,1139.0,0.7471,0.8311
2025-09,41593,화성시 효행구,연립다세대,14,5,10100.0,10000.0,630.0,662.0,0.9901,1.0513
2025-09,41595,화성시 병점구,아파트,189,212,41800.0,29000.0,1665.0,1238.0,0.6938,0.7438
2025-09,41595,화성시 병점구,연립다세대,6,16,8600.0,10890.0,609.0,1331.0,1.2663,2.1865
2025-09,41597,화성시 동탄구,아파트,578,576,66500.0,37000.0,2819.0,1559.0,0.5564,0.5529
2025-09,41597,화성시 동탄구,연립다세대,3,6,62000.0,38750.0,2420.0,1512.0,0.625,0.6248
2025-09,41610,광주시,아파트,228,207,45100.0,32000.0,1909.0,1324.0,0.7095,0.6938
2025-09,41610,광주시,연립다세대,174,102,18325.0,14500.0,1008.0,802.0,0.7913,0.7953
2025-09,41630,양주시,아파트,199,298,28000.0,18900.0,1284.0,898.0,0.675,0.6996
2025-09,41630,양주시,연립다세대,61,13,56114.0,7000.0,2194.0,495.0,0.1247,0.2257
2025-09,41650,포천시,아파트,56,36,16775.0,14700.0,757.0,748.0,0.8763,0.988
2025-09,41650,포천시,연립다세대,48,18,6950.0,5500.0,408.0,428.0,0.7914,1.0477
2025-09,41670,여주시,아파트,69,57,17000.0,20000.0,853.0,779.0,1.1765,0.9135
2025-09,41670,여주시,연립다세대,19,16,12000.0,6500.0,599.0,467.0,0.5417,0.7804
2025-09,41800,연천군,아파트,7,18,22100.0,14950.0,975.0,631.0,0.6765,0.6475
2025-09,41800,연천군,연립다세대,6,3,3950.0,4000.0,289.0,218.0,1.0127,0.753
2025-09,41820,가평군,아파트,19,22,24000.0,20000.0,1014.0,896.0,0.8333,0.8835
2025-09,41820,가평군,연립다세대,34,11,9000.0,7500.0,706.0,401.0,0.8333,0.5678
2025-09,41830,양평군,아파트,42,51,31000.0,25000.0,1377.0,1046.0,0.8065,0.7594
2025-09,41830,양평군,연립다세대,12,15,15500.0,12700.0,812.0,582.0,0.8194,0.7167
2025-10,11110,종로구,아파트,86,96,107250.0,74250.0,4590.0,2726.0,0.6923,0.5939
2025-10,11110,종로구,연립다세대,42,61,41150.0,28500.0,2566.0,1464.0,0.6926,0.5707
2025-10,11140,중구,아파트,141,131,130500.0,65000.0,5076.0,2918.0,0.4981,0.5748
2025-10,11140,중구,연립다세대,26,46,49500.0,25000.0,3380.0,2189.0,0.5051,0.6475
2025-10,11170,용산구,아파트,119,237,192000.0,70000.0,7124.0,2954.0,0.3646,0.4146
2025-10,11170,용산구,연립다세대,90,242,73000.0,25200.0,5830.0,2674.0,0.3452,0.4587
2025-10,11200,성동구,아파트,370,482,160000.0,66750.0,6950.0,2959.0,0.4172,0.4258
2025-10,11200,성동구,연립다세대,65,86,50500.0,23500.0,3750.0,2087.0,0.4653,0.5567
2025-10,11215,광진구,아파트,258,236,150500.0,70000.0,6227.0,3000.0,0.4651,0.4817
2025-10,11215,광진구,연립다세대,309,234,44000.0,25800.0,3819.0,2440.0,0.5864,0.6389
2025-10,11230,동대문구,아파트,519,408,92000.0,52500.0,4052.0,2350.0,0.5707,0.58
2025-10,11230,동대문구,연립다세대,83,87,41000.0,25000.0,3293.0,2292.0,0.6098,0.696
2025-10,11260,중랑구,아파트,239,263,69500.0,43000.0,3144.0,1893.0,0.6187,0.6021
2025-10,11260,중랑구,연립다세대,155,136,34500.0,21000.0,3037.0,2031.0,0.6087,0.6686
2025-10,11290,성북구,아파트,492,416,90000.0,51000.0,4077.0,2205.0,0.5667,0.5408
2025-10,11290,성북구,연립다세대,108,157,33250.0,18500.0,2495.0,1536.0,0.5564,0.6156
2025-10,11305,강북구,아파트,117,105,70700.0,40000.0,3275.0,1715.0,0.5658,0.5235
2025-10,11305,강북구,연립다세대,117,90,22700.0,16000.0,1618.0,1036.0,0.7048,0.6403
2025-10,11320,도봉구,아파트,154,265,55000.0,29000.0,2997.0,1517.0,0.5273,0.5063
2025-10,11320,도봉구,연립다세대,75,54,21000.0,13500.0,1357.0,999.0,0.6429,0.7366
2025-10,11350,노원구,아파트,638,893,61500.0,28000.0,3322.0,1653.0,0.4553,0.4974
2025-10,11350,노원구,연립다세대,44,42,28325.0,15750.0,1694.0,1405.0,0.556,0.8296
2025-10,11380,은평구,아파트,361,437,90200.0,49350.0,4169.0,2143.0,0.5471,0.514
2025-10,11380,은평구,연립다세대,240,238,27000.0,19425.0,2240.0,1338.0,0.7194,0.5971
2025-10,11410,서대문구,아파트,398,308,109000.0,57500.0,5019.0,2528.0,0.5275,0.5037
2025-10,11410,서대문구,연립다세대,93,93,37000.0,17500.0,2451.0,1371.0,0.473,0.5595
2025-10,11440,마포구,아파트,419,526,145000.0,67000.0,6608.0,2939.0,0.4621,0.4448
2025-10,11440,마포구,연립다세대,208,224,46000.0,24000.0,4049.0,2271.0,0.5217,0.5608
2025-10,11470,양천구,아파트,418,656,118000.0,49635.0,4669.0,2346.0,0.4206,0.5025
2025-10,11470,양천구,연립다세대,218,184,30000.0,18898.0,2707.0,1493.0,0.6299,0.5514
2025-10,11500,강서구,아파트,584,713,89000.0,45000.0,4381.0,2170.0,0.5056,0.4954
2025-10,11500,강서구,연립다세대,199,223,24000.0,18000.0,2075.0,1749.0,0.75,0.8429
2025-10,11530,구로구,아파트,335,400,72250.0,35000.0,3369.0,1655.0,0.4844,0.491
2025-10,11530,구로구,연립다세대,101,117,24500.0,16350.0,2017.0,1083.0,0.6673,0.5369
2025-10,11545,금천구,아파트,93,100,58000.0,37000.0,2831.0,1627.0,0.6379,0.5747
2025-10,11545,금천구,연립다세대,65,72,25000.0,19550.0,2123.0,1687.0,0.782,0.7947
2025-10,11560,영등포구,아파트,446,500,123250.0,58750.0,5177.0,2529.0,0.4767,0.4886
2025-10,11560,영등포구,연립다세대,104,103,33000.0,22000.0,3639.0,2600.0,0.6667,0.7146
2025-10,11590,동작구,아파트,408,443,137250.0,67000.0,5227.0,2730.0,0.4882,0.5223
2025-10,11590,동작구,연립다세대,194,177,44000.0,25000.0,3194.0,2039.0,0.5682,0.6383
2025-10,11620,관악구,아파트,285,267,90000.0,50000.0,3861.0,2257.0,0.5556,0.5844
2025-10,11620,관악구,연립다세대,168,88,29610.0,20100.0,2356.0,1602.0,0.6788,0.68
2025-10,11650,서초구,아파트,218,726,209500.0,90000.0,7739.0,3537.0,0.4296,0.457
2025-10,11650,서초구,연립다세대,135,236,59900.0,33800.0,5027.0,2620.0,0.5643,0.5212
2025-10,11680,강남구,아파트,286,890,230000.0,88600.0,10208.0,3542.0,0.3852,0.3469
2025-10,11680,강남구,연립다세대,104,182,68900.0,30000.0,5348.0,2659.0,0.4354,0.4971
2025-10,11710,송파구,아파트,603,867,180000.0,75000.0,6845.0,3070.0,0.4167,0.4485
2025-10,11710,송파구,연립다세대,254,410,39750.0,24000.0,3902.0,1877.0,0.6038,0.481
2025-10,11740,강동구,아파트,545,719,130000.0,63000.0,5487.0,2801.0,0.4846,0.5105
2025-10,11740,강동구,연립다세대,170,213,35000.0,24900.0,3157.0,2124.0,0.7114,0.673
2025-10,41111,수원시 장안구,아파트,207,279,48900.0,32000.0,2232.0,1450.0,0.6544,0.6498
2025-10,41111,수원시 장안구,연립다세대,67,54,14800.0,9250.0,1105.0,784.0,0.625,0.7098
2025-10,41113,수원시 권선구,아파트,397,304,42800.0,30000.0,2026.0,1397.0,0.7009,0.6896
2025-10,41113,수원시 권선구,연립다세대,53,67,14900.0,11000.0,957.0,992.0,0.7383,1.0365
2025-10,41115,수원시 팔달구,아파트,196,228,62000.0,32500.0,3101.0,1653.0,0.5242,0.533
2025-10,41115,수원시 팔달구,연립다세대,49,50,17000.0,12750.0,1561.0,1211.0,0.75,0.7759
2025-10,41117,수원시 영통구,아파트,706,647,71000.0,39464.0,2978.0,1677.0,0.5558,0.5632
2025-10,41117,수원시 영통구,연립다세대,12,18,20900.0,16885.0,1318.0,1019.0,0.8079,0.7734
2025-10,41131,성남시 수정구,아파트,213,354,119500.0,52500.0,5285.0,2546.0,0.4393,0.4818
2025-10,41131,성남시 수정구,연립다세대,52,41,30000.0,13000.0,1758.0,1005.0,0.4333,0.5718
2025-10,41133,성남시 중원구,아파트,181,162,84500.0,46750.0,3971.0,2145.0,0.5533,0.5401
2025-10,41133,성남시 중원구,연립다세대,54,105,21250.0,14000.0,1447.0,990.0,0.6588,0.6843
2025-10,41135,성남시 분당구,아파트,625,915,149500.0,66000.0,6223.0,2602.0,0.4415,0.4181
2025-10,41135,성남시 분당구,연립다세대,34,64,88000.0,40000.0,3152.0,1977.0,0.4545,0.6271
2025-10,41150,의정부시,아파트,393,386,32200.0,21190.0,1511.0,1090.0,0.6581,0.721
2025-10,41150,의정부시,연립다세대,42,55,14950.0,9700.0,1013.0,664.0,0.6488,0.6554
2025-10,41171,안양시 만안구,아파트,279,140,60000.0,38000.0,3097.0,1675.0,0.6333,0.5409
2025-10,41171,안양시 만안구,연립다세대,73,60,23000.0,13000.0,1628.0,966.0,0.5652,0.5938
2025-10,41173,안양시 동안구,아파트,683,682,68700.0,42000.0,3581.0,2073.0,0.6114,0.5788
2025-10,41173,안양시 동안구,연립다세대,62,55,36000.0,14000.0,3493.0,1217.0,0.3889,0.3484
2025-10,41192,부천시 원미구,아파트,353,346,58500.0,28425.0,2471.0,1543.0,0.4859,0.6246
2025-10,41192,부천시 원미구,연립다세대,73,46,17800.0,10545.0,1215.0,805.0,0.5924,0.6626
2025-10,41194,부천시 소사구,아파트,127,119,52800.0,37000.0,2419.0,1641.0,0.7008,0.6782
2025-10,41194,부천시 소사구,연립다세대,52,44,12950.0,11700.0,997.0,800.0,0.9035,0.8022
2025-10,41196,부천시 오정구,아파트,83,52,21350.0,24050.0,1421.0,1133.0,1.1265,0.7972
2025-10,41196,부천시 오정구,연립다세대,84,64,12950.0,8975.0,984.0,745.0,0.6931,0.7573
2025-10,41210,광명시,아파트,524,626,74500.0,40000.0,3555.0,1945.0,0.5369,0.5473
2025-10,41210,광명시,연립다세대,81,48,40000.0,18950.0,2664.0,1321.0,0.4738,0.4957
2025-10,41220,평택시,아파트,533,555,28900.0,20000.0,1241.0,929.0,0.692,0.7482
2025-10,41220,평택시,연립다세대,42,41,6300.0,7497.0,425.0,523.0,1.19,1.2309
2025-10,41250,동두천시,아파트,63,67,14800.0,13000.0,844.0,681.0,0.8784,0.8073
2025-10,41250,동두천시,연립다세대,16,8,5000.0,5750.0,287.0,302.0,1.15,1.0504
2025-10,41271,안산시 상록구,아파트,132,143,42875.0,22000.0,1900.0,1062.0,0.5131,0.5588
2025-10,41271,안산시 상록구,연립다세대,96,55,14300.0,9000.0,732.0,564.0,0.6294,0.771
2025-10,41273,안산시 단원구,아파트,245,255,49000.0,29000.0,2162.0,1362.0,0.5918,0.6298
2025-10,41273,안산시 단원구,연립다세대,50,42,18250.0,9600.0,1141.0,682.0,0.526,0.5974
2025-10,41281,고양시 덕양구,아파트,411,451,59900.0,32000.0,2393.0,1479.0,0.5342,0.618
2025-10,41281,고양시 덕양구,연립다세대,86,47,16000.0,12500.0,1129.0,803.0,0.7813,0.7113
2025-10,41285,고양시 일산동구,아파트,211,339,53900.0,36330.0,2015.0,1475.0,0.674,0.7324
2025-10,41285,고양시 일산동구,연립다세대,29,21,34000.0,25000.0,1394.0,1158.0,0.7353,0.8306
2025-10,41287,고양시 일산서구,아파트,244,465,41000.0,28500.0,1747.0,1292.0,0.6951,0.7393
2025-10,41287,고양시 일산서구,연립다세대,9,15,20000.0,13600.0,1241.0,814.0,0.68,0.6555
2025-10,41290,과천시,아파트,71,98,230000.0,88000.0,9264.0,4281.0,0.3826,0.4621
2025-10,41290,과천시,연립다세대,17,13,99000.0,36700.0,7094.0,1777.0,0.3707,0.2505
2025-10,41310,구리시,아파트,435,247,66000.0,37000.0,3181.0,1852.0,0.5606,0.5822
2025-10,41310,구리시,연립다세대,38,25,37250.0,18600.0,2269.0,1205.0,0.4993,0.531
2025-10,41360,남양주시,아파트,728,925,51150.0,32000.0,2023.0,1304.0,0.6256,0.6444
2025-10,41360,남양주시,연립다세대,57,88,13000.0,12000.0,812.0,674.0,0.9231,0.8303
2025-10,41370,오산시,아파트,203,192,34500.0,24000.0,1450.0,1123.0,0.6957,0.7743
2025-10,41370,오산시,연립다세대,56,24,7725.0,9700.0,951.0,882.0,1.2557,0.9275
2025-10,41390,시흥시,아파트,443,514,43000.0,25250.0,1984.0,1156.0,0.5872,0.5829
2025-10,41390,시흥시,연립다세대,46,60,11100.0,8000.0,761.0,607.0,0.7207,0.7972
2025-10,41410,군포시,아파트,323,297,47000.0,24000.0,2286.0,1402.0,0.5106,0.6134
2025-10,41410,군포시,연립다세대,36,53,21900.0,12000.0,1555.0,1002.0,0.5479,0.6441
2025-10,41430,의왕시,아파트,198,221,76550.0,44500.0,3258.0,1847.0,0.5813,0.5668
2025-10,41430,의왕시,연립다세대,12,27,30650.0,15700.0,1827.0,1141.0,0.5122,0.6245
2025-10,41450,하남시,아파트,600,489,103250.0,60000.0,4285.0,2459.0,0.5811,0.574
2025-10,41450,하남시,연립다세대,12,29,40500.0,19425.0,2217.0,1462.0,0.4796,0.6593
2025-10,41461,용인시 처인구,아파트,191,111,38000.0,23000.0,1679.0,1054.0,0.6053,0.6279
2025-10,41461,용인시 처인구,연립다세대,54,68,12600.0,9000.0,752.0,570.0,0.7143,0.7583
2025-10,41463,용인시 기흥구,아파트,699,556,60000.0,38925.0,2442.0,1471.0,0.6488,0.6024
2025-10,41463,용인시 기흥구,연립다세대,21,55,30800.0,15000.0,1756.0,1246.0,0.487,0.7095
2025-10,41465,용인시 수지구,아파트,818,656,84000.0,53000.0,3213.0,1984.0,0.631,0.6175
2025-10,41465,용인시 수지구,연립다세대,12,30,34950.0,26700.0,2142.0,1553.0,0.7639,0.7251
2025-10,41480,파주시,아파트,321,357,39000.0,28000.0,1451.0,1110.0,0.7179,0.7651
2025-10,41480,파주시,연립다세대,55,34,15300.0,14900.0,895.0,825.0,0.9739,0.9224
2025-10,41500,이천시,아파트,127,119,16900.0,19000.0,893.0,885.0,1.1243,0.9911
2025-10,41500,이천시,연립다세대,25,29,9500.0,9900.0,454.0,683.0,1.0421,1.5033
2025-10,41550,안성시,아파트,152,149,14750.0,15000.0,799.0,708.0,1.0169,0.8857
2025-10,41550,안성시,연립다세대,10,4,4475.0,5200.0,323.0,447.0,1.162,1.3852
2025-10,41570,김포시,아파트,359,465,45000.0,30500.0,1837.0,1272.0,0.6778,0.6922
2025-10,41570,김포시,연립다세대,35,42,17000.0,30000.0,1071.0,1189.0,1.7647,1.1097
2025-10,41591,화성시 만세구,아파트,113,278,37500.0,19850.0,1528.0,843.0,0.5293,0.5518
2025-10,41591,화성시 만세구,연립다세대,22,12,9750.0,12950.0,512.0,779.0,1.3282,1.5205
2025-10,41593,화성시 효행구,아파트,101,117,40000.0,25000.0,1659.0,1050.0,0.625,0.633
2025-10,41593,화성시 효행구,연립다세대,19,4,12000.0,10000.0,589.0,1043.0,0.8333,1.7713
2025-10,41595,화성시 병점구,아파트,238,172,44650.0,27650.0,1752.0,1223.0,0.6193,0.698
2025-10,41595,화성시 병점구,연립다세대,54,21,28475.0,10000.0,1556.0,1072.0,0.3512,0.6893
2025-10,41597,화성시 동탄구,아파트,1043,556,70000.0,39900.0,3131.0,1621.0,0.57,0.5177
2025-10,41597,화성시 동탄구,연립다세대,4,3,42750.0,52000.0,1664.0,2023.0,1.2164,1.2156
2025-10,41610,광주시,아파트,229,172,46000.0,33550.0,1813.0,1363.0,0.7293,0.7516
2025-10,41610,광주시,연립다세대,134,81,18850.0,14000.0,1046.0,783.0,0.7427,0.7485
2025-10,41630,양주시,아파트,253,248,29800.0,20250.0,1324.0,904.0,0.6795,0.6826
2025-10,41630,양주시,연립다세대,36,11,29250.0,6000.0,1425.0,392.0,0.2051,0.2751
2025-10,41650,포천시,아파트,46,46,15571.0,14400.0,770.0,701.0,0.9248,0.9099
2025-10,41650,포천시,연립다세대,35,14,7800.0,5600.0,418.0,307.0,0.7179,0.7359
2025-10,41670,여주시,아파트,61,37,15800.0,22000.0,775.0,858.0,1.3924,1.1073
2025-10,41670,여주시,연립다세대,14,10,11150.0,10500.0,637.0,590.0,0.9417,0.9258
2025-10,41800,연천군,아파트,8,15,22500.0,13600.0,1004.0,628.0,0.6044,0.6254
2025-10,41800,연천군,연립다세대,5,4,4000.0,9000.0,250.0,412.0,2.25,1.6498
2025-10,41820,가평군,아파트,28,41,21000.0,19900.0,827.0,852.0,0.9476,1.0304
2025-10,41820,가평군,연립다세대,22,9,6100.0,10000.0,354.0,464.0,1.6393,1.3128
2025-10,41830,양평군,아파트,39,48,40000.0,22450.0,1770.0,1072.0,0.5613,0.6055
2025-10,41830,양평군,연립다세대,19,30,15400.0,9800.0,753.0,605.0,0.6364,0.8033
2025-11,11110,종로구,아파트,24,87,64500.0,76000.0,3303.0,2920.0,1.1783,0.8841
2025-11,11110,종로구,연립다세대,44,57,43825.0,27000.0,2360.0,1541.0,0.6161,0.653
2025-11,11140,중구,아파트,32,127,87400.0,68000.0,4599.0,2917.0,0.778,0.6343
2025-11,11140,중구,연립다세대,22,51,47500.0,25100.0,3678.0,1992.0,0.5284,0.5416
2025-11,11170,용산구,아파트,109,237,171000.0,75000.0,6894.0,3091.0,0.4386,0.4484
2025-11,11170,용산구,연립다세대,103,289,70000.0,25830.0,5665.0,2873.0,0.369,0.5071
2025-11,11200,성동구,아파트,65,585,150000.0,68200.0,6606.0,3027.0,0.4547,0.4582
2025-11,11200,성동구,연립다세대,49,104,35970.0,25439.0,4715.0,2688.0,0.7072,0.5701
2025-11,11215,광진구,아파트,36,285,112500.0,70000.0,5166.0,2918.0,0.6222,0.5649
2025-11,11215,광진구,연립다세대,154,243,44000.0,26000.0,3505.0,2295.0,0.5909,0.6548
2025-11,11230,동대문구,아파트,142,420,85750.0,55000.0,3973.0,2488.0,0.6414,0.6262
2025-11,11230,동대문구,연립다세대,44,123,39100.0,21900.0,2795.0,2317.0,0.5601,0.8291
2025-11,11260,중랑구,아파트,97,241,62500.0,43000.0,2997.0,1910.0,0.688,0.6374
2025-11,11260,중랑구,연립다세대,141,155,33000.0,20500.0,2930.0,1985.0,0.6212,0.6775
2025-11,11290,성북구,아파트,195,452,90000.0,54000.0,3826.0,2315.0,0.6,0.605
2025-11,11290,성북구,연립다세대,82,175,33450.0,19000.0,2284.0,1803.0,0.568,0.7895
2025-11,11305,강북구,아파트,70,117,64350.0,42000.0,2956.0,1750.0,0.6527,0.5922
2025-11,11305,강북구,연립다세대,83,109,22600.0,15000.0,1498.0,1045.0,0.6637,0.6976
2025-11,11320,도봉구,아파트,98,244,56000.0,30488.0,2450.0,1523.0,0.5444,0.6217
2025-11,11320,도봉구,연립다세대,74,73,20000.0,15000.0,1483.0,1025.0,0.75,0.6912
2025-11,11350,노원구,아파트,232,965,59150.0,29000.0,3285.0,1674.0,0.4903,0.5097
2025-11,11350,노원구,연립다세대,27,53,24500.0,17300.0,1583.0,1134.0,0.7061,0.7162
2025-11,11380,은평구,아파트,184,418,75500.0,52000.0,3710.0,2268.0,0.6887,0.6114
2025-11,11380,은평구,연립다세대,184,202,27125.0,20000.0,2184.0,1542.0,0.7373,0.7059
2025-11,11410,서대문구,아파트,138,403,95000.0,57750.0,4034.0,2647.0,0.6079,0.6562
2025-11,11410,서대문구,연립다세대,82,101,34850.0,19000.0,2173.0,1317.0,0.5452,0.6059
2025-11,11440,마포구,아파트,90,588,116000.0,69450.0,4774.0,3079.0,0.5987,0.645
2025-11,11440,마포구,연립다세대,112,287,45000.0,22500.0,4242.0,2261.0,0.5,0.5329
2025-11,11470,양천구,아파트,164,717,120000.0,59800.0,4766.0,2696.0,0.4983,0.5657
2025-11,11470,양천구,연립다세대,169,170,29000.0,19275.0,2417.0,1463.0,0.6647,0.6055
2025-11,11500,강서구,아파트,183,677,86500.0,46000.0,4028.0,2235.0,0.5318,0.5548
2025-11,11500,강서구,연립다세대,169,255,24000.0,17500.0,1984.0,1579.0,0.7292,0.7958
2025-11,11530,구로구,아파트,162,370,70000.0,40285.0,3281.0,1863.0,0.5755,0.5679
2025-11,11530,구로구,연립다세대,57,118,25500.0,16875.0,1896.0,1121.0,0.6618,0.5914
2025-11,11545,금천구,아파트,51,136,68000.0,35500.0,2765.0,1747.0,0.5221,0.632
2025-11,11545,금천구,연립다세대,52,78,28100.0,19620.0,2544.0,2063.0,0.6982,0.8111
2025-11,11560,영등포구,아파트,109,557,110000.0,59000.0,4935.0,2569.0,0.5364,0.5206
2025-11,11560,영등포구,연립다세대,52,92,34750.0,23000.0,3421.0,2437.0,0.6619,0.7123
2025-11,11590,동작구,아파트,77,441,130000.0,68000.0,5021.0,2724.0,0.5231,0.5426
2025-11,11590,동작구,연립다세대,144,216,40250.0,25000.0,3368.0,2075.0,0.6211,0.6161
2025-11,11620,관악구,아파트,99,294,86750.0,49000.0,3408.0,2182.0,0.5648,0.6402
2025-11,11620,관악구,연립다세대,87,121,33000.0,20070.0,1907.0,1894.0,0.6082,0.993
2025-11,11650,서초구,아파트,227,776,205000.0,90000.0,7387.0,3520.0,0.439,0.4765
2025-11,11650,서초구,연립다세대,126,277,70000.0,31500.0,5056.0,2394.0,0.45,0.4735
2025-11,11680,강남구,아파트,267,1122,240000.0,93500.0,9890.0,3677.0,0.3896,0.3718
2025-11,11680,강남구,연립다세대,112,225,65500.0,31000.0,5031.0,2390.0,0.4733,0.475
2025-11,11710,송파구,아파트,428,1073,152750.0,80000.0,6574.0,3225.0,0.5237,0.4906
2025-11,11710,송파구,연립다세대,263,472,42000.0,25000.0,3391.0,1921.0,0.5952,0.5664
2025-11,11740,강동구,아파트,111,822,116000.0,64998.0,4985.0,2787.0,0.5603,0.5592
2025-11,11740,강동구,연립다세대,136,229,34850.0,23100.0,3496.0,2223.0,0.6628,0.6359
2025-11,41111,수원시 장안구,아파트,108,301,52650.0,32000.0,2304.0,1557.0,0.6078,0.676
2025-11,41111,수원시 장안구,연립다세대,32,72,15150.0,9000.0,993.0,765.0,0.5941,0.7706
2025-11,41113,수원시 권선구,아파트,466,361,44000.0,32000.0,2114.0,1463.0,0.7273,0.6918
2025-11,41113,수원시 권선구,연립다세대,57,72,17500.0,12000.0,1061.0,948.0,0.6857,0.8929
2025-11,41115,수원시 팔달구,아파트,114,216,65000.0,35000.0,3159.0,1653.0,0.5385,0.5233
2025-11,41115,수원시 팔달구,연립다세대,44,52,23500.0,12000.0,1861.0,983.0,0.5106,0.5283
2025-11,41117,수원시 영통구,아파트,346,713,71000.0,39463.0,2991.0,1729.0,0.5558,0.5781
2025-11,41117,수원시 영통구,연립다세대,12,20,122000.0,20000.0,3330.0,2013.0,0.1639,0.6045
2025-11,41131,성남시 수정구,아파트,47,350,118000.0,55000.0,4791.0,2551.0,0.4661,0.5325
2025-11,41131,성남시 수정구,연립다세대,33,71,22500.0,14000.0,1747.0,1047.0,0.6222,0.5994
2025-11,41133,성남시 중원구,아파트,36,152,79250.0,49150.0,3571.0,2213.0,0.6202,0.6197
2025-11,41133,성남시 중원구,연립다세대,56,128,23200.0,13650.0,1595.0,1006.0,0.5884,0.6306
2025-11,41135,성남시 분당구,아파트,87,1067,140000.0,68000.0,6225.0,2671.0,0.4857,0.429
2025-11,41135,성남시 분당구,연립다세대,21,82,90000.0,44000.0,2893.0,2051.0,0.4889,0.7091
2025-11,41150,의정부시,아파트,421,416,35800.0,24000.0,1594.0,1171.0,0.6704,0.7344
2025-11,41150,의정부시,연립다세대,58,49,14200.0,8580.0,983.0,642.0,0.6042,0.6534
2025-11,41171,안양시 만안구,아파트,235,169,56500.0,40000.0,2920.0,1847.0,0.708,0.6327
2025-11,41171,안양시 만안구,연립다세대,82,65,19350.0,13000.0,1582.0,909.0,0.6718,0.5748
2025-11,41173,안양시 동안구,아파트,159,738,70500.0,42000.0,3617.0,2078.0,0.5957,0.5745
2025-11,41173,안양시 동안구,연립다세대,30,63,27150.0,16000.0,3252.0,1291.0,0.5893,0.397
2025-11,41192,부천시 원미구,아파트,405,365,59500.0,30000.0,2569.0,1596.0,0.5042,0.6212
2025-11,41192,부천시 원미구,연립다세대,70,76,19000.0,11500.0,1259.0,854.0,0.6053,0.678
2025-11,41194,부천시 소사구,아파트,218,174,53400.0,36375.0,2323.0,1662.0,0.6812,0.7152
2025-11,41194,부천시 소사구,연립다세대,57,40,15000.0,12200.0,1030.0,820.0,0.8133,0.7961
2025-11,41196,부천시 오정구,아파트,48,57,23325.0,26800.0,1423.0,1148.0,1.149,0.8064
2025-11,41196,부천시 오정구,연립다세대,82,77,12300.0,9900.0,1117.0,772.0,0.8049,0.6912
2025-11,41210,광명시,아파트,198,617,71750.0,40000.0,3337.0,1918.0,0.5575,0.5746
2025-11,41210,광명시,연립다세대,61,67,33000.0,16000.0,2575.0,1080.0,0.4848,0.4194
2025-11,41220,평택시,아파트,613,665,30900.0,20650.0,1342.0,935.0,0.6683,0.6967
2025-11,41220,평택시,연립다세대,56,38,8100.0,7600.0,545.0,537.0,0.9383,0.9855
2025-11,41250,동두천시,아파트,77,108,15000.0,13000.0,748.0,738.0,0.8667,0.9863
2025-11,41250,동두천시,연립다세대,25,12,4800.0,5000.0,297.0,601.0,1.0417,2.0256
2025-11,41271,안산시 상록구,아파트,145,169,39200.0,20000.0,1775.0,1105.0,0.5102,0.6225
2025-11,41271,안산시 상록구,연립다세대,188,73,12450.0,9000.0,776.0,624.0,0.7229,0.8042
2025-11,41273,안산시 단원구,아파트,243,244,48000.0,30000.0,2143.0,1339.0,0.625,0.6246
2025-11,41273,안산시 단원구,연립다세대,63,52,16500.0,10000.0,901.0,723.0,0.6061,0.802
2025-11,41281,고양시 덕양구,아파트,416,528,60250.0,40000.0,2640.0,1634.0,0.6639,0.6187
2025-11,41281,고양시 덕양구,연립다세대,69,64,16800.0,12495.0,1044.0,824.0,0.7438,0.7889
2025-11,41285,고양시 일산동구,아파트,212,357,53400.0,40000.0,1946.0,1536.0,0.7491,0.7892
2025-11,41285,고양시 일산동구,연립다세대,22,32,23000.0,18000.0,1176.0,1024.0,0.7826,0.8707
2025-11,41287,고양시 일산서구,아파트,272,452,39400.0,30000.0,1708.0,1280.0,0.7614,0.7495
2025-11,41287,고양시 일산서구,연립다세대,20,20,17950.0,19000.0,1061.0,812.0,1.0585,0.7651
2025-11,41290,과천시,아파트,5,137,247000.0,86625.0,10042.0,3930.0,0.3507,0.3913
2025-11,41290,과천시,연립다세대,10,28,81000.0,46350.0,3562.0,2478.0,0.5722,0.6958
2025-11,41310,구리시,아파트,346,259,64000.0,40000.0,3088.0,1876.0,0.625,0.6076
2025-11,41310,구리시,연립다세대,33,25,34000.0,18000.0,2369.0,1060.0,0.5294,0.4475
2025-11,41360,남양주시,아파트,738,955,56500.0,34000.0,2159.0,1355.0,0.6018,0.6277
2025-11,41360,남양주시,연립다세대,92,103,12600.0,10200.0,844.0,672.0,0.8095,0.7958
2025-11,41370,오산시,아파트,234,245,34000.0,25000.0,1430.0,1081.0,0.7353,0.7559
2025-11,41370,오산시,연립다세대,21,20,6000.0,9200.0,555.0,654.0,1.5333,1.1784
2025-11,41390,시흥시,아파트,502,491,43350.0,25200.0,1981.0,1200.0,0.5813,0.6059
2025-11,41390,시흥시,연립다세대,43,49,12000.0,8500.0,871.0,607.0,0.7083,0.6967
2025-11,41410,군포시,아파트,365,318,48000.0,26000.0,2245.0,1427.0,0.5417,0.6358
2025-11,41410,군포시,연립다세대,39,46,25000.0,13000.0,1516.0,1092.0,0.52,0.7205
2025-11,41430,의왕시,아파트,83,281,69800.0,45000.0,3074.0,1908.0,0.6447,0.6207
2025-11,41430,의왕시,연립다세대,11,34,8300.0,16000.0,955.0,1170.0,1.9277,1.2245
2025-11,41450,하남시,아파트,156,498,100750.0,61975.0,4192.0,2551.0,0.6151,0.6084
2025-11,41450,하남시,연립다세대,10,22,50500.0,23075.0,2801.0,1462.0,0.4569,0.5219
2025-11,41461,용인시 처인구,아파트,198,260,37700.0,19750.0,1680.0,915.0,0.5239,0.5444
2025-11,41461,용인시 처인구,연립다세대,91,51,12000.0,9000.0,704.0,542.0,0.75,0.7703
2025-11,41463,용인시 기흥구,아파트,634,664,57500.0,40000.0,2344.0,1523.0,0.6957,0.6497
2025-11,41463,용인시 기흥구,연립다세대,28,51,21750.0,16000.0,1282.0,1207.0,0.7356,0.9417
2025-11,41465,용인시 수지구,아파트,258,702,79500.0,54000.0,3059.0,1994.0,0.6792,0.652
2025-11,41465,용인시 수지구,연립다세대,11,29,29750.0,27600.0,2001.0,1744.0,0.9277,0.8715
2025-11,41480,파주시,아파트,399,463,40900.0,29000.0,1595.0,1167.0,0.709,0.732
2025-11,41480,파주시,연립다세대,53,28,19000.0,11500.0,1054.0,645.0,0.6053,0.6119
2025-11,41500,이천시,아파트,101,134,20850.0,19800.0,943.0,909.0,0.9496,0.9636
2025-11,41500,이천시,연립다세대,26,12,7500.0,10800.0,478.0,678.0,1.44,1.419
2025-11,41550,안성시,아파트,193,191,21400.0,13000.0,895.0,711.0,0.6075,0.7944
2025-11,41550,안성시,연립다세대,18,8,7000.0,8000.0,388.0,448.0,1.1429,1.155
2025-11,41570,김포시,아파트,411,524,45400.0,31000.0,1824.0,1245.0,0.6828,0.6824
2025-11,41570,김포시,연립다세대,47,25,23000.0,35000.0,1230.0,1308.0,1.5217,1.0635
2025-11,41591,화성시 만세구,아파트,124,316,38750.0,20750.0,1590.0,845.0,0.5355,0.5311
2025-11,41591,화성시 만세구,연립다세대,36,5,8750.0,7300.0,521.0,524.0,0.8343,1.0059
2025-11,41593,화성시 효행구,아파트,145,107,36500.0,26900.0,1490.0,1184.0,0.737,0.7948
2025-11,41593,화성시 효행구,연립다세대,40,10,8000.0,8475.0,1271.0,613.0,1.0594,0.4822
2025-11,41595,화성시 병점구,아파트,254,170,47150.0,30000.0,1883.0,1299.0,0.6363,0.6899
2025-11,41595,화성시 병점구,연립다세대,8,33,7100.0,10000.0,493.0,1350.0,1.4085,2.7394
2025-11,41597,화성시 동탄구,아파트,1064,781,69500.0,39000.0,2936.0,1665.0,0.5612,0.5669
2025-11,41597,화성시 동탄구,연립다세대,7,9,59000.0,47250.0,2304.0,1840.0,0.8008,0.7987
2025-11,41610,광주시,아파트,252,203,45000.0,34500.0,1817.0,1386.0,0.7667,0.7629
2025-11,41610,광주시,연립다세대,190,91,16200.0,13200.0,950.0,728.0,0.8148,0.7658
2025-11,41630,양주시,아파트,227,284,30800.0,21000.0,1470.0,953.0,0.6818,0.6481
2025-11,41630,양주시,연립다세대,26,10,8200.0,10750.0,520.0,432.0,1.311,0.8312
2025-11,41650,포천시,아파트,64,176,18150.0,29500.0,838.0,1152.0,1.6253,1.3752
2025-11,41650,포천시,연립다세대,32,11,5300.0,8000.0,317.0,391.0,1.5094,1.2338
2025-11,41670,여주시,아파트,59,47,18000.0,20300.0,857.0,744.0,1.1278,0.8677
2025-11,41670,여주시,연립다세대,9,6,9200.0,7700.0,497.0,667.0,0.837,1.3419
2025-11,41800,연천군,아파트,15,17,8000.0,15300.0,473.0,606.0,1.9125,1.283
2025-11,41800,연천군,연립다세대,8,2,3850.0,8850.0,235.0,597.0,2.2987,2.542
2025-11,41820,가평군,아파트,27,36,23800.0,22000.0,980.0,935.0,0.9244,0.954
2025-11,41820,가평군,연립다세대,18,6,8450.0,6880.0,434.0,427.0,0.8142,0.9836
2025-11,41830,양평군,아파트,50,56,43000.0,25500.0,1855.0,1103.0,0.593,0.5945
2025-11,41830,양평군,연립다세대,12,13,10650.0,9000.0,540.0,583.0,0.8451,1.0806
2025-12,11110,종로구,아파트,44,90,109950.0,78900.0,4254.0,3245.0,0.7176,0.7627
2025-12,11110,종로구,연립다세대,35,74,45000.0,23500.0,2352.0,1551.0,0.5222,0.6593
2025-12,11140,중구,아파트,73,171,115000.0,68000.0,4875.0,3035.0,0.5913,0.6225
2025-12,11140,중구,연립다세대,30,49,62500.0,20000.0,4406.0,1551.0,0.32,0.352
2025-12,11170,용산구,아파트,63,292,173000.0,73000.0,7661.0,3167.0,0.422,0.4134
2025-12,11170,용산구,연립다세대,59,292,73000.0,24000.0,6338.0,2622.0,0.3288,0.4137
2025-12,11200,성동구,아파트,199,523,88500.0,75000.0,5813.0,3300.0,0.8475,0.5677
2025-12,11200,성동구,연립다세대,38,108,54850.0,25000.0,4157.0,2767.0,0.4558,0.6657
2025-12,11215,광진구,아파트,65,262,159000.0,68250.0,6500.0,3023.0,0.4292,0.4651
2025-12,11215,광진구,연립다세대,204,285,40475.0,26000.0,3727.0,2269.0,0.6424,0.6087
2025-12,11230,동대문구,아파트,274,385,77000.0,55000.0,4280.0,2536.0,0.7143,0.5926
2025-12,11230,동대문구,연립다세대,63,144,32800.0,23000.0,3307.0,2448.0,0.7012,0.7403
2025-12,11260,중랑구,아파트,150,234,64500.0,43000.0,3106.0,1889.0,0.6667,0.6082
2025-12,11260,중랑구,연립다세대,127,165,33000.0,20700.0,2878.0,2054.0,0.6273,0.7136
2025-12,11290,성북구,아파트,314,476,86750.0,54600.0,3646.0,2311.0,0.6294,0.6339
2025-12,11290,성북구,연립다세대,97,141,35000.0,20000.0,2738.0,1915.0,0.5714,0.6992
2025-12,11305,강북구,아파트,114,116,69000.0,45575.0,3042.0,2013.0,0.6605,0.6618
2025-12,11305,강북구,연립다세대,79,81,22500.0,14600.0,1559.0,1081.0,0.6489,0.693
2025-12,11320,도봉구,아파트,139,262,57000.0,33000.0,2743.0,1575.0,0.5789,0.5742
2025-12,11320,도봉구,연립다세대,87,62,20000.0,16000.0,1360.0,1045.0,0.8,0.768
2025-12,11350,노원구,아파트,504,898,59000.0,30000.0,3345.0,1711.0,0.5085,0.5114
2025-12,11350,노원구,연립다세대,41,55,21500.0,12000.0,1605.0,1179.0,0.5581,0.7345
2025-12,11380,은평구,아파트,214,423,84000.0,53000.0,3807.0,2246.0,0.631,0.59
2025-12,11380,은평구,연립다세대,167,206,28500.0,18390.0,2225.0,1365.0,0.6453,0.6135
2025-12,11410,서대문구,아파트,235,413,95000.0,59000.0,4285.0,2645.0,0.6211,0.6172
2025-12,11410,서대문구,연립다세대,76,96,34100.0,20000.0,2117.0,1264.0,0.5865,0.5972
2025-12,11440,마포구,아파트,139,600,139000.0,69325.0,5647.0,3038.0,0.4987,0.538
2025-12,11440,마포구,연립다세대,145,311,41000.0,23000.0,3983.0,2487.0,0.561,0.6244
2025-12,11470,양천구,아파트,217,664,142000.0,59425.0,5305.0,2671.0,0.4185,0.5036
2025-12,11470,양천구,연립다세대,211,189,27500.0,18900.0,2125.0,1397.0,0.6873,0.6577
2025-12,11500,강서구,아파트,298,603,89000.0,47000.0,3938.0,2246.0,0.5281,0.5703
2025-12,11500,강서구,연립다세대,158,231,23000.0,18520.0,1831.0,1615.0,0.8052,0.882
2025-12,11530,구로구,아파트,275,522,72500.0,35000.0,3280.0,1673.0,0.4828,0.51
2025-12,11530,구로구,연립다세대,62,101,26900.0,16000.0,2031.0,1171.0,0.5948,0.5765
2025-12,11545,금천구,아파트,80,131,57600.0,37000.0,3019.0,1774.0,0.6424,0.5876
2025-12,11545,금천구,연립다세대,93,76,26000.0,20600.0,2364.0,2009.0,0.7923,0.8496
2025-12,11560,영등포구,아파트,235,543,106500.0,60900.0,4964.0,2656.0,0.5718,0.5351
2025-12,11560,영등포구,연립다세대,106,97,34022.0,25000.0,4536.0,2867.0,0.7348,0.632
2025-12,11590,동작구,아파트,145,485,134000.0,67000.0,5489.0,2733.0,0.5,0.498
2025-12,11590,동작구,연립다세대,167,213,42000.0,25000.0,3265.0,1950.0,0.5952,0.5974
2025-12,11620,관악구,아파트,162,285,87750.0,50925.0,3553.0,2259.0,0.5803,0.6358
2025-12,11620,관악구,연립다세대,145,96,33000.0,18700.0,2530.0,1523.0,0.5667,0.602
2025-12,11650,서초구,아파트,145,783,183000.0,94500.0,6504.0,3717.0,0.5164,0.5715
2025-12,11650,서초구,연립다세대,153,287,51866.0,33000.0,5571.0,2634.0,0.6363,0.4728
2025-12,11680,강남구,아파트,169,1282,201000.0,85000.0,9947.0,3490.0,0.4229,0.3509
2025-12,11680,강남구,연립다세대,112,220,55000.0,29900.0,4940.0,2753.0,0.5436,0.5572
2025-12,11710,송파구,아파트,309,1409,155000.0,63000.0,6778.0,2721.0,0.4065,0.4014
2025-12,11710,송파구,연립다세대,216,415,41000.0,25000.0,3284.0,1938.0,0.6098,0.5901
2025-12,11740,강동구,아파트,212,702,117000.0,60950.0,4764.0,2682.0,0.5209,0.5629
2025-12,11740,강동구,연립다세대,164,242,35900.0,25000.0,3344.0,2194.0,0.6964,0.6561
2025-12,41111,수원시 장안구,아파트,187,288,50100.0,30200.0,2308.0,1547.0,0.6028,0.6702
2025-12,41111,수원시 장안구,연립다세대,40,48,15000.0,9050.0,1075.0,873.0,0.6033,0.8118
2025-12,41113,수원시 권선구,아파트,406,305,43675.0,31500.0,2114.0,1441.0,0.7212,0.6816
2025-12,41113,수원시 권선구,연립다세대,45,64,17000.0,12000.0,1096.0,922.0,0.7059,0.8411
2025-12,41115,수원시 팔달구,아파트,162,238,66150.0,30000.0,3033.0,1621.0,0.4535,0.5345
2025-12,41115,수원시 팔달구,연립다세대,44,59,20500.0,11900.0,1436.0,1071.0,0.5805,0.7457
2025-12,41117,수원시 영통구,아파트,410,616,64200.0,37000.0,2838.0,1678.0,0.5763,0.5914
2025-12,41117,수원시 영통구,연립다세대,9,24,123000.0,16065.0,3396.0,1735.0,0.1306,0.5108
2025-12,41131,성남시 수정구,아파트,110,295,118600.0,60000.0,4798.0,2706.0,0.5059,0.5641
2025-12,41131,성남시 수정구,연립다세대,41,48,25000.0,17000.0,1947.0,1067.0,0.68,0.548
2025-12,41133,성남시 중원구,아파트,129,148,77900.0,45000.0,3476.0,2101.0,0.5777,0.6045
2025-12,41133,성남시 중원구,연립다세대,66,107,29750.0,13500.0,1809.0,976.0,0.4538,0.5396
2025-12,41135,성남시 분당구,아파트,262,1043,149250.0,68000.0,6031.0,2693.0,0.4556,0.4465
2025-12,41135,성남시 분당구,연립다세대,29,72,95000.0,48000.0,3549.0,2133.0,0.5053,0.6011
2025-12,41150,의정부시,아파트,318,434,34000.0,23000.0,1521.0,1175.0,0.6765,0.7726
2025-12,41150,의정부시,연립다세대,58,68,15950.0,8475.0,1161.0,606.0,0.5313,0.522
2025-12,41171,안양시 만안구,아파트,223,162,61000.0,35850.0,3113.0,1817.0,0.5877,0.5838
2025-12,41171,안양시 만안구,연립다세대,97,63,26000.0,13000.0,1808.0,1061.0,0.5,0.5866
2025-12,41173,안양시 동안구,아파트,427,713,76000.0,42000.0,3673.0,2044.0,0.5526,0.5565
2025-12,41173,안양시 동안구,연립다세대,54,59,16450.0,15000.0,2507.0,1199.0,0.9119,0.4782
2025-12,41192,부천시 원미구,아파트,319,417,53000.0,28350.0,2444.0,1578.0,0.5349,0.6456
2025-12,41192,부천시 원미구,연립다세대,69,78,16000.0,11700.0,1084.0,794.0,0.7312,0.732
2025-12,41194,부천시 소사구,아파트,176,177,53950.0,35000.0,2340.0,1641.0,0.6487,0.7013
2025-12,41194,부천시 소사구,연립다세대,61,38,16900.0,11000.0,1175.0,798.0,0.6509,0.6793
2025-12,41196,부천시 오정구,아파트,48,64,40425.0,20500.0,2044.0,1118.0,0.5071,0.547
2025-12,41196,부천시 오정구,연립다세대,102,77,12200.0,10000.0,995.0,749.0,0.8197,0.7531
2025-12,41210,광명시,아파트,299,539,73500.0,38000.0,3408.0,1768.0,0.517,0.5189
2025-12,41210,광명시,연립다세대,75,34,36000.0,17000.0,2524.0,1164.0,0.4722,0.4612
2025-12,41220,평택시,아파트,515,652,28300.0,21000.0,1286.0,951.0,0.742,0.7401
2025-12,41220,평택시,연립다세대,42,32,9650.0,8000.0,542.0,581.0,0.829,1.0723
2025-12,41250,동두천시,아파트,53,51,16500.0,12500.0,839.0,729.0,0.7576,0.8696
2025-12,41250,동두천시,연립다세대,20,10,6950.0,6000.0,383.0,644.0,0.8633,1.6814
2025-12,41271,안산시 상록구,아파트,155,169,38000.0,23000.0,1689.0,1055.0,0.6053,0.625
2025-12,41271,안산시 상록구,연립다세대,115,43,13000.0,10900.0,746.0,716.0,0.8385,0.9602
2025-12,41273,안산시 단원구,아파트,185,282,49000.0,29000.0,2237.0,1370.0,0.5918,0.6125
2025-12,41273,안산시 단원구,연립다세대,53,24,18900.0,8350.0,1168.0,621.0,0.4418,0.5315
2025-12,41281,고양시 덕양구,아파트,346,466,56700.0,37000.0,2345.0,1586.0,0.6526,0.6766
2025-12,41281,고양시 덕양구,연립다세대,60,66,16500.0,16000.0,1076.0,957.0,0.9697,0.8894
2025-12,41285,고양시 일산동구,아파트,174,321,52950.0,40000.0,1918.0,1448.0,0.7554,0.7548
2025-12,41285,고양시 일산동구,연립다세대,23,23,29800.0,23000.0,1575.0,1134.0,0.7718,0.72
2025-12,41287,고양시 일산서구,아파트,188,430,38500.0,29000.0,1733.0,1310.0,0.7532,0.7561
2025-12,41287,고양시 일산서구,연립다세대,10,14,25750.0,15250.0,1217.0,933.0,0.5922,0.7668
2025-12,41290,과천시,아파트,8,146,214700.0,88250.0,8766.0,3888.0,0.411,0.4435
2025-12,41290,과천시,연립다세대,9,31,100000.0,42000.0,6283.0,2685.0,0.42,0.4274
2025-12,41310,구리시,아파트,309,273,63500.0,40000.0,3010.0,1814.0,0.6299,0.6026
2025-12,41310,구리시,연립다세대,51,31,33000.0,16000.0,2598.0,1110.0,0.4848,0.427
2025-12,41360,남양주시,아파트,638,919,49500.0,35000.0,2024.0,1430.0,0.7071,0.7065
2025-12,41360,남양주시,연립다세대,96,105,15250.0,11000.0,951.0,688.0,0.7213,0.7241
2025-12,41370,오산시,아파트,204,229,35000.0,25000.0,1420.0,1102.0,0.7143,0.7761
2025-12,41370,오산시,연립다세대,29,18,8200.0,9150.0,841.0,1052.0,1.1159,1.2512
2025-12,41390,시흥시,아파트,415,482,42300.0,29500.0,1956.0,1245.0,0.6974,0.6366
2025-12,41390,시흥시,연립다세대,77,51,10000.0,8500.0,945.0,590.0,0.85,0.6245
2025-12,41410,군포시,아파트,295,326,42500.0,26000.0,2243.0,1470.0,0.6118,0.6554
2025-12,41410,군포시,연립다세대,35,42,21500.0,12000.0,1719.0,1049.0,0.5581,0.6102
2025-12,41430,의왕시,아파트,148,240,74350.0,45000.0,3185.0,1868.0,0.6052,0.5865
2025-12,41430,의왕시,연립다세대,11,28,23900.0,19550.0,1836.0,1172.0,0.818,0.6383
2025-12,41450,하남시,아파트,303,472,99500.0,62000.0,4243.0,2491.0,0.6231,0.587
2025-12,41450,하남시,연립다세대,14,17,48500.0,22000.0,2840.0,1462.0,0.4536,0.5147
2025-12,41461,용인시 처인구,아파트,196,216,34250.0,24000.0,1648.0,1285.0,0.7007,0.7797
2025-12,41461,용인시 처인구,연립다세대,94,59,12675.0,8200.0,780.0,555.0,0.6469,0.7115
2025-12,41463,용인시 기흥구,아파트,639,640,56800.0,39900.0,2278.0,1550.0,0.7025,0.6803
2025-12,41463,용인시 기흥구,연립다세대,19,51,39000.0,15000.0,1604.0,1199.0,0.3846,0.7475
2025-12,41465,용인시 수지구,아파트,584,689,80250.0,53000.0,3105.0,2040.0,0.6604,0.6572
2025-12,41465,용인시 수지구,연립다세대,18,39,37400.0,27900.0,2187.0,1609.0,0.746,0.7357
2025-12,41480,파주시,아파트,302,540,40200.0,26225.0,1571.0,1050.0,0.6524,0.6686
2025-12,41480,파주시,연립다세대,72,35,25000.0,14700.0,1280.0,859.0,0.588,0.6713
2025-12,41500,이천시,아파트,129,120,20500.0,21500.0,928.0,934.0,1.0488,1.0064
2025-12,41500,이천시,연립다세대,29,13,11500.0,10000.0,684.0,574.0,0.8696,0.8385
2025-12,41550,안성시,아파트,157,184,13400.0,15000.0,801.0,726.0,1.1194,0.9068
2025-12,41550,안성시,연립다세대,20,6,7100.0,7000.0,461.0,336.0,0.9859,0.7288
2025-12,41570,김포시,아파트,371,533,43900.0,31500.0,1814.0,1253.0,0.7175,0.6908
2025-12,41570,김포시,연립다세대,35,23,15600.0,13000.0,997.0,766.0,0.8333,0.7681
2025-12,41591,화성시 만세구,아파트,103,342,37500.0,21666.0,1571.0,843.0,0.5778,0.5363
2025-12,41591,화성시 만세구,연립다세대,27,6,15000.0,7750.0,684.0,568.0,0.5167,0.8301
2025-12,41593,화성시 효행구,아파트,142,88,33850.0,27000.0,1377.0,1228.0,0.7976,0.892
2025-12,41593,화성시 효행구,연립다세대,17,11,6500.0,8400.0,459.0,662.0,1.2923,1.4415
2025-12,41595,화성시 병점구,아파트,191,219,45500.0,30000.0,1809.0,1288.0,0.6593,0.7124
2025-12,41595,화성시 병점구,연립다세대,29,21,10045.0,12000.0,2017.0,1522.0,1.1946,0.7544
2025-12,41597,화성시 동탄구,아파트,693,701,68500.0,39500.0,2857.0,1676.0,0.5766,0.5864
2025-12,41597,화성시 동탄구,연립다세대,8,9,63410.0,42000.0,2319.0,1304.0,0.6624,0.5622
2025-12,41610,광주시,아파트,249,226,46500.0,33038.0,1900.0,1390.0,0.7105,0.7316
2025-12,41610,광주시,연립다세대,168,109,18100.0,14800.0,1020.0,823.0,0.8177,0.8068
2025-12,41630,양주시,아파트,220,253,30000.0,21000.0,1452.0,865.0,0.7,0.5956
2025-12,41630,양주시,연립다세대,41,17,24000.0,9400.0,1090.0,703.0,0.3917,0.6443
2025-12,41650,포천시,아파트,58,133,19500.0,29000.0,982.0,1132.0,1.4872,1.1532
2025-12,41650,포천시,연립다세대,30,16,6200.0,8000.0,313.0,443.0,1.2903,1.4147
2025-12,41670,여주시,아파트,63,49,20000.0,22000.0,872.0,895.0,1.1,1.0263
2025-12,41670,여주시,연립다세대,35,5,22058.0,7500.0,1305.0,479.0,0.34,0.367
2025-12,41800,연천군,아파트,13,7,10800.0,13600.0,597.0,531.0,1.2593,0.8909
2025-12,41800,연천군,연립다세대,4,3,5000.0,3000.0,326.0,200.0,0.6,0.6115
2025-12,41820,가평군,아파트,32,29,26150.0,19500.0,1294.0,836.0,0.7457,0.6464
2025-12,41820,가평군,연립다세대,21,18,10500.0,6995.0,597.0,388.0,0.6662,0.6489
2025-12,41830,양평군,아파트,48,40,34850.0,28500.0,1547.0,1115.0,0.8178,0.7209
2025-12,41830,양평군,연립다세대,21,16,13000.0,15500.0,771.0,871.0,1.1923,1.1298
2026-01,11110,종로구,아파트,45,86,109990.0,72300.0,4283.0,2867.0,0.6573,0.6694
2026-01,11110,종로구,연립다세대,47,71,47000.0,24000.0,2281.0,1657.0,0.5106,0.7263
2026-01,11140,중구,아파트,77,185,134500.0,65000.0,5598.0,3008.0,0.4833,0.5374
2026-01,11140,중구,연립다세대,38,57,41250.0,26000.0,3316.0,1817.0,0.6303,0.5479
2026-01,11170,용산구,아파트,82,273,196000.0,69800.0,7595.0,3170.0,0.3561,0.4174
2026-01,11170,용산구,연립다세대,105,345,76800.0,25500.0,6427.0,2869.0,0.332,0.4464
2026-01,11200,성동구,아파트,127,652,164500.0,73000.0,7082.0,3234.0,0.4438,0.4566
2026-01,11200,성동구,연립다세대,77,120,35000.0,25000.0,4212.0,2830.0,0.7143,0.6719
2026-01,11215,광진구,아파트,64,245,154000.0,68250.0,6601.0,2945.0,0.4432,0.4461
2026-01,11215,광진구,연립다세대,252,311,45250.0,25000.0,3784.0,2480.0,0.5525,0.6554
2026-01,11230,동대문구,아파트,292,417,93000.0,59000.0,4027.0,2685.0,0.6344,0.6667
2026-01,11230,동대문구,연립다세대,76,147,40000.0,23940.0,3145.0,2595.0,0.5985,0.8251
2026-01,11260,중랑구,아파트,190,297,65900.0,41500.0,3094.0,1899.0,0.6297,0.6137
2026-01,11260,중랑구,연립다세대,100,217,32150.0,23000.0,2766.0,2127.0,0.7154,0.7687
2026-01,11290,성북구,아파트,358,428,93000.0,53000.0,3788.0,2313.0,0.5699,0.6108
2026-01,11290,성북구,연립다세대,138,170,39500.0,20000.0,2770.0,1762.0,0.5063,0.6362
2026-01,11305,강북구,아파트,123,122,68000.0,44100.0,3252.0,2061.0,0.6485,0.634
2026-01,11305,강북구,연립다세대,122,108,24450.0,15000.0,1931.0,1067.0,0.6135,0.5527
2026-01,11320,도봉구,아파트,167,298,58500.0,33000.0,2721.0,1578.0,0.5641,0.5798
2026-01,11320,도봉구,연립다세대,81,84,20700.0,16000.0,1473.0,1090.0,0.7729,0.7401
2026-01,11350,노원구,아파트,524,1054,60000.0,30000.0,3319.0,1693.0,0.5,0.5102
2026-01,11350,노원구,연립다세대,56,60,26800.0,14850.0,1748.0,1277.0,0.5541,0.7308
2026-01,11380,은평구,아파트,266,439,86000.0,52000.0,4069.0,2280.0,0.6047,0.5603
2026-01,11380,은평구,연립다세대,253,258,28000.0,20000.0,2123.0,1461.0,0.7143,0.688
2026-01,11410,서대문구,아파트,257,438,100000.0,59500.0,4341.0,2610.0,0.595,0.6013
2026-01,11410,서대문구,연립다세대,140,126,30450.0,18850.0,3761.0,1512.0,0.619,0.4021
2026-01,11440,마포구,아파트,159,597,134500.0,69000.0,5919.0,3034.0,0.513,0.5126
2026-01,11440,마포구,연립다세대,149,373,47000.0,23000.0,3537.0,2370.0,0.4894,0.6701
2026-01,11470,양천구,아파트,232,598,120000.0,57000.0,4861.0,2599.0,0.475,0.5346
2026-01,11470,양천구,연립다세대,220,205,28000.0,17850.0,2166.0,1379.0,0.6375,0.6364
2026-01,11500,강서구,아파트,365,647,88500.0,47250.0,4095.0,2335.0,0.5339,0.5703
2026-01,11500,강서구,연립다세대,215,290,24000.0,18000.0,1751.0,1576.0,0.75,0.8998
2026-01,11530,구로구,아파트,304,452,71000.0,40493.0,3306.0,1907.0,0.5703,0.5769
2026-01,11530,구로구,연립다세대,71,102,25000.0,16000.0,1590.0,1155.0,0.64,0.7263
2026-01,11545,금천구,아파트,118,129,60500.0,39900.0,2701.0,1727.0,0.6595,0.6394
2026-01,11545,금천구,연립다세대,85,100,28000.0,20000.0,2296.0,1829.0,0.7143,0.7964
2026-01,11560,영등포구,아파트,264,620,119400.0,58000.0,5328.0,2591.0,0.4858,0.4864
2026-01,11560,영등포구,연립다세대,101,130,39000.0,24000.0,4399.0,2546.0,0.6154,0.5786
2026-01,11590,동작구,아파트,203,542,143000.0,68000.0,5771.0,2877.0,0.4755,0.4986
2026-01,11590,동작구,연립다세대,268,206,42500.0,25000.0,3176.0,2000.0,0.5882,0.6296
2026-01,11620,관악구,아파트,192,252,87500.0,49000.0,3842.0,2213.0,0.56,0.5759
2026-01,11620,관악구,연립다세대,164,162,34000.0,20000.0,2624.0,1623.0,0.5882,0.6186
2026-01,11650,서초구,아파트,151,661,210000.0,90000.0,7035.0,3564.0,0.4286,0.5066
2026-01,11650,서초구,연립다세대,196,302,63750.0,32750.0,5353.0,2498.0,0.5137,0.4666
2026-01,11680,강남구,아파트,203,1106,230000.0,80150.0,10104.0,3423.0,0.3485,0.3388
2026-01,11680,강남구,연립다세대,137,244,58000.0,30000.0,5196.0,2929.0,0.5172,0.5637
2026-01,11710,송파구,아파트,341,1047,169000.0,70000.0,7302.0,2985.0,0.4142,0.4088
2026-01,11710,송파구,연립다세대,337,445,44500.0,23500.0,3597.0,1888.0,0.5281,0.5249
2026-01,11740,강동구,아파트,269,791,127000.0,60000.0,5507.0,2754.0,0.4724,0.5
2026-01,11740,강동구,연립다세대,158,290,37000.0,24000.0,3444.0,2221.0,0.6486,0.645
2026-01,41111,수원시 장안구,아파트,180,291,51500.0,33000.0,2349.0,1510.0,0.6408,0.6426
2026-01,41111,수원시 장안구,연립다세대,39,51,16000.0,8900.0,964.0,807.0,0.5563,0.8368
2026-01,41113,수원시 권선구,아파트,457,387,45000.0,30000.0,2091.0,1400.0,0.6667,0.6699
2026-01,41113,수원시 권선구,연립다세대,73,86,17600.0,11450.0,1146.0,1062.0,0.6506,0.9269
2026-01,41115,수원시 팔달구,아파트,171,276,60500.0,35000.0,3061.0,1607.0,0.5785,0.525
2026-01,41115,수원시 팔달구,연립다세대,43,68,23500.0,13000.0,1543.0,1340.0,0.5532,0.8683
2026-01,41117,수원시 영통구,아파트,400,607,61475.0,38000.0,2820.0,1741.0,0.6181,0.6175
2026-01,41117,수원시 영통구,연립다세대,9,15,25000.0,18900.0,1344.0,1606.0,0.756,1.1943
2026-01,41131,성남시 수정구,아파트,205,240,122300.0,61177.0,4791.0,2736.0,0.5002,0.5711
2026-01,41131,성남시 수정구,연립다세대,63,62,35000.0,18600.0,2042.0,1130.0,0.5314,0.5533
2026-01,41133,성남시 중원구,아파트,181,190,77000.0,46100.0,3541.0,2069.0,0.5987,0.5843
2026-01,41133,성남시 중원구,연립다세대,97,114,28000.0,13525.0,1816.0,1030.0,0.483,0.5672
2026-01,41135,성남시 분당구,아파트,358,1011,145000.0,64000.0,6781.0,2658.0,0.4414,0.392
2026-01,41135,성남시 분당구,연립다세대,47,71,111000.0,48000.0,4828.0,2085.0,0.4324,0.4318
2026-01,41150,의정부시,아파트,488,422,33850.0,25000.0,1538.0,1236.0,0.7386,0.8039
2026-01,41150,의정부시,연립다세대,63,50,14000.0,9700.0,954.0,640.0,0.6929,0.6709
2026-01,41171,안양시 만안구,아파트,337,151,59900.0,39900.0,2920.0,1875.0,0.6661,0.6422
2026-01,41171,안양시 만안구,연립다세대,115,63,22000.0,13000.0,1479.0,1029.0,0.5909,0.6956
2026-01,41173,안양시 동안구,아파트,417,722,71000.0,40000.0,3750.0,2017.0,0.5634,0.5379
2026-01,41173,안양시 동안구,연립다세대,71,54,35000.0,14500.0,2916.0,1159.0,0.4143,0.3976
2026-01,41192,부천시 원미구,아파트,390,416,55900.0,30000.0,2514.0,1573.0,0.5367,0.6256
2026-01,41192,부천시 원미구,연립다세대,92,71,17700.0,11300.0,1224.0,822.0,0.6384,0.6712
2026-01,41194,부천시 소사구,아파트,228,171,53650.0,36500.0,2323.0,1621.0,0.6803,0.6977
2026-01,41194,부천시 소사구,연립다세대,56,49,16850.0,10500.0,1256.0,760.0,0.6231,0.605
2026-01,41196,부천시 오정구,아파트,52,49,25400.0,24200.0,1697.0,1196.0,0.9528,0.7049
2026-01,41196,부천시 오정구,연립다세대,76,74,13750.0,10000.0,1018.0,770.0,0.7273,0.7562
2026-01,41210,광명시,아파트,353,601,72500.0,36000.0,3668.0,1725.0,0.4966,0.4702
2026-01,41210,광명시,연립다세대,77,83,37500.0,18300.0,2544.0,1199.0,0.488,0.4712
2026-01,41220,평택시,아파트,660,699,31000.0,20000.0,1334.0,898.0,0.6452,0.673
2026-01,41220,평택시,연립다세대,45,43,6500.0,5250.0,547.0,468.0,0.8077,0.8562
2026-01,41250,동두천시,아파트,88,76,15725.0,13750.0,858.0,700.0,0.8744,0.8166
2026-01,41250,동두천시,연립다세대,13,6,4500.0,4000.0,354.0,312.0,0.8889,0.882
2026-01,41271,안산시 상록구,아파트,171,198,36500.0,23000.0,1778.0,1105.0,0.6301,0.6218
2026-01,41271,안산시 상록구,연립다세대,154,61,13000.0,8000.0,708.0,604.0,0.6154,0.8526
2026-01,41273,안산시 단원구,아파트,237,353,45000.0,29400.0,2063.0,1327.0,0.6533,0.6432
2026-01,41273,안산시 단원구,연립다세대,53,41,19600.0,9900.0,1287.0,680.0,0.5051,0.5284
2026-01,41281,고양시 덕양구,아파트,426,573,52500.0,38000.0,2173.0,1603.0,0.7238,0.7378
2026-01,41281,고양시 덕양구,연립다세대,85,75,19200.0,13000.0,1357.0,939.0,0.6771,0.6918
2026-01,41285,고양시 일산동구,아파트,175,349,55000.0,38500.0,1912.0,1449.0,0.7,0.7578
2026-01,41285,고양시 일산동구,연립다세대,26,35,22100.0,26000.0,1316.0,1052.0,1.1765,0.7988
2026-01,41287,고양시 일산서구,아파트,244,499,37500.0,28000.0,1641.0,1270.0,0.7467,0.7737
2026-01,41287,고양시 일산서구,연립다세대,14,22,17850.0,22500.0,1106.0,935.0,1.2605,0.8452
2026-01,41290,과천시,아파트,13,120,220000.0,90000.0,10749.0,4023.0,0.4091,0.3743
2026-01,41290,과천시,연립다세대,10,28,97500.0,45025.0,5358.0,2459.0,0.4618,0.459
2026-01,41310,구리시,아파트,592,340,66000.0,40000.0,3190.0,1844.0,0.6061,0.5781
2026-01,41310,구리시,연립다세대,51,46,40000.0,18000.0,2513.0,1148.0,0.45,0.4567
2026-01,41360,남양주시,아파트,886,1077,54650.0,35000.0,2095.0,1439.0,0.6404,0.6868
2026-01,41360,남양주시,연립다세대,102,76,13000.0,9550.0,831.0,661.0,0.7346,0.7952
2026-01,41370,오산시,아파트,256,265,33500.0,24100.0,1373.0,1070.0,0.7194,0.7794
2026-01,41370,오산시,연립다세대,27,19,2874.0,8500.0,595.0,927.0,2.9576,1.5589
2026-01,41390,시흥시,아파트,484,537,40000.0,28000.0,1880.0,1276.0,0.7,0.6784
2026-01,41390,시흥시,연립다세대,48,60,11900.0,8300.0,750.0,625.0,0.6975,0.8331
2026-01,41410,군포시,아파트,498,389,46000.0,26000.0,2305.0,1482.0,0.5652,0.6429
2026-01,41410,군포시,연립다세대,28,50,31000.0,12800.0,1865.0,1032.0,0.4129,0.5532
2026-01,41430,의왕시,아파트,154,288,69250.0,45000.0,3068.0,1833.0,0.6498,0.5974
2026-01,41430,의왕시,연립다세대,10,38,42250.0,13850.0,2053.0,1165.0,0.3278,0.5671
2026-01,41450,하남시,아파트,246,484,104000.0,61650.0,4283.0,2494.0,0.5928,0.5823
2026-01,41450,하남시,연립다세대,16,29,35000.0,23150.0,2628.0,1532.0,0.6614,0.583
2026-01,41461,용인시 처인구,아파트,244,292,37650.0,26000.0,1670.0,1269.0,0.6906,0.7595
2026-01,41461,용인시 처인구,연립다세대,105,51,13000.0,8000.0,716.0,678.0,0.6154,0.9473
2026-01,41463,용인시 기흥구,아파트,974,770,59300.0,39000.0,2316.0,1550.0,0.6577,0.6692
2026-01,41463,용인시 기흥구,연립다세대,56,53,14900.0,15300.0,1264.0,1247.0,1.0268,0.987
2026-01,41465,용인시 수지구,아파트,630,727,81900.0,54000.0,3155.0,2026.0,0.6593,0.6421
2026-01,41465,용인시 수지구,연립다세대,13,58,24000.0,29300.0,1846.0,1821.0,1.2208,0.9865
2026-01,41480,파주시,아파트,327,515,36000.0,27000.0,1408.0,1116.0,0.75,0.7927
2026-01,41480,파주시,연립다세대,60,38,16500.0,13295.0,1018.0,745.0,0.8058,0.7317
2026-01,41500,이천시,아파트,118,166,20500.0,19000.0,917.0,892.0,0.9268,0.973
2026-01,41500,이천시,연립다세대,51,15,7000.0,8200.0,682.0,566.0,1.1714,0.8302
2026-01,41550,안성시,아파트,197,192,15700.0,15500.0,840.0,726.0,0.9873,0.8652
2026-01,41550,안성시,연립다세대,15,9,9500.0,8400.0,497.0,640.0,0.8842,1.2879
2026-01,41570,김포시,아파트,431,601,43500.0,31000.0,1902.0,1284.0,0.7126,0.6751
2026-01,41570,김포시,연립다세대,46,28,14000.0,36800.0,868.0,1358.0,2.6286,1.5645
2026-01,41591,화성시 만세구,아파트,105,353,39000.0,21010.0,1562.0,843.0,0.5387,0.5394
2026-01,41591,화성시 만세구,연립다세대,31,15,13980.0,6000.0,797.0,822.0,0.4292,1.0313
2026-01,41593,화성시 효행구,아파트,131,162,37500.0,27000.0,1428.0,1187.0,0.72,0.8315
2026-01,41593,화성시 효행구,연립다세대,14,11,9650.0,6000.0,562.0,638.0,0.6218,1.1368
2026-01,41595,화성시 병점구,아파트,239,201,44000.0,28000.0,1748.0,1278.0,0.6364,0.7312
2026-01,41595,화성시 병점구,연립다세대,10,28,9600.0,12000.0,714.0,1470.0,1.25,2.0576
2026-01,41597,화성시 동탄구,아파트,961,770,73500.0,40000.0,3146.0,1681.0,0.5442,0.5345
2026-01,41597,화성시 동탄구,연립다세대,8,6,57750.0,37350.0,2249.0,1455.0,0.6468,0.6467
2026-01,41610,광주시,아파트,270,289,44500.0,32000.0,1770.0,1381.0,0.7191,0.7803
2026-01,41610,광주시,연립다세대,209,108,17400.0,13000.0,949.0,735.0,0.7471,0.7744
2026-01,41630,양주시,아파트,250,272,31800.0,21513.0,1483.0,959.0,0.6765,0.6465
2026-01,41630,양주시,연립다세대,48,15,18250.0,6800.0,911.0,443.0,0.3726,0.487
2026-01,41650,포천시,아파트,62,66,19350.0,21000.0,934.0,912.0,1.0853,0.9763
2026-01,41650,포천시,연립다세대,78,8,12851.0,7000.0,755.0,423.0,0.5447,0.5597
2026-01,41670,여주시,아파트,64,57,18950.0,19000.0,844.0,803.0,1.0026,0.9506
2026-01,41670,여주시,연립다세대,14,13,11500.0,8000.0,585.0,616.0,0.6957,1.0522
2026-01,41800,연천군,아파트,8,13,19250.0,15000.0,800.0,585.0,0.7792,0.7309
2026-01,41800,연천군,연립다세대,8,2,5050.0,8150.0,326.0,658.0,1.6139,2.0217
2026-01,41820,가평군,아파트,33,30,23000.0,22000.0,1020.0,940.0,0.9565,0.9222
2026-01,41820,가평군,연립다세대,21,9,7000.0,5610.0,489.0,420.0,0.8014,0.8596
2026-01,41830,양평군,아파트,51,72,40000.0,24000.0,1827.0,1051.0,0.6,0.5756
2026-01,41830,양평군,연립다세대,15,16,16200.0,13750.0,754.0,766.0,0.8488,1.0159
2026-02,11110,종로구,아파트,51,64,100000.0,62750.0,4327.0,2531.0,0.6275,0.585
2026-02,11110,종로구,연립다세대,39,52,43000.0,23000.0,2376.0,1299.0,0.5349,0.5467
2026-02,11140,중구,아파트,62,143,118500.0,64000.0,5406.0,2843.0,0.5401,0.5259
2026-02,11140,중구,연립다세대,28,54,39150.0,24375.0,3469.0,1986.0,0.6226,0.5725
2026-02,11170,용산구,아파트,92,250,205000.0,70000.0,7857.0,3054.0,0.3415,0.3887
2026-02,11170,용산구,연립다세대,65,266,68900.0,25100.0,6663.0,2854.0,0.3643,0.4283
2026-02,11200,성동구,아파트,117,422,164000.0,73000.0,7196.0,3061.0,0.4451,0.4254
2026-02,11200,성동구,연립다세대,42,89,52100.0,25000.0,4318.0,2444.0,0.4798,0.5659
2026-02,11215,광진구,아파트,77,184,148000.0,69000.0,6075.0,2894.0,0.4662,0.4764
2026-02,11215,광진구,연립다세대,222,293,43500.0,26400.0,3871.0,2620.0,0.6069,0.6768
2026-02,11230,동대문구,아파트,232,323,96250.0,55650.0,4092.0,2538.0,0.5782,0.6202
2026-02,11230,동대문구,연립다세대,76,93,44750.0,24000.0,3274.0,2431.0,0.5363,0.7425
2026-02,11260,중랑구,아파트,200,350,67850.0,26365.0,3101.0,1055.0,0.3886,0.3402
2026-02,11260,중랑구,연립다세대,130,160,30000.0,21950.0,2749.0,2209.0,0.7317,0.8035
2026-02,11290,성북구,아파트,402,349,90850.0,52500.0,3823.0,2299.0,0.5779,0.6015
2026-02,11290,성북구,연립다세대,128,139,41500.0,20000.0,3203.0,1658.0,0.4819,0.5177
2026-02,11305,강북구,아파트,159,111,72700.0,45000.0,3044.0,1870.0,0.619,0.6142
2026-02,11305,강북구,연립다세대,93,100,21000.0,14350.0,1585.0,973.0,0.6833,0.6136
2026-02,11320,도봉구,아파트,198,264,54400.0,32000.0,2723.0,1600.0,0.5882,0.5875
2026-02,11320,도봉구,연립다세대,92,54,22850.0,14680.0,1599.0,1126.0,0.6425,0.7039
2026-02,11350,노원구,아파트,807,904,57700.0,29000.0,3473.0,1690.0,0.5026,0.4868
2026-02,11350,노원구,연립다세대,38,56,28625.0,16850.0,1850.0,1415.0,0.5886,0.7652
2026-02,11380,은평구,아파트,331,365,87500.0,49875.0,3698.0,2153.0,0.57,0.5823
2026-02,11380,은평구,연립다세대,251,212,26700.0,19000.0,2120.0,1405.0,0.7116,0.6629
2026-02,11410,서대문구,아파트,220,289,91400.0,60000.0,4122.0,2649.0,0.6565,0.6426
2026-02,11410,서대문구,연립다세대,85,117,40300.0,18000.0,2739.0,1225.0,0.4467,0.4471
2026-02,11440,마포구,아파트,149,454,141000.0,65000.0,5515.0,2963.0,0.461,0.5372
2026-02,11440,마포구,연립다세대,99,274,44500.0,24000.0,3487.0,2385.0,0.5393,0.6839
2026-02,11470,양천구,아파트,248,481,108000.0,56000.0,4282.0,2529.0,0.5185,0.5905
2026-02,11470,양천구,연립다세대,164,195,28000.0,18770.0,2310.0,1287.0,0.6704,0.5573
2026-02,11500,강서구,아파트,395,528,90000.0,47625.0,4086.0,2276.0,0.5292,0.5572
2026-02,11500,강서구,연립다세대,217,231,23000.0,18000.0,1810.0,1698.0,0.7826,0.9381
2026-02,11530,구로구,아파트,368,384,70000.0,41500.0,3184.0,1856.0,0.5929,0.5829
2026-02,11530,구로구,연립다세대,88,116,26750.0,15000.0,1805.0,1142.0,0.5607,0.6328
2026-02,11545,금천구,아파트,97,130,65700.0,36750.0,2983.0,1778.0,0.5594,0.5961
2026-02,11545,금천구,연립다세대,64,83,27500.0,18800.0,2284.0,1714.0,0.6836,0.7503
2026-02,11560,영등포구,아파트,313,541,119000.0,59800.0,5466.0,2646.0,0.5025,0.4842
2026-02,11560,영등포구,연립다세대,80,78,37250.0,24850.0,3806.0,2568.0,0.6671,0.6747
2026-02,11590,동작구,아파트,187,460,135000.0,63250.0,5523.0,2770.0,0.4685,0.5014
2026-02,11590,동작구,연립다세대,190,205,50850.0,25900.0,3898.0,1929.0,0.5093,0.4948
2026-02,11620,관악구,아파트,218,224,93100.0,50000.0,3711.0,2206.0,0.5371,0.5946
2026-02,11620,관악구,연립다세대,146,131,31550.0,19400.0,2159.0,1908.0,0.6149,0.8834
2026-02,11650,서초구,아파트,140,627,229000.0,72000.0,8918.0,3009.0,0.3144,0.3374
2026-02,11650,서초구,연립다세대,88,259,67500.0,35000.0,5168.0,2634.0,0.5185,0.5096
2026-02,11680,강남구,아파트,157,682,235000.0,85000.0,10085.0,3504.0,0.3617,0.3475
2026-02,11680,강남구,연립다세대,60,223,59250.0,31500.0,4890.0,2558.0,0.5316,0.5231
2026-02,11710,송파구,아파트,283,842,178800.0,71963.0,7178.0,2954.0,0.4025,0.4115
2026-02,11710,송파구,연립다세대,258,442,45750.0,26000.0,3647.0,1909.0,0.5683,0.5235
2026-02,11740,강동구,아파트,292,575,129000.0,61950.0,5685.0,2711.0,0.4802,0.4768
2026-02,11740,강동구,연립다세대,169,200,38268.0,24900.0,3506.0,2276.0,0.6507,0.6491
2026-02,41111,수원시 장안구,아파트,262,248,48000.0,32000.0,2428.0,1595.0,0.6667,0.657
2026-02,41111,수원시 장안구,연립다세대,39,32,14600.0,10000.0,979.0,793.0,0.6849,0.8105
2026-02,41113,수원시 권선구,아파트,388,295,46600.0,30000.0,2056.0,1362.0,0.6438,0.6623
2026-02,41113,수원시 권선구,연립다세대,51,64,15700.0,13650.0,968.0,1060.0,0.8694,1.095
2026-02,41115,수원시 팔달구,아파트,270,243,68100.0,35000.0,3307.0,1670.0,0.514,0.5049
2026-02,41115,수원시 팔달구,연립다세대,40,57,22500.0,11000.0,1911.0,1135.0,0.4889,0.5939
2026-02,41117,수원시 영통구,아파트,513,518,61500.0,35438.0,2815.0,1730.0,0.5762,0.6143
2026-02,41117,수원시 영통구,연립다세대,10,9,18600.0,16800.0,1252.0,2368.0,0.9032,1.8919
2026-02,41131,성남시 수정구,아파트,124,192,122300.0,63000.0,4802.0,2762.0,0.5151,0.5751
2026-02,41131,성남시 수정구,연립다세대,45,55,33000.0,14000.0,1918.0,1014.0,0.4242,0.5287
2026-02,41133,성남시 중원구,아파트,148,132,85800.0,45075.0,3576.0,2126.0,0.5253,0.5945
2026-02,41133,성남시 중원구,연립다세대,79,115,32000.0,14300.0,1820.0,1040.0,0.4469,0.5712
2026-02,41135,성남시 분당구,아파트,274,961,149250.0,64000.0,6969.0,2650.0,0.4288,0.3803
2026-02,41135,성남시 분당구,연립다세대,23,77,110000.0,43989.0,3806.0,1964.0,0.3999,0.5161
2026-02,41150,의정부시,아파트,363,428,32700.0,25000.0,1530.0,1245.0,0.7645,0.8135
2026-02,41150,의정부시,연립다세대,67,46,15000.0,9450.0,879.0,682.0,0.63,0.7756
2026-02,41171,안양시 만안구,아파트,243,149,56000.0,42000.0,2869.0,1838.0,0.75,0.6406
2026-02,41171,안양시 만안구,연립다세대,66,80,22550.0,13000.0,1458.0,1103.0,0.5765,0.7565
2026-02,41173,안양시 동안구,아파트,425,529,74900.0,37000.0,3923.0,2094.0,0.494,0.5339
2026-02,41173,안양시 동안구,연립다세대,55,50,23000.0,13550.0,2875.0,1246.0,0.5891,0.4334
2026-02,41192,부천시 원미구,아파트,285,363,53000.0,29000.0,2388.0,1595.0,0.5472,0.6681
2026-02,41192,부천시 원미구,연립다세대,80,48,16150.0,11700.0,1241.0,834.0,0.7245,0.6724
2026-02,41194,부천시 소사구,아파트,150,148,54000.0,39000.0,2212.0,1656.0,0.7222,0.7486
2026-02,41194,부천시 소사구,연립다세대,52,44,16150.0,11260.0,1141.0,791.0,0.6972,0.6938
2026-02,41196,부천시 오정구,아파트,43,67,22900.0,26500.0,1641.0,1247.0,1.1572,0.7601
2026-02,41196,부천시 오정구,연립다세대,64,51,12050.0,12000.0,970.0,813.0,0.9959,0.8386
2026-02,41210,광명시,아파트,300,477,83250.0,35000.0,3908.0,1701.0,0.4204,0.4353
2026-02,41210,광명시,연립다세대,42,56,36000.0,18000.0,2817.0,1213.0,0.5,0.4306
2026-02,41220,평택시,아파트,579,551,28750.0,20000.0,1284.0,937.0,0.6957,0.7298
2026-02,41220,평택시,연립다세대,41,41,10800.0,6000.0,543.0,652.0,0.5556,1.1997
2026-02,41250,동두천시,아파트,60,47,16250.0,13650.0,822.0,698.0,0.84,0.849
2026-02,41250,동두천시,연립다세대,22,9,6050.0,8500.0,371.0,503.0,1.405,1.3579
2026-02,41271,안산시 상록구,아파트,143,170,35700.0,23000.0,1772.0,1020.0,0.6443,0.576
2026-02,41271,안산시 상록구,연립다세대,103,52,15000.0,8000.0,748.0,606.0,0.5333,0.8102
2026-02,41273,안산시 단원구,아파트,218,271,46800.0,30000.0,2258.0,1354.0,0.641,0.5996
2026-02,41273,안산시 단원구,연립다세대,52,33,20900.0,9000.0,1175.0,701.0,0.4306,0.5961
2026-02,41281,고양시 덕양구,아파트,388,530,58000.0,38000.0,2287.0,1571.0,0.6552,0.6867
2026-02,41281,고양시 덕양구,연립다세대,56,41,18600.0,13000.0,1276.0,1097.0,0.6989,0.8596
2026-02,41285,고양시 일산동구,아파트,141,285,48800.0,38000.0,1856.0,1501.0,0.7787,0.8086
2026-02,41285,고양시 일산동구,연립다세대,19,38,21500.0,23500.0,1237.0,1161.0,1.093,0.9387
2026-02,41287,고양시 일산서구,아파트,192,415,37500.0,29000.0,1627.0,1272.0,0.7733,0.7817
2026-02,41287,고양시 일산서구,연립다세대,14,14,17150.0,24000.0,1080.0,866.0,1.3994,0.8023
2026-02,41290,과천시,아파트,14,111,211000.0,90000.0,10517.0,3932.0,0.4265,0.3739
2026-02,41290,과천시,연립다세대,14,48,84000.0,41675.0,3181.0,2663.0,0.4961,0.837
2026-02,41310,구리시,아파트,375,335,65500.0,40000.0,3197.0,1856.0,0.6107,0.5807
2026-02,41310,구리시,연립다세대,50,54,34750.0,18000.0,2496.0,1229.0,0.518,0.4923
2026-02,41360,남양주시,아파트,669,885,52500.0,35000.0,1999.0,1402.0,0.6667,0.7011
2026-02,41360,남양주시,연립다세대,90,75,13900.0,12000.0,832.0,724.0,0.8633,0.8705
2026-02,41370,오산시,아파트,216,230,34000.0,23000.0,1471.0,1047.0,0.6765,0.712
2026-02,41370,오산시,연립다세대,27,24,7200.0,8000.0,623.0,835.0,1.1111,1.3391
2026-02,41390,시흥시,아파트,421,486,38000.0,26375.0,1736.0,1245.0,0.6941,0.7171
2026-02,41390,시흥시,연립다세대,43,51,11400.0,9000.0,744.0,602.0,0.7895,0.8084
2026-02,41410,군포시,아파트,302,327,44000.0,26400.0,2261.0,1501.0,0.6,0.6639
2026-02,41410,군포시,연립다세대,28,39,23000.0,12500.0,1708.0,1047.0,0.5435,0.6132
2026-02,41430,의왕시,아파트,168,212,70000.0,44000.0,3042.0,1812.0,0.6286,0.5956
2026-02,41430,의왕시,연립다세대,9,31,16200.0,19000.0,1391.0,1118.0,1.1728,0.8036
2026-02,41450,하남시,아파트,277,394,107000.0,61000.0,4617.0,2509.0,0.5701,0.5434
2026-02,41450,하남시,연립다세대,7,22,34000.0,20500.0,2583.0,1189.0,0.6029,0.4604
2026-02,41461,용인시 처인구,아파트,210,196,33575.0,27000.0,1626.0,1231.0,0.8042,0.7567
2026-02,41461,용인시 처인구,연립다세대,113,48,11800.0,9000.0,834.0,733.0,0.7627,0.8798
2026-02,41463,용인시 기흥구,아파트,664,568,59500.0,39000.0,2318.0,1478.0,0.6555,0.6376
2026-02,41463,용인시 기흥구,연립다세대,34,45,23500.0,15700.0,1554.0,1227.0,0.6681,0.7897
2026-02,41465,용인시 수지구,아파트,624,531,84500.0,53000.0,3266.0,2094.0,0.6272,0.6412
2026-02,41465,용인시 수지구,연립다세대,20,40,28900.0,34200.0,1998.0,1740.0,1.1834,0.871
2026-02,41480,파주시,아파트,282,447,38100.0,28000.0,1546.0,1178.0,0.7349,0.7616
2026-02,41480,파주시,연립다세대,62,36,16100.0,13000.0,957.0,738.0,0.8075,0.7713
2026-02,41500,이천시,아파트,123,166,20000.0,18700.0,902.0,889.0,0.935,0.9855
2026-02,41500,이천시,연립다세대,37,27,11000.0,7600.0,689.0,632.0,0.6909,0.9178
2026-02,41550,안성시,아파트,147,177,15000.0,13000.0,797.0,708.0,0.8667,0.8884
2026-02,41550,안성시,연립다세대,14,6,7700.0,6000.0,472.0,656.0,0.7792,1.39
2026-02,41570,김포시,아파트,334,460,45050.0,31200.0,1821.0,1284.0,0.6926,0.7052
2026-02,41570,김포시,연립다세대,20,17,12000.0,35000.0,762.0,1378.0,2.9167,1.8094
2026-02,41591,화성시 만세구,아파트,108,304,36250.0,21010.0,1481.0,846.0,0.5796,0.5713
2026-02,41591,화성시 만세구,연립다세대,25,9,11700.0,36000.0,756.0,1401.0,3.0769,1.8522
2026-02,41593,화성시 효행구,아파트,131,105,33780.0,28000.0,1316.0,1173.0,0.8289,0.8913
2026-02,41593,화성시 효행구,연립다세대,14,13,10750.0,5000.0,578.0,638.0,0.4651,1.1025
2026-02,41595,화성시 병점구,아파트,209,171,43000.0,29000.0,1747.0,1216.0,0.6744,0.6963
2026-02,41595,화성시 병점구,연립다세대,9,22,10000.0,8000.0,542.0,1252.0,0.8,2.3109
2026-02,41597,화성시 동탄구,아파트,775,655,68500.0,37000.0,2956.0,1559.0,0.5401,0.5275
2026-02,41597,화성시 동탄구,연립다세대,7,6,57500.0,45500.0,2239.0,1588.0,0.7913,0.7095
2026-02,41610,광주시,아파트,222,209,44000.0,32000.0,1791.0,1394.0,0.7273,0.7783
2026-02,41610,광주시,연립다세대,157,79,18000.0,17000.0,1019.0,944.0,0.9444,0.9256
2026-02,41630,양주시,아파트,204,270,30225.0,21500.0,1304.0,905.0,0.7113,0.6943
2026-02,41630,양주시,연립다세대,30,9,48124.0,5700.0,1922.0,385.0,0.1184,0.2004
2026-02,41650,포천시,아파트,53,46,21500.0,16500.0,893.0,722.0,0.7674,0.809
2026-02,41650,포천시,연립다세대,32,13,10500.0,5500.0,558.0,334.0,0.5238,0.5984
2026-02,41670,여주시,아파트,63,54,15300.0,18750.0,816.0,847.0,1.2255,1.0383
2026-02,41670,여주시,연립다세대,8,3,10500.0,5500.0,686.0,417.0,0.5238,0.6086
2026-02,41800,연천군,아파트,11,5,13700.0,13000.0,682.0,506.0,0.9489,0.7429
2026-02,41800,연천군,연립다세대,5,2,5000.0,3750.0,298.0,204.0,0.75,0.6847
2026-02,41820,가평군,아파트,20,27,23250.0,18900.0,1075.0,857.0,0.8129,0.7966
2026-02,41820,가평군,연립다세대,6,5,8225.0,13000.0,482.0,722.0,1.5806,1.4972
2026-02,41830,양평군,아파트,38,78,35700.0,26000.0,1535.0,1119.0,0.7283,0.7288
2026-02,41830,양평군,연립다세대,18,7,15000.0,15000.0,700.0,828.0,1.0,1.1824
2026-03,11110,종로구,아파트,54,62,94000.0,69000.0,4234.0,2458.0,0.734,0.5804
2026-03,11110,종로구,연립다세대,59,69,44500.0,23000.0,2393.0,1656.0,0.5169,0.6918
2026-03,11140,중구,아파트,95,142,119000.0,63000.0,5239.0,2979.0,0.5294,0.5685
2026-03,11140,중구,연립다세대,38,47,45000.0,28000.0,3260.0,2278.0,0.6222,0.6988
2026-03,11170,용산구,아파트,76,256,220500.0,69650.0,8269.0,3314.0,0.3159,0.4008
2026-03,11170,용산구,연립다세대,88,341,74500.0,26000.0,6512.0,2686.0,0.349,0.4125
2026-03,11200,성동구,아파트,108,499,167000.0,73000.0,7248.0,3172.0,0.4371,0.4376
2026-03,11200,성동구,연립다세대,63,115,62000.0,24000.0,5460.0,2436.0,0.3871,0.4462
2026-03,11215,광진구,아파트,61,182,128000.0,70000.0,6778.0,3078.0,0.5469,0.4541
2026-03,11215,광진구,연립다세대,267,346,40000.0,26200.0,3426.0,2373.0,0.655,0.6927
2026-03,11230,동대문구,아파트,234,345,93750.0,55000.0,4362.0,2530.0,0.5867,0.58
2026-03,11230,동대문구,연립다세대,78,110,36700.0,23550.0,2834.0,2545.0,0.6417,0.8981
2026-03,11260,중랑구,아파트,226,365,65000.0,26743.0,3035.0,1351.0,0.4114,0.4452
2026-03,11260,중랑구,연립다세대,199,211,33000.0,22000.0,2620.0,2112.0,0.6667,0.8062
2026-03,11290,성북구,아파트,341,472,88000.0,49600.0,3732.0,2147.0,0.5636,0.5753
2026-03,11290,성북구,연립다세대,178,185,34500.0,20000.0,2423.0,1411.0,0.5797,0.5822
2026-03,11305,강북구,아파트,140,125,71500.0,43000.0,2956.0,1948.0,0.6014,0.659
2026-03,11305,강북구,연립다세대,124,124,20900.0,14250.0,1429.0,1074.0,0.6818,0.7514
2026-03,11320,도봉구,아파트,245,285,53500.0,30000.0,2743.0,1566.0,0.5607,0.5708
2026-03,11320,도봉구,연립다세대,110,94,21000.0,13550.0,1571.0,955.0,0.6452,0.608
2026-03,11350,노원구,아파트,740,956,60000.0,28000.0,3339.0,1681.0,0.4667,0.5033
2026-03,11350,노원구,연립다세대,70,60,29000.0,13200.0,1874.0,1044.0,0.4552,0.5572
2026-03,11380,은평구,아파트,313,492,80000.0,50000.0,3568.0,2298.0,0.625,0.6441
2026-03,11380,은평구,연립다세대,334,260,28950.0,20000.0,2260.0,1477.0,0.6908,0.6537
2026-03,11410,서대문구,아파트,235,325,96500.0,58000.0,4156.0,2653.0,0.601,0.6383
2026-03,11410,서대문구,연립다세대,100,122,34250.0,19750.0,2357.0,1206.0,0.5766,0.5119
2026-03,11440,마포구,아파트,149,463,124500.0,68000.0,5198.0,3039.0,0.5462,0.5847
2026-03,11440,마포구,연립다세대,152,327,42250.0,24000.0,3463.0,2193.0,0.568,0.6332
2026-03,11470,양천구,아파트,200,537,89000.0,54000.0,4098.0,2518.0,0.6067,0.6146
2026-03,11470,양천구,연립다세대,214,262,28000.0,19515.0,2342.0,1479.0,0.697,0.6316
2026-03,11500,강서구,아파트,356,684,87000.0,40750.0,4411.0,2151.0,0.4684,0.4876
2026-03,11500,강서구,연립다세대,307,315,24200.0,18000.0,1935.0,1505.0,0.7438,0.7778
2026-03,11530,구로구,아파트,370,378,69000.0,40143.0,3212.0,1915.0,0.5818,0.596
2026-03,11530,구로구,연립다세대,118,142,28500.0,16600.0,1837.0,1208.0,0.5825,0.6577
2026-03,11545,금천구,아파트,115,146,54000.0,37900.0,2796.0,1713.0,0.7019,0.6127
2026-03,11545,금천구,연립다세대,96,133,27600.0,19900.0,2290.0,1840.0,0.721,0.8036
2026-03,11560,영등포구,아파트,261,523,109000.0,60000.0,5320.0,2684.0,0.5505,0.5045
2026-03,11560,영등포구,연립다세대,100,107,35000.0,24000.0,3491.0,2589.0,0.6857,0.7417
2026-03,11590,동작구,아파트,172,448,143900.0,63000.0,6268.0,2770.0,0.4378,0.442
2026-03,11590,동작구,연립다세대,205,205,47000.0,25000.0,3334.0,1968.0,0.5319,0.5902
2026-03,11620,관악구,아파트,215,248,83000.0,48650.0,3486.0,2167.0,0.5861,0.6217
2026-03,11620,관악구,연립다세대,189,124,30000.0,21000.0,2157.0,1657.0,0.7,0.768
2026-03,11650,서초구,아파트,136,563,174875.0,90000.0,7116.0,3794.0,0.5147,0.5331
2026-03,11650,서초구,연립다세대,133,331,59500.0,34500.0,4841.0,2645.0,0.5798,0.5463
2026-03,11680,강남구,아파트,171,771,215000.0,80000.0,10361.0,3528.0,0.3721,0.3405
2026-03,11680,강남구,연립다세대,79,296,65000.0,29850.0,5226.0,2537.0,0.4592,0.4854
2026-03,11710,송파구,아파트,274,950,156250.0,70000.0,7587.0,2960.0,0.448,0.3902
2026-03,11710,송파구,연립다세대,293,570,44000.0,25000.0,3328.0,1851.0,0.5682,0.5561
2026-03,11740,강동구,아파트,229,595,110000.0,60000.0,5609.0,2655.0,0.5455,0.4734
2026-03,11740,강동구,연립다세대,231,257,38800.0,24100.0,3173.0,2170.0,0.6211,0.6838
2026-03,41111,수원시 장안구,아파트,252,309,51900.0,31500.0,2359.0,1599.0,0.6069,0.6778
2026-03,41111,수원시 장안구,연립다세대,65,53,14000.0,10000.0,978.0,807.0,0.7143,0.8254
2026-03,41113,수원시 권선구,아파트,506,395,46500.0,30450.0,2178.0,1433.0,0.6548,0.6582
2026-03,41113,수원시 권선구,연립다세대,73,98,18000.0,11978.0,1044.0,1099.0,0.6654,1.0529
2026-03,41115,수원시 팔달구,아파트,233,301,65200.0,35000.0,3209.0,1653.0,0.5368,0.5152
2026-03,41115,수원시 팔달구,연립다세대,62,62,19875.0,12000.0,1307.0,1088.0,0.6038,0.8328
2026-03,41117,수원시 영통구,아파트,564,540,58450.0,34500.0,2651.0,1671.0,0.5902,0.6301
2026-03,41117,수원시 영통구,연립다세대,17,23,102000.0,17000.0,3080.0,1064.0,0.1667,0.3453
2026-03,41131,성남시 수정구,아파트,118,195,121450.0,65000.0,4757.0,2802.0,0.5352,0.5889
2026-03,41131,성남시 수정구,연립다세대,59,71,30000.0,16800.0,1805.0,1070.0,0.56,0.5926
2026-03,41133,성남시 중원구,아파트,133,151,75500.0,46200.0,3572.0,2139.0,0.6119,0.599
2026-03,41133,성남시 중원구,연립다세대,128,176,25000.0,14000.0,1583.0,1037.0,0.56,0.655
2026-03,41135,성남시 분당구,아파트,239,832,142000.0,63000.0,7585.0,2723.0,0.4437,0.3591
2026-03,41135,성남시 분당구,연립다세대,32,79,120500.0,41500.0,4192.0,2043.0,0.3444,0.4873
2026-03,41150,의정부시,아파트,533,471,34300.0,24000.0,1543.0,1217.0,0.6997,0.7885
2026-03,41150,의정부시,연립다세대,83,76,15000.0,9000.0,997.0,662.0,0.6,0.6641
2026-03,41171,안양시 만안구,아파트,290,223,62200.0,38000.0,3051.0,1810.0,0.6109,0.5932
2026-03,41171,안양시 만안구,연립다세대,69,72,22200.0,13000.0,1440.0,1049.0,0.5856,0.7283
2026-03,41173,안양시 동안구,아파트,482,595,73500.0,37800.0,3849.0,2100.0,0.5143,0.5455
2026-03,41173,안양시 동안구,연립다세대,60,75,38750.0,13500.0,3388.0,1245.0,0.3484,0.3674
2026-03,41192,부천시 원미구,아파트,396,452,52000.0,30000.0,2381.0,1579.0,0.5769,0.6632
2026-03,41192,부천시 원미구,연립다세대,116,54,17725.0,13350.0,1161.0,852.0,0.7532,0.7343
2026-03,41194,부천시 소사구,아파트,236,165,52000.0,39500.0,2135.0,1556.0,0.7596,0.7286
2026-03,41194,부천시 소사구,연립다세대,81,41,16000.0,10000.0,1067.0,771.0,0.625,0.7228
2026-03,41196,부천시 오정구,아파트,64,74,33100.0,23048.0,1780.0,1155.0,0.6963,0.6489
2026-03,41196,부천시 오정구,연립다세대,134,89,12350.0,9400.0,987.0,767.0,0.7611,0.7767
2026-03,41210,광명시,아파트,332,534,77000.0,33775.0,3961.0,1753.0,0.4386,0.4427
2026-03,41210,광명시,연립다세대,66,74,40500.0,17350.0,2917.0,1159.0,0.4284,0.3972
2026-03,41220,평택시,아파트,801,683,27000.0,20000.0,1160.0,911.0,0.7407,0.7854
2026-03,41220,평택시,연립다세대,71,53,8300.0,6800.0,546.0,567.0,0.8193,1.0393
2026-03,41250,동두천시,아파트,85,91,15300.0,13500.0,779.0,742.0,0.8824,0.9519
2026-03,41250,동두천시,연립다세대,35,11,5400.0,6200.0,345.0,519.0,1.1481,1.504
2026-03,41271,안산시 상록구,아파트,198,233,35000.0,23000.0,1752.0,1061.0,0.6571,0.6053
2026-03,41271,안산시 상록구,연립다세대,193,83,15500.0,8500.0,765.0,630.0,0.5484,0.8243
2026-03,41273,안산시 단원구,아파트,287,337,47000.0,30000.0,2124.0,1377.0,0.6383,0.6484
2026-03,41273,안산시 단원구,연립다세대,84,55,13950.0,10800.0,780.0,703.0,0.7742,0.901
2026-03,41281,고양시 덕양구,아파트,470,633,57150.0,37000.0,2311.0,1625.0,0.6474,0.7034
2026-03,41281,고양시 덕양구,연립다세대,87,68,15000.0,12000.0,1082.0,817.0,0.8,0.755
2026-03,41285,고양시 일산동구,아파트,236,343,50000.0,33000.0,1932.0,1437.0,0.66,0.7436
2026-03,41285,고양시 일산동구,연립다세대,33,47,23200.0,23000.0,1298.0,1091.0,0.9914,0.8405
2026-03,41287,고양시 일산서구,아파트,262,492,38000.0,27150.0,1692.0,1280.0,0.7145,0.7566
2026-03,41287,고양시 일산서구,연립다세대,16,18,15350.0,19700.0,1114.0,947.0,1.2834,0.8496
2026-03,41290,과천시,아파트,23,111,207000.0,88000.0,9812.0,3892.0,0.4251,0.3966
2026-03,41290,과천시,연립다세대,22,37,106500.0,37800.0,6892.0,2624.0,0.3549,0.3807
2026-03,41310,구리시,아파트,417,370,67000.0,39450.0,3275.0,1875.0,0.5888,0.5725
2026-03,41310,구리시,연립다세대,54,86,36500.0,19475.0,2535.0,1260.0,0.5336,0.4972
2026-03,41360,남양주시,아파트,832,1038,45000.0,34000.0,1864.0,1387.0,0.7556,0.7441
2026-03,41360,남양주시,연립다세대,139,102,13700.0,10500.0,837.0,716.0,0.7664,0.8548
2026-03,41370,오산시,아파트,273,302,33800.0,25100.0,1431.0,1071.0,0.7426,0.7487
2026-03,41370,오산시,연립다세대,23,34,6200.0,8450.0,552.0,989.0,1.3629,1.7931
2026-03,41390,시흥시,아파트,587,594,42500.0,25234.0,1907.0,1213.0,0.5937,0.6359
2026-03,41390,시흥시,연립다세대,59,51,11700.0,7900.0,723.0,572.0,0.6752,0.7912
2026-03,41410,군포시,아파트,371,405,42750.0,26250.0,2251.0,1488.0,0.614,0.6612
2026-03,41410,군포시,연립다세대,50,49,21950.0,12700.0,1773.0,1033.0,0.5786,0.5829
2026-03,41430,의왕시,아파트,168,303,68750.0,45000.0,3018.0,1820.0,0.6545,0.603
2026-03,41430,의왕시,연립다세대,23,55,24000.0,16000.0,1609.0,1284.0,0.6667,0.798
2026-03,41450,하남시,아파트,254,524,100000.0,59000.0,4435.0,2436.0,0.59,0.5492
2026-03,41450,하남시,연립다세대,17,30,35500.0,22575.0,1960.0,1468.0,0.6359,0.749
2026-03,41461,용인시 처인구,아파트,259,249,36000.0,25000.0,1581.0,1188.0,0.6944,0.7511
2026-03,41461,용인시 처인구,연립다세대,116,50,11150.0,10000.0,726.0,663.0,0.8969,0.9122
2026-03,41463,용인시 기흥구,아파트,739,598,58000.0,39000.0,2163.0,1485.0,0.6724,0.6864
2026-03,41463,용인시 기흥구,연립다세대,50,58,23700.0,17400.0,1517.0,1264.0,0.7342,0.8332
2026-03,41465,용인시 수지구,아파트,473,533,87000.0,54000.0,3342.0,2025.0,0.6207,0.6059
2026-03,41465,용인시 수지구,연립다세대,22,42,29500.0,27250.0,1783.0,1732.0,0.9237,0.9716
2026-03,41480,파주시,아파트,414,576,37150.0,25000.0,1446.0,1086.0,0.6729,0.7509
2026-03,41480,파주시,연립다세대,69,40,20800.0,12500.0,1112.0,792.0,0.601,0.7127
2026-03,41500,이천시,아파트,180,194,21050.0,17550.0,940.0,831.0,0.8337,0.8837
2026-03,41500,이천시,연립다세대,45,23,8000.0,8000.0,490.0,665.0,1.0,1.3556
2026-03,41550,안성시,아파트,232,198,13900.0,16000.0,797.0,744.0,1.1511,0.9336
2026-03,41550,안성시,연립다세대,26,6,7050.0,5750.0,410.0,542.0,0.8156,1.3221
2026-03,41570,김포시,아파트,507,585,43000.0,31500.0,1759.0,1276.0,0.7326,0.7256
2026-03,41570,김포시,연립다세대,52,32,16400.0,14200.0,1030.0,819.0,0.8659,0.7952
2026-03,41591,화성시 만세구,아파트,147,340,35900.0,20500.0,1556.0,906.0,0.571,0.5825
2026-03,41591,화성시 만세구,연립다세대,35,9,12400.0,11500.0,736.0,772.0,0.9274,1.0495
2026-03,41593,화성시 효행구,아파트,189,139,35500.0,28000.0,1436.0,1212.0,0.7887,0.8442
2026-03,41593,화성시 효행구,연립다세대,12,10,9150.0,8250.0,515.0,502.0,0.9016,0.9733
2026-03,41595,화성시 병점구,아파트,281,230,47300.0,29000.0,1817.0,1249.0,0.6131,0.6876
2026-03,41595,화성시 병점구,연립다세대,11,25,9000.0,11000.0,662.0,1224.0,1.2222,1.8485
2026-03,41597,화성시 동탄구,아파트,963,744,69250.0,38925.0,3000.0,1658.0,0.5621,0.5526
2026-03,41597,화성시 동탄구,연립다세대,3,19,77000.0,48000.0,2664.0,1753.0,0.6234,0.6583
2026-03,41610,광주시,아파트,296,365,40500.0,31500.0,1525.0,1323.0,0.7778,0.8675
2026-03,41610,광주시,연립다세대,233,115,17000.0,13600.0,983.0,758.0,0.8,0.7705
2026-03,41630,양주시,아파트,281,311,29500.0,21000.0,1297.0,882.0,0.7119,0.6805
2026-03,41630,양주시,연립다세대,45,14,9500.0,8000.0,642.0,469.0,0.8421,0.73
2026-03,41650,포천시,아파트,83,39,22000.0,18000.0,896.0,759.0,0.8182,0.8474
2026-03,41650,포천시,연립다세대,28,6,7935.0,5000.0,436.0,368.0,0.6301,0.8432
2026-03,41670,여주시,아파트,76,52,17300.0,23000.0,811.0,939.0,1.3295,1.1586
2026-03,41670,여주시,연립다세대,26,12,10550.0,6500.0,586.0,490.0,0.6161,0.8354
2026-03,41800,연천군,아파트,16,16,12325.0,16000.0,637.0,706.0,1.2982,1.1085
2026-03,41800,연천군,연립다세대,12,2,5300.0,6850.0,263.0,460.0,1.2925,1.7498
2026-03,41820,가평군,아파트,9,34,19000.0,20000.0,663.0,867.0,1.0526,1.3073
2026-03,41820,가평군,연립다세대,15,6,6400.0,5555.0,388.0,235.0,0.868,0.6044
2026-03,41830,양평군,아파트,57,65,35000.0,27000.0,1488.0,1164.0,0.7714,0.7823
2026-03,41830,양평군,연립다세대,27,14,13700.0,13000.0,672.0,710.0,0.9489,1.0569
2026-04,11110,종로구,아파트,87,47,93500.0,70000.0,4110.0,2806.0,0.7487,0.6828
2026-04,11110,종로구,연립다세대,58,62,46250.0,25000.0,2435.0,1455.0,0.5405,0.5976
2026-04,11140,중구,아파트,121,94,118000.0,61250.0,5390.0,3038.0,0.5191,0.5635
2026-04,11140,중구,연립다세대,39,39,37000.0,27550.0,3204.0,3075.0,0.7446,0.9596
2026-04,11170,용산구,아파트,139,214,204000.0,71925.0,8064.0,3290.0,0.3526,0.4079
2026-04,11170,용산구,연립다세대,98,310,74000.0,26000.0,6163.0,2877.0,0.3514,0.4668
2026-04,11200,성동구,아파트,218,442,175000.0,72000.0,7750.0,3120.0,0.4114,0.4026
2026-04,11200,성동구,연립다세대,101,119,70500.0,25000.0,7981.0,2424.0,0.3546,0.3037
2026-04,11215,광진구,아파트,122,196,149000.0,70000.0,6305.0,3108.0,0.4698,0.4929
2026-04,11215,광진구,연립다세대,284,250,40000.0,25000.0,3722.0,2338.0,0.625,0.628
2026-04,11230,동대문구,아파트,371,305,95000.0,56500.0,4207.0,2543.0,0.5947,0.6045
2026-04,11230,동대문구,연립다세대,61,103,38800.0,25000.0,2846.0,2548.0,0.6443,0.8953
2026-04,11260,중랑구,아파트,383,190,66000.0,42000.0,3098.0,1950.0,0.6364,0.6296
2026-04,11260,중랑구,연립다세대,198,183,31150.0,22500.0,2689.0,2223.0,0.7223,0.8266
2026-04,11290,성북구,아파트,495,340,91500.0,53750.0,3955.0,2419.0,0.5874,0.6117
2026-04,11290,성북구,연립다세대,173,158,31000.0,18800.0,2281.0,1624.0,0.6065,0.7118
2026-04,11305,강북구,아파트,202,124,75000.0,45350.0,3036.0,2018.0,0.6047,0.6647
2026-04,11305,강북구,연립다세대,151,105,22000.0,15000.0,1644.0,961.0,0.6818,0.585
2026-04,11320,도봉구,아파트,391,284,54000.0,31000.0,2743.0,1553.0,0.5741,0.5661
2026-04,11320,도봉구,연립다세대,187,74,23895.0,16000.0,1792.0,1116.0,0.6696,0.6227
2026-04,11350,노원구,아파트,1019,747,60000.0,30000.0,3476.0,1756.0,0.5,0.5052
2026-04,11350,노원구,연립다세대,83,38,28100.0,15890.0,1897.0,1187.0,0.5655,0.6257
2026-04,11380,은평구,아파트,337,470,82000.0,47000.0,3632.0,2084.0,0.5732,0.574
2026-04,11380,은평구,연립다세대,307,268,28500.0,20000.0,2078.0,1360.0,0.7018,0.6546
2026-04,11410,서대문구,아파트,317,286,93000.0,60700.0,4026.0,2648.0,0.6527,0.6577
2026-04,11410,서대문구,연립다세대,136,110,32000.0,21000.0,2132.0,1268.0,0.6563,0.5946
2026-04,11440,마포구,아파트,222,413,160400.0,68250.0,6626.0,2919.0,0.4255,0.4405
2026-04,11440,마포구,연립다세대,185,273,46000.0,24000.0,3384.0,2274.0,0.5217,0.672
2026-04,11470,양천구,아파트,273,490,96500.0,53000.0,4377.0,2578.0,0.5492,0.5889
2026-04,11470,양천구,연립다세대,283,207,28000.0,18000.0,2274.0,1356.0,0.6429,0.5962
2026-04,11500,강서구,아파트,604,602,81000.0,48048.0,4283.0,2337.0,0.5932,0.5458
2026-04,11500,강서구,연립다세대,302,244,24600.0,18950.0,1844.0,1549.0,0.7703,0.8398
2026-04,11530,구로구,아파트,477,435,68000.0,34000.0,3270.0,1724.0,0.5,0.5272
2026-04,11530,구로구,연립다세대,139,129,26500.0,17000.0,1838.0,1119.0,0.6415,0.609
2026-04,11545,금천구,아파트,153,92,62000.0,37000.0,2842.0,1746.0,0.5968,0.6142
2026-04,11545,금천구,연립다세대,134,110,28500.0,18900.0,2569.0,1668.0,0.6632,0.6492
2026-04,11560,영등포구,아파트,392,420,117000.0,60000.0,5408.0,2661.0,0.5128,0.492
2026-04,11560,영등포구,연립다세대,116,104,35950.0,23000.0,3613.0,2649.0,0.6398,0.7332
2026-04,11590,동작구,아파트,310,367,146000.0,66400.0,5798.0,2917.0,0.4548,0.5031
2026-04,11590,동작구,연립다세대,244,207,45365.0,25000.0,3663.0,1937.0,0.5511,0.5288
2026-04,11620,관악구,아파트,290,210,88500.0,50000.0,3678.0,2260.0,0.565,0.6146
2026-04,11620,관악구,연립다세대,221,112,31500.0,19500.0,2154.0,1524.0,0.619,0.7077
2026-04,11650,서초구,아파트,305,489,255000.0,90000.0,9352.0,3744.0,0.3529,0.4003
2026-04,11650,서초구,연립다세대,165,281,62000.0,31500.0,4547.0,2456.0,0.5081,0.5402
2026-04,11680,강남구,아파트,401,692,268000.0,84000.0,12011.0,3608.0,0.3134,0.3004
2026-04,11680,강남구,연립다세대,128,255,48716.0,30350.0,4333.0,2649.0,0.623,0.6114
2026-04,11710,송파구,아파트,602,739,199500.0,77700.0,9269.0,3078.0,0.3895,0.3321
2026-04,11710,송파구,연립다세대,384,485,38150.0,25000.0,3321.0,1875.0,0.6553,0.5645
2026-04,11740,강동구,아파트,421,564,144000.0,59150.0,6428.0,2563.0,0.4108,0.3986
2026-04,11740,강동구,연립다세대,183,253,39400.0,25000.0,3095.0,2276.0,0.6345,0.7354
2026-04,41111,수원시 장안구,아파트,338,278,52900.0,32000.0,2351.0,1681.0,0.6049,0.7151
2026-04,41111,수원시 장안구,연립다세대,66,44,14200.0,9750.0,1002.0,719.0,0.6866,0.7174
2026-04,41113,수원시 권선구,아파트,469,295,46800.0,31000.0,2132.0,1378.0,0.6624,0.6462
2026-04,41113,수원시 권선구,연립다세대,72,68,16850.0,10000.0,1046.0,880.0,0.5935,0.8415
2026-04,41115,수원시 팔달구,아파트,314,228,65500.0,31500.0,3177.0,1679.0,0.4809,0.5285
2026-04,41115,수원시 팔달구,연립다세대,64,71,19050.0,11025.0,1378.0,1159.0,0.5787,0.8412
2026-04,41117,수원시 영통구,아파트,769,453,58000.0,35000.0,2672.0,1741.0,0.6034,0.6516
2026-04,41117,수원시 영통구,연립다세대,17,22,110000.0,19975.0,3488.0,1330.0,0.1816,0.3814
2026-04,41131,성남시 수정구,아파트,186,185,124700.0,65000.0,4976.0,2732.0,0.5213,0.5491
2026-04,41131,성남시 수정구,연립다세대,70,70,31750.0,18000.0,1776.0,1061.0,0.5669,0.5972
2026-04,41133,성남시 중원구,아파트,179,125,80000.0,48000.0,3590.0,1990.0,0.6,0.5543
2026-04,41133,성남시 중원구,연립다세대,140,151,25000.0,13500.0,1705.0,1003.0,0.54,0.5881
2026-04,41135,성남시 분당구,아파트,513,664,145000.0,65000.0,7342.0,2786.0,0.4483,0.3795
2026-04,41135,성남시 분당구,연립다세대,40,70,99500.0,42750.0,3953.0,2073.0,0.4296,0.5244
2026-04,41150,의정부시,아파트,479,374,34000.0,25000.0,1556.0,1185.0,0.7353,0.7613
2026-04,41150,의정부시,연립다세대,126,55,16500.0,9800.0,1155.0,652.0,0.5939,0.5643
2026-04,41171,안양시 만안구,아파트,294,155,60700.0,35000.0,2888.0,1678.0,0.5766,0.5811
2026-04,41171,안양시 만안구,연립다세대,77,73,23000.0,13000.0,1481.0,1052.0,0.5652,0.7101
2026-04,41173,안양시 동안구,아파트,697,520,71000.0,36000.0,3789.0,2073.0,0.507,0.547
2026-04,41173,안양시 동안구,연립다세대,52,75,35000.0,14700.0,2676.0,1355.0,0.42,0.5062
2026-04,41192,부천시 원미구,아파트,413,357,53000.0,30000.0,2482.0,1640.0,0.566,0.6608
2026-04,41192,부천시 원미구,연립다세대,92,56,17000.0,12000.0,1169.0,833.0,0.7059,0.7128
2026-04,41194,부천시 소사구,아파트,221,157,51800.0,35000.0,2201.0,1614.0,0.6757,0.7335
2026-04,41194,부천시 소사구,연립다세대,91,55,16500.0,11000.0,1097.0,782.0,0.6667,0.7125
2026-04,41196,부천시 오정구,아파트,67,67,36500.0,15400.0,1658.0,947.0,0.4219,0.5712
2026-04,41196,부천시 오정구,연립다세대,126,94,13175.0,9000.0,1034.0,749.0,0.6831,0.7247
2026-04,41210,광명시,아파트,421,457,79000.0,39000.0,3866.0,1946.0,0.4937,0.5033
2026-04,41210,광명시,연립다세대,67,84,35000.0,17000.0,2390.0,1167.0,0.4857,0.4883
2026-04,41220,평택시,아파트,753,609,27300.0,20000.0,1187.0,926.0,0.7326,0.7804
2026-04,41220,평택시,연립다세대,104,69,7500.0,6000.0,690.0,542.0,0.8,0.7852
2026-04,41250,동두천시,아파트,83,83,16000.0,13000.0,810.0,718.0,0.8125,0.8864
2026-04,41250,동두천시,연립다세대,31,2,7000.0,4625.0,421.0,366.0,0.6607,0.8691
2026-04,41271,안산시 상록구,아파트,182,183,35800.0,25000.0,1683.0,1106.0,0.6983,0.657
2026-04,41271,안산시 상록구,연립다세대,175,49,13000.0,9900.0,750.0,593.0,0.7615,0.7913
2026-04,41273,안산시 단원구,아파트,268,247,51000.0,30000.0,2256.0,1362.0,0.5882,0.6034
2026-04,41273,안산시 단원구,연립다세대,63,33,18000.0,9000.0,1224.0,694.0,0.5,0.5673
2026-04,41281,고양시 덕양구,아파트,476,556,58000.0,35000.0,2456.0,1599.0,0.6034,0.651
2026-04,41281,고양시 덕양구,연립다세대,87,70,13000.0,11500.0,904.0,837.0,0.8846,0.9254
2026-04,41285,고양시 일산동구,아파트,192,272,49950.0,33500.0,1836.0,1459.0,0.6707,0.7946
2026-04,41285,고양시 일산동구,연립다세대,37,38,21900.0,23050.0,1221.0,1028.0,1.0525,0.8418
2026-04,41287,고양시 일산서구,아파트,288,411,38000.0,28000.0,1649.0,1277.0,0.7368,0.7747
2026-04,41287,고양시 일산서구,연립다세대,18,12,21850.0,19500.0,1116.0,993.0,0.8924,0.8899
2026-04,41290,과천시,아파트,48,105,208250.0,90000.0,9497.0,4052.0,0.4322,0.4266
2026-04,41290,과천시,연립다세대,15,45,99500.0,38000.0,6159.0,2160.0,0.3819,0.3507
2026-04,41310,구리시,아파트,351,268,69000.0,40250.0,3196.0,1899.0,0.5833,0.5942
2026-04,41310,구리시,연립다세대,50,57,39650.0,19000.0,2584.0,1264.0,0.4792,0.489
2026-04,41360,남양주시,아파트,757,867,48500.0,33000.0,1929.0,1362.0,0.6804,0.7061
2026-04,41360,남양주시,연립다세대,163,96,11500.0,11667.0,755.0,725.0,1.0145,0.9599
2026-04,41370,오산시,아파트,256,248,34000.0,26225.0,1440.0,1153.0,0.7713,0.8008
2026-04,41370,오산시,연립다세대,25,37,8500.0,12500.0,593.0,1110.0,1.4706,1.8724
2026-04,41390,시흥시,아파트,577,526,36000.0,28000.0,1617.0,1267.0,0.7778,0.7832
2026-04,41390,시흥시,연립다세대,62,51,10750.0,10600.0,703.0,651.0,0.986,0.9256
2026-04,41410,군포시,아파트,384,320,42900.0,27300.0,2264.0,1530.0,0.6364,0.6761
2026-04,41410,군포시,연립다세대,39,61,21900.0,13000.0,1517.0,1012.0,0.5936,0.6674
2026-04,41430,의왕시,아파트,313,218,79000.0,45500.0,3255.0,1869.0,0.5759,0.5742
2026-04,41430,의왕시,연립다세대,52,40,5500.0,16500.0,1415.0,1275.0,3.0,0.9008
2026-04,41450,하남시,아파트,324,467,105000.0,58800.0,4494.0,2454.0,0.56,0.5461
2026-04,41450,하남시,연립다세대,21,33,29000.0,22000.0,1904.0,1272.0,0.7586,0.6681
2026-04,41461,용인시 처인구,아파트,200,218,38250.0,26000.0,1675.0,1243.0,0.6797,0.7424
2026-04,41461,용인시 처인구,연립다세대,116,50,12800.0,8000.0,709.0,633.0,0.625,0.893
2026-04,41463,용인시 기흥구,아파트,735,496,59000.0,40000.0,2178.0,1500.0,0.678,0.6888
2026-04,41463,용인시 기흥구,연립다세대,39,57,23200.0,16000.0,1331.0,1261.0,0.6897,0.9474
2026-04,41465,용인시 수지구,아파트,684,527,86900.0,54600.0,3426.0,2063.0,0.6283,0.602
2026-04,41465,용인시 수지구,연립다세대,17,36,39000.0,28000.0,2204.0,1562.0,0.7179,0.7087
2026-04,41480,파주시,아파트,412,553,36600.0,28500.0,1475.0,1129.0,0.7787,0.7652
2026-04,41480,파주시,연립다세대,87,39,15000.0,14000.0,964.0,816.0,0.9333,0.8465
2026-04,41500,이천시,아파트,172,172,26250.0,17000.0,1073.0,830.0,0.6476,0.7741
2026-04,41500,이천시,연립다세대,37,28,9500.0,10100.0,565.0,872.0,1.0632,1.5423
2026-04,41550,안성시,아파트,192,184,14500.0,18000.0,797.0,778.0,1.2414,0.9761
2026-04,41550,안성시,연립다세대,24,5,5375.0,8000.0,410.0,453.0,1.4884,1.1052
2026-04,41570,김포시,아파트,465,521,44000.0,31000.0,1778.0,1323.0,0.7045,0.7441
2026-04,41570,김포시,연립다세대,39,28,13500.0,13850.0,812.0,755.0,1.0259,0.9291
2026-04,41591,화성시 만세구,아파트,127,277,38300.0,21010.0,1582.0,843.0,0.5486,0.5325
2026-04,41591,화성시 만세구,연립다세대,35,8,11000.0,10250.0,685.0,628.0,0.9318,0.9166
2026-04,41593,화성시 효행구,아파트,171,119,37000.0,28500.0,1580.0,1202.0,0.7703,0.7612
2026-04,41593,화성시 효행구,연립다세대,16,5,8300.0,6000.0,485.0,403.0,0.7229,0.8312
2026-04,41595,화성시 병점구,아파트,248,182,42500.0,29000.0,1674.0,1280.0,0.6824,0.7649
2026-04,41595,화성시 병점구,연립다세대,12,22,7500.0,11250.0,485.0,1268.0,1.5,2.6178
2026-04,41597,화성시 동탄구,아파트,952,608,70000.0,41000.0,2885.0,1744.0,0.5857,0.6047
2026-04,41597,화성시 동탄구,연립다세대,10,4,72350.0,46600.0,2495.0,1695.0,0.6441,0.6793
2026-04,41610,광주시,아파트,278,289,46000.0,33000.0,1788.0,1366.0,0.7174,0.7643
2026-04,41610,광주시,연립다세대,215,150,17800.0,13900.0,932.0,743.0,0.7809,0.7969
2026-04,41630,양주시,아파트,294,273,31700.0,23000.0,1439.0,972.0,0.7256,0.6756
2026-04,41630,양주시,연립다세대,53,11,24079.0,13500.0,1301.0,813.0,0.5607,0.6251
2026-04,41650,포천시,아파트,73,42,16700.0,17000.0,826.0,702.0,1.018,0.8497
2026-04,41650,포천시,연립다세대,43,10,8000.0,4750.0,455.0,365.0,0.5938,0.8016
2026-04,41670,여주시,아파트,70,54,17150.0,19000.0,816.0,798.0,1.1079,0.9779
2026-04,41670,여주시,연립다세대,15,4,6900.0,8000.0,376.0,472.0,1.1594,1.2555
2026-04,41800,연천군,아파트,21,8,21500.0,17663.0,948.0,766.0,0.8215,0.808
2026-04,41800,연천군,연립다세대,7,6,4000.0,8500.0,285.0,443.0,2.125,1.5525
2026-04,41820,가평군,아파트,22,31,20500.0,22010.0,895.0,863.0,1.0737,0.9648
2026-04,41820,가평군,연립다세대,21,12,11200.0,12750.0,508.0,628.0,1.1384,1.2353
2026-04,41830,양평군,아파트,67,64,39800.0,28000.0,1736.0,1170.0,0.7035,0.674
2026-04,41830,양평군,연립다세대,11,21,15500.0,12500.0,803.0,747.0,0.8065,0.9294
2026-05,11110,종로구,아파트,85,69,85800.0,60000.0,3642.0,2568.0,0.6993,0.7052
2026-05,11110,종로구,연립다세대,57,47,48000.0,30000.0,2599.0,1549.0,0.625,0.5961
2026-05,11140,중구,아파트,129,96,149500.0,65000.0,6056.0,2950.0,0.4348,0.4871
2026-05,11140,중구,연립다세대,47,59,35000.0,26000.0,3454.0,2623.0,0.7429,0.7593
2026-05,11170,용산구,아파트,164,223,202500.0,80000.0,8039.0,3275.0,0.3951,0.4074
2026-05,11170,용산구,연립다세대,127,309,70000.0,25200.0,6593.0,2728.0,0.36,0.4138
2026-05,11200,성동구,아파트,237,386,180000.0,75000.0,7918.0,3118.0,0.4167,0.3937
2026-05,11200,성동구,연립다세대,50,89,45250.0,25000.0,4435.0,2206.0,0.5525,0.4975
2026-05,11215,광진구,아파트,210,180,150000.0,70000.0,6148.0,3103.0,0.4667,0.5046
2026-05,11215,광진구,연립다세대,296,282,44400.0,26000.0,4065.0,2509.0,0.5856,0.6172
2026-05,11230,동대문구,아파트,356,289,99000.0,60000.0,4364.0,2539.0,0.6061,0.5818
2026-05,11230,동대문구,연립다세대,86,113,40650.0,24500.0,3048.0,2612.0,0.6027,0.857
2026-05,11260,중랑구,아파트,336,200,67900.0,40900.0,3063.0,1962.0,0.6024,0.6406
2026-05,11260,중랑구,연립다세대,200,183,35800.0,22780.0,3027.0,2271.0,0.6363,0.7502
2026-05,11290,성북구,아파트,522,332,96000.0,55000.0,4104.0,2450.0,0.5729,0.5969
2026-05,11290,성북구,연립다세대,218,159,38150.0,20500.0,2873.0,1607.0,0.5374,0.5594
2026-05,11305,강북구,아파트,212,96,69850.0,46000.0,3054.0,1925.0,0.6586,0.6302
2026-05,11305,강북구,연립다세대,174,90,24950.0,14450.0,1879.0,1066.0,0.5792,0.5672
2026-05,11320,도봉구,아파트,350,206,54000.0,31750.0,2789.0,1586.0,0.588,0.5685
2026-05,11320,도봉구,연립다세대,122,64,23000.0,17000.0,1634.0,1087.0,0.7391,0.6649
2026-05,11350,노원구,아파트,933,740,60000.0,28000.0,3503.0,1781.0,0.4667,0.5085
2026-05,11350,노원구,연립다세대,53,59,31350.0,16000.0,2060.0,1173.0,0.5104,0.5695
2026-05,11380,은평구,아파트,398,370,90000.0,54800.0,3783.0,2542.0,0.6089,0.6722
2026-05,11380,은평구,연립다세대,300,271,28000.0,20500.0,2119.0,1578.0,0.7321,0.7448
2026-05,11410,서대문구,아파트,323,226,104000.0,61093.0,4402.0,2662.0,0.5874,0.6048
2026-05,11410,서대문구,연립다세대,105,105,33000.0,20500.0,2008.0,1358.0,0.6212,0.6762
2026-05,11440,마포구,아파트,290,317,149900.0,68000.0,6190.0,3097.0,0.4536,0.5004
2026-05,11440,마포구,연립다세대,175,297,41000.0,24000.0,3197.0,2434.0,0.5854,0.7612
2026-05,11470,양천구,아파트,312,498,107250.0,60000.0,4667.0,2662.0,0.5594,0.5704
2026-05,11470,양천구,연립다세대,192,236,28000.0,18725.0,2224.0,1413.0,0.6687,0.635
2026-05,11500,강서구,아파트,616,505,88000.0,47250.0,4275.0,2337.0,0.5369,0.5468
2026-05,11500,강서구,연립다세대,284,267,23378.0,18500.0,1932.0,1637.0,0.7914,0.8473
2026-05,11530,구로구,아파트,724,308,59850.0,41000.0,3991.0,1906.0,0.685,0.4776
2026-05,11530,구로구,연립다세대,122,117,25500.0,17000.0,1735.0,1298.0,0.6667,0.7482
2026-05,11545,금천구,아파트,178,119,61750.0,39000.0,2792.0,1858.0,0.6316,0.6654
2026-05,11545,금천구,연립다세대,114,109,28100.0,19000.0,2232.0,1938.0,0.6762,0.8683
2026-05,11560,영등포구,아파트,344,406,120000.0,60000.0,5640.0,2723.0,0.5,0.4827
2026-05,11560,영등포구,연립다세대,115,114,33000.0,24000.0,3596.0,2742.0,0.7273,0.7625
2026-05,11590,동작구,아파트,368,358,145000.0,68250.0,6184.0,2980.0,0.4707,0.4819
2026-05,11590,동작구,연립다세대,283,179,46000.0,27000.0,3508.0,1814.0,0.587,0.517
2026-05,11620,관악구,아파트,389,204,83000.0,50725.0,3969.0,2420.0,0.6111,0.6097
2026-05,11620,관악구,연립다세대,257,106,31000.0,18000.0,2450.0,1682.0,0.5806,0.6868
2026-05,11650,서초구,아파트,399,479,272500.0,90000.0,10178.0,3654.0,0.3303,0.359
2026-05,11650,서초구,연립다세대,144,287,69000.0,33500.0,5009.0,2599.0,0.4855,0.5188
2026-05,11680,강남구,아파트,467,977,270000.0,75000.0,11966.0,3315.0,0.2778,0.277
2026-05,11680,강남구,연립다세대,135,248,51639.0,30450.0,4695.0,2656.0,0.5897,0.5657
2026-05,11710,송파구,아파트,627,767,203000.0,78000.0,8312.0,3183.0,0.3842,0.383
2026-05,11710,송파구,연립다세대,352,396,45000.0,25000.0,3365.0,1926.0,0.5556,0.5723
2026-05,11740,강동구,아파트,510,494,148000.0,63000.0,6346.0,2859.0,0.4257,0.4506
2026-05,11740,강동구,연립다세대,236,244,35767.0,25000.0,3418.0,2336.0,0.699,0.6836
2026-05,41111,수원시 장안구,아파트,380,285,53150.0,31500.0,2408.0,1706.0,0.5927,0.7083
2026-05,41111,수원시 장안구,연립다세대,62,35,15400.0,9000.0,985.0,682.0,0.5844,0.693
2026-05,41113,수원시 권선구,아파트,439,257,46800.0,31000.0,2248.0,1401.0,0.6624,0.6231
2026-05,41113,수원시 권선구,연립다세대,64,63,19000.0,10500.0,1268.0,960.0,0.5526,0.7572
2026-05,41115,수원시 팔달구,아파트,286,213,65750.0,38850.0,3362.0,1764.0,0.5909,0.5247
2026-05,41115,수원시 팔달구,연립다세대,76,85,20950.0,12600.0,1495.0,1350.0,0.6014,0.9031
2026-05,41117,수원시 영통구,아파트,697,431,60000.0,38850.0,2756.0,1818.0,0.6475,0.6597
2026-05,41117,수원시 영통구,연립다세대,15,15,37400.0,17200.0,2563.0,1545.0,0.4599,0.6027
2026-05,41131,성남시 수정구,아파트,201,258,125000.0,65000.0,5524.0,2186.0,0.52,0.3958
2026-05,41131,성남시 수정구,연립다세대,74,58,32050.0,17500.0,1882.0,1114.0,0.546,0.5919
2026-05,41133,성남시 중원구,아파트,235,132,82000.0,45500.0,3833.0,2142.0,0.5549,0.5589
2026-05,41133,성남시 중원구,연립다세대,112,127,28250.0,14200.0,1726.0,1036.0,0.5027,0.6
2026-05,41135,성남시 분당구,아파트,517,613,152000.0,65000.0,6966.0,2781.0,0.4276,0.3993
2026-05,41135,성남시 분당구,연립다세대,41,61,145000.0,50000.0,4352.0,1973.0,0.3448,0.4534
2026-05,41150,의정부시,아파트,545,352,36000.0,26000.0,1620.0,1193.0,0.7222,0.7365
2026-05,41150,의정부시,연립다세대,61,53,15000.0,10000.0,869.0,660.0,0.6667,0.7592
2026-05,41171,안양시 만안구,아파트,275,133,60000.0,40000.0,2722.0,2049.0,0.6667,0.7527
2026-05,41171,안양시 만안구,연립다세대,61,68,21500.0,12550.0,1573.0,937.0,0.5837,0.5957
2026-05,41173,안양시 동안구,아파트,699,518,71000.0,39375.0,3928.0,2131.0,0.5546,0.5426
2026-05,41173,안양시 동안구,연립다세대,77,78,45000.0,15250.0,3354.0,1232.0,0.3389,0.3674
2026-05,41192,부천시 원미구,아파트,474,281,55000.0,32000.0,2415.0,1649.0,0.5818,0.6828
2026-05,41192,부천시 원미구,연립다세대,103,57,17000.0,11100.0,1119.0,804.0,0.6529,0.7186
2026-05,41194,부천시 소사구,아파트,261,149,56700.0,37000.0,2550.0,1621.0,0.6526,0.6355
2026-05,41194,부천시 소사구,연립다세대,67,41,15500.0,11000.0,1085.0,805.0,0.7097,0.7416
2026-05,41196,부천시 오정구,아파트,50,70,26850.0,22500.0,1599.0,1056.0,0.838,0.6604
2026-05,41196,부천시 오정구,연립다세대,105,75,14000.0,9850.0,1052.0,751.0,0.7036,0.7139
2026-05,41210,광명시,아파트,418,364,79400.0,38800.0,3908.0,1948.0,0.4887,0.4985
2026-05,41210,광명시,연립다세대,70,58,37500.0,18250.0,2588.0,1141.0,0.4867,0.4407
2026-05,41220,평택시,아파트,664,518,30150.0,21000.0,1314.0,934.0,0.6965,0.7109
2026-05,41220,평택시,연립다세대,64,51,8000.0,7000.0,501.0,550.0,0.875,1.099
2026-05,41250,동두천시,아파트,73,56,16500.0,15400.0,836.0,742.0,0.9333,0.8885
2026-05,41250,동두천시,연립다세대,31,9,6100.0,6900.0,373.0,819.0,1.1311,2.1961
2026-05,41271,안산시 상록구,아파트,148,171,40250.0,23100.0,1757.0,1105.0,0.5739,0.629
2026-05,41271,안산시 상록구,연립다세대,138,46,13950.0,8800.0,719.0,589.0,0.6308,0.8184
2026-05,41273,안산시 단원구,아파트,307,267,47100.0,29000.0,2072.0,1330.0,0.6157,0.6419
2026-05,41273,안산시 단원구,연립다세대,49,36,21000.0,8950.0,1160.0,659.0,0.4262,0.5681
2026-05,41281,고양시 덕양구,아파트,572,471,60000.0,37000.0,2519.0,1654.0,0.6167,0.6567
2026-05,41281,고양시 덕양구,연립다세대,83,75,25800.0,12000.0,1574.0,878.0,0.4651,0.5577
2026-05,41285,고양시 일산동구,아파트,211,230,53500.0,36750.0,1915.0,1453.0,0.6869,0.759
2026-05,41285,고양시 일산동구,연립다세대,33,41,25800.0,20000.0,1565.0,1007.0,0.7752,0.6435
2026-05,41287,고양시 일산서구,아파트,321,372,36000.0,28000.0,1654.0,1275.0,0.7778,0.7709
2026-05,41287,고양시 일산서구,연립다세대,21,13,19900.0,15000.0,1142.0,1006.0,0.7538,0.8807
2026-05,41290,과천시,아파트,46,91,211500.0,87000.0,9258.0,4164.0,0.4113,0.4498
2026-05,41290,과천시,연립다세대,22,48,94500.0,41500.0,6880.0,2367.0,0.4392,0.344
2026-05,41310,구리시,아파트,309,282,71500.0,44250.0,3222.0,1904.0,0.6189,0.5908
2026-05,41310,구리시,연립다세대,51,49,44700.0,18900.0,2422.0,1235.0,0.4228,0.5098
2026-05,41360,남양주시,아파트,934,858,49550.0,35000.0,1978.0,1442.0,0.7064,0.7293
2026-05,41360,남양주시,연립다세대,117,89,13500.0,11500.0,836.0,662.0,0.8519,0.7928
2026-05,41370,오산시,아파트,271,268,34200.0,25000.0,1420.0,1150.0,0.731,0.8098
2026-05,41370,오산시,연립다세대,25,19,9000.0,7500.0,819.0,835.0,0.8333,1.0194
2026-05,41390,시흥시,아파트,569,493,42500.0,28665.0,1919.0,1236.0,0.6745,0.6443
2026-05,41390,시흥시,연립다세대,58,66,11000.0,8126.0,691.0,621.0,0.7387,0.9
2026-05,41410,군포시,아파트,419,308,43700.0,27000.0,2289.0,1539.0,0.6178,0.6721
2026-05,41410,군포시,연립다세대,48,56,27625.0,13000.0,1966.0,1135.0,0.4706,0.5774
2026-05,41430,의왕시,아파트,279,156,78000.0,45000.0,3165.0,1897.0,0.5769,0.5995
2026-05,41430,의왕시,연립다세대,7,40,30000.0,16000.0,1956.0,1216.0,0.5333,0.6216
2026-05,41450,하남시,아파트,367,467,107500.0,62000.0,4585.0,2553.0,0.5767,0.5567
2026-05,41450,하남시,연립다세대,21,21,40000.0,20000.0,2183.0,1377.0,0.5,0.6309
2026-05,41461,용인시 처인구,아파트,216,201,39000.0,27000.0,1766.0,1220.0,0.6923,0.6908
2026-05,41461,용인시 처인구,연립다세대,97,48,13500.0,8300.0,786.0,647.0,0.6148,0.8232
2026-05,41463,용인시 기흥구,아파트,751,440,61000.0,40000.0,2248.0,1527.0,0.6557,0.6791
2026-05,41463,용인시 기흥구,연립다세대,71,47,18800.0,15000.0,1185.0,1346.0,0.7979,1.1359
2026-05,41465,용인시 수지구,아파트,678,472,92000.0,56600.0,3402.0,2151.0,0.6152,0.6321
2026-05,41465,용인시 수지구,연립다세대,25,24,50000.0,23400.0,2225.0,1526.0,0.468,0.6862
2026-05,41480,파주시,아파트,426,476,38300.0,28000.0,1503.0,1128.0,0.7311,0.7505
2026-05,41480,파주시,연립다세대,70,47,17000.0,12500.0,948.0,742.0,0.7353,0.7829
2026-05,41500,이천시,아파트,206,165,20900.0,16000.0,920.0,808.0,0.7656,0.8789
2026-05,41500,이천시,연립다세대,32,24,12135.0,10880.0,672.0,632.0,0.8966,0.9398
2026-05,41550,안성시,아파트,183,149,18200.0,18000.0,882.0,809.0,0.989,0.9174
2026-05,41550,안성시,연립다세대,22,8,6775.0,4750.0,466.0,429.0,0.7011,0.92
2026-05,41570,김포시,아파트,432,496,44500.0,31000.0,1815.0,1295.0,0.6966,0.7132
2026-05,41570,김포시,연립다세대,35,22,16900.0,22525.0,988.0,1252.0,1.3328,1.2667
2026-05,41591,화성시 만세구,아파트,110,236,38500.0,21666.0,1602.0,843.0,0.5628,0.526
2026-05,41591,화성시 만세구,연립다세대,27,9,10000.0,10000.0,525.0,892.0,1.0,1.6979
2026-05,41593,화성시 효행구,아파트,143,103,40000.0,27800.0,1720.0,1149.0,0.695,0.6681
2026-05,41593,화성시 효행구,연립다세대,14,8,9250.0,8000.0,530.0,667.0,0.8649,1.2601
2026-05,41595,화성시 병점구,아파트,280,161,42800.0,29000.0,1774.0,1284.0,0.6776,0.7235
2026-05,41595,화성시 병점구,연립다세대,11,28,10500.0,10500.0,663.0,1183.0,1.0,1.7848
2026-05,41597,화성시 동탄구,아파트,1260,557,75000.0,40000.0,3055.0,1725.0,0.5333,0.5648
2026-05,41597,화성시 동탄구,연립다세대,11,6,70000.0,57400.0,2689.0,1571.0,0.82,0.5841
2026-05,41610,광주시,아파트,333,321,48000.0,31500.0,2102.0,1322.0,0.6563,0.6293
2026-05,41610,광주시,연립다세대,218,127,17050.0,15000.0,943.0,851.0,0.8798,0.9025
2026-05,41630,양주시,아파트,287,248,34000.0,24000.0,1536.0,1012.0,0.7059,0.659
2026-05,41630,양주시,연립다세대,22,15,10025.0,34000.0,715.0,1324.0,3.3915,1.8518
2026-05,41650,포천시,아파트,68,36,18750.0,18450.0,874.0,862.0,0.984,0.9854
2026-05,41650,포천시,연립다세대,38,7,9400.0,5500.0,553.0,306.0,0.5851,0.5534
2026-05,41670,여주시,아파트,78,46,15000.0,21000.0,797.0,856.0,1.4,1.0744
2026-05,41670,여주시,연립다세대,7,8,12000.0,9000.0,701.0,617.0,0.75,0.8795
2026-05,41800,연천군,아파트,16,4,9475.0,13500.0,483.0,608.0,1.4248,1.2595
2026-05,41800,연천군,연립다세대,5,0,2500.0,,195.0,,,
2026-05,41820,가평군,아파트,14,16,21100.0,19500.0,976.0,827.0,0.9242,0.847
2026-05,41820,가평군,연립다세대,22,6,9300.0,12750.0,483.0,629.0,1.371,1.3031
2026-05,41830,양평군,아파트,52,42,31500.0,23000.0,1409.0,1045.0,0.7302,0.7414
2026-05,41830,양평군,연립다세대,33,17,14700.0,15000.0,858.0,835.0,1.0204,0.9732
2026-06,11110,종로구,아파트,34,65,117990.0,64000.0,4810.0,2795.0,0.5424,0.5811
2026-06,11110,종로구,연립다세대,57,60,49900.0,29250.0,2716.0,1708.0,0.5862,0.6286
2026-06,11140,중구,아파트,60,96,145250.0,67600.0,5549.0,3066.0,0.4654,0.5526
2026-06,11140,중구,연립다세대,29,66,42800.0,28000.0,4400.0,2921.0,0.6542,0.664
2026-06,11170,용산구,아파트,63,190,199000.0,75000.0,7741.0,3122.0,0.3769,0.4033
2026-06,11170,용산구,연립다세대,63,305,80000.0,26000.0,6728.0,2893.0,0.325,0.43
2026-06,11200,성동구,아파트,132,351,177000.0,75600.0,7794.0,3331.0,0.4271,0.4273
2026-06,11200,성동구,연립다세대,53,85,35000.0,25000.0,4124.0,2568.0,0.7143,0.6228
2026-06,11215,광진구,아파트,79,151,145000.0,70350.0,6444.0,3122.0,0.4852,0.4845
2026-06,11215,광진구,연립다세대,215,300,56000.0,26513.0,4142.0,2597.0,0.4734,0.6271
2026-06,11230,동대문구,아파트,246,248,104150.0,60000.0,4563.0,2862.0,0.5761,0.6271
2026-06,11230,동대문구,연립다세대,75,130,44000.0,24000.0,5084.0,2714.0,0.5455,0.5339
2026-06,11260,중랑구,아파트,218,173,67000.0,45000.0,3229.0,2030.0,0.6716,0.6287
2026-06,11260,중랑구,연립다세대,183,164,35000.0,22000.0,3075.0,2383.0,0.6286,0.7751
2026-06,11290,성북구,아파트,320,314,98000.0,55625.0,4118.0,2505.0,0.5676,0.6082
2026-06,11290,성북구,연립다세대,156,148,40500.0,20000.0,3066.0,1698.0,0.4938,0.5538
2026-06,11305,강북구,아파트,110,102,74600.0,43025.0,2921.0,1984.0,0.5767,0.6792
2026-06,11305,강북구,연립다세대,173,70,26819.0,13000.0,2283.0,965.0,0.4847,0.4226
2026-06,11320,도봉구,아파트,291,191,53000.0,30000.0,2716.0,1632.0,0.566,0.6009
2026-06,11320,도봉구,연립다세대,99,83,22500.0,13000.0,1610.0,993.0,0.5778,0.6168
2026-06,11350,노원구,아파트,701,637,63500.0,30000.0,3504.0,1837.0,0.4724,0.5242
2026-06,11350,노원구,연립다세대,105,49,35500.0,14600.0,2664.0,1336.0,0.4113,0.5014
2026-06,11380,은평구,아파트,271,384,85000.0,50000.0,3657.0,2256.0,0.5882,0.6169
2026-06,11380,은평구,연립다세대,198,239,29750.0,19500.0,2001.0,1386.0,0.6555,0.6929
2026-06,11410,서대문구,아파트,222,220,108000.0,60450.0,4774.0,2737.0,0.5597,0.5734
2026-06,11410,서대문구,연립다세대,72,87,31500.0,19500.0,2363.0,1329.0,0.619,0.5624
2026-06,11440,마포구,아파트,153,348,148000.0,67000.0,6030.0,2920.0,0.4527,0.4843
2026-06,11440,마포구,연립다세대,129,273,46500.0,24000.0,3808.0,2362.0,0.5161,0.6205
2026-06,11470,양천구,아파트,216,437,104750.0,56227.0,4712.0,2602.0,0.5368,0.5523
2026-06,11470,양천구,연립다세대,164,216,31000.0,19500.0,2503.0,1514.0,0.629,0.6047
2026-06,11500,강서구,아파트,383,508,93000.0,48000.0,4296.0,2373.0,0.5161,0.5522
2026-06,11500,강서구,연립다세대,259,266,24800.0,18900.0,1892.0,1718.0,0.7621,0.9077
2026-06,11530,구로구,아파트,308,276,73000.0,40525.0,3334.0,1874.0,0.5551,0.5622
2026-06,11530,구로구,연립다세대,121,98,28500.0,16750.0,2069.0,1322.0,0.5877,0.6392
2026-06,11545,금천구,아파트,107,88,62300.0,36875.0,2728.0,1755.0,0.5919,0.6432
2026-06,11545,금천구,연립다세대,94,114,29400.0,20000.0,2307.0,2111.0,0.6803,0.9147
2026-06,11560,영등포구,아파트,262,350,134000.0,60000.0,6185.0,2840.0,0.4478,0.4592
2026-06,11560,영등포구,연립다세대,65,127,36000.0,24000.0,3475.0,2896.0,0.6667,0.8334
2026-06,11590,동작구,아파트,157,336,144000.0,68000.0,6194.0,2938.0,0.4722,0.4743
2026-06,11590,동작구,연립다세대,164,166,47850.0,24000.0,3997.0,1923.0,0.5016,0.4811
2026-06,11620,관악구,아파트,163,197,88500.0,51000.0,3872.0,2314.0,0.5763,0.5978
2026-06,11620,관악구,연립다세대,174,125,30250.0,22000.0,2117.0,1669.0,0.7273,0.7884
2026-06,11650,서초구,아파트,192,587,249750.0,90000.0,8583.0,3682.0,0.3604,0.429
2026-06,11650,서초구,연립다세대,98,240,75000.0,33550.0,5393.0,2738.0,0.4473,0.5076
2026-06,11680,강남구,아파트,221,686,278000.0,85000.0,12182.0,3640.0,0.3058,0.2988
2026-06,11680,강남구,연립다세대,92,207,50200.0,29000.0,4723.0,2785.0,0.5777,0.5897
2026-06,11710,송파구,아파트,276,667,182000.0,78750.0,7972.0,3190.0,0.4327,0.4002
2026-06,11710,송파구,연립다세대,320,426,45000.0,25400.0,3988.0,2022.0,0.5644,0.5069
2026-06,11740,강동구,아파트,265,533,137000.0,60000.0,6161.0,2787.0,0.438,0.4524
2026-06,11740,강동구,연립다세대,183,271,39500.0,25000.0,3550.0,2423.0,0.6329,0.6825
2026-06,41111,수원시 장안구,아파트,261,213,55500.0,33000.0,2394.0,1620.0,0.5946,0.6769
2026-06,41111,수원시 장안구,연립다세대,43,47,15100.0,9300.0,1084.0,684.0,0.6159,0.6313
2026-06,41113,수원시 권선구,아파트,547,262,49500.0,30000.0,2295.0,1443.0,0.6061,0.629
2026-06,41113,수원시 권선구,연립다세대,65,90,17000.0,12200.0,1029.0,1176.0,0.7176,1.1427
2026-06,41115,수원시 팔달구,아파트,256,185,71650.0,39500.0,3337.0,1838.0,0.5513,0.5508
2026-06,41115,수원시 팔달구,연립다세대,59,51,20000.0,11000.0,1643.0,1480.0,0.55,0.9013
2026-06,41117,수원시 영통구,아파트,521,388,69000.0,37400.0,2965.0,1800.0,0.542,0.6072
2026-06,41117,수원시 영통구,연립다세대,6,11,136250.0,21000.0,4022.0,1654.0,0.1541,0.4113
2026-06,41131,성남시 수정구,아파트,107,245,130000.0,63000.0,5722.0,2636.0,0.4846,0.4607
2026-06,41131,성남시 수정구,연립다세대,61,60,31000.0,17000.0,1873.0,1151.0,0.5484,0.6149
2026-06,41133,성남시 중원구,아파트,162,105,81750.0,50000.0,3702.0,2206.0,0.6116,0.596
2026-06,41133,성남시 중원구,연립다세대,92,106,28875.0,13850.0,1853.0,1032.0,0.4797,0.557
2026-06,41135,성남시 분당구,아파트,450,583,159000.0,66150.0,7260.0,2736.0,0.416,0.3769
2026-06,41135,성남시 분당구,연립다세대,31,57,111000.0,49000.0,3766.0,2055.0,0.4414,0.5455
2026-06,41150,의정부시,아파트,500,356,34825.0,26500.0,1571.0,1241.0,0.7609,0.7897
2026-06,41150,의정부시,연립다세대,63,46,13750.0,8795.0,1003.0,638.0,0.6396,0.6361
2026-06,41171,안양시 만안구,아파트,303,160,60500.0,41000.0,2958.0,1871.0,0.6777,0.6326
2026-06,41171,안양시 만안구,연립다세대,80,79,21500.0,13000.0,1598.0,1026.0,0.6047,0.6418
2026-06,41173,안양시 동안구,아파트,489,528,80500.0,40000.0,4070.0,2083.0,0.4969,0.5119
2026-06,41173,안양시 동안구,연립다세대,55,64,45000.0,15000.0,3461.0,1341.0,0.3333,0.3874
2026-06,41192,부천시 원미구,아파트,454,302,56750.0,30000.0,2488.0,1610.0,0.5286,0.647
2026-06,41192,부천시 원미구,연립다세대,86,74,16600.0,12175.0,1206.0,799.0,0.7334,0.663
2026-06,41194,부천시 소사구,아파트,232,125,55975.0,38000.0,2417.0,1543.0,0.6789,0.6384
2026-06,41194,부천시 소사구,연립다세대,59,41,17650.0,11000.0,1256.0,804.0,0.6232,0.6406
2026-06,41196,부천시 오정구,아파트,61,63,32000.0,17000.0,1690.0,1023.0,0.5313,0.6054
2026-06,41196,부천시 오정구,연립다세대,114,77,14000.0,9700.0,1132.0,757.0,0.6929,0.6689
2026-06,41210,광명시,아파트,236,324,83250.0,37500.0,4280.0,1941.0,0.4505,0.4535
2026-06,41210,광명시,연립다세대,49,45,38500.0,15000.0,2494.0,1084.0,0.3896,0.4346
2026-06,41220,평택시,아파트,738,523,31900.0,22050.0,1383.0,992.0,0.6912,0.717
2026-06,41220,평택시,연립다세대,53,41,9000.0,6500.0,606.0,708.0,0.7222,1.168
2026-06,41250,동두천시,아파트,97,52,15300.0,13000.0,800.0,700.0,0.8497,0.8754
2026-06,41250,동두천시,연립다세대,33,13,4500.0,6000.0,303.0,390.0,1.3333,1.2836
2026-06,41271,안산시 상록구,아파트,141,149,41000.0,25000.0,1859.0,1105.0,0.6098,0.5944
2026-06,41271,안산시 상록구,연립다세대,174,67,13400.0,7800.0,699.0,612.0,0.5821,0.8757
2026-06,41273,안산시 단원구,아파트,243,230,49500.0,28350.0,2276.0,1355.0,0.5727,0.5954
2026-06,41273,안산시 단원구,연립다세대,55,48,18300.0,10250.0,1036.0,746.0,0.5601,0.7203
2026-06,41281,고양시 덕양구,아파트,527,482,60500.0,35000.0,2471.0,1587.0,0.5785,0.6423
2026-06,41281,고양시 덕양구,연립다세대,83,54,23000.0,13935.0,1265.0,956.0,0.6059,0.7555
2026-06,41285,고양시 일산동구,아파트,208,249,52375.0,36000.0,1947.0,1447.0,0.6874,0.7431
2026-06,41285,고양시 일산동구,연립다세대,19,30,24000.0,20400.0,1379.0,1068.0,0.85,0.7745
2026-06,41287,고양시 일산서구,아파트,304,404,38600.0,28000.0,1686.0,1308.0,0.7254,0.7758
2026-06,41287,고양시 일산서구,연립다세대,11,21,14500.0,13400.0,897.0,882.0,0.9241,0.9837
2026-06,41290,과천시,아파트,22,73,226000.0,95000.0,9523.0,3936.0,0.4204,0.4133
2026-06,41290,과천시,연립다세대,6,37,130500.0,44100.0,7802.0,2544.0,0.3379,0.3261
2026-06,41310,구리시,아파트,421,256,74000.0,41550.0,3302.0,1914.0,0.5615,0.5798
2026-06,41310,구리시,연립다세대,66,48,40250.0,20000.0,2779.0,1265.0,0.4969,0.4553
2026-06,41360,남양주시,아파트,981,791,51500.0,33600.0,2069.0,1378.0,0.6524,0.6661
2026-06,41360,남양주시,연립다세대,106,102,13950.0,11100.0,843.0,657.0,0.7957,0.7792
2026-06,41370,오산시,아파트,308,218,36450.0,25000.0,1525.0,1157.0,0.6859,0.7591
2026-06,41370,오산시,연립다세대,12,31,7450.0,12000.0,522.0,888.0,1.6107,1.7024
2026-06,41390,시흥시,아파트,541,444,40500.0,26800.0,1889.0,1268.0,0.6617,0.671
2026-06,41390,시흥시,연립다세대,66,68,9900.0,8080.0,755.0,675.0,0.8162,0.8935
2026-06,41410,군포시,아파트,461,272,48000.0,26125.0,2286.0,1564.0,0.5443,0.6841
2026-06,41410,군포시,연립다세대,46,49,21425.0,11000.0,1716.0,1010.0,0.5134,0.5884
2026-06,41430,의왕시,아파트,178,141,75350.0,45000.0,3213.0,1910.0,0.5972,0.5945
2026-06,41430,의왕시,연립다세대,12,34,29400.0,15000.0,1876.0,1107.0,0.5102,0.5901
2026-06,41450,하남시,아파트,303,428,113000.0,60500.0,4788.0,2458.0,0.5354,0.5133
2026-06,41450,하남시,연립다세대,10,18,37750.0,22735.0,2315.0,1542.0,0.6023,0.6662
2026-06,41461,용인시 처인구,아파트,219,197,40000.0,27000.0,1718.0,1215.0,0.675,0.7073
2026-06,41461,용인시 처인구,연립다세대,80,53,14100.0,10000.0,835.0,651.0,0.7092,0.7797
2026-06,41463,용인시 기흥구,아파트,1141,448,63500.0,42000.0,2356.0,1561.0,0.6614,0.6628
2026-06,41463,용인시 기흥구,연립다세대,46,96,26200.0,11000.0,1483.0,1472.0,0.4198,0.9927
2026-06,41465,용인시 수지구,아파트,557,480,93000.0,55825.0,3463.0,2162.0,0.6003,0.6244
2026-06,41465,용인시 수지구,연립다세대,12,29,34750.0,35000.0,2071.0,1571.0,1.0072,0.7586
2026-06,41480,파주시,아파트,408,495,40000.0,29500.0,1573.0,1160.0,0.7375,0.7377
2026-06,41480,파주시,연립다세대,62,30,18200.0,15150.0,1118.0,901.0,0.8324,0.8061
2026-06,41500,이천시,아파트,172,157,18650.0,17000.0,872.0,806.0,0.9115,0.9239
2026-06,41500,이천시,연립다세대,22,35,6900.0,5480.0,396.0,638.0,0.7942,1.6121
2026-06,41550,안성시,아파트,169,162,15000.0,17500.0,802.0,744.0,1.1667,0.9275
2026-06,41550,안성시,연립다세대,22,4,6950.0,5000.0,420.0,779.0,0.7194,1.8558
2026-06,41570,김포시,아파트,445,503,45000.0,33000.0,1818.0,1340.0,0.7333,0.7368
2026-06,41570,김포시,연립다세대,40,10,15550.0,36250.0,867.0,1194.0,2.3312,1.3774
2026-06,41591,화성시 만세구,아파트,117,194,37500.0,24550.0,1558.0,1049.0,0.6547,0.6732
2026-06,41591,화성시 만세구,연립다세대,14,6,9700.0,7500.0,767.0,640.0,0.7732,0.8346
2026-06,41593,화성시 효행구,아파트,155,85,36000.0,30000.0,1642.0,1366.0,0.8333,0.8314
2026-06,41593,화성시 효행구,연립다세대,16,6,9000.0,9000.0,489.0,773.0,1.0,1.5823
2026-06,41595,화성시 병점구,아파트,408,156,49500.0,32000.0,1958.0,1362.0,0.6465,0.6956
2026-06,41595,화성시 병점구,연립다세대,22,28,8446.0,12600.0,1163.0,1346.0,1.4918,1.1574
2026-06,41597,화성시 동탄구,아파트,1912,517,75000.0,42000.0,2973.0,1757.0,0.56,0.5911
2026-06,41597,화성시 동탄구,연립다세대,18,2,67250.0,56000.0,2757.0,1737.0,0.8327,0.6298
2026-06,41610,광주시,아파트,370,309,47800.0,34000.0,2004.0,1470.0,0.7113,0.7336
2026-06,41610,광주시,연립다세대,252,103,17550.0,14000.0,945.0,808.0,0.7977,0.855
2026-06,41630,양주시,아파트,263,292,31500.0,23050.0,1295.0,993.0,0.7317,0.7669
2026-06,41630,양주시,연립다세대,25,9,11000.0,6200.0,613.0,439.0,0.5636,0.7158
2026-06,41650,포천시,아파트,72,41,19850.0,16000.0,822.0,702.0,0.806,0.8536
2026-06,41650,포천시,연립다세대,26,15,10250.0,9680.0,551.0,553.0,0.9444,1.0039
2026-06,41670,여주시,아파트,58,43,19750.0,13000.0,867.0,693.0,0.6582,0.7994
2026-06,41670,여주시,연립다세대,7,8,8800.0,7050.0,540.0,458.0,0.8011,0.8487
2026-06,41800,연천군,아파트,19,5,16500.0,17000.0,742.0,662.0,1.0303,0.8922
2026-06,41800,연천군,연립다세대,3,0,9200.0,,590.0,,,
2026-06,41820,가평군,아파트,25,11,23500.0,19000.0,974.0,785.0,0.8085,0.8061
2026-06,41820,가평군,연립다세대,12,12,9850.0,6500.0,508.0,468.0,0.6599,0.9223
2026-06,41830,양평군,아파트,49,36,36000.0,28000.0,1598.0,1167.0,0.7778,0.7304
2026-06,41830,양평군,연립다세대,27,13,15500.0,11000.0,891.0,605.0,0.7097,0.6792
2026-07,11110,종로구,아파트,30,56,96500.0,61500.0,4037.0,2781.0,0.6373,0.6888
2026-07,11110,종로구,연립다세대,46,46,46900.0,23250.0,2801.0,1640.0,0.4957,0.5856
2026-07,11140,중구,아파트,63,96,117500.0,66100.0,5411.0,2964.0,0.5626,0.5478
2026-07,11140,중구,연립다세대,23,50,45000.0,26150.0,4634.0,3291.0,0.5811,0.7101
2026-07,11170,용산구,아파트,46,169,203000.0,73500.0,8493.0,3068.0,0.3621,0.3612
2026-07,11170,용산구,연립다세대,36,247,82500.0,27000.0,6148.0,2938.0,0.3273,0.4779
2026-07,11200,성동구,아파트,67,316,180010.0,72000.0,7753.0,3312.0,0.4,0.4272
2026-07,11200,성동구,연립다세대,22,83,48000.0,20000.0,4336.0,2607.0,0.4167,0.6013
2026-07,11215,광진구,아파트,71,125,147000.0,75000.0,6548.0,3307.0,0.5102,0.5051
2026-07,11215,광진구,연립다세대,193,223,51000.0,26250.0,3913.0,2646.0,0.5147,0.6763
2026-07,11230,동대문구,아파트,193,300,107000.0,53250.0,4863.0,2560.0,0.4977,0.5264
2026-07,11230,동대문구,연립다세대,48,76,37000.0,22250.0,2908.0,2572.0,0.6014,0.8846
2026-07,11260,중랑구,아파트,492,179,42750.0,43000.0,4473.0,2027.0,1.0058,0.4531
2026-07,11260,중랑구,연립다세대,150,123,34280.0,22000.0,3252.0,2214.0,0.6418,0.6809
2026-07,11290,성북구,아파트,282,292,98000.0,58400.0,4259.0,2530.0,0.5959,0.594
2026-07,11290,성북구,연립다세대,115,111,38000.0,20000.0,3160.0,1784.0,0.5263,0.5646
2026-07,11305,강북구,아파트,114,93,71250.0,38000.0,3152.0,1925.0,0.5333,0.6107
2026-07,11305,강북구,연립다세대,122,68,25625.0,13300.0,1826.0,933.0,0.519,0.5109
2026-07,11320,도봉구,아파트,226,205,55000.0,35000.0,2460.0,1737.0,0.6364,0.706
2026-07,11320,도봉구,연립다세대,117,67,25500.0,17700.0,1962.0,1117.0,0.6941,0.5691
2026-07,11350,노원구,아파트,558,626,65250.0,31500.0,3603.0,1884.0,0.4828,0.5228
2026-07,11350,노원구,연립다세대,29,37,28000.0,14000.0,2104.0,1122.0,0.5,0.5334
2026-07,11380,은평구,아파트,254,407,87150.0,45000.0,3717.0,1864.0,0.5164,0.5014
2026-07,11380,은평구,연립다세대,271,187,31000.0,19000.0,2271.0,1373.0,0.6129,0.6046
2026-07,11410,서대문구,아파트,201,219,109000.0,63000.0,4671.0,2941.0,0.578,0.6297
2026-07,11410,서대문구,연립다세대,64,74,37000.0,18000.0,2173.0,1304.0,0.4865,0.6001
2026-07,11440,마포구,아파트,107,347,142000.0,70000.0,5746.0,3078.0,0.493,0.5357
2026-07,11440,마포구,연립다세대,80,208,44850.0,23000.0,3343.0,2216.0,0.5128,0.663
2026-07,11470,양천구,아파트,204,463,116500.0,54600.0,5002.0,2611.0,0.4687,0.522
2026-07,11470,양천구,연립다세대,114,186,31500.0,20000.0,2691.0,1499.0,0.6349,0.5572
2026-07,11500,강서구,아파트,319,694,87000.0,35000.0,4414.0,1990.0,0.4023,0.4508
2026-07,11500,강서구,연립다세대,252,185,24049.0,19000.0,1948.0,1599.0,0.7901,0.8206
2026-07,11530,구로구,아파트,310,268,74000.0,41808.0,3442.0,1851.0,0.565,0.5377
2026-07,11530,구로구,연립다세대,79,86,25000.0,17650.0,2203.0,1342.0,0.706,0.609
2026-07,11545,금천구,아파트,107,80,65000.0,38200.0,2956.0,1858.0,0.5877,0.6285
2026-07,11545,금천구,연립다세대,105,73,29500.0,20000.0,2239.0,1822.0,0.678,0.8136
2026-07,11560,영등포구,아파트,205,324,128000.0,63000.0,6011.0,2808.0,0.4922,0.4672
2026-07,11560,영등포구,연립다세대,70,82,39400.0,24000.0,3815.0,2666.0,0.6091,0.6988
2026-07,11590,동작구,아파트,191,272,113000.0,72425.0,6323.0,2930.0,0.6409,0.4634
2026-07,11590,동작구,연립다세대,122,145,55000.0,25200.0,3608.0,2052.0,0.4582,0.5689
2026-07,11620,관악구,아파트,176,189,90500.0,51000.0,3869.0,2370.0,0.5635,0.6124
2026-07,11620,관악구,연립다세대,116,89,31000.0,21000.0,2284.0,1694.0,0.6774,0.7418
2026-07,11650,서초구,아파트,82,531,199500.0,84000.0,7469.0,3596.0,0.4211,0.4815
2026-07,11650,서초구,연립다세대,56,220,65000.0,33000.0,5431.0,2554.0,0.5077,0.4702
2026-07,11680,강남구,아파트,130,523,263500.0,87000.0,12847.0,3628.0,0.3302,0.2824
2026-07,11680,강남구,연립다세대,68,193,51950.0,30000.0,4938.0,2562.0,0.5775,0.5187
2026-07,11710,송파구,아파트,206,687,194750.0,75000.0,8586.0,3244.0,0.3851,0.3779
2026-07,11710,송파구,연립다세대,224,334,38400.0,26000.0,3424.0,2027.0,0.6771,0.592
2026-07,11740,강동구,아파트,151,455,134000.0,57750.0,5997.0,2735.0,0.431,0.4561
2026-07,11740,강동구,연립다세대,89,181,40000.0,24100.0,3285.0,2334.0,0.6025,0.7104
2026-07,41111,수원시 장안구,아파트,285,193,58500.0,32000.0,2592.0,1657.0,0.547,0.6394
2026-07,41111,수원시 장안구,연립다세대,35,28,12800.0,9225.0,873.0,868.0,0.7207,0.9947
2026-07,41113,수원시 권선구,아파트,606,258,50000.0,32000.0,2245.0,1448.0,0.64,0.6453
2026-07,41113,수원시 권선구,연립다세대,54,54,17250.0,13000.0,1080.0,1062.0,0.7536,0.9836
2026-07,41115,수원시 팔달구,아파트,246,222,73125.0,37535.0,3482.0,1944.0,0.5133,0.5584
2026-07,41115,수원시 팔달구,연립다세대,23,41,25000.0,10300.0,1711.0,1219.0,0.412,0.7125
2026-07,41117,수원시 영통구,아파트,571,418,67200.0,39000.0,2922.0,1823.0,0.5804,0.6238
2026-07,41117,수원시 영통구,연립다세대,8,12,113000.0,20500.0,3163.0,1670.0,0.1814,0.5281
2026-07,41131,성남시 수정구,아파트,109,169,132500.0,70000.0,5839.0,3067.0,0.5283,0.5253
2026-07,41131,성남시 수정구,연립다세대,45,53,31000.0,13000.0,1897.0,1103.0,0.4194,0.5814
2026-07,41133,성남시 중원구,아파트,127,112,91000.0,50000.0,4222.0,2319.0,0.5495,0.5493
2026-07,41133,성남시 중원구,연립다세대,70,88,25300.0,15000.0,1660.0,1019.0,0.5929,0.6139
2026-07,41135,성남시 분당구,아파트,369,534,151000.0,65000.0,7544.0,2750.0,0.4305,0.3646
2026-07,41135,성남시 분당구,연립다세대,21,41,110000.0,48000.0,3690.0,2106.0,0.4364,0.5708
2026-07,41150,의정부시,아파트,519,308,34850.0,27300.0,1608.0,1218.0,0.7834,0.7578
2026-07,41150,의정부시,연립다세대,56,40,14750.0,8835.0,1022.0,641.0,0.599,0.6272
2026-07,41171,안양시 만안구,아파트,289,121,58400.0,36750.0,2801.0,1855.0,0.6293,0.6622
2026-07,41171,안양시 만안구,연립다세대,50,45,24100.0,13000.0,1587.0,1148.0,0.5394,0.7235
2026-07,41173,안양시 동안구,아파트,381,543,83300.0,42000.0,4173.0,2117.0,0.5042,0.5074
2026-07,41173,안양시 동안구,연립다세대,27,54,39000.0,14500.0,3483.0,1260.0,0.3718,0.3618
2026-07,41192,부천시 원미구,아파트,424,277,54000.0,30000.0,2490.0,1656.0,0.5556,0.665
2026-07,41192,부천시 원미구,연립다세대,69,45,17200.0,12000.0,1092.0,842.0,0.6977,0.7707
2026-07,41194,부천시 소사구,아파트,211,108,58000.0,38500.0,2451.0,1615.0,0.6638,0.6588
2026-07,41194,부천시 소사구,연립다세대,68,35,17400.0,11800.0,1232.0,785.0,0.6782,0.6372
2026-07,41196,부천시 오정구,아파트,51,58,34500.0,15000.0,1733.0,977.0,0.4348,0.564
2026-07,41196,부천시 오정구,연립다세대,91,81,13300.0,9760.0,1032.0,755.0,0.7338,0.7321
2026-07,41210,광명시,아파트,228,293,88000.0,42000.0,4422.0,1995.0,0.4773,0.4513
2026-07,41210,광명시,연립다세대,34,40,46500.0,17000.0,2603.0,1199.0,0.3656,0.4607
2026-07,41220,평택시,아파트,692,540,32875.0,22000.0,1442.0,974.0,0.6692,0.6753
2026-07,41220,평택시,연립다세대,69,32,7400.0,8000.0,670.0,464.0,1.0811,0.6934
2026-07,41250,동두천시,아파트,90,45,15950.0,13490.0,804.0,697.0,0.8458,0.8667
2026-07,41250,동두천시,연립다세대,17,11,6970.0,5000.0,440.0,540.0,0.7174,1.2279
2026-07,41271,안산시 상록구,아파트,114,134,40500.0,22000.0,1858.0,1078.0,0.5432,0.5801
2026-07,41271,안산시 상록구,연립다세대,144,44,10750.0,7550.0,634.0,518.0,0.7023,0.8161
2026-07,41273,안산시 단원구,아파트,231,208,48500.0,30250.0,2145.0,1357.0,0.6237,0.6327
2026-07,41273,안산시 단원구,연립다세대,51,40,20000.0,10750.0,1249.0,676.0,0.5375,0.5414
2026-07,41281,고양시 덕양구,아파트,418,426,58500.0,36442.0,2581.0,1658.0,0.6229,0.6423
2026-07,41281,고양시 덕양구,연립다세대,76,45,18917.0,15000.0,1292.0,974.0,0.7929,0.7542
2026-07,41285,고양시 일산동구,아파트,169,208,54500.0,35000.0,1959.0,1446.0,0.6422,0.7382
2026-07,41285,고양시 일산동구,연립다세대,28,23,24600.0,25700.0,1391.0,1169.0,1.0447,0.8406
2026-07,41287,고양시 일산서구,아파트,228,354,39350.0,29000.0,1606.0,1330.0,0.737,0.8279
2026-07,41287,고양시 일산서구,연립다세대,13,11,25000.0,19500.0,1174.0,1063.0,0.78,0.9059
2026-07,41290,과천시,아파트,18,86,228500.0,94500.0,9920.0,3989.0,0.4136,0.4022
2026-07,41290,과천시,연립다세대,10,24,87500.0,40000.0,5123.0,2181.0,0.4571,0.4257
2026-07,41310,구리시,아파트,60,223,74250.0,45000.0,3118.0,2106.0,0.6061,0.6755
2026-07,41310,구리시,연립다세대,19,22,41900.0,18500.0,3095.0,1234.0,0.4415,0.3985
2026-07,41360,남양주시,아파트,988,775,51350.0,36700.0,2038.0,1478.0,0.7147,0.7253
2026-07,41360,남양주시,연립다세대,83,73,14381.0,11000.0,835.0,604.0,0.7649,0.723
2026-07,41370,오산시,아파트,414,177,39500.0,26000.0,1675.0,1168.0,0.6582,0.6976
2026-07,41370,오산시,연립다세대,10,13,6500.0,10000.0,525.0,776.0,1.5385,1.479
2026-07,41390,시흥시,아파트,531,395,46400.0,30000.0,2101.0,1310.0,0.6466,0.6235
2026-07,41390,시흥시,연립다세대,45,45,11000.0,8680.0,640.0,610.0,0.7891,0.9522
2026-07,41410,군포시,아파트,439,256,44800.0,25150.0,2326.0,1544.0,0.5614,0.6637
2026-07,41410,군포시,연립다세대,32,38,23500.0,13000.0,2202.0,1063.0,0.5532,0.4827
2026-07,41430,의왕시,아파트,167,124,71700.0,48000.0,3041.0,1985.0,0.6695,0.6528
2026-07,41430,의왕시,연립다세대,13,18,32500.0,20000.0,1676.0,1190.0,0.6154,0.7098
2026-07,41450,하남시,아파트,264,356,110250.0,63000.0,4796.0,2639.0,0.5714,0.5503
2026-07,41450,하남시,연립다세대,11,14,44000.0,27075.0,2441.0,1740.0,0.6153,0.7127
2026-07,41461,용인시 처인구,아파트,273,165,43000.0,27000.0,1867.0,1248.0,0.6279,0.6684
2026-07,41461,용인시 처인구,연립다세대,89,38,12500.0,8650.0,719.0,581.0,0.692,0.8073
2026-07,41463,용인시 기흥구,아파트,317,428,47300.0,40000.0,2405.0,1555.0,0.8457,0.6467
2026-07,41463,용인시 기흥구,연립다세대,18,32,19650.0,15625.0,1265.0,1282.0,0.7952,1.014
2026-07,41465,용인시 수지구,아파트,536,409,94500.0,56000.0,3695.0,2141.0,0.5926,0.5795
2026-07,41465,용인시 수지구,연립다세대,11,20,35800.0,26230.0,2259.0,1821.0,0.7327,0.8061
2026-07,41480,파주시,아파트,405,442,40000.0,29000.0,1610.0,1103.0,0.725,0.685
2026-07,41480,파주시,연립다세대,74,23,15670.0,16000.0,886.0,878.0,1.0211,0.9904
2026-07,41500,이천시,아파트,151,138,18500.0,17500.0,818.0,814.0,0.9459,0.9952
2026-07,41500,이천시,연립다세대,18,13,6000.0,11000.0,360.0,655.0,1.8333,1.8161
2026-07,41550,안성시,아파트,144,128,16350.0,20000.0,830.0,868.0,1.2232,1.0455
2026-07,41550,안성시,연립다세대,14,3,6050.0,8000.0,387.0,384.0,1.3223,0.9926
2026-07,41570,김포시,아파트,335,437,44000.0,33500.0,1820.0,1362.0,0.7614,0.748
2026-07,41570,김포시,연립다세대,34,16,13000.0,12000.0,751.0,871.0,0.9231,1.1594
2026-07,41591,화성시 만세구,아파트,109,215,37000.0,21409.0,1611.0,843.0,0.5786,0.523
2026-07,41591,화성시 만세구,연립다세대,20,7,6850.0,10900.0,492.0,602.0,1.5912,1.2237
2026-07,41593,화성시 효행구,아파트,184,92,40750.0,28175.0,1799.0,1225.0,0.6914,0.6812
2026-07,41593,화성시 효행구,연립다세대,10,3,14575.0,11000.0,910.0,493.0,0.7547,0.5418
2026-07,41595,화성시 병점구,아파트,467,160,45000.0,30000.0,1791.0,1320.0,0.6667,0.7369
2026-07,41595,화성시 병점구,연립다세대,10,16,5000.0,11750.0,405.0,1330.0,2.35,3.2802
2026-07,41597,화성시 동탄구,아파트,141,525,73800.0,42000.0,3033.0,1795.0,0.5691,0.5919
2026-07,41597,화성시 동탄구,연립다세대,5,4,61000.0,54750.0,2375.0,1681.0,0.8975,0.7078
2026-07,41610,광주시,아파트,309,294,48000.0,33000.0,1975.0,1435.0,0.6875,0.7265
2026-07,41610,광주시,연립다세대,180,87,16900.0,13800.0,950.0,790.0,0.8166,0.8317
2026-07,41630,양주시,아파트,259,267,31000.0,20700.0,1245.0,939.0,0.6677,0.7546
2026-07,41630,양주시,연립다세대,28,12,8600.0,13500.0,524.0,601.0,1.5698,1.1463
2026-07,41650,포천시,아파트,63,25,14800.0,15000.0,745.0,740.0,1.0135,0.9929
2026-07,41650,포천시,연립다세대,36,10,8950.0,8650.0,480.0,523.0,0.9665,1.0889
2026-07,41670,여주시,아파트,62,29,19500.0,22500.0,809.0,875.0,1.1538,1.0816
2026-07,41670,여주시,연립다세대,14,6,12250.0,9250.0,557.0,626.0,0.7551,1.1237
2026-07,41800,연천군,아파트,5,6,5300.0,14750.0,354.0,590.0,2.783,1.6654
2026-07,41800,연천군,연립다세대,4,1,3800.0,6500.0,260.0,275.0,1.7105,1.0595
2026-07,41820,가평군,아파트,17,9,23300.0,20000.0,995.0,924.0,0.8584,0.9292
2026-07,41820,가평군,연립다세대,14,5,10900.0,12000.0,585.0,691.0,1.1009,1.1824
2026-07,41830,양평군,아파트,51,30,36000.0,23000.0,1673.0,986.0,0.6389,0.5891
2026-07,41830,양평군,연립다세대,26,11,16500.0,10000.0,885.0,691.0,0.6061,0.7812
