ym,lawd_cd,sgg_nm,housing_type,deal_type,n_deals,n_cancelled,n_jeonse,n_wolse,n_new,n_renew,median_amount_manwon,median_price_per_pyeong,avg_area_m2,avg_build_year
2021-08,11110,종로구,아파트,매매,37,0,0,0,0,0,120000.0,4091.0,79.72,2006.0
2021-08,11110,종로구,아파트,전월세,166,0,97,69,92,54,39000.0,1834.0,72.01,2004.0
2021-08,11110,종로구,연립다세대,매매,59,1,0,0,0,0,34000.0,2174.0,60.81,2002.0
2021-08,11110,종로구,연립다세대,전월세,173,0,117,56,109,21,17850.0,1285.0,59.6,2000.0
2021-08,11140,중구,아파트,매매,55,0,0,0,0,0,97000.0,4382.0,75.33,2005.0
2021-08,11140,중구,아파트,전월세,321,0,163,158,141,96,30000.0,1656.0,64.62,2009.0
2021-08,11140,중구,연립다세대,매매,25,3,0,0,0,0,29000.0,2325.0,45.56,2003.0
2021-08,11140,중구,연립다세대,전월세,127,0,90,37,63,14,21000.0,2260.0,33.93,2010.0
2021-08,11170,용산구,아파트,매매,84,5,0,0,0,0,156500.0,6059.0,95.72,2000.0
2021-08,11170,용산구,아파트,전월세,439,0,267,172,178,184,45000.0,2034.0,82.5,2000.0
2021-08,11170,용산구,연립다세대,매매,128,10,0,0,0,0,43400.0,3651.0,49.16,2006.0
2021-08,11170,용산구,연립다세대,전월세,418,0,322,96,200,144,22000.0,1976.0,42.46,2009.0
2021-08,11200,성동구,아파트,매매,161,5,0,0,0,0,141000.0,5830.0,80.82,2004.0
2021-08,11200,성동구,아파트,전월세,750,0,461,289,327,228,47125.0,2087.0,75.51,2004.0
2021-08,11200,성동구,연립다세대,매매,26,1,0,0,0,0,40900.0,3737.0,38.78,2008.0
2021-08,11200,성동구,연립다세대,전월세,158,0,105,53,71,34,16400.0,1406.0,40.09,2005.0
2021-08,11215,광진구,아파트,매매,75,4,0,0,0,0,134000.0,5800.0,78.03,1998.0
2021-08,11215,광진구,아파트,전월세,370,0,245,125,187,128,50000.0,2244.0,74.84,2000.0
2021-08,11215,광진구,연립다세대,매매,181,5,0,0,0,0,34000.0,2628.0,46.95,2009.0
2021-08,11215,광진구,연립다세대,전월세,743,0,501,242,377,160,19950.0,1846.0,36.38,2012.0
2021-08,11230,동대문구,아파트,매매,141,5,0,0,0,0,90000.0,4081.0,74.61,2005.0
2021-08,11230,동대문구,아파트,전월세,610,0,384,226,279,163,31500.0,1706.0,62.26,2007.0
2021-08,11230,동대문구,연립다세대,매매,76,1,0,0,0,0,33600.0,2525.0,45.59,2011.0
2021-08,11230,동대문구,연립다세대,전월세,300,0,203,97,162,60,17425.0,1499.0,34.46,2012.0
2021-08,11260,중랑구,아파트,매매,166,3,0,0,0,0,73500.0,3422.0,69.96,2001.0
2021-08,11260,중랑구,아파트,전월세,628,0,319,309,368,103,18000.0,1144.0,59.3,2007.0
2021-08,11260,중랑구,연립다세대,매매,136,13,0,0,0,0,25500.0,2041.0,44.05,2009.0
2021-08,11260,중랑구,연립다세대,전월세,439,0,302,137,238,85,18000.0,1643.0,36.23,2013.0
2021-08,11290,성북구,아파트,매매,266,18,0,0,0,0,88000.0,3986.0,75.13,2005.0
2021-08,11290,성북구,아파트,전월세,766,0,541,225,336,247,36750.0,1677.0,69.22,2008.0
2021-08,11290,성북구,연립다세대,매매,155,10,0,0,0,0,30500.0,2192.0,51.43,2008.0
2021-08,11290,성북구,연립다세대,전월세,399,0,290,109,229,44,18000.0,1253.0,41.5,2010.0
2021-08,11305,강북구,아파트,매매,109,2,0,0,0,0,73000.0,3135.0,76.19,2003.0
2021-08,11305,강북구,아파트,전월세,206,0,153,53,102,63,34000.0,1627.0,72.69,2006.0
2021-08,11305,강북구,연립다세대,매매,272,8,0,0,0,0,21000.0,1441.0,48.5,2004.0
2021-08,11305,강북구,연립다세대,전월세,334,0,248,86,186,32,12000.0,944.0,45.07,2003.0
2021-08,11320,도봉구,아파트,매매,137,5,0,0,0,0,65000.0,3171.0,71.33,1995.0
2021-08,11320,도봉구,아파트,전월세,500,0,347,153,246,154,21000.0,1202.0,63.95,1993.0
2021-08,11320,도봉구,연립다세대,매매,195,8,0,0,0,0,20700.0,1420.0,46.31,2006.0
2021-08,11320,도봉구,연립다세대,전월세,243,0,185,58,159,30,13000.0,942.0,44.02,2004.0
2021-08,11350,노원구,아파트,매매,307,11,0,0,0,0,67300.0,3799.0,62.49,1996.0
2021-08,11350,노원구,아파트,전월세,1567,0,1055,512,669,485,21000.0,1306.0,58.24,1993.0
2021-08,11350,노원구,연립다세대,매매,50,3,0,0,0,0,22250.0,1569.0,46.39,1999.0
2021-08,11350,노원구,연립다세대,전월세,150,0,89,61,90,18,9500.0,788.0,38.74,2006.0
2021-08,11380,은평구,아파트,매매,178,5,0,0,0,0,77500.0,3711.0,69.75,2009.0
2021-08,11380,은평구,아파트,전월세,828,0,463,365,449,167,30000.0,1267.0,64.31,2011.0
2021-08,11380,은평구,연립다세대,매매,490,25,0,0,0,0,25500.0,1907.0,45.52,2007.0
2021-08,11380,은평구,연립다세대,전월세,899,0,688,211,469,181,17000.0,1190.0,43.72,2007.0
2021-08,11410,서대문구,아파트,매매,163,0,0,0,0,0,93000.0,4508.0,75.52,2004.0
2021-08,11410,서대문구,아파트,전월세,505,0,338,167,262,135,42700.0,1960.0,73.17,2005.0
2021-08,11410,서대문구,연립다세대,매매,136,2,0,0,0,0,24000.0,1637.0,49.33,2001.0
2021-08,11410,서대문구,연립다세대,전월세,312,0,189,123,185,52,12000.0,943.0,42.75,2005.0
2021-08,11440,마포구,아파트,매매,168,6,0,0,0,0,125000.0,5518.0,73.41,2004.0
2021-08,11440,마포구,아파트,전월세,1056,0,522,534,578,236,31000.0,1703.0,67.29,2006.0
2021-08,11440,마포구,연립다세대,매매,183,28,0,0,0,0,33500.0,2661.0,41.78,2005.0
2021-08,11440,마포구,연립다세대,전월세,711,0,477,234,442,138,16800.0,1589.0,35.99,2008.0
2021-08,11470,양천구,아파트,매매,150,3,0,0,0,0,87800.0,4168.0,76.22,2001.0
2021-08,11470,양천구,아파트,전월세,1215,0,780,435,540,290,25271.0,1305.0,68.93,2002.0
2021-08,11470,양천구,연립다세대,매매,231,9,0,0,0,0,23650.0,1922.0,42.38,2005.0
2021-08,11470,양천구,연립다세대,전월세,676,0,540,136,359,147,18900.0,1379.0,41.32,2008.0
2021-08,11500,강서구,아파트,매매,316,10,0,0,0,0,88000.0,4208.0,74.38,2003.0
2021-08,11500,강서구,아파트,전월세,1640,0,908,732,848,362,20745.0,1526.0,57.01,2007.0
2021-08,11500,강서구,연립다세대,매매,433,15,0,0,0,0,23000.0,1795.0,41.75,2008.0
2021-08,11500,강서구,연립다세대,전월세,1117,0,907,210,556,205,18700.0,1451.0,40.03,2010.0
2021-08,11530,구로구,아파트,매매,246,7,0,0,0,0,69000.0,3270.0,65.0,2001.0
2021-08,11530,구로구,아파트,전월세,1208,0,505,703,703,181,10000.0,626.0,59.75,2007.0
2021-08,11530,구로구,연립다세대,매매,239,7,0,0,0,0,24000.0,2054.0,42.17,2011.0
2021-08,11530,구로구,연립다세대,전월세,411,0,301,110,212,57,16000.0,1090.0,43.31,2007.0
2021-08,11545,금천구,아파트,매매,104,1,0,0,0,0,60000.0,3011.0,69.33,2004.0
2021-08,11545,금천구,아파트,전월세,300,0,176,124,167,41,22000.0,1358.0,60.13,2007.0
2021-08,11545,금천구,연립다세대,매매,187,6,0,0,0,0,26000.0,2207.0,45.14,2011.0
2021-08,11545,금천구,연립다세대,전월세,288,0,213,75,135,30,19025.0,1714.0,38.29,2013.0
2021-08,11560,영등포구,아파트,매매,174,6,0,0,0,0,99200.0,4780.0,71.98,2002.0
2021-08,11560,영등포구,아파트,전월세,819,0,502,317,349,233,35500.0,1660.0,71.46,1999.0
2021-08,11560,영등포구,연립다세대,매매,71,2,0,0,0,0,31000.0,3496.0,33.37,2012.0
2021-08,11560,영등포구,연립다세대,전월세,314,0,256,58,152,76,22500.0,2345.0,35.22,2012.0
2021-08,11590,동작구,아파트,매매,144,4,0,0,0,0,119500.0,5008.0,80.07,2003.0
2021-08,11590,동작구,아파트,전월세,701,0,442,259,350,183,47250.0,2081.0,73.24,2004.0
2021-08,11590,동작구,연립다세대,매매,175,5,0,0,0,0,31000.0,2255.0,49.26,2006.0
2021-08,11590,동작구,연립다세대,전월세,525,0,324,201,286,105,18900.0,1478.0,42.08,2008.0
2021-08,11620,관악구,아파트,매매,138,8,0,0,0,0,82000.0,3852.0,68.99,2004.0
2021-08,11620,관악구,아파트,전월세,503,0,299,204,232,130,33000.0,1655.0,63.6,2005.0
2021-08,11620,관악구,연립다세대,매매,242,10,0,0,0,0,24000.0,1656.0,46.41,2001.0
2021-08,11620,관악구,연립다세대,전월세,575,0,371,204,326,68,18000.0,1400.0,39.3,2008.0
2021-08,11650,서초구,아파트,매매,159,14,0,0,0,0,200000.0,6567.0,90.12,2004.0
2021-08,11650,서초구,아파트,전월세,1721,0,953,768,1130,326,32189.0,1697.0,74.44,2007.0
2021-08,11650,서초구,연립다세대,매매,231,7,0,0,0,0,40350.0,4323.0,39.46,2015.0
2021-08,11650,서초구,연립다세대,전월세,799,0,445,354,497,184,24000.0,1796.0,47.41,2009.0
2021-08,11680,강남구,아파트,매매,194,8,0,0,0,0,199750.0,7774.0,82.25,2001.0
2021-08,11680,강남구,아파트,전월세,1911,0,992,919,894,528,50000.0,2335.0,78.62,2001.0
2021-08,11680,강남구,연립다세대,매매,159,13,0,0,0,0,40150.0,4469.0,38.75,2012.0
2021-08,11680,강남구,연립다세대,전월세,626,0,340,286,294,126,20000.0,1722.0,40.66,2007.0
2021-08,11710,송파구,아파트,매매,203,7,0,0,0,0,162000.0,6556.0,83.38,2000.0
2021-08,11710,송파구,아파트,전월세,1691,0,877,814,840,485,40000.0,1874.0,73.6,2003.0
2021-08,11710,송파구,연립다세대,매매,282,14,0,0,0,0,34925.0,3315.0,42.65,2011.0
2021-08,11710,송파구,연립다세대,전월세,1648,0,914,734,775,441,17500.0,1468.0,40.49,2008.0
2021-08,11740,강동구,아파트,매매,185,8,0,0,0,0,114800.0,5133.0,69.85,2007.0
2021-08,11740,강동구,아파트,전월세,1556,0,770,786,741,322,22025.0,1386.0,59.85,2010.0
2021-08,11740,강동구,연립다세대,매매,182,16,0,0,0,0,30100.0,2542.0,43.21,2009.0
2021-08,11740,강동구,연립다세대,전월세,837,0,572,265,345,215,20000.0,1882.0,37.29,2013.0
2021-09,11110,종로구,아파트,매매,33,2,0,0,0,0,35800.0,4343.0,53.3,2010.0
2021-09,11110,종로구,아파트,전월세,163,0,60,103,92,37,16315.0,1335.0,60.92,2007.0
2021-09,11110,종로구,연립다세대,매매,39,6,0,0,0,0,37000.0,2245.0,64.4,2002.0
2021-09,11110,종로구,연립다세대,전월세,113,0,72,41,76,18,18900.0,1111.0,55.18,1998.0
2021-09,11140,중구,아파트,매매,34,3,0,0,0,0,99250.0,4739.0,67.46,2004.0
2021-09,11140,중구,아파트,전월세,254,0,96,158,120,45,17750.0,1128.0,62.92,2007.0
2021-09,11140,중구,연립다세대,매매,31,0,0,0,0,0,25500.0,2814.0,38.96,2009.0
2021-09,11140,중구,연립다세대,전월세,100,0,70,30,55,7,21500.0,1929.0,35.05,2011.0
2021-09,11170,용산구,아파트,매매,51,3,0,0,0,0,180000.0,6613.0,110.04,2001.0
2021-09,11170,용산구,아파트,전월세,399,0,218,181,181,135,44100.0,1758.0,87.21,2000.0
2021-09,11170,용산구,연립다세대,매매,97,3,0,0,0,0,49500.0,3610.0,47.56,2006.0
2021-09,11170,용산구,연립다세대,전월세,303,0,217,86,183,58,18000.0,1545.0,42.76,2007.0
2021-09,11200,성동구,아파트,매매,102,1,0,0,0,0,139750.0,6191.0,76.16,2004.0
2021-09,11200,성동구,아파트,전월세,712,0,416,296,315,189,44050.0,1926.0,70.43,2005.0
2021-09,11200,성동구,연립다세대,매매,22,0,0,0,0,0,33750.0,3082.0,43.15,2008.0
2021-09,11200,성동구,연립다세대,전월세,143,0,100,43,89,14,15000.0,1270.0,41.91,2004.0
2021-09,11215,광진구,아파트,매매,52,3,0,0,0,0,139000.0,5618.0,78.35,2000.0
2021-09,11215,광진구,아파트,전월세,272,0,170,102,159,70,50000.0,2381.0,75.14,2002.0
2021-09,11215,광진구,연립다세대,매매,152,10,0,0,0,0,32250.0,2657.0,44.25,2009.0
2021-09,11215,광진구,연립다세대,전월세,572,0,388,184,313,101,20000.0,1814.0,37.69,2012.0
2021-09,11230,동대문구,아파트,매매,100,2,0,0,0,0,91750.0,4368.0,67.91,2007.0
2021-09,11230,동대문구,아파트,전월세,547,0,269,278,272,129,25000.0,1163.0,59.35,2008.0
2021-09,11230,동대문구,연립다세대,매매,60,2,0,0,0,0,31000.0,2339.0,46.65,2008.0
2021-09,11230,동대문구,연립다세대,전월세,213,0,142,71,130,26,17000.0,1662.0,34.59,2012.0
2021-09,11260,중랑구,아파트,매매,103,6,0,0,0,0,67000.0,3339.0,67.73,2000.0
2021-09,11260,중랑구,아파트,전월세,367,0,236,131,212,64,29400.0,1561.0,63.13,2003.0
2021-09,11260,중랑구,연립다세대,매매,157,12,0,0,0,0,26000.0,2121.0,42.94,2009.0
2021-09,11260,중랑구,연립다세대,전월세,392,0,296,96,220,72,18900.0,1730.0,37.61,2012.0
2021-09,11290,성북구,아파트,매매,151,5,0,0,0,0,94000.0,4046.0,77.46,2005.0
2021-09,11290,성북구,아파트,전월세,698,0,385,313,312,187,30450.0,1389.0,63.91,2008.0
2021-09,11290,성북구,연립다세대,매매,143,7,0,0,0,0,30500.0,2087.0,49.99,2005.0
2021-09,11290,성북구,연립다세대,전월세,316,0,232,84,189,45,18000.0,1282.0,43.26,2009.0
2021-09,11305,강북구,아파트,매매,47,1,0,0,0,0,76250.0,2970.0,83.32,2003.0
2021-09,11305,강북구,아파트,전월세,260,0,143,117,117,58,19450.0,1037.0,60.6,2007.0
2021-09,11305,강북구,연립다세대,매매,264,8,0,0,0,0,19000.0,1779.0,43.7,2004.0
2021-09,11305,강북구,연립다세대,전월세,314,0,237,77,157,30,13000.0,901.0,45.4,2004.0
2021-09,11320,도봉구,아파트,매매,83,1,0,0,0,0,59900.0,3096.0,65.29,1997.0
2021-09,11320,도봉구,아파트,전월세,418,0,278,140,206,125,20000.0,1221.0,62.44,1994.0
2021-09,11320,도봉구,연립다세대,매매,155,11,0,0,0,0,19500.0,1593.0,42.6,2005.0
2021-09,11320,도봉구,연립다세대,전월세,210,0,142,68,111,27,12000.0,917.0,44.88,2004.0
2021-09,11350,노원구,아파트,매매,212,12,0,0,0,0,71000.0,4011.0,63.06,1994.0
2021-09,11350,노원구,아파트,전월세,1413,0,862,551,677,384,18900.0,1197.0,56.72,1994.0
2021-09,11350,노원구,연립다세대,매매,55,3,0,0,0,0,25000.0,1654.0,46.66,2000.0
2021-09,11350,노원구,연립다세대,전월세,135,0,78,57,75,10,10000.0,878.0,43.32,2004.0
2021-09,11380,은평구,아파트,매매,107,6,0,0,0,0,81000.0,3955.0,69.73,2009.0
2021-09,11380,은평구,아파트,전월세,773,0,373,400,410,135,12891.0,924.0,59.09,2013.0
2021-09,11380,은평구,연립다세대,매매,455,14,0,0,0,0,26000.0,1947.0,46.35,2007.0
2021-09,11380,은평구,연립다세대,전월세,665,0,474,191,378,110,17000.0,1164.0,44.08,2007.0
2021-09,11410,서대문구,아파트,매매,123,1,0,0,0,0,95000.0,4669.0,76.66,2005.0
2021-09,11410,서대문구,아파트,전월세,565,0,278,287,325,111,30000.0,1352.0,63.52,2008.0
2021-09,11410,서대문구,연립다세대,매매,113,1,0,0,0,0,24700.0,1626.0,49.95,2001.0
2021-09,11410,서대문구,연립다세대,전월세,266,0,155,111,182,41,14000.0,987.0,47.83,2005.0
2021-09,11440,마포구,아파트,매매,111,2,0,0,0,0,139500.0,6140.0,75.34,2007.0
2021-09,11440,마포구,아파트,전월세,813,0,431,382,358,213,33600.0,1738.0,65.19,2006.0
2021-09,11440,마포구,연립다세대,매매,203,12,0,0,0,0,32000.0,2933.0,42.68,2008.0
2021-09,11440,마포구,연립다세대,전월세,563,0,364,199,365,110,18000.0,1512.0,38.74,2007.0
2021-09,11470,양천구,아파트,매매,118,5,0,0,0,0,87000.0,4274.0,77.22,2003.0
2021-09,11470,양천구,아파트,전월세,930,0,517,413,433,239,30000.0,1545.0,65.49,1999.0
2021-09,11470,양천구,연립다세대,매매,223,13,0,0,0,0,23800.0,1796.0,41.97,2005.0
2021-09,11470,양천구,연립다세대,전월세,541,0,401,140,315,85,17850.0,1323.0,39.45,2008.0
2021-09,11500,강서구,아파트,매매,147,6,0,0,0,0,81800.0,3951.0,69.05,2003.0
2021-09,11500,강서구,아파트,전월세,972,0,620,352,437,248,30000.0,1753.0,62.08,2004.0
2021-09,11500,강서구,연립다세대,매매,406,31,0,0,0,0,23500.0,1900.0,41.98,2008.0
2021-09,11500,강서구,연립다세대,전월세,954,0,766,188,489,178,17950.0,1411.0,38.64,2010.0
2021-09,11530,구로구,아파트,매매,154,4,0,0,0,0,72000.0,3332.0,66.74,2000.0
2021-09,11530,구로구,아파트,전월세,875,0,480,395,576,123,14248.0,714.0,66.11,2007.0
2021-09,11530,구로구,연립다세대,매매,330,15,0,0,0,0,28350.0,2093.0,44.09,2014.0
2021-09,11530,구로구,연립다세대,전월세,381,0,256,125,218,42,15000.0,1050.0,43.01,2006.0
2021-09,11545,금천구,아파트,매매,71,0,0,0,0,0,70000.0,3056.0,73.41,2004.0
2021-09,11545,금천구,아파트,전월세,225,0,143,82,120,34,22000.0,1348.0,61.18,2004.0
2021-09,11545,금천구,연립다세대,매매,198,5,0,0,0,0,21775.0,2085.0,39.4,2010.0
2021-09,11545,금천구,연립다세대,전월세,236,0,176,60,123,25,17000.0,1433.0,37.82,2010.0
2021-09,11560,영등포구,아파트,매매,141,7,0,0,0,0,91000.0,4679.0,63.33,2005.0
2021-09,11560,영등포구,아파트,전월세,747,0,461,286,362,165,36500.0,1752.0,70.0,2001.0
2021-09,11560,영등포구,연립다세대,매매,83,2,0,0,0,0,28150.0,3222.0,33.24,2014.0
2021-09,11560,영등포구,연립다세대,전월세,264,0,210,54,141,35,24100.0,2643.0,33.35,2014.0
2021-09,11590,동작구,아파트,매매,101,6,0,0,0,0,125000.0,4962.0,83.37,2001.0
2021-09,11590,동작구,아파트,전월세,566,0,330,236,256,147,46000.0,2011.0,72.12,2003.0
2021-09,11590,동작구,연립다세대,매매,133,6,0,0,0,0,31000.0,2347.0,49.95,2005.0
2021-09,11590,동작구,연립다세대,전월세,346,0,218,128,207,56,19500.0,1283.0,45.55,2006.0
2021-09,11620,관악구,아파트,매매,106,3,0,0,0,0,81500.0,3850.0,67.74,2004.0
2021-09,11620,관악구,아파트,전월세,504,0,295,209,213,119,25000.0,1399.0,60.54,2004.0
2021-09,11620,관악구,연립다세대,매매,215,13,0,0,0,0,26700.0,1813.0,45.12,2003.0
2021-09,11620,관악구,연립다세대,전월세,458,0,289,169,261,61,16943.0,1268.0,41.38,2006.0
2021-09,11650,서초구,아파트,매매,124,10,0,0,0,0,223000.0,7556.0,92.64,2004.0
2021-09,11650,서초구,아파트,전월세,894,0,495,399,501,268,66000.0,2617.0,88.97,2004.0
2021-09,11650,서초구,연립다세대,매매,132,17,0,0,0,0,45000.0,4099.0,49.9,2009.0
2021-09,11650,서초구,연립다세대,전월세,480,0,277,203,274,124,25000.0,1845.0,42.0,2009.0
2021-09,11680,강남구,아파트,매매,142,6,0,0,0,0,210000.0,8460.0,84.81,2002.0
2021-09,11680,강남구,아파트,전월세,1471,0,823,648,748,424,60000.0,2726.0,82.35,2000.0
2021-09,11680,강남구,연립다세대,매매,93,13,0,0,0,0,39550.0,3935.0,42.28,2009.0
2021-09,11680,강남구,연립다세대,전월세,481,0,254,227,225,59,18900.0,1667.0,41.08,2007.0
2021-09,11710,송파구,아파트,매매,160,10,0,0,0,0,170000.0,7264.0,81.53,2001.0
2021-09,11710,송파구,아파트,전월세,1370,0,813,557,682,418,50000.0,2185.0,77.41,2001.0
2021-09,11710,송파구,연립다세대,매매,218,7,0,0,0,0,32000.0,3063.0,40.88,2009.0
2021-09,11710,송파구,연립다세대,전월세,1196,0,634,562,648,240,16000.0,1274.0,41.24,2008.0
2021-09,11740,강동구,아파트,매매,117,6,0,0,0,0,110000.0,5223.0,69.69,2007.0
2021-09,11740,강동구,아파트,전월세,1019,0,631,388,435,311,36000.0,1750.0,65.11,2008.0
2021-09,11740,강동구,연립다세대,매매,245,4,0,0,0,0,31400.0,2830.0,40.59,2013.0
2021-09,11740,강동구,연립다세대,전월세,491,0,302,189,248,113,18900.0,1554.0,38.97,2011.0
2021-10,11110,종로구,아파트,매매,43,0,0,0,0,0,51500.0,4441.0,51.94,2010.0
2021-10,11110,종로구,아파트,전월세,170,0,87,83,99,42,29150.0,1621.0,71.89,2006.0
2021-10,11110,종로구,연립다세대,매매,69,1,0,0,0,0,41950.0,2689.0,59.04,2008.0
2021-10,11110,종로구,연립다세대,전월세,147,0,91,56,88,22,15000.0,1144.0,55.37,2000.0
2021-10,11140,중구,아파트,매매,22,0,0,0,0,0,125000.0,4811.0,82.88,2009.0
2021-10,11140,중구,아파트,전월세,264,0,161,103,104,91,50000.0,2121.0,73.65,2006.0
2021-10,11140,중구,연립다세대,매매,26,2,0,0,0,0,28250.0,2504.0,47.52,2006.0
2021-10,11140,중구,연립다세대,전월세,101,0,63,38,61,9,17000.0,1258.0,41.72,2007.0
2021-10,11170,용산구,아파트,매매,34,0,0,0,0,0,169500.0,6903.0,92.44,2001.0
2021-10,11170,용산구,아파트,전월세,418,0,241,177,171,165,50000.0,1887.0,89.89,2001.0
2021-10,11170,용산구,연립다세대,매매,80,6,0,0,0,0,51825.0,4347.0,49.26,2007.0
2021-10,11170,용산구,연립다세대,전월세,380,0,285,95,207,97,21000.0,1664.0,44.44,2008.0
2021-10,11200,성동구,아파트,매매,84,5,0,0,0,0,145000.0,6224.0,80.43,2003.0
2021-10,11200,성동구,아파트,전월세,752,0,430,322,343,225,48000.0,2133.0,75.83,2004.0
2021-10,11200,성동구,연립다세대,매매,23,1,0,0,0,0,30700.0,3136.0,40.5,2009.0
2021-10,11200,성동구,연립다세대,전월세,167,0,110,57,86,39,15000.0,1285.0,41.44,2004.0
2021-10,11215,광진구,아파트,매매,38,2,0,0,0,0,112750.0,5201.0,70.14,2004.0
2021-10,11215,광진구,아파트,전월세,410,0,268,142,213,134,52750.0,2340.0,75.53,2001.0
2021-10,11215,광진구,연립다세대,매매,128,17,0,0,0,0,35000.0,2901.0,44.38,2008.0
2021-10,11215,광진구,연립다세대,전월세,725,0,482,243,369,140,19000.0,1753.0,37.58,2012.0
2021-10,11230,동대문구,아파트,매매,109,12,0,0,0,0,88300.0,4127.0,67.81,2008.0
2021-10,11230,동대문구,아파트,전월세,611,0,409,202,312,167,35000.0,1819.0,67.35,2007.0
2021-10,11230,동대문구,연립다세대,매매,64,5,0,0,0,0,30000.0,2790.0,41.37,2009.0
2021-10,11230,동대문구,연립다세대,전월세,227,0,163,64,111,46,17000.0,1578.0,36.52,2012.0
2021-10,11260,중랑구,아파트,매매,78,2,0,0,0,0,69750.0,3423.0,68.07,2001.0
2021-10,11260,중랑구,아파트,전월세,530,0,288,242,291,103,21750.0,1318.0,61.15,2004.0
2021-10,11260,중랑구,연립다세대,매매,216,9,0,0,0,0,26000.0,2248.0,41.97,2010.0
2021-10,11260,중랑구,연립다세대,전월세,425,0,311,114,225,95,18900.0,1537.0,39.48,2011.0
2021-10,11290,성북구,아파트,매매,107,7,0,0,0,0,90000.0,4106.0,75.25,2004.0
2021-10,11290,성북구,아파트,전월세,779,0,533,246,349,280,39000.0,1716.0,74.35,2007.0
2021-10,11290,성북구,연립다세대,매매,144,8,0,0,0,0,33250.0,2210.0,52.33,2007.0
2021-10,11290,성북구,연립다세대,전월세,374,0,271,103,213,70,17675.0,1294.0,44.31,2009.0
2021-10,11305,강북구,아파트,매매,31,0,0,0,0,0,78000.0,3588.0,76.0,2006.0
2021-10,11305,강북구,아파트,전월세,305,0,204,101,133,105,29400.0,1471.0,66.93,2006.0
2021-10,11305,강북구,연립다세대,매매,234,11,0,0,0,0,20800.0,1470.0,47.67,2002.0
2021-10,11305,강북구,연립다세대,전월세,333,0,233,100,170,44,11000.0,889.0,44.43,2002.0
2021-10,11320,도봉구,아파트,매매,93,3,0,0,0,0,62000.0,2821.0,70.13,1996.0
2021-10,11320,도봉구,아파트,전월세,580,0,372,208,269,176,19000.0,1167.0,62.99,1993.0
2021-10,11320,도봉구,연립다세대,매매,282,10,0,0,0,0,20000.0,1589.0,42.97,2005.0
2021-10,11320,도봉구,연립다세대,전월세,243,0,185,58,119,59,12000.0,939.0,45.09,2003.0
2021-10,11350,노원구,아파트,매매,149,6,0,0,0,0,68700.0,4007.0,63.69,1995.0
2021-10,11350,노원구,아파트,전월세,1758,0,1060,698,793,539,20000.0,1237.0,57.69,1995.0
2021-10,11350,노원구,연립다세대,매매,69,4,0,0,0,0,25500.0,1525.0,52.65,2003.0
2021-10,11350,노원구,연립다세대,전월세,144,0,96,48,70,30,11000.0,938.0,43.2,2003.0
2021-10,11380,은평구,아파트,매매,105,5,0,0,0,0,75000.0,3890.0,70.93,2009.0
2021-10,11380,은평구,아파트,전월세,805,0,458,347,407,197,28000.0,1301.0,66.62,2011.0
2021-10,11380,은평구,연립다세대,매매,452,18,0,0,0,0,24500.0,1907.0,43.74,2006.0
2021-10,11380,은평구,연립다세대,전월세,858,0,614,244,482,149,15000.0,1163.0,43.42,2006.0
2021-10,11410,서대문구,아파트,매매,76,1,0,0,0,0,94500.0,4407.0,67.27,2008.0
2021-10,11410,서대문구,아파트,전월세,548,0,331,217,317,149,40000.0,1755.0,71.65,2007.0
2021-10,11410,서대문구,연립다세대,매매,114,2,0,0,0,0,27850.0,1822.0,49.12,2003.0
2021-10,11410,서대문구,연립다세대,전월세,304,0,187,117,195,44,12300.0,872.0,48.36,2003.0
2021-10,11440,마포구,아파트,매매,86,6,0,0,0,0,133500.0,5799.0,71.97,2006.0
2021-10,11440,마포구,아파트,전월세,1009,0,539,470,471,292,32000.0,1729.0,68.01,2005.0
2021-10,11440,마포구,연립다세대,매매,164,3,0,0,0,0,34600.0,2645.0,41.25,2005.0
2021-10,11440,마포구,연립다세대,전월세,694,0,415,279,437,134,15750.0,1415.0,37.28,2007.0
2021-10,11470,양천구,아파트,매매,98,4,0,0,0,0,81500.0,4271.0,76.05,2002.0
2021-10,11470,양천구,아파트,전월세,1201,0,762,439,588,361,36700.0,1768.0,74.49,1998.0
2021-10,11470,양천구,연립다세대,매매,280,15,0,0,0,0,23500.0,1773.0,40.98,2005.0
2021-10,11470,양천구,연립다세대,전월세,632,0,476,156,325,134,16000.0,1127.0,42.77,2004.0
2021-10,11500,강서구,아파트,매매,116,6,0,0,0,0,78000.0,3892.0,63.56,2005.0
2021-10,11500,강서구,아파트,전월세,1518,0,830,688,727,326,20974.0,1460.0,60.81,2005.0
2021-10,11500,강서구,연립다세대,매매,444,19,0,0,0,0,22100.0,1746.0,40.97,2008.0
2021-10,11500,강서구,연립다세대,전월세,1067,0,815,252,540,180,17500.0,1239.0,40.15,2009.0
2021-10,11530,구로구,아파트,매매,119,5,0,0,0,0,71000.0,3411.0,66.66,2001.0
2021-10,11530,구로구,아파트,전월세,1172,0,553,619,661,195,13568.0,748.0,61.01,2006.0
2021-10,11530,구로구,연립다세대,매매,164,14,0,0,0,0,25500.0,1927.0,48.22,2005.0
2021-10,11530,구로구,연립다세대,전월세,418,0,289,129,243,58,15000.0,1038.0,43.94,2005.0
2021-10,11545,금천구,아파트,매매,67,1,0,0,0,0,67800.0,2851.0,67.96,2005.0
2021-10,11545,금천구,아파트,전월세,263,0,172,91,147,54,24000.0,1329.0,59.79,2005.0
2021-10,11545,금천구,연립다세대,매매,212,13,0,0,0,0,23300.0,2231.0,40.55,2013.0
2021-10,11545,금천구,연립다세대,전월세,295,0,229,66,146,37,19000.0,1650.0,37.61,2011.0
2021-10,11560,영등포구,아파트,매매,105,4,0,0,0,0,91000.0,4444.0,61.0,1999.0
2021-10,11560,영등포구,아파트,전월세,839,0,569,270,420,232,40000.0,2013.0,71.19,2000.0
2021-10,11560,영등포구,연립다세대,매매,66,3,0,0,0,0,30000.0,3199.0,37.17,2010.0
2021-10,11560,영등포구,연립다세대,전월세,269,0,198,71,151,45,20390.0,2331.0,32.42,2013.0
2021-10,11590,동작구,아파트,매매,73,2,0,0,0,0,122000.0,4810.0,81.76,2001.0
2021-10,11590,동작구,아파트,전월세,607,0,375,232,310,165,50000.0,2145.0,76.03,2004.0
2021-10,11590,동작구,연립다세대,매매,139,8,0,0,0,0,31500.0,2173.0,50.75,2004.0
2021-10,11590,동작구,연립다세대,전월세,456,0,299,157,256,87,18900.0,1434.0,43.02,2007.0
2021-10,11620,관악구,아파트,매매,104,4,0,0,0,0,71250.0,3588.0,65.99,2005.0
2021-10,11620,관악구,아파트,전월세,495,0,296,199,260,140,35000.0,1695.0,66.33,2003.0
2021-10,11620,관악구,연립다세대,매매,200,10,0,0,0,0,26000.0,1905.0,44.86,2003.0
2021-10,11620,관악구,연립다세대,전월세,563,0,332,231,316,68,15500.0,1293.0,38.19,2007.0
2021-10,11650,서초구,아파트,매매,118,6,0,0,0,0,215000.0,7377.0,96.47,2002.0
2021-10,11650,서초구,아파트,전월세,1262,0,686,576,674,399,60000.0,2491.0,86.55,2004.0
2021-10,11650,서초구,연립다세대,매매,152,6,0,0,0,0,39650.0,4200.0,42.77,2012.0
2021-10,11650,서초구,연립다세대,전월세,622,0,349,273,355,184,23000.0,1790.0,45.23,2008.0
2021-10,11680,강남구,아파트,매매,124,8,0,0,0,0,220500.0,9498.0,78.57,2004.0
2021-10,11680,강남구,아파트,전월세,2048,0,1102,946,1011,616,63000.0,2724.0,81.61,2000.0
2021-10,11680,강남구,연립다세대,매매,66,23,0,0,0,0,39950.0,4217.0,37.77,2009.0
2021-10,11680,강남구,연립다세대,전월세,637,0,318,319,310,87,17325.0,1549.0,44.27,2006.0
2021-10,11710,송파구,아파트,매매,99,6,0,0,0,0,140000.0,6472.0,77.35,2002.0
2021-10,11710,송파구,아파트,전월세,2016,0,1084,932,1026,600,49707.0,2045.0,76.73,2003.0
2021-10,11710,송파구,연립다세대,매매,228,7,0,0,0,0,36450.0,3180.0,42.25,2011.0
2021-10,11710,송파구,연립다세대,전월세,1525,0,788,737,745,406,16000.0,1361.0,41.11,2008.0
2021-10,11740,강동구,아파트,매매,118,5,0,0,0,0,107500.0,4696.0,66.61,2006.0
2021-10,11740,강동구,아파트,전월세,1591,0,888,703,701,465,36750.0,1751.0,66.69,2009.0
2021-10,11740,강동구,연립다세대,매매,142,5,0,0,0,0,32450.0,2716.0,42.69,2012.0
2021-10,11740,강동구,연립다세대,전월세,600,0,400,200,274,175,19950.0,1641.0,39.02,2010.0
2021-11,11110,종로구,아파트,매매,24,0,0,0,0,0,48000.0,3824.0,50.54,2008.0
2021-11,11110,종로구,아파트,전월세,178,0,81,97,98,54,35000.0,1622.0,73.38,2005.0
2021-11,11110,종로구,연립다세대,매매,70,4,0,0,0,0,26250.0,2142.0,56.53,2002.0
2021-11,11110,종로구,연립다세대,전월세,134,0,86,48,86,26,20000.0,1205.0,60.75,2002.0
2021-11,11140,중구,아파트,매매,17,2,0,0,0,0,68500.0,4404.0,59.07,2004.0
2021-11,11140,중구,아파트,전월세,275,0,148,127,119,70,32000.0,2043.0,64.88,2007.0
2021-11,11140,중구,연립다세대,매매,19,0,0,0,0,0,25000.0,2608.0,58.07,2004.0
2021-11,11140,중구,연립다세대,전월세,107,0,64,43,41,16,13000.0,1435.0,35.94,2008.0
2021-11,11170,용산구,아파트,매매,30,4,0,0,0,0,181500.0,7350.0,105.4,2000.0
2021-11,11170,용산구,아파트,전월세,448,0,264,184,203,151,47725.0,1971.0,92.11,2000.0
2021-11,11170,용산구,연립다세대,매매,68,3,0,0,0,0,53750.0,3744.0,59.21,2003.0
2021-11,11170,용산구,연립다세대,전월세,386,0,309,77,216,76,21000.0,1807.0,45.6,2008.0
2021-11,11200,성동구,아파트,매매,48,2,0,0,0,0,135000.0,5430.0,84.93,2003.0
2021-11,11200,성동구,아파트,전월세,739,0,444,295,366,220,50000.0,2140.0,77.08,2005.0
2021-11,11200,성동구,연립다세대,매매,20,1,0,0,0,0,24350.0,3289.0,27.07,2009.0
2021-11,11200,성동구,연립다세대,전월세,122,0,79,43,73,28,15250.0,1296.0,38.5,2008.0
2021-11,11215,광진구,아파트,매매,29,1,0,0,0,0,110000.0,5306.0,63.28,2000.0
2021-11,11215,광진구,아파트,전월세,416,0,272,144,209,151,50000.0,2261.0,77.88,1999.0
2021-11,11215,광진구,연립다세대,매매,129,10,0,0,0,0,32000.0,2918.0,43.85,2010.0
2021-11,11215,광진구,연립다세대,전월세,677,0,379,298,369,134,17955.0,1549.0,35.15,2012.0
2021-11,11230,동대문구,아파트,매매,56,3,0,0,0,0,83000.0,3806.0,61.06,2008.0
2021-11,11230,동대문구,아파트,전월세,602,0,350,252,334,128,33000.0,1712.0,65.8,2009.0
2021-11,11230,동대문구,연립다세대,매매,69,2,0,0,0,0,29000.0,2699.0,38.99,2012.0
2021-11,11230,동대문구,연립다세대,전월세,268,0,160,108,148,41,15000.0,1368.0,35.89,2012.0
2021-11,11260,중랑구,아파트,매매,44,2,0,0,0,0,70000.0,3412.0,63.92,2003.0
2021-11,11260,중랑구,아파트,전월세,410,0,264,146,209,108,27300.0,1480.0,64.77,2003.0
2021-11,11260,중랑구,연립다세대,매매,178,11,0,0,0,0,23000.0,2509.0,37.43,2011.0
2021-11,11260,중랑구,연립다세대,전월세,383,0,292,91,214,78,19500.0,1884.0,36.21,2012.0
2021-11,11290,성북구,아파트,매매,71,3,0,0,0,0,85500.0,3944.0,73.96,2004.0
2021-11,11290,성북구,아파트,전월세,786,0,482,304,364,206,37500.0,1625.0,70.39,2007.0
2021-11,11290,성북구,연립다세대,매매,123,7,0,0,0,0,27000.0,2119.0,47.37,2005.0
2021-11,11290,성북구,연립다세대,전월세,339,0,233,106,194,53,14000.0,1167.0,41.87,2009.0
2021-11,11305,강북구,아파트,매매,19,2,0,0,0,0,70000.0,2851.0,72.73,2004.0
2021-11,11305,강북구,아파트,전월세,253,0,134,119,113,76,23000.0,1169.0,63.38,2006.0
2021-11,11305,강북구,연립다세대,매매,173,8,0,0,0,0,20250.0,1506.0,46.68,2001.0
2021-11,11305,강북구,연립다세대,전월세,315,0,216,99,155,41,12000.0,875.0,45.13,2003.0
2021-11,11320,도봉구,아파트,매매,47,2,0,0,0,0,59500.0,3272.0,62.99,1997.0
2021-11,11320,도봉구,아파트,전월세,456,0,331,125,215,141,25000.0,1295.0,65.27,1994.0
2021-11,11320,도봉구,연립다세대,매매,160,7,0,0,0,0,20500.0,1620.0,45.06,2005.0
2021-11,11320,도봉구,연립다세대,전월세,242,0,169,73,133,45,13000.0,968.0,44.31,2005.0
2021-11,11350,노원구,아파트,매매,82,5,0,0,0,0,75100.0,4112.0,64.44,1994.0
2021-11,11350,노원구,아파트,전월세,1606,0,988,618,743,484,20000.0,1290.0,58.36,1995.0
2021-11,11350,노원구,연립다세대,매매,85,3,0,0,0,0,38000.0,2335.0,52.42,2011.0
2021-11,11350,노원구,연립다세대,전월세,168,0,103,65,89,26,9500.0,918.0,42.79,2005.0
2021-11,11380,은평구,아파트,매매,75,2,0,0,0,0,65700.0,3516.0,66.26,2010.0
2021-11,11380,은평구,아파트,전월세,618,0,401,217,336,145,35425.0,1653.0,68.6,2013.0
2021-11,11380,은평구,연립다세대,매매,310,10,0,0,0,0,24000.0,1839.0,43.25,2006.0
2021-11,11380,은평구,연립다세대,전월세,757,0,541,216,420,143,16000.0,1181.0,43.71,2007.0
2021-11,11410,서대문구,아파트,매매,46,1,0,0,0,0,89250.0,3779.0,76.09,2004.0
2021-11,11410,서대문구,아파트,전월세,633,0,388,245,333,165,40000.0,1752.0,70.59,2008.0
2021-11,11410,서대문구,연립다세대,매매,104,3,0,0,0,0,23900.0,1897.0,44.9,2000.0
2021-11,11410,서대문구,연립다세대,전월세,317,0,185,132,209,45,13200.0,968.0,44.02,2006.0
2021-11,11440,마포구,아파트,매매,45,1,0,0,0,0,129000.0,5574.0,79.13,2006.0
2021-11,11440,마포구,아파트,전월세,951,0,587,364,446,290,42000.0,2053.0,69.63,2004.0
2021-11,11440,마포구,연립다세대,매매,102,3,0,0,0,0,35000.0,2761.0,41.03,2004.0
2021-11,11440,마포구,연립다세대,전월세,646,0,424,222,412,116,18000.0,1647.0,36.43,2008.0
2021-11,11470,양천구,아파트,매매,49,6,0,0,0,0,70000.0,3339.0,70.71,2003.0
2021-11,11470,양천구,아파트,전월세,950,0,583,367,446,321,44000.0,1986.0,73.29,1996.0
2021-11,11470,양천구,연립다세대,매매,324,7,0,0,0,0,24500.0,2286.0,38.53,2007.0
2021-11,11470,양천구,연립다세대,전월세,487,0,393,94,268,98,17000.0,1358.0,40.65,2006.0
2021-11,11500,강서구,아파트,매매,74,3,0,0,0,0,60500.0,3439.0,55.26,2005.0
2021-11,11500,강서구,아파트,전월세,1097,0,743,354,533,277,28350.0,1599.0,64.93,2004.0
2021-11,11500,강서구,연립다세대,매매,375,10,0,0,0,0,22500.0,1775.0,40.96,2008.0
2021-11,11500,강서구,연립다세대,전월세,966,0,737,229,500,160,18500.0,1402.0,39.04,2010.0
2021-11,11530,구로구,아파트,매매,91,6,0,0,0,0,65000.0,3034.0,62.94,2002.0
2021-11,11530,구로구,아파트,전월세,665,0,420,245,328,166,27000.0,1352.0,63.69,2002.0
2021-11,11530,구로구,연립다세대,매매,171,7,0,0,0,0,25000.0,1991.0,46.04,2007.0
2021-11,11530,구로구,연립다세대,전월세,384,0,265,119,197,47,15000.0,1059.0,42.19,2007.0
2021-11,11545,금천구,아파트,매매,25,2,0,0,0,0,51800.0,2746.0,60.6,2004.0
2021-11,11545,금천구,아파트,전월세,229,0,145,84,116,52,24000.0,1451.0,60.71,2002.0
2021-11,11545,금천구,연립다세대,매매,120,3,0,0,0,0,25000.0,2122.0,44.13,2010.0
2021-11,11545,금천구,연립다세대,전월세,264,0,203,61,142,25,19000.0,1727.0,38.13,2011.0
2021-11,11560,영등포구,아파트,매매,92,2,0,0,0,0,62500.0,3877.0,50.2,2005.0
2021-11,11560,영등포구,아파트,전월세,841,0,559,282,422,238,40000.0,1947.0,73.7,2000.0
2021-11,11560,영등포구,연립다세대,매매,41,0,0,0,0,0,35000.0,3502.0,38.06,2011.0
2021-11,11560,영등포구,연립다세대,전월세,238,0,165,73,141,50,21000.0,2199.0,32.45,2013.0
2021-11,11590,동작구,아파트,매매,49,4,0,0,0,0,108000.0,5083.0,72.84,2005.0
2021-11,11590,동작구,아파트,전월세,659,0,428,231,320,203,51000.0,2228.0,76.8,2005.0
2021-11,11590,동작구,연립다세대,매매,113,6,0,0,0,0,28000.0,2235.0,45.34,2007.0
2021-11,11590,동작구,연립다세대,전월세,470,0,296,174,259,87,17250.0,1404.0,41.48,2008.0
2021-11,11620,관악구,아파트,매매,45,3,0,0,0,0,74000.0,3613.0,58.93,2004.0
2021-11,11620,관악구,아파트,전월세,477,0,276,201,219,136,33600.0,1624.0,64.81,2004.0
2021-11,11620,관악구,연립다세대,매매,147,18,0,0,0,0,24500.0,1833.0,43.32,2001.0
2021-11,11620,관악구,연립다세대,전월세,545,0,362,183,301,72,18000.0,1440.0,37.78,2007.0
2021-11,11650,서초구,아파트,매매,70,10,0,0,0,0,197500.0,6615.0,99.57,2005.0
2021-11,11650,서초구,아파트,전월세,1118,0,649,469,594,372,60000.0,2390.0,86.8,2003.0
2021-11,11650,서초구,연립다세대,매매,203,11,0,0,0,0,45000.0,4749.0,40.58,2015.0
2021-11,11650,서초구,연립다세대,전월세,549,0,321,228,326,159,23000.0,1829.0,46.39,2009.0
2021-11,11680,강남구,아파트,매매,106,8,0,0,0,0,192500.0,7258.0,89.09,2002.0
2021-11,11680,강남구,아파트,전월세,1973,0,1044,929,914,667,66150.0,2755.0,84.73,1999.0
2021-11,11680,강남구,연립다세대,매매,64,1,0,0,0,0,47600.0,4442.0,45.11,2008.0
2021-11,11680,강남구,연립다세대,전월세,569,0,295,274,270,84,19800.0,1675.0,41.6,2007.0
2021-11,11710,송파구,아파트,매매,54,6,0,0,0,0,165375.0,6919.0,77.87,2001.0
2021-11,11710,송파구,아파트,전월세,1645,0,1020,625,783,567,57750.0,2391.0,80.98,2002.0
2021-11,11710,송파구,연립다세대,매매,179,9,0,0,0,0,35000.0,3264.0,40.71,2009.0
2021-11,11710,송파구,연립다세대,전월세,1492,0,748,744,709,389,15000.0,1312.0,40.1,2008.0
2021-11,11740,강동구,아파트,매매,72,4,0,0,0,0,66500.0,3840.0,50.2,2007.0
2021-11,11740,강동구,아파트,전월세,1226,0,859,367,510,411,42168.0,2063.0,69.49,2009.0
2021-11,11740,강동구,연립다세대,매매,148,13,0,0,0,0,31550.0,2770.0,41.64,2012.0
2021-11,11740,강동구,연립다세대,전월세,643,0,414,229,303,158,19000.0,1543.0,38.51,2012.0
2021-12,11110,종로구,아파트,매매,17,1,0,0,0,0,79500.0,4384.0,59.36,2011.0
2021-12,11110,종로구,아파트,전월세,175,0,91,84,99,51,30000.0,1710.0,69.03,2006.0
2021-12,11110,종로구,연립다세대,매매,54,2,0,0,0,0,45700.0,3652.0,54.15,2010.0
2021-12,11110,종로구,연립다세대,전월세,202,0,113,89,136,31,11750.0,1095.0,51.55,2002.0
2021-12,11140,중구,아파트,매매,17,2,0,0,0,0,89500.0,4153.0,64.55,2008.0
2021-12,11140,중구,아파트,전월세,311,0,189,122,141,86,40000.0,2198.0,67.96,2006.0
2021-12,11140,중구,연립다세대,매매,26,0,0,0,0,0,33000.0,2808.0,47.28,2010.0
2021-12,11140,중구,연립다세대,전월세,147,0,88,59,77,15,15000.0,1310.0,37.61,2009.0
2021-12,11170,용산구,아파트,매매,24,1,0,0,0,0,147750.0,6434.0,94.07,2005.0
2021-12,11170,용산구,아파트,전월세,475,0,284,191,238,162,50000.0,1965.0,90.4,2001.0
2021-12,11170,용산구,연립다세대,매매,57,3,0,0,0,0,48500.0,3375.0,56.67,2005.0
2021-12,11170,용산구,연립다세대,전월세,413,0,312,101,264,81,21000.0,2210.0,42.03,2009.0
2021-12,11200,성동구,아파트,매매,28,2,0,0,0,0,137750.0,6339.0,72.98,2006.0
2021-12,11200,성동구,아파트,전월세,865,0,500,365,392,267,49350.0,2127.0,75.59,2005.0
2021-12,11200,성동구,연립다세대,매매,51,1,0,0,0,0,21900.0,3332.0,29.32,2014.0
2021-12,11200,성동구,연립다세대,전월세,184,0,103,81,110,24,13650.0,1156.0,38.51,2007.0
2021-12,11215,광진구,아파트,매매,16,2,0,0,0,0,125750.0,5591.0,72.53,2003.0
2021-12,11215,광진구,아파트,전월세,448,0,281,167,227,167,50000.0,2200.0,74.22,2001.0
2021-12,11215,광진구,연립다세대,매매,109,4,0,0,0,0,32000.0,2328.0,47.42,2008.0
2021-12,11215,광진구,연립다세대,전월세,747,0,443,304,401,134,19840.0,1781.0,34.53,2013.0
2021-12,11230,동대문구,아파트,매매,43,3,0,0,0,0,63800.0,3680.0,51.87,2009.0
2021-12,11230,동대문구,아파트,전월세,733,0,396,337,449,146,29000.0,1561.0,61.35,2010.0
2021-12,11230,동대문구,연립다세대,매매,41,1,0,0,0,0,30800.0,2269.0,46.85,2007.0
2021-12,11230,동대문구,연립다세대,전월세,347,0,193,154,203,56,12000.0,1283.0,32.55,2014.0
2021-12,11260,중랑구,아파트,매매,45,1,0,0,0,0,58500.0,3134.0,65.96,2003.0
2021-12,11260,중랑구,아파트,전월세,669,0,261,408,322,113,10160.0,814.0,50.87,2009.0
2021-12,11260,중랑구,연립다세대,매매,142,9,0,0,0,0,29750.0,2453.0,45.68,2011.0
2021-12,11260,중랑구,연립다세대,전월세,467,0,321,146,263,80,18368.0,1581.0,38.13,2013.0
2021-12,11290,성북구,아파트,매매,49,0,0,0,0,0,80500.0,3596.0,66.47,2005.0
2021-12,11290,성북구,아파트,전월세,903,0,510,393,523,215,36750.0,1681.0,69.59,2009.0
2021-12,11290,성북구,연립다세대,매매,144,8,0,0,0,0,36875.0,2834.0,51.16,2011.0
2021-12,11290,성북구,연립다세대,전월세,449,0,270,179,294,56,15000.0,1130.0,39.39,2011.0
2021-12,11305,강북구,아파트,매매,12,1,0,0,0,0,58400.0,2465.0,64.49,2004.0
2021-12,11305,강북구,아파트,전월세,261,0,129,132,154,77,24000.0,1171.0,66.07,2009.0
2021-12,11305,강북구,연립다세대,매매,176,9,0,0,0,0,21600.0,1626.0,43.25,2003.0
2021-12,11305,강북구,연립다세대,전월세,296,0,190,106,171,28,12000.0,951.0,42.1,2006.0
2021-12,11320,도봉구,아파트,매매,37,1,0,0,0,0,62500.0,3292.0,64.65,1997.0
2021-12,11320,도봉구,아파트,전월세,523,0,336,187,249,168,21000.0,1203.0,65.05,1994.0
2021-12,11320,도봉구,연립다세대,매매,133,5,0,0,0,0,19700.0,1551.0,45.25,2005.0
2021-12,11320,도봉구,연립다세대,전월세,175,0,127,48,110,27,13000.0,1022.0,43.48,2005.0
2021-12,11350,노원구,아파트,매매,58,1,0,0,0,0,69400.0,3773.0,63.36,1994.0
2021-12,11350,노원구,아파트,전월세,1815,0,1067,748,876,531,20400.0,1285.0,59.73,1997.0
2021-12,11350,노원구,연립다세대,매매,50,2,0,0,0,0,20800.0,1544.0,44.08,2002.0
2021-12,11350,노원구,연립다세대,전월세,235,0,101,134,129,26,6000.0,607.0,34.87,2007.0
2021-12,11380,은평구,아파트,매매,60,0,0,0,0,0,76500.0,4038.0,65.03,2011.0
2021-12,11380,은평구,아파트,전월세,821,0,401,420,469,137,21000.0,1211.0,61.2,2013.0
2021-12,11380,은평구,연립다세대,매매,215,4,0,0,0,0,26800.0,2058.0,44.14,2008.0
2021-12,11380,은평구,연립다세대,전월세,774,0,528,246,459,117,15000.0,1150.0,42.38,2007.0
2021-12,11410,서대문구,아파트,매매,38,0,0,0,0,0,82450.0,3678.0,71.12,2004.0
2021-12,11410,서대문구,아파트,전월세,858,0,471,387,473,242,37900.0,1763.0,68.8,2010.0
2021-12,11410,서대문구,연립다세대,매매,61,3,0,0,0,0,23000.0,1644.0,47.77,2002.0
2021-12,11410,서대문구,연립다세대,전월세,333,0,185,148,212,45,11000.0,977.0,42.47,2006.0
2021-12,11440,마포구,아파트,매매,60,4,0,0,0,0,124750.0,5232.0,76.42,2006.0
2021-12,11440,마포구,아파트,전월세,1152,0,569,583,628,352,36400.0,1783.0,69.85,2007.0
2021-12,11440,마포구,연립다세대,매매,233,26,0,0,0,0,26000.0,2851.0,32.53,2009.0
2021-12,11440,마포구,연립다세대,전월세,720,0,430,290,473,120,15000.0,1478.0,34.92,2008.0
2021-12,11470,양천구,아파트,매매,48,3,0,0,0,0,109250.0,4439.0,84.12,2001.0
2021-12,11470,양천구,아파트,전월세,1096,0,714,382,456,474,45000.0,2034.0,77.33,1995.0
2021-12,11470,양천구,연립다세대,매매,286,11,0,0,0,0,23825.0,2254.0,39.75,2007.0
2021-12,11470,양천구,연립다세대,전월세,523,0,386,137,317,89,18000.0,1338.0,39.77,2008.0
2021-12,11500,강서구,아파트,매매,60,3,0,0,0,0,66500.0,3500.0,64.27,2005.0
2021-12,11500,강서구,아파트,전월세,1300,0,730,570,561,334,25000.0,1556.0,57.67,2006.0
2021-12,11500,강서구,연립다세대,매매,320,24,0,0,0,0,23850.0,1742.0,41.38,2009.0
2021-12,11500,강서구,연립다세대,전월세,996,0,747,249,530,177,18000.0,1387.0,38.38,2010.0
2021-12,11530,구로구,아파트,매매,69,3,0,0,0,0,45000.0,2749.0,49.22,2003.0
2021-12,11530,구로구,아파트,전월세,1263,0,570,693,624,198,9871.0,736.0,55.24,2008.0
2021-12,11530,구로구,연립다세대,매매,177,8,0,0,0,0,25500.0,2045.0,44.53,2012.0
2021-12,11530,구로구,연립다세대,전월세,387,0,271,116,215,48,15000.0,1123.0,42.16,2007.0
2021-12,11545,금천구,아파트,매매,24,0,0,0,0,0,51000.0,2993.0,63.94,2005.0
2021-12,11545,금천구,아파트,전월세,286,0,194,92,129,86,26625.0,1449.0,62.34,2004.0
2021-12,11545,금천구,연립다세대,매매,143,5,0,0,0,0,25500.0,2262.0,41.19,2011.0
2021-12,11545,금천구,연립다세대,전월세,328,0,218,110,171,41,16000.0,1472.0,38.62,2014.0
2021-12,11560,영등포구,아파트,매매,63,4,0,0,0,0,90000.0,4078.0,59.99,2004.0
2021-12,11560,영등포구,아파트,전월세,945,0,618,327,486,277,44000.0,1981.0,74.69,2001.0
2021-12,11560,영등포구,연립다세대,매매,90,1,0,0,0,0,38000.0,4692.0,35.21,2015.0
2021-12,11560,영등포구,연립다세대,전월세,308,0,204,104,158,55,19300.0,2314.0,29.41,2014.0
2021-12,11590,동작구,아파트,매매,40,0,0,0,0,0,113000.0,3919.0,74.85,2004.0
2021-12,11590,동작구,아파트,전월세,804,0,439,365,449,213,42500.0,1931.0,72.02,2006.0
2021-12,11590,동작구,연립다세대,매매,144,9,0,0,0,0,31500.0,2399.0,48.37,2005.0
2021-12,11590,동작구,연립다세대,전월세,528,0,278,250,327,71,15000.0,1282.0,38.77,2009.0
2021-12,11620,관악구,아파트,매매,48,3,0,0,0,0,65500.0,3465.0,58.44,2006.0
2021-12,11620,관악구,아파트,전월세,560,0,308,252,267,162,32500.0,1554.0,64.19,2005.0
2021-12,11620,관악구,연립다세대,매매,199,5,0,0,0,0,27000.0,2135.0,41.68,2005.0
2021-12,11620,관악구,연립다세대,전월세,575,0,338,237,312,59,15000.0,1298.0,36.03,2009.0
2021-12,11650,서초구,아파트,매매,72,8,0,0,0,0,182000.0,5924.0,89.07,2003.0
2021-12,11650,서초구,아파트,전월세,1426,0,753,673,739,478,60000.0,2554.0,83.87,2004.0
2021-12,11650,서초구,연립다세대,매매,84,6,0,0,0,0,48675.0,4320.0,43.57,2013.0
2021-12,11650,서초구,연립다세대,전월세,591,0,336,255,374,136,24000.0,1935.0,43.03,2009.0
2021-12,11680,강남구,아파트,매매,70,3,0,0,0,0,213000.0,8167.0,92.01,2001.0
2021-12,11680,강남구,아파트,전월세,2515,0,1341,1174,1206,819,60000.0,2610.0,81.22,2001.0
2021-12,11680,강남구,연립다세대,매매,70,11,0,0,0,0,51750.0,4114.0,52.2,2008.0
2021-12,11680,강남구,연립다세대,전월세,675,0,309,366,341,87,16000.0,1499.0,39.19,2008.0
2021-12,11710,송파구,아파트,매매,67,0,0,0,0,0,120000.0,6313.0,74.04,2003.0
2021-12,11710,송파구,아파트,전월세,2763,0,1417,1346,1525,761,38000.0,1733.0,71.75,2007.0
2021-12,11710,송파구,연립다세대,매매,202,1,0,0,0,0,30450.0,3471.0,37.85,2011.0
2021-12,11710,송파구,연립다세대,전월세,1473,0,710,763,757,358,15000.0,1279.0,39.92,2009.0
2021-12,11740,강동구,아파트,매매,65,3,0,0,0,0,113000.0,4564.0,66.56,2009.0
2021-12,11740,강동구,아파트,전월세,1775,0,870,905,947,461,28350.0,1556.0,62.92,2012.0
2021-12,11740,강동구,연립다세대,매매,206,14,0,0,0,0,31900.0,2785.0,39.6,2014.0
2021-12,11740,강동구,연립다세대,전월세,606,0,389,217,313,117,20000.0,1682.0,38.06,2012.0
2022-01,11110,종로구,아파트,매매,16,0,0,0,0,0,20000.0,3684.0,43.51,2004.0
2022-01,11110,종로구,아파트,전월세,228,0,106,122,131,55,29963.0,1500.0,64.05,2007.0
2022-01,11110,종로구,연립다세대,매매,34,3,0,0,0,0,24250.0,2440.0,56.18,2006.0
2022-01,11110,종로구,연립다세대,전월세,252,0,132,120,151,43,12000.0,1121.0,51.54,2003.0
2022-01,11140,중구,아파트,매매,16,3,0,0,0,0,24200.0,3381.0,53.19,2009.0
2022-01,11140,중구,아파트,전월세,321,0,173,148,148,98,40000.0,2045.0,69.05,2008.0
2022-01,11140,중구,연립다세대,매매,23,1,0,0,0,0,19400.0,2394.0,37.64,2007.0
2022-01,11140,중구,연립다세대,전월세,189,0,95,94,114,19,10000.0,1049.0,37.12,2007.0
2022-01,11170,용산구,아파트,매매,14,0,0,0,0,0,226750.0,7094.0,107.26,1994.0
2022-01,11170,용산구,아파트,전월세,458,0,278,180,211,185,50000.0,1928.0,92.38,1999.0
2022-01,11170,용산구,연립다세대,매매,44,1,0,0,0,0,43950.0,3748.0,43.76,2007.0
2022-01,11170,용산구,연립다세대,전월세,462,0,328,134,275,119,22000.0,1790.0,40.9,2010.0
2022-01,11200,성동구,아파트,매매,39,1,0,0,0,0,138500.0,6383.0,72.85,2007.0
2022-01,11200,성동구,아파트,전월세,934,0,553,381,407,318,49000.0,2158.0,72.91,2005.0
2022-01,11200,성동구,연립다세대,매매,15,2,0,0,0,0,33000.0,3230.0,38.78,2009.0
2022-01,11200,성동구,연립다세대,전월세,234,0,102,132,141,30,11513.0,974.0,36.57,2008.0
2022-01,11215,광진구,아파트,매매,26,0,0,0,0,0,140000.0,5386.0,84.11,2001.0
2022-01,11215,광진구,아파트,전월세,431,0,248,183,214,151,49000.0,2144.0,74.38,2001.0
2022-01,11215,광진구,연립다세대,매매,68,2,0,0,0,0,31000.0,2600.0,45.0,2008.0
2022-01,11215,광진구,연립다세대,전월세,849,0,465,384,490,157,16480.0,1467.0,35.44,2012.0
2022-01,11230,동대문구,아파트,매매,42,1,0,0,0,0,73500.0,3703.0,60.32,2009.0
2022-01,11230,동대문구,아파트,전월세,706,0,406,300,383,177,30000.0,1689.0,59.48,2009.0
2022-01,11230,동대문구,연립다세대,매매,56,4,0,0,0,0,30500.0,2809.0,41.09,2011.0
2022-01,11230,동대문구,연립다세대,전월세,368,0,177,191,226,62,8750.0,797.0,33.28,2011.0
2022-01,11260,중랑구,아파트,매매,42,1,0,0,0,0,60250.0,3061.0,58.25,2005.0
2022-01,11260,중랑구,아파트,전월세,472,0,291,181,238,128,27000.0,1481.0,60.57,2003.0
2022-01,11260,중랑구,연립다세대,매매,117,5,0,0,0,0,28000.0,2490.0,42.76,2009.0
2022-01,11260,중랑구,연립다세대,전월세,543,0,381,162,334,84,20000.0,1833.0,36.93,2013.0
2022-01,11290,성북구,아파트,매매,33,2,0,0,0,0,90000.0,4201.0,71.37,2008.0
2022-01,11290,성북구,아파트,전월세,1028,0,510,518,517,233,30000.0,1451.0,64.88,2009.0
2022-01,11290,성북구,연립다세대,매매,68,6,0,0,0,0,26400.0,2127.0,48.41,2007.0
2022-01,11290,성북구,연립다세대,전월세,456,0,261,195,289,69,13000.0,1033.0,37.74,2009.0
2022-01,11305,강북구,아파트,매매,20,2,0,0,0,0,74500.0,3040.0,68.2,2004.0
2022-01,11305,강북구,아파트,전월세,293,0,163,130,125,86,23000.0,1226.0,60.3,2007.0
2022-01,11305,강북구,연립다세대,매매,190,16,0,0,0,0,23600.0,1721.0,46.7,2006.0
2022-01,11305,강북구,연립다세대,전월세,310,0,219,91,179,33,12000.0,945.0,43.53,2004.0
2022-01,11320,도봉구,아파트,매매,27,1,0,0,0,0,59500.0,2922.0,62.48,1995.0
2022-01,11320,도봉구,아파트,전월세,528,0,353,175,238,165,22050.0,1225.0,62.8,1994.0
2022-01,11320,도봉구,연립다세대,매매,125,8,0,0,0,0,18500.0,1499.0,43.71,2002.0
2022-01,11320,도봉구,연립다세대,전월세,228,0,142,86,147,35,12000.0,946.0,41.19,2006.0
2022-01,11350,노원구,아파트,매매,65,3,0,0,0,0,64700.0,3632.0,64.32,1996.0
2022-01,11350,노원구,아파트,전월세,1813,0,1093,720,836,610,20000.0,1261.0,57.5,1996.0
2022-01,11350,노원구,연립다세대,매매,33,0,0,0,0,0,22000.0,1475.0,47.79,2003.0
2022-01,11350,노원구,연립다세대,전월세,256,0,96,160,167,20,3000.0,368.0,33.19,2008.0
2022-01,11380,은평구,아파트,매매,60,1,0,0,0,0,59895.0,4238.0,60.07,2013.0
2022-01,11380,은평구,아파트,전월세,702,0,464,238,356,180,33000.0,1617.0,67.35,2011.0
2022-01,11380,은평구,연립다세대,매매,294,11,0,0,0,0,25800.0,2437.0,40.02,2012.0
2022-01,11380,은평구,연립다세대,전월세,749,0,536,213,424,144,17000.0,1213.0,42.02,2008.0
2022-01,11410,서대문구,아파트,매매,22,0,0,0,0,0,95500.0,3823.0,85.43,2005.0
2022-01,11410,서대문구,아파트,전월세,780,0,465,315,420,215,39900.0,1828.0,69.65,2010.0
2022-01,11410,서대문구,연립다세대,매매,86,1,0,0,0,0,30250.0,2316.0,48.02,2009.0
2022-01,11410,서대문구,연립다세대,전월세,424,0,209,215,292,40,10000.0,807.0,40.01,2006.0
2022-01,11440,마포구,아파트,매매,55,2,0,0,0,0,80500.0,5653.0,63.09,2009.0
2022-01,11440,마포구,아파트,전월세,1106,0,579,527,515,402,40000.0,1929.0,66.33,2006.0
2022-01,11440,마포구,연립다세대,매매,114,10,0,0,0,0,31200.0,2744.0,38.13,2006.0
2022-01,11440,마포구,연립다세대,전월세,812,0,440,372,545,122,14000.0,1350.0,34.47,2008.0
2022-01,11470,양천구,아파트,매매,34,2,0,0,0,0,86500.0,4585.0,68.5,2003.0
2022-01,11470,양천구,아파트,전월세,964,0,625,339,371,434,43125.0,2029.0,75.31,1996.0
2022-01,11470,양천구,연립다세대,매매,202,31,0,0,0,0,26000.0,2253.0,40.0,2010.0
2022-01,11470,양천구,연립다세대,전월세,566,0,426,140,317,130,17350.0,1350.0,40.33,2007.0
2022-01,11500,강서구,아파트,매매,99,0,0,0,0,0,69400.0,3391.0,65.9,2015.0
2022-01,11500,강서구,아파트,전월세,1167,0,728,439,524,341,30000.0,1738.0,59.79,2005.0
2022-01,11500,강서구,연립다세대,매매,310,12,0,0,0,0,23000.0,1913.0,39.37,2010.0
2022-01,11500,강서구,연립다세대,전월세,1100,0,823,277,648,170,18600.0,1502.0,37.16,2011.0
2022-01,11530,구로구,아파트,매매,146,5,0,0,0,0,43475.0,2518.0,52.6,2014.0
2022-01,11530,구로구,아파트,전월세,754,0,464,290,339,212,28350.0,1441.0,64.05,2002.0
2022-01,11530,구로구,연립다세대,매매,171,9,0,0,0,0,26500.0,2255.0,41.87,2010.0
2022-01,11530,구로구,연립다세대,전월세,298,0,213,85,170,49,15000.0,1080.0,44.42,2006.0
2022-01,11545,금천구,아파트,매매,25,1,0,0,0,0,60000.0,2923.0,60.82,2004.0
2022-01,11545,금천구,아파트,전월세,245,0,160,85,131,63,29000.0,1391.0,64.89,2004.0
2022-01,11545,금천구,연립다세대,매매,105,4,0,0,0,0,25300.0,2262.0,41.27,2012.0
2022-01,11545,금천구,연립다세대,전월세,276,0,200,76,148,31,19000.0,1673.0,37.36,2011.0
2022-01,11560,영등포구,아파트,매매,34,2,0,0,0,0,60500.0,4103.0,59.67,2005.0
2022-01,11560,영등포구,아파트,전월세,1034,0,624,410,451,371,39850.0,1816.0,68.23,2003.0
2022-01,11560,영등포구,연립다세대,매매,59,4,0,0,0,0,29000.0,3036.0,31.48,2014.0
2022-01,11560,영등포구,연립다세대,전월세,300,0,213,87,154,75,23550.0,2552.0,31.71,2014.0
2022-01,11590,동작구,아파트,매매,32,0,0,0,0,0,99000.0,4751.0,68.34,2002.0
2022-01,11590,동작구,아파트,전월세,745,0,445,300,356,237,48000.0,2097.0,72.37,2005.0
2022-01,11590,동작구,연립다세대,매매,77,7,0,0,0,0,30500.0,2516.0,44.83,2006.0
2022-01,11590,동작구,연립다세대,전월세,593,0,275,318,384,72,12600.0,1070.0,37.54,2010.0
2022-01,11620,관악구,아파트,매매,42,2,0,0,0,0,62750.0,3237.0,62.91,2005.0
2022-01,11620,관악구,아파트,전월세,572,0,333,239,264,151,29500.0,1553.0,61.79,2003.0
2022-01,11620,관악구,연립다세대,매매,137,9,0,0,0,0,24900.0,1836.0,43.93,2002.0
2022-01,11620,관악구,연립다세대,전월세,560,0,311,249,320,69,14850.0,1275.0,36.8,2007.0
2022-01,11650,서초구,아파트,매매,53,3,0,0,0,0,157000.0,5779.0,76.91,2006.0
2022-01,11650,서초구,아파트,전월세,1247,0,697,550,563,475,60000.0,2623.0,83.49,2004.0
2022-01,11650,서초구,연립다세대,매매,118,4,0,0,0,0,41450.0,4531.0,35.19,2016.0
2022-01,11650,서초구,연립다세대,전월세,668,0,378,290,427,175,25000.0,1926.0,44.73,2008.0
2022-01,11680,강남구,아파트,매매,57,5,0,0,0,0,208273.0,8277.0,89.06,2002.0
2022-01,11680,강남구,아파트,전월세,2078,0,1131,947,927,777,60000.0,2572.0,83.22,1998.0
2022-01,11680,강남구,연립다세대,매매,72,4,0,0,0,0,49750.0,4620.0,34.87,2013.0
2022-01,11680,강남구,연립다세대,전월세,736,0,364,372,359,117,18950.0,1631.0,41.05,2008.0
2022-01,11710,송파구,아파트,매매,53,3,0,0,0,0,168000.0,6614.0,82.03,1997.0
2022-01,11710,송파구,아파트,전월세,2202,0,1226,976,965,723,49000.0,2125.0,73.77,2005.0
2022-01,11710,송파구,연립다세대,매매,190,16,0,0,0,0,36000.0,3889.0,37.46,2016.0
2022-01,11710,송파구,연립다세대,전월세,1597,0,736,861,826,379,15000.0,1297.0,40.14,2008.0
2022-01,11740,강동구,아파트,매매,48,3,0,0,0,0,92500.0,5030.0,58.92,2009.0
2022-01,11740,강동구,아파트,전월세,1269,0,836,433,519,522,42000.0,2044.0,69.59,2010.0
2022-01,11740,강동구,연립다세대,매매,138,5,0,0,0,0,31475.0,2930.0,41.67,2012.0
2022-01,11740,강동구,연립다세대,전월세,586,0,376,210,309,127,18268.0,1683.0,36.81,2011.0
2022-02,11110,종로구,아파트,매매,15,2,0,0,0,0,46500.0,4750.0,42.08,2010.0
2022-02,11110,종로구,아파트,전월세,191,0,86,105,102,71,25000.0,1478.0,68.48,2005.0
2022-02,11110,종로구,연립다세대,매매,26,0,0,0,0,0,38000.0,2072.0,70.13,2003.0
2022-02,11110,종로구,연립다세대,전월세,224,0,99,125,132,42,8000.0,791.0,46.68,2002.0
2022-02,11140,중구,아파트,매매,17,2,0,0,0,0,95000.0,5408.0,53.19,2005.0
2022-02,11140,중구,아파트,전월세,357,0,187,170,149,106,39900.0,2086.0,66.19,2007.0
2022-02,11140,중구,연립다세대,매매,25,2,0,0,0,0,26000.0,2818.0,46.54,2006.0
2022-02,11140,중구,연립다세대,전월세,191,0,79,112,105,20,6000.0,561.0,35.85,2006.0
2022-02,11170,용산구,아파트,매매,17,1,0,0,0,0,190000.0,5479.0,102.26,1995.0
2022-02,11170,용산구,아파트,전월세,544,0,299,245,229,229,43025.0,1879.0,86.19,2001.0
2022-02,11170,용산구,연립다세대,매매,35,8,0,0,0,0,44000.0,4537.0,52.56,2004.0
2022-02,11170,용산구,연립다세대,전월세,492,0,365,127,297,115,22000.0,1856.0,45.6,2010.0
2022-02,11200,성동구,아파트,매매,19,1,0,0,0,0,130000.0,5351.0,80.71,2002.0
2022-02,11200,성동구,아파트,전월세,980,0,599,381,383,404,50000.0,2149.0,74.02,2005.0
2022-02,11200,성동구,연립다세대,매매,24,0,0,0,0,0,34900.0,3509.0,41.84,2003.0
2022-02,11200,성동구,연립다세대,전월세,173,0,98,75,94,42,13125.0,1210.0,37.63,2005.0
2022-02,11215,광진구,아파트,매매,14,0,0,0,0,0,109650.0,4838.0,78.09,2004.0
2022-02,11215,광진구,아파트,전월세,442,0,297,145,183,205,50700.0,2315.0,78.93,2001.0
2022-02,11215,광진구,연립다세대,매매,68,2,0,0,0,0,31750.0,2616.0,42.76,2009.0
2022-02,11215,광진구,연립다세대,전월세,835,0,481,354,483,186,18000.0,1632.0,33.92,2012.0
2022-02,11230,동대문구,아파트,매매,46,1,0,0,0,0,77400.0,3797.0,59.41,2008.0
2022-02,11230,동대문구,아파트,전월세,682,0,412,270,337,227,33600.0,1726.0,63.51,2008.0
2022-02,11230,동대문구,연립다세대,매매,49,2,0,0,0,0,38000.0,2724.0,46.56,2011.0
2022-02,11230,동대문구,연립다세대,전월세,342,0,166,176,202,59,8000.0,933.0,33.01,2011.0
2022-02,11260,중랑구,아파트,매매,28,3,0,0,0,0,50000.0,3171.0,54.24,2001.0
2022-02,11260,중랑구,아파트,전월세,786,0,466,320,389,185,14695.0,793.0,61.56,2007.0
2022-02,11260,중랑구,연립다세대,매매,101,7,0,0,0,0,27500.0,2486.0,39.66,2010.0
2022-02,11260,중랑구,연립다세대,전월세,565,0,378,187,316,120,19000.0,1780.0,37.01,2014.0
2022-02,11290,성북구,아파트,매매,41,1,0,0,0,0,85000.0,3721.0,69.07,2006.0
2022-02,11290,성북구,아파트,전월세,984,0,540,444,495,269,35000.0,1630.0,68.17,2009.0
2022-02,11290,성북구,연립다세대,매매,86,5,0,0,0,0,23950.0,2101.0,41.13,2010.0
2022-02,11290,성북구,연립다세대,전월세,501,0,293,208,301,77,13000.0,1054.0,41.43,2009.0
2022-02,11305,강북구,아파트,매매,12,0,0,0,0,0,57250.0,2595.0,62.98,2005.0
2022-02,11305,강북구,아파트,전월세,333,0,162,171,188,98,19000.0,1177.0,55.8,2009.0
2022-02,11305,강북구,연립다세대,매매,158,5,0,0,0,0,21600.0,1614.0,47.31,2004.0
2022-02,11305,강북구,연립다세대,전월세,293,0,198,95,184,44,12000.0,906.0,43.22,2002.0
2022-02,11320,도봉구,아파트,매매,16,1,0,0,0,0,52250.0,2914.0,65.78,1999.0
2022-02,11320,도봉구,아파트,전월세,565,0,364,201,252,213,22000.0,1207.0,63.37,1994.0
2022-02,11320,도봉구,연립다세대,매매,132,4,0,0,0,0,22000.0,1766.0,46.16,2008.0
2022-02,11320,도봉구,연립다세대,전월세,259,0,172,87,153,46,13000.0,994.0,43.0,2005.0
2022-02,11350,노원구,아파트,매매,56,2,0,0,0,0,60000.0,3878.0,59.61,1994.0
2022-02,11350,노원구,아파트,전월세,1967,0,1233,734,778,713,20000.0,1254.0,58.34,1995.0
2022-02,11350,노원구,연립다세대,매매,25,0,0,0,0,0,17700.0,1433.0,48.42,2001.0
2022-02,11350,노원구,연립다세대,전월세,235,0,98,137,136,40,5150.0,561.0,36.22,2007.0
2022-02,11380,은평구,아파트,매매,46,4,0,0,0,0,72450.0,3841.0,63.18,2013.0
2022-02,11380,은평구,아파트,전월세,700,0,451,249,333,198,30450.0,1559.0,67.93,2011.0
2022-02,11380,은평구,연립다세대,매매,188,8,0,0,0,0,26500.0,1882.0,46.3,2008.0
2022-02,11380,은평구,연립다세대,전월세,770,0,556,214,442,161,17000.0,1262.0,42.36,2008.0
2022-02,11410,서대문구,아파트,매매,28,1,0,0,0,0,85000.0,3883.0,70.13,2004.0
2022-02,11410,서대문구,아파트,전월세,841,0,476,365,315,385,37000.0,1661.0,67.34,2010.0
2022-02,11410,서대문구,연립다세대,매매,57,3,0,0,0,0,20800.0,1751.0,47.15,2002.0
2022-02,11410,서대문구,연립다세대,전월세,447,0,206,241,287,82,10000.0,776.0,42.02,2006.0
2022-02,11440,마포구,아파트,매매,32,0,0,0,0,0,108500.0,4555.0,69.27,2004.0
2022-02,11440,마포구,아파트,전월세,1180,0,685,495,488,496,40000.0,1959.0,68.04,2006.0
2022-02,11440,마포구,연립다세대,매매,136,5,0,0,0,0,34250.0,3015.0,41.49,2009.0
2022-02,11440,마포구,연립다세대,전월세,826,0,506,320,494,188,15750.0,1447.0,36.71,2007.0
2022-02,11470,양천구,아파트,매매,29,0,0,0,0,0,72000.0,3620.0,70.74,2000.0
2022-02,11470,양천구,아파트,전월세,966,0,667,299,349,469,41000.0,1950.0,74.39,1996.0
2022-02,11470,양천구,연립다세대,매매,115,2,0,0,0,0,24200.0,2042.0,40.78,2006.0
2022-02,11470,양천구,연립다세대,전월세,557,0,421,136,316,138,18000.0,1355.0,41.94,2007.0
2022-02,11500,강서구,아파트,매매,54,0,0,0,0,0,48000.0,3044.0,56.42,2007.0
2022-02,11500,강서구,아파트,전월세,1193,0,806,387,499,427,30000.0,1750.0,62.71,2004.0
2022-02,11500,강서구,연립다세대,매매,320,9,0,0,0,0,23000.0,1895.0,39.59,2009.0
2022-02,11500,강서구,연립다세대,전월세,1004,0,765,239,556,199,18745.0,1365.0,38.7,2010.0
2022-02,11530,구로구,아파트,매매,50,3,0,0,0,0,32400.0,2725.0,46.36,2004.0
2022-02,11530,구로구,아파트,전월세,1056,0,542,514,490,281,20550.0,1167.0,58.42,2005.0
2022-02,11530,구로구,연립다세대,매매,104,5,0,0,0,0,25700.0,1730.0,46.2,2006.0
2022-02,11530,구로구,연립다세대,전월세,432,0,297,135,254,56,15000.0,1092.0,42.57,2006.0
2022-02,11545,금천구,아파트,매매,17,0,0,0,0,0,52000.0,3103.0,56.41,2002.0
2022-02,11545,금천구,아파트,전월세,319,0,217,102,133,106,25000.0,1439.0,58.72,2005.0
2022-02,11545,금천구,연립다세대,매매,130,4,0,0,0,0,21950.0,2070.0,34.52,2012.0
2022-02,11545,금천구,연립다세대,전월세,308,0,227,81,162,49,19400.0,1749.0,37.19,2013.0
2022-02,11560,영등포구,아파트,매매,37,3,0,0,0,0,20000.0,3999.0,46.48,2005.0
2022-02,11560,영등포구,아파트,전월세,1078,0,668,410,463,419,39900.0,1874.0,70.91,2002.0
2022-02,11560,영등포구,연립다세대,매매,54,1,0,0,0,0,34150.0,3240.0,41.08,2008.0
2022-02,11560,영등포구,연립다세대,전월세,268,0,170,98,147,63,18600.0,1882.0,31.61,2013.0
2022-02,11590,동작구,아파트,매매,31,1,0,0,0,0,99000.0,4019.0,73.93,2002.0
2022-02,11590,동작구,아파트,전월세,816,0,476,340,408,308,42050.0,1978.0,72.6,2005.0
2022-02,11590,동작구,연립다세대,매매,78,2,0,0,0,0,30750.0,2286.0,46.74,2005.0
2022-02,11590,동작구,연립다세대,전월세,567,0,304,263,343,101,15000.0,1162.0,40.39,2008.0
2022-02,11620,관악구,아파트,매매,40,2,0,0,0,0,64750.0,3511.0,64.11,2005.0
2022-02,11620,관악구,아파트,전월세,562,0,347,215,254,178,33600.0,1662.0,64.61,2003.0
2022-02,11620,관악구,연립다세대,매매,126,9,0,0,0,0,25075.0,1770.0,41.62,2001.0
2022-02,11620,관악구,연립다세대,전월세,608,0,372,236,328,99,16000.0,1223.0,37.34,2008.0
2022-02,11650,서초구,아파트,매매,40,1,0,0,0,0,190500.0,5305.0,90.42,1999.0
2022-02,11650,서초구,아파트,전월세,1397,0,832,565,724,466,40248.0,1926.0,81.65,2005.0
2022-02,11650,서초구,연립다세대,매매,48,4,0,0,0,0,42000.0,4373.0,38.12,2012.0
2022-02,11650,서초구,연립다세대,전월세,722,0,378,344,410,221,20000.0,1719.0,43.98,2009.0
2022-02,11680,강남구,아파트,매매,62,6,0,0,0,0,203500.0,7233.0,84.55,2002.0
2022-02,11680,강남구,아파트,전월세,1912,0,1026,886,795,786,58000.0,2584.0,80.33,1999.0
2022-02,11680,강남구,연립다세대,매매,50,4,0,0,0,0,48150.0,4319.0,50.08,2009.0
2022-02,11680,강남구,연립다세대,전월세,761,0,366,395,366,148,17850.0,1618.0,41.93,2007.0
2022-02,11710,송파구,아파트,매매,39,3,0,0,0,0,143000.0,6320.0,78.82,2003.0
2022-02,11710,송파구,아파트,전월세,2207,0,1158,1049,990,751,43050.0,1945.0,72.33,2005.0
2022-02,11710,송파구,연립다세대,매매,194,9,0,0,0,0,38950.0,3536.0,39.42,2013.0
2022-02,11710,송파구,연립다세대,전월세,1839,0,866,973,919,535,16000.0,1319.0,40.44,2008.0
2022-02,11740,강동구,아파트,매매,30,3,0,0,0,0,47250.0,3520.0,45.18,2010.0
2022-02,11740,강동구,아파트,전월세,1370,0,788,582,491,578,38850.0,1840.0,65.82,2010.0
2022-02,11740,강동구,연립다세대,매매,107,0,0,0,0,0,31400.0,3057.0,36.87,2015.0
2022-02,11740,강동구,연립다세대,전월세,742,0,479,263,344,209,18900.0,1603.0,38.1,2012.0
2022-03,11110,종로구,아파트,매매,20,1,0,0,0,0,90400.0,4385.0,64.33,2007.0
2022-03,11110,종로구,아파트,전월세,189,0,80,109,106,43,24200.0,1143.0,69.76,2005.0
2022-03,11110,종로구,연립다세대,매매,47,3,0,0,0,0,42000.0,2342.0,64.31,2001.0
2022-03,11110,종로구,연립다세대,전월세,201,0,116,85,106,49,15000.0,997.0,53.85,2001.0
2022-03,11140,중구,아파트,매매,18,1,0,0,0,0,93000.0,4680.0,70.01,2007.0
2022-03,11140,중구,아파트,전월세,333,0,168,165,146,102,29000.0,1654.0,68.89,2006.0
2022-03,11140,중구,연립다세대,매매,31,1,0,0,0,0,26800.0,1919.0,44.89,2004.0
2022-03,11140,중구,연립다세대,전월세,126,0,70,56,61,24,14850.0,1095.0,44.21,2005.0
2022-03,11170,용산구,아파트,매매,30,2,0,0,0,0,151500.0,5846.0,105.18,1996.0
2022-03,11170,용산구,아파트,전월세,619,0,314,305,347,185,40000.0,1719.0,81.67,2003.0
2022-03,11170,용산구,연립다세대,매매,54,2,0,0,0,0,61000.0,4102.0,68.54,2002.0
2022-03,11170,용산구,연립다세대,전월세,443,0,310,133,251,130,21000.0,1534.0,44.04,2008.0
2022-03,11200,성동구,아파트,매매,25,2,0,0,0,0,135000.0,6451.0,72.78,2004.0
2022-03,11200,성동구,아파트,전월세,860,0,486,374,362,342,50000.0,2145.0,74.49,2006.0
2022-03,11200,성동구,연립다세대,매매,23,1,0,0,0,0,38800.0,3530.0,36.32,2008.0
2022-03,11200,성동구,연립다세대,전월세,180,0,119,61,94,42,15850.0,1536.0,39.77,2005.0
2022-03,11215,광진구,아파트,매매,26,2,0,0,0,0,124900.0,5158.0,85.28,1998.0
2022-03,11215,광진구,아파트,전월세,427,0,282,145,210,172,50000.0,2262.0,77.21,2002.0
2022-03,11215,광진구,연립다세대,매매,87,5,0,0,0,0,34000.0,2518.0,46.47,2007.0
2022-03,11215,광진구,연립다세대,전월세,771,0,461,310,419,174,19950.0,1667.0,37.86,2011.0
2022-03,11230,동대문구,아파트,매매,64,8,0,0,0,0,80850.0,3465.0,68.08,2004.0
2022-03,11230,동대문구,아파트,전월세,688,0,416,272,355,219,33000.0,1654.0,66.68,2007.0
2022-03,11230,동대문구,연립다세대,매매,47,3,0,0,0,0,36000.0,2516.0,45.93,2009.0
2022-03,11230,동대문구,연립다세대,전월세,251,0,146,105,141,49,15000.0,1210.0,40.89,2009.0
2022-03,11260,중랑구,아파트,매매,39,0,0,0,0,0,55500.0,2962.0,56.51,2003.0
2022-03,11260,중랑구,아파트,전월세,781,0,501,280,386,161,17188.0,1029.0,61.3,2005.0
2022-03,11260,중랑구,연립다세대,매매,183,7,0,0,0,0,28500.0,2406.0,41.77,2012.0
2022-03,11260,중랑구,연립다세대,전월세,543,0,370,173,310,112,19000.0,1716.0,36.5,2014.0
2022-03,11290,성북구,아파트,매매,50,3,0,0,0,0,84250.0,3995.0,74.99,2007.0
2022-03,11290,성북구,아파트,전월세,1039,0,650,389,602,234,35000.0,1636.0,69.03,2010.0
2022-03,11290,성북구,연립다세대,매매,107,7,0,0,0,0,25000.0,1871.0,46.29,2007.0
2022-03,11290,성북구,연립다세대,전월세,387,0,260,127,212,76,17500.0,1184.0,44.76,2009.0
2022-03,11305,강북구,아파트,매매,18,0,0,0,0,0,66150.0,2901.0,70.85,2005.0
2022-03,11305,강북구,아파트,전월세,353,0,156,197,180,70,13500.0,1169.0,54.04,2003.0
2022-03,11305,강북구,연립다세대,매매,162,3,0,0,0,0,21850.0,1530.0,46.78,2005.0
2022-03,11305,강북구,연립다세대,전월세,365,0,252,113,215,56,12000.0,908.0,45.43,2003.0
2022-03,11320,도봉구,아파트,매매,59,2,0,0,0,0,53500.0,3115.0,63.48,1996.0
2022-03,11320,도봉구,아파트,전월세,713,0,389,324,272,213,18000.0,1063.0,56.46,1999.0
2022-03,11320,도봉구,연립다세대,매매,102,5,0,0,0,0,18500.0,1374.0,44.95,2003.0
2022-03,11320,도봉구,연립다세대,전월세,282,0,184,98,147,56,12050.0,895.0,45.17,2005.0
2022-03,11350,노원구,아파트,매매,145,11,0,0,0,0,59500.0,4122.0,54.23,1993.0
2022-03,11350,노원구,아파트,전월세,1728,0,1089,639,759,640,20000.0,1269.0,58.19,1993.0
2022-03,11350,노원구,연립다세대,매매,60,1,0,0,0,0,23000.0,1590.0,46.92,2001.0
2022-03,11350,노원구,연립다세대,전월세,179,0,106,73,99,34,11000.0,963.0,42.97,2005.0
2022-03,11380,은평구,아파트,매매,121,0,0,0,0,0,44500.0,2256.0,56.07,1993.0
2022-03,11380,은평구,아파트,전월세,813,0,540,273,422,191,32825.0,1411.0,66.53,2012.0
2022-03,11380,은평구,연립다세대,매매,262,9,0,0,0,0,23000.0,1929.0,41.8,2007.0
2022-03,11380,은평구,연립다세대,전월세,887,0,669,218,517,183,17000.0,1155.0,44.44,2006.0
2022-03,11410,서대문구,아파트,매매,47,1,0,0,0,0,83000.0,4328.0,68.49,2004.0
2022-03,11410,서대문구,아파트,전월세,753,0,434,319,320,310,36000.0,1646.0,65.45,2009.0
2022-03,11410,서대문구,연립다세대,매매,84,0,0,0,0,0,29850.0,2212.0,43.07,2006.0
2022-03,11410,서대문구,연립다세대,전월세,345,0,212,133,229,58,14000.0,955.0,48.48,2003.0
2022-03,11440,마포구,아파트,매매,53,5,0,0,0,0,100000.0,4945.0,62.86,2001.0
2022-03,11440,마포구,아파트,전월세,1102,0,585,517,505,362,33000.0,1747.0,66.61,2005.0
2022-03,11440,마포구,연립다세대,매매,136,7,0,0,0,0,34675.0,2846.0,39.47,2007.0
2022-03,11440,마포구,연립다세대,전월세,801,0,494,307,477,195,16000.0,1539.0,36.86,2008.0
2022-03,11470,양천구,아파트,매매,45,4,0,0,0,0,86500.0,4035.0,71.23,2002.0
2022-03,11470,양천구,아파트,전월세,955,0,596,359,458,327,36000.0,1743.0,72.46,2000.0
2022-03,11470,양천구,연립다세대,매매,175,3,0,0,0,0,23500.0,2053.0,39.44,2008.0
2022-03,11470,양천구,연립다세대,전월세,691,0,504,187,384,180,16275.0,1181.0,42.94,2006.0
2022-03,11500,강서구,아파트,매매,81,0,0,0,0,0,74000.0,3652.0,64.05,2004.0
2022-03,11500,강서구,아파트,전월세,1481,0,1025,456,747,414,30000.0,1678.0,61.24,2005.0
2022-03,11500,강서구,연립다세대,매매,512,15,0,0,0,0,25750.0,2347.0,39.25,2011.0
2022-03,11500,강서구,연립다세대,전월세,1148,0,874,274,635,242,18950.0,1389.0,39.94,2010.0
2022-03,11530,구로구,아파트,매매,87,4,0,0,0,0,60500.0,3073.0,59.35,2004.0
2022-03,11530,구로구,아파트,전월세,879,0,552,327,438,259,28500.0,1378.0,65.02,2003.0
2022-03,11530,구로구,연립다세대,매매,236,10,0,0,0,0,33750.0,2292.0,52.31,2011.0
2022-03,11530,구로구,연립다세대,전월세,450,0,312,138,243,77,15000.0,1028.0,43.48,2006.0
2022-03,11545,금천구,아파트,매매,31,2,0,0,0,0,52500.0,2926.0,59.31,2001.0
2022-03,11545,금천구,아파트,전월세,303,0,213,90,160,90,27300.0,1462.0,60.53,2005.0
2022-03,11545,금천구,연립다세대,매매,126,11,0,0,0,0,25500.0,2335.0,39.79,2012.0
2022-03,11545,금천구,연립다세대,전월세,367,0,264,103,200,48,19000.0,1645.0,39.54,2012.0
2022-03,11560,영등포구,아파트,매매,65,7,0,0,0,0,95000.0,4005.0,69.36,2002.0
2022-03,11560,영등포구,아파트,전월세,1338,0,636,702,741,375,28350.0,1572.0,69.38,2005.0
2022-03,11560,영등포구,연립다세대,매매,61,1,0,0,0,0,31000.0,2993.0,36.02,2012.0
2022-03,11560,영등포구,연립다세대,전월세,301,0,212,89,160,82,21000.0,2068.0,32.78,2012.0
2022-03,11590,동작구,아파트,매매,46,2,0,0,0,0,96250.0,4578.0,69.33,2003.0
2022-03,11590,동작구,아파트,전월세,720,0,477,243,366,256,47100.0,2092.0,73.08,2006.0
2022-03,11590,동작구,연립다세대,매매,126,11,0,0,0,0,35000.0,2908.0,43.1,2010.0
2022-03,11590,동작구,연립다세대,전월세,525,0,306,219,299,120,18500.0,1325.0,43.4,2007.0
2022-03,11620,관악구,아파트,매매,45,0,0,0,0,0,59000.0,3316.0,55.53,2004.0
2022-03,11620,관악구,아파트,전월세,485,0,275,210,239,160,33600.0,1614.0,66.2,2004.0
2022-03,11620,관악구,연립다세대,매매,139,2,0,0,0,0,25000.0,2122.0,40.96,2002.0
2022-03,11620,관악구,연립다세대,전월세,568,0,337,231,317,104,15000.0,1257.0,39.36,2006.0
2022-03,11650,서초구,아파트,매매,125,10,0,0,0,0,43250.0,6303.0,61.97,2010.0
2022-03,11650,서초구,아파트,전월세,1176,0,691,485,644,382,54757.0,2573.0,80.83,2005.0
2022-03,11650,서초구,연립다세대,매매,61,3,0,0,0,0,52800.0,4494.0,52.69,2007.0
2022-03,11650,서초구,연립다세대,전월세,693,0,363,330,407,192,22050.0,1791.0,44.97,2009.0
2022-03,11680,강남구,아파트,매매,89,4,0,0,0,0,204350.0,7952.0,90.18,1999.0
2022-03,11680,강남구,아파트,전월세,1806,0,958,848,892,662,52000.0,2487.0,77.74,2000.0
2022-03,11680,강남구,연립다세대,매매,68,10,0,0,0,0,42750.0,4253.0,38.2,2009.0
2022-03,11680,강남구,연립다세대,전월세,810,0,427,383,426,155,20000.0,1693.0,41.98,2007.0
2022-03,11710,송파구,아파트,매매,95,10,0,0,0,0,102000.0,5243.0,65.8,2007.0
2022-03,11710,송파구,아파트,전월세,1821,0,1075,746,868,593,49000.0,2091.0,76.81,2004.0
2022-03,11710,송파구,연립다세대,매매,139,6,0,0,0,0,34000.0,2673.0,41.5,2008.0
2022-03,11710,송파구,연립다세대,전월세,1967,0,967,1000,959,649,15000.0,1326.0,40.03,2008.0
2022-03,11740,강동구,아파트,매매,58,0,0,0,0,0,97500.0,4533.0,55.29,2008.0
2022-03,11740,강동구,아파트,전월세,2045,0,1000,1045,995,430,29000.0,1388.0,59.33,2013.0
2022-03,11740,강동구,연립다세대,매매,144,4,0,0,0,0,35000.0,2983.0,43.12,2011.0
2022-03,11740,강동구,연립다세대,전월세,804,0,473,331,371,212,18820.0,1617.0,38.84,2012.0
2022-04,11110,종로구,아파트,매매,22,3,0,0,0,0,90850.0,4301.0,72.56,2005.0
2022-04,11110,종로구,아파트,전월세,134,0,81,53,76,36,37000.0,1970.0,70.94,2003.0
2022-04,11110,종로구,연립다세대,매매,54,6,0,0,0,0,40000.0,2292.0,65.85,1998.0
2022-04,11110,종로구,연립다세대,전월세,204,0,119,85,120,50,19200.0,1115.0,58.27,2000.0
2022-04,11140,중구,아파트,매매,33,2,0,0,0,0,49500.0,3757.0,60.77,2005.0
2022-04,11140,중구,아파트,전월세,259,0,139,120,137,73,37000.0,2085.0,68.3,2007.0
2022-04,11140,중구,연립다세대,매매,28,1,0,0,0,0,33750.0,2491.0,46.32,2006.0
2022-04,11140,중구,연립다세대,전월세,118,0,66,52,61,21,16375.0,1131.0,40.67,2007.0
2022-04,11170,용산구,아파트,매매,41,3,0,0,0,0,200500.0,6946.0,101.38,2000.0
2022-04,11170,용산구,아파트,전월세,587,0,328,259,313,172,46200.0,1870.0,85.25,2003.0
2022-04,11170,용산구,연립다세대,매매,97,6,0,0,0,0,49800.0,4823.0,47.9,2006.0
2022-04,11170,용산구,연립다세대,전월세,538,0,394,144,307,145,22000.0,1705.0,46.39,2008.0
2022-04,11200,성동구,아파트,매매,64,1,0,0,0,0,140000.0,6119.0,76.93,2004.0
2022-04,11200,성동구,아파트,전월세,946,0,553,393,409,345,48000.0,2216.0,74.38,2006.0
2022-04,11200,성동구,연립다세대,매매,55,6,0,0,0,0,31500.0,2646.0,37.05,2005.0
2022-04,11200,성동구,연립다세대,전월세,190,0,136,54,100,53,17000.0,1329.0,44.44,2004.0
2022-04,11215,광진구,아파트,매매,45,2,0,0,0,0,123000.0,5061.0,80.66,2001.0
2022-04,11215,광진구,아파트,전월세,413,0,258,155,225,149,54600.0,2312.0,79.31,2002.0
2022-04,11215,광진구,연립다세대,매매,138,9,0,0,0,0,35000.0,2808.0,46.95,2008.0
2022-04,11215,광진구,연립다세대,전월세,718,0,467,251,363,223,20000.0,1681.0,39.51,2011.0
2022-04,11230,동대문구,아파트,매매,76,5,0,0,0,0,85700.0,3716.0,64.0,2006.0
2022-04,11230,동대문구,아파트,전월세,603,0,349,254,331,170,33000.0,1655.0,66.54,2006.0
2022-04,11230,동대문구,연립다세대,매매,110,3,0,0,0,0,42175.0,2868.0,44.95,2015.0
2022-04,11230,동대문구,연립다세대,전월세,222,0,145,77,131,42,17925.0,1408.0,38.35,2011.0
2022-04,11260,중랑구,아파트,매매,57,14,0,0,0,0,49900.0,3164.0,52.83,2004.0
2022-04,11260,중랑구,아파트,전월세,471,0,249,222,229,142,21000.0,1494.0,56.98,2004.0
2022-04,11260,중랑구,연립다세대,매매,156,17,0,0,0,0,27750.0,2339.0,41.15,2007.0
2022-04,11260,중랑구,연립다세대,전월세,586,0,412,174,325,140,21000.0,1932.0,36.44,2013.0
2022-04,11290,성북구,아파트,매매,73,3,0,0,0,0,85500.0,3696.0,69.98,2004.0
2022-04,11290,성북구,아파트,전월세,832,0,507,325,420,230,39900.0,1733.0,72.93,2008.0
2022-04,11290,성북구,연립다세대,매매,128,3,0,0,0,0,27700.0,2111.0,46.88,2009.0
2022-04,11290,성북구,연립다세대,전월세,405,0,293,112,220,84,18000.0,1295.0,44.53,2008.0
2022-04,11305,강북구,아파트,매매,32,4,0,0,0,0,69200.0,3174.0,68.78,2003.0
2022-04,11305,강북구,아파트,전월세,295,0,199,96,159,91,27000.0,1481.0,62.36,2007.0
2022-04,11305,강북구,연립다세대,매매,189,16,0,0,0,0,20000.0,1460.0,45.48,2002.0
2022-04,11305,강북구,연립다세대,전월세,361,0,237,124,207,58,12000.0,907.0,44.85,2004.0
2022-04,11320,도봉구,아파트,매매,61,2,0,0,0,0,60500.0,3072.0,63.14,1995.0
2022-04,11320,도봉구,아파트,전월세,593,0,402,191,261,215,21500.0,1181.0,62.7,1994.0
2022-04,11320,도봉구,연립다세대,매매,202,13,0,0,0,0,18500.0,1494.0,45.13,2004.0
2022-04,11320,도봉구,연립다세대,전월세,289,0,204,85,177,60,14400.0,1000.0,44.75,2004.0
2022-04,11350,노원구,아파트,매매,144,7,0,0,0,0,66000.0,4044.0,61.52,1994.0
2022-04,11350,노원구,아파트,전월세,1635,0,1050,585,715,591,20000.0,1283.0,58.58,1993.0
2022-04,11350,노원구,연립다세대,매매,53,3,0,0,0,0,19700.0,1541.0,43.64,2001.0
2022-04,11350,노원구,연립다세대,전월세,157,0,100,57,98,32,12000.0,1026.0,43.32,2002.0
2022-04,11380,은평구,아파트,매매,73,5,0,0,0,0,81500.0,3431.0,72.65,2009.0
2022-04,11380,은평구,아파트,전월세,1031,0,596,435,546,215,25000.0,1336.0,61.18,2014.0
2022-04,11380,은평구,연립다세대,매매,323,21,0,0,0,0,24600.0,1866.0,45.1,2006.0
2022-04,11380,은평구,연립다세대,전월세,845,0,636,209,489,212,18000.0,1140.0,45.54,2006.0
2022-04,11410,서대문구,아파트,매매,53,1,0,0,0,0,84000.0,3955.0,69.7,2005.0
2022-04,11410,서대문구,아파트,전월세,611,0,377,234,298,212,37800.0,1764.0,71.7,2007.0
2022-04,11410,서대문구,연립다세대,매매,103,0,0,0,0,0,27400.0,1914.0,49.81,2005.0
2022-04,11410,서대문구,연립다세대,전월세,320,0,192,128,189,80,13000.0,847.0,47.35,2003.0
2022-04,11440,마포구,아파트,매매,71,3,0,0,0,0,120000.0,5462.0,66.28,2006.0
2022-04,11440,마포구,아파트,전월세,964,0,507,457,462,305,36250.0,1865.0,67.9,2006.0
2022-04,11440,마포구,연립다세대,매매,130,9,0,0,0,0,35000.0,2825.0,40.46,2006.0
2022-04,11440,마포구,연립다세대,전월세,782,0,489,293,467,173,17428.0,1537.0,38.86,2007.0
2022-04,11470,양천구,아파트,매매,79,2,0,0,0,0,80000.0,4084.0,77.48,2000.0
2022-04,11470,양천구,아파트,전월세,990,0,706,284,414,404,40000.0,1913.0,70.85,1999.0
2022-04,11470,양천구,연립다세대,매매,214,8,0,0,0,0,26000.0,2210.0,41.53,2007.0
2022-04,11470,양천구,연립다세대,전월세,665,0,494,171,366,183,17500.0,1303.0,41.35,2007.0
2022-04,11500,강서구,아파트,매매,69,2,0,0,0,0,66000.0,3479.0,59.78,2004.0
2022-04,11500,강서구,아파트,전월세,1348,0,846,502,637,404,27300.0,1715.0,60.57,2004.0
2022-04,11500,강서구,연립다세대,매매,499,50,0,0,0,0,24000.0,2040.0,40.27,2009.0
2022-04,11500,강서구,연립다세대,전월세,1123,0,865,258,610,252,19000.0,1493.0,38.99,2010.0
2022-04,11530,구로구,아파트,매매,93,4,0,0,0,0,60000.0,2943.0,60.78,2002.0
2022-04,11530,구로구,아파트,전월세,1017,0,639,378,467,255,19900.0,898.0,64.46,2005.0
2022-04,11530,구로구,연립다세대,매매,246,2,0,0,0,0,28925.0,2176.0,45.73,2012.0
2022-04,11530,구로구,연립다세대,전월세,392,0,266,126,219,64,15000.0,1068.0,44.84,2005.0
2022-04,11545,금천구,아파트,매매,43,1,0,0,0,0,58800.0,3146.0,64.05,2005.0
2022-04,11545,금천구,아파트,전월세,286,0,188,98,163,75,25000.0,1438.0,62.16,2002.0
2022-04,11545,금천구,연립다세대,매매,182,20,0,0,0,0,25500.0,2228.0,42.71,2010.0
2022-04,11545,금천구,연립다세대,전월세,324,0,243,81,181,56,19875.0,1807.0,38.41,2011.0
2022-04,11560,영등포구,아파트,매매,89,3,0,0,0,0,95900.0,4457.0,69.0,2003.0
2022-04,11560,영등포구,아파트,전월세,958,0,577,381,419,344,37800.0,1862.0,69.9,2002.0
2022-04,11560,영등포구,연립다세대,매매,36,5,0,0,0,0,31650.0,2544.0,36.78,2008.0
2022-04,11560,영등포구,연립다세대,전월세,338,0,244,94,204,87,20000.0,2171.0,31.5,2012.0
2022-04,11590,동작구,아파트,매매,69,5,0,0,0,0,123000.0,4864.0,82.18,2002.0
2022-04,11590,동작구,아파트,전월세,752,0,474,278,369,268,49350.0,2163.0,77.2,2005.0
2022-04,11590,동작구,연립다세대,매매,152,6,0,0,0,0,34450.0,2445.0,47.92,2005.0
2022-04,11590,동작구,연립다세대,전월세,512,0,316,196,302,126,17000.0,1363.0,43.6,2007.0
2022-04,11620,관악구,아파트,매매,67,4,0,0,0,0,74500.0,3368.0,64.26,2007.0
2022-04,11620,관악구,아파트,전월세,537,0,301,236,261,153,31000.0,1595.0,63.55,2005.0
2022-04,11620,관악구,연립다세대,매매,204,10,0,0,0,0,25900.0,1802.0,44.42,2001.0
2022-04,11620,관악구,연립다세대,전월세,552,0,339,213,313,89,16000.0,1278.0,39.54,2006.0
2022-04,11650,서초구,아파트,매매,122,17,0,0,0,0,250000.0,8460.0,92.26,2003.0
2022-04,11650,서초구,아파트,전월세,1085,0,545,540,538,396,63000.0,2572.0,86.0,2003.0
2022-04,11650,서초구,연립다세대,매매,99,11,0,0,0,0,50000.0,4299.0,46.42,2008.0
2022-04,11650,서초구,연립다세대,전월세,765,0,423,342,425,239,23000.0,1759.0,48.01,2008.0
2022-04,11680,강남구,아파트,매매,108,6,0,0,0,0,224500.0,8213.0,97.59,2001.0
2022-04,11680,강남구,아파트,전월세,1703,0,914,789,876,603,55000.0,2644.0,78.61,1999.0
2022-04,11680,강남구,연립다세대,매매,129,50,0,0,0,0,45000.0,4586.0,37.96,2011.0
2022-04,11680,강남구,연립다세대,전월세,774,0,402,372,428,171,18373.0,1620.0,42.01,2007.0
2022-04,11710,송파구,아파트,매매,83,3,0,0,0,0,136000.0,6617.0,79.93,2002.0
2022-04,11710,송파구,아파트,전월세,1647,0,926,721,828,576,50000.0,2142.0,78.19,2003.0
2022-04,11710,송파구,연립다세대,매매,247,36,0,0,0,0,33400.0,3100.0,37.62,2011.0
2022-04,11710,송파구,연립다세대,전월세,1837,0,901,936,918,634,16000.0,1367.0,40.2,2008.0
2022-04,11740,강동구,아파트,매매,67,2,0,0,0,0,97000.0,4477.0,66.69,2007.0
2022-04,11740,강동구,아파트,전월세,1261,0,771,490,677,338,36000.0,1692.0,66.48,2010.0
2022-04,11740,강동구,연립다세대,매매,100,8,0,0,0,0,31750.0,2912.0,43.01,2010.0
2022-04,11740,강동구,연립다세대,전월세,789,0,502,287,359,228,20000.0,1648.0,38.97,2012.0
2022-05,11110,종로구,아파트,매매,22,0,0,0,0,0,89500.0,3892.0,70.34,2007.0
2022-05,11110,종로구,아파트,전월세,169,0,84,85,102,42,27000.0,1574.0,65.69,2005.0
2022-05,11110,종로구,연립다세대,매매,40,4,0,0,0,0,38975.0,2147.0,63.61,1998.0
2022-05,11110,종로구,연립다세대,전월세,163,0,89,74,87,45,14000.0,1145.0,54.11,2001.0
2022-05,11140,중구,아파트,매매,30,1,0,0,0,0,45750.0,4005.0,63.65,2006.0
2022-05,11140,중구,아파트,전월세,290,0,156,134,123,95,30000.0,2015.0,68.66,2008.0
2022-05,11140,중구,연립다세대,매매,36,2,0,0,0,0,28000.0,2530.0,40.72,2006.0
2022-05,11140,중구,연립다세대,전월세,129,0,81,48,74,28,20000.0,1490.0,39.41,2007.0
2022-05,11170,용산구,아파트,매매,50,1,0,0,0,0,210000.0,6705.0,114.42,1999.0
2022-05,11170,용산구,아파트,전월세,909,0,293,616,524,187,17344.0,1304.0,61.45,2011.0
2022-05,11170,용산구,연립다세대,매매,74,6,0,0,0,0,58000.0,4205.0,57.12,2006.0
2022-05,11170,용산구,연립다세대,전월세,436,0,317,119,237,138,22000.0,1736.0,47.1,2007.0
2022-05,11200,성동구,아파트,매매,70,5,0,0,0,0,139750.0,5843.0,80.14,2004.0
2022-05,11200,성동구,아파트,전월세,801,0,470,331,327,321,50000.0,2299.0,72.18,2006.0
2022-05,11200,성동구,연립다세대,매매,33,4,0,0,0,0,35000.0,2953.0,43.23,2001.0
2022-05,11200,성동구,연립다세대,전월세,168,0,112,56,78,54,16450.0,1164.0,40.97,2004.0
2022-05,11215,광진구,아파트,매매,35,8,0,0,0,0,127000.0,5062.0,81.11,2002.0
2022-05,11215,광진구,아파트,전월세,344,0,212,132,188,120,50000.0,2206.0,76.56,2002.0
2022-05,11215,광진구,연립다세대,매매,126,7,0,0,0,0,32000.0,2494.0,44.15,2008.0
2022-05,11215,광진구,연립다세대,전월세,691,0,408,283,363,175,19000.0,1578.0,38.77,2011.0
2022-05,11230,동대문구,아파트,매매,67,2,0,0,0,0,84700.0,3565.0,60.37,2007.0
2022-05,11230,동대문구,아파트,전월세,662,0,399,263,334,215,34650.0,1761.0,65.29,2009.0
2022-05,11230,동대문구,연립다세대,매매,59,5,0,0,0,0,36000.0,2770.0,42.72,2009.0
2022-05,11230,동대문구,연립다세대,전월세,219,0,145,74,118,52,18000.0,1391.0,38.99,2010.0
2022-05,11260,중랑구,아파트,매매,176,4,0,0,0,0,33725.0,3669.0,43.09,2017.0
2022-05,11260,중랑구,아파트,전월세,541,0,262,279,248,190,20000.0,1263.0,54.92,2007.0
2022-05,11260,중랑구,연립다세대,매매,169,15,0,0,0,0,29000.0,2302.0,44.9,2007.0
2022-05,11260,중랑구,연립다세대,전월세,502,0,374,128,263,124,20974.0,2093.0,37.52,2013.0
2022-05,11290,성북구,아파트,매매,54,7,0,0,0,0,85500.0,3605.0,77.64,2007.0
2022-05,11290,성북구,아파트,전월세,738,0,422,316,426,184,34500.0,1659.0,69.55,2009.0
2022-05,11290,성북구,연립다세대,매매,106,23,0,0,0,0,25000.0,1634.0,54.3,2002.0
2022-05,11290,성북구,연립다세대,전월세,400,0,250,150,201,83,15000.0,1110.0,41.89,2010.0
2022-05,11305,강북구,아파트,매매,24,1,0,0,0,0,78750.0,2821.0,78.01,2004.0
2022-05,11305,강북구,아파트,전월세,296,0,172,124,147,85,24250.0,1480.0,60.19,2005.0
2022-05,11305,강북구,연립다세대,매매,195,12,0,0,0,0,18500.0,1560.0,42.08,2001.0
2022-05,11305,강북구,연립다세대,전월세,337,0,228,109,171,65,12000.0,903.0,45.83,2003.0
2022-05,11320,도봉구,아파트,매매,53,2,0,0,0,0,59000.0,2627.0,77.4,1996.0
2022-05,11320,도봉구,아파트,전월세,637,0,385,252,269,202,19950.0,1168.0,59.1,1997.0
2022-05,11320,도봉구,연립다세대,매매,187,13,0,0,0,0,20000.0,1466.0,46.04,2005.0
2022-05,11320,도봉구,연립다세대,전월세,275,0,191,84,151,50,12000.0,922.0,44.12,2004.0
2022-05,11350,노원구,아파트,매매,96,8,0,0,0,0,63750.0,3909.0,58.23,1994.0
2022-05,11350,노원구,아파트,전월세,1734,0,991,743,817,585,16800.0,1111.0,57.0,1996.0
2022-05,11350,노원구,연립다세대,매매,77,9,0,0,0,0,22000.0,1512.0,45.52,2004.0
2022-05,11350,노원구,연립다세대,전월세,173,0,107,66,88,34,10000.0,850.0,43.81,2005.0
2022-05,11380,은평구,아파트,매매,72,7,0,0,0,0,60500.0,3294.0,65.58,2008.0
2022-05,11380,은평구,아파트,전월세,1146,0,655,491,695,261,32825.0,1414.0,63.17,2015.0
2022-05,11380,은평구,연립다세대,매매,351,20,0,0,0,0,24000.0,1961.0,42.63,2007.0
2022-05,11380,은평구,연립다세대,전월세,820,0,601,219,448,194,17000.0,1208.0,43.64,2007.0
2022-05,11410,서대문구,아파트,매매,65,3,0,0,0,0,80000.0,3938.0,65.8,2005.0
2022-05,11410,서대문구,아파트,전월세,604,0,359,245,268,199,35000.0,1670.0,67.18,2007.0
2022-05,11410,서대문구,연립다세대,매매,89,3,0,0,0,0,27000.0,1757.0,48.27,2003.0
2022-05,11410,서대문구,연립다세대,전월세,306,0,178,128,171,71,13675.0,998.0,45.12,2005.0
2022-05,11440,마포구,아파트,매매,70,3,0,0,0,0,109500.0,4741.0,74.04,2003.0
2022-05,11440,마포구,아파트,전월세,980,0,480,500,450,305,30000.0,1655.0,66.7,2006.0
2022-05,11440,마포구,연립다세대,매매,211,12,0,0,0,0,38950.0,3593.0,38.4,2010.0
2022-05,11440,마포구,연립다세대,전월세,686,0,418,268,426,159,16500.0,1539.0,38.64,2006.0
2022-05,11470,양천구,아파트,매매,48,6,0,0,0,0,87000.0,4253.0,73.28,2000.0
2022-05,11470,양천구,아파트,전월세,1068,0,686,382,487,405,36750.0,1755.0,70.35,2001.0
2022-05,11470,양천구,연립다세대,매매,211,9,0,0,0,0,25000.0,1920.0,42.76,2006.0
2022-05,11470,양천구,연립다세대,전월세,588,0,440,148,306,160,18000.0,1377.0,41.27,2008.0
2022-05,11500,강서구,아파트,매매,83,4,0,0,0,0,63000.0,3481.0,59.97,2005.0
2022-05,11500,강서구,아파트,전월세,1256,0,830,426,583,376,28350.0,1740.0,58.35,2005.0
2022-05,11500,강서구,연립다세대,매매,444,25,0,0,0,0,24000.0,1886.0,42.01,2008.0
2022-05,11500,강서구,연립다세대,전월세,1132,0,891,241,602,264,18645.0,1360.0,40.07,2009.0
2022-05,11530,구로구,아파트,매매,96,4,0,0,0,0,58650.0,2867.0,57.78,2003.0
2022-05,11530,구로구,아파트,전월세,1040,0,448,592,318,440,25825.0,1085.0,68.42,2008.0
2022-05,11530,구로구,연립다세대,매매,283,18,0,0,0,0,30700.0,2297.0,49.5,2011.0
2022-05,11530,구로구,연립다세대,전월세,398,0,267,131,195,95,15000.0,996.0,45.13,2004.0
2022-05,11545,금천구,아파트,매매,42,5,0,0,0,0,39250.0,3236.0,45.95,2007.0
2022-05,11545,금천구,아파트,전월세,231,0,152,79,130,63,24675.0,1401.0,57.57,2003.0
2022-05,11545,금천구,연립다세대,매매,147,5,0,0,0,0,26000.0,2269.0,42.66,2010.0
2022-05,11545,금천구,연립다세대,전월세,311,0,233,78,168,51,19200.0,1658.0,38.7,2012.0
2022-05,11560,영등포구,아파트,매매,89,0,0,0,0,0,80000.0,4186.0,55.83,2003.0
2022-05,11560,영등포구,아파트,전월세,907,0,575,332,400,353,40000.0,1839.0,70.81,2000.0
2022-05,11560,영등포구,연립다세대,매매,87,3,0,0,0,0,31250.0,3354.0,32.07,2014.0
2022-05,11560,영등포구,연립다세대,전월세,300,0,217,83,168,75,23450.0,2486.0,31.01,2014.0
2022-05,11590,동작구,아파트,매매,68,7,0,0,0,0,105750.0,4014.0,76.29,2003.0
2022-05,11590,동작구,아파트,전월세,710,0,473,237,341,253,50000.0,2191.0,75.59,2006.0
2022-05,11590,동작구,연립다세대,매매,136,8,0,0,0,0,34850.0,2289.0,52.62,2004.0
2022-05,11590,동작구,연립다세대,전월세,473,0,339,134,254,121,20000.0,1478.0,42.85,2007.0
2022-05,11620,관악구,아파트,매매,72,5,0,0,0,0,63750.0,3502.0,56.87,2006.0
2022-05,11620,관악구,아파트,전월세,582,0,326,256,270,186,30000.0,1478.0,60.47,2005.0
2022-05,11620,관악구,연립다세대,매매,261,12,0,0,0,0,32500.0,2463.0,40.63,2007.0
2022-05,11620,관악구,연립다세대,전월세,570,0,345,225,303,114,15400.0,1282.0,38.84,2007.0
2022-05,11650,서초구,아파트,매매,89,11,0,0,0,0,225000.0,7491.0,98.08,2003.0
2022-05,11650,서초구,아파트,전월세,1157,0,671,486,601,426,65341.0,2777.0,87.09,2003.0
2022-05,11650,서초구,연립다세대,매매,95,8,0,0,0,0,54000.0,4422.0,46.69,2011.0
2022-05,11650,서초구,연립다세대,전월세,675,0,372,303,375,203,25000.0,1899.0,45.81,2008.0
2022-05,11680,강남구,아파트,매매,100,14,0,0,0,0,230000.0,7626.0,91.91,2001.0
2022-05,11680,강남구,아파트,전월세,2642,0,1312,1330,1684,621,30935.0,1452.0,70.14,2006.0
2022-05,11680,강남구,연립다세대,매매,122,27,0,0,0,0,44250.0,4733.0,41.77,2009.0
2022-05,11680,강남구,연립다세대,전월세,705,0,373,332,401,180,19000.0,1735.0,42.09,2007.0
2022-05,11710,송파구,아파트,매매,73,7,0,0,0,0,165000.0,7217.0,80.66,2005.0
2022-05,11710,송파구,아파트,전월세,1625,0,909,716,812,610,50000.0,2187.0,76.76,2003.0
2022-05,11710,송파구,연립다세대,매매,173,4,0,0,0,0,33000.0,2631.0,41.78,2005.0
2022-05,11710,송파구,연립다세대,전월세,1669,0,821,848,784,620,15750.0,1301.0,41.26,2007.0
2022-05,11740,강동구,아파트,매매,78,7,0,0,0,0,86000.0,4049.0,64.83,2007.0
2022-05,11740,강동구,아파트,전월세,1291,0,671,620,740,268,29250.0,1580.0,63.19,2011.0
2022-05,11740,강동구,연립다세대,매매,138,5,0,0,0,0,32750.0,2924.0,43.56,2012.0
2022-05,11740,강동구,연립다세대,전월세,758,0,460,298,307,228,19898.0,1636.0,38.63,2012.0
2022-06,11110,종로구,아파트,매매,11,0,0,0,0,0,17900.0,2994.0,46.5,2008.0
2022-06,11110,종로구,아파트,전월세,141,0,75,66,77,39,36000.0,1634.0,71.56,2005.0
2022-06,11110,종로구,연립다세대,매매,40,4,0,0,0,0,33750.0,2069.0,59.22,2001.0
2022-06,11110,종로구,연립다세대,전월세,185,0,76,109,92,35,7000.0,847.0,52.93,2004.0
2022-06,11140,중구,아파트,매매,17,0,0,0,0,0,62000.0,3230.0,64.35,2003.0
2022-06,11140,중구,아파트,전월세,319,0,169,150,136,91,28000.0,1871.0,62.33,2007.0
2022-06,11140,중구,연립다세대,매매,29,1,0,0,0,0,26000.0,2236.0,40.58,2008.0
2022-06,11140,중구,연립다세대,전월세,126,0,71,55,73,21,15000.0,1379.0,33.38,2010.0
2022-06,11170,용산구,아파트,매매,21,5,0,0,0,0,181700.0,5972.0,105.15,1997.0
2022-06,11170,용산구,아파트,전월세,597,0,268,329,331,159,30000.0,1390.0,79.01,2005.0
2022-06,11170,용산구,연립다세대,매매,67,10,0,0,0,0,50000.0,4533.0,47.02,2005.0
2022-06,11170,용산구,연립다세대,전월세,400,0,295,105,215,115,22025.0,1837.0,46.55,2007.0
2022-06,11200,성동구,아파트,매매,34,2,0,0,0,0,136500.0,5395.0,87.94,2003.0
2022-06,11200,성동구,아파트,전월세,792,0,464,328,342,267,48800.0,2113.0,71.78,2005.0
2022-06,11200,성동구,연립다세대,매매,93,2,0,0,0,0,198000.0,11324.0,55.58,1988.0
2022-06,11200,성동구,연립다세대,전월세,186,0,117,69,97,48,15000.0,1382.0,36.73,2007.0
2022-06,11215,광진구,아파트,매매,12,1,0,0,0,0,138750.0,4774.0,98.02,2005.0
2022-06,11215,광진구,아파트,전월세,380,0,235,145,191,142,51500.0,2329.0,74.23,2003.0
2022-06,11215,광진구,연립다세대,매매,155,3,0,0,0,0,35000.0,2666.0,46.46,2010.0
2022-06,11215,광진구,연립다세대,전월세,644,0,362,282,337,159,18000.0,1529.0,37.64,2011.0
2022-06,11230,동대문구,아파트,매매,40,3,0,0,0,0,72000.0,3455.0,54.74,2010.0
2022-06,11230,동대문구,아파트,전월세,651,0,368,283,293,202,32550.0,1655.0,63.41,2008.0
2022-06,11230,동대문구,연립다세대,매매,82,2,0,0,0,0,40000.0,2786.0,49.37,2014.0
2022-06,11230,동대문구,연립다세대,전월세,215,0,119,96,126,40,15200.0,1154.0,38.73,2008.0
2022-06,11260,중랑구,아파트,매매,38,4,0,0,0,0,58900.0,2906.0,61.33,2002.0
2022-06,11260,중랑구,아파트,전월세,502,0,275,227,246,135,25000.0,1462.0,59.87,2005.0
2022-06,11260,중랑구,연립다세대,매매,158,10,0,0,0,0,30000.0,2617.0,41.4,2010.0
2022-06,11260,중랑구,연립다세대,전월세,504,0,373,131,290,119,20485.0,2103.0,36.42,2014.0
2022-06,11290,성북구,아파트,매매,34,4,0,0,0,0,76700.0,3572.0,73.89,2005.0
2022-06,11290,성북구,아파트,전월세,813,0,440,373,353,200,31500.0,1557.0,63.82,2007.0
2022-06,11290,성북구,연립다세대,매매,65,7,0,0,0,0,27800.0,2079.0,55.16,2004.0
2022-06,11290,성북구,연립다세대,전월세,380,0,255,125,199,79,17575.0,1185.0,43.42,2009.0
2022-06,11305,강북구,아파트,매매,18,2,0,0,0,0,66000.0,2943.0,69.67,2003.0
2022-06,11305,강북구,아파트,전월세,357,0,182,175,145,93,19000.0,1117.0,55.21,2006.0
2022-06,11305,강북구,연립다세대,매매,150,10,0,0,0,0,20575.0,1453.0,45.5,2003.0
2022-06,11305,강북구,연립다세대,전월세,308,0,208,100,164,50,12000.0,902.0,42.78,2004.0
2022-06,11320,도봉구,아파트,매매,27,0,0,0,0,0,50000.0,2763.0,60.91,1996.0
2022-06,11320,도봉구,아파트,전월세,484,0,281,203,232,160,18000.0,1148.0,59.23,1997.0
2022-06,11320,도봉구,연립다세대,매매,151,5,0,0,0,0,18500.0,1451.0,45.77,2005.0
2022-06,11320,도봉구,연립다세대,전월세,219,0,149,70,114,42,12000.0,936.0,45.58,2004.0
2022-06,11350,노원구,아파트,매매,73,4,0,0,0,0,63000.0,3832.0,61.41,1995.0
2022-06,11350,노원구,아파트,전월세,1578,0,996,582,675,559,20000.0,1274.0,57.58,1993.0
2022-06,11350,노원구,연립다세대,매매,61,5,0,0,0,0,16000.0,1590.0,35.53,2001.0
2022-06,11350,노원구,연립다세대,전월세,170,0,90,80,102,21,9200.0,857.0,39.45,2005.0
2022-06,11380,은평구,아파트,매매,42,3,0,0,0,0,50000.0,3235.0,63.24,2010.0
2022-06,11380,은평구,아파트,전월세,1012,0,636,376,372,295,35000.0,1623.0,63.14,2013.0
2022-06,11380,은평구,연립다세대,매매,273,21,0,0,0,0,25000.0,1977.0,44.11,2007.0
2022-06,11380,은평구,연립다세대,전월세,793,0,570,223,407,192,17200.0,1216.0,44.12,2007.0
2022-06,11410,서대문구,아파트,매매,34,3,0,0,0,0,79500.0,4254.0,58.82,2009.0
2022-06,11410,서대문구,아파트,전월세,616,0,309,307,297,149,31750.0,1559.0,62.82,2007.0
2022-06,11410,서대문구,연립다세대,매매,97,2,0,0,0,0,27800.0,1979.0,45.19,2006.0
2022-06,11410,서대문구,연립다세대,전월세,328,0,192,136,203,78,15000.0,1030.0,44.27,2005.0
2022-06,11440,마포구,아파트,매매,39,7,0,0,0,0,105000.0,4774.0,66.99,2002.0
2022-06,11440,마포구,아파트,전월세,911,0,490,421,442,265,40000.0,1981.0,68.08,2005.0
2022-06,11440,마포구,연립다세대,매매,155,9,0,0,0,0,38800.0,3001.0,42.05,2007.0
2022-06,11440,마포구,연립다세대,전월세,682,0,410,272,417,167,17000.0,1531.0,36.55,2008.0
2022-06,11470,양천구,아파트,매매,41,0,0,0,0,0,105000.0,5004.0,80.87,1998.0
2022-06,11470,양천구,아파트,전월세,903,0,593,310,373,366,40000.0,1923.0,73.5,1999.0
2022-06,11470,양천구,연립다세대,매매,181,14,0,0,0,0,25000.0,2208.0,40.43,2008.0
2022-06,11470,양천구,연립다세대,전월세,586,0,415,171,293,170,18000.0,1286.0,40.8,2007.0
2022-06,11500,강서구,아파트,매매,49,4,0,0,0,0,66000.0,2977.0,65.26,2007.0
2022-06,11500,강서구,아파트,전월세,1064,0,707,357,478,351,30000.0,1762.0,60.96,2003.0
2022-06,11500,강서구,연립다세대,매매,372,25,0,0,0,0,25800.0,2249.0,43.43,2010.0
2022-06,11500,강서구,연립다세대,전월세,1026,0,788,238,482,272,19000.0,1405.0,39.77,2010.0
2022-06,11530,구로구,아파트,매매,64,6,0,0,0,0,54950.0,2760.0,56.3,2002.0
2022-06,11530,구로구,아파트,전월세,1566,0,399,1167,550,514,24800.0,1085.0,66.72,2012.0
2022-06,11530,구로구,연립다세대,매매,125,4,0,0,0,0,25000.0,1942.0,45.22,2008.0
2022-06,11530,구로구,연립다세대,전월세,373,0,245,128,193,70,14500.0,1006.0,44.62,2006.0
2022-06,11545,금천구,아파트,매매,19,3,0,0,0,0,45000.0,3158.0,55.79,2006.0
2022-06,11545,금천구,아파트,전월세,242,0,146,96,146,50,27000.0,1393.0,61.07,2005.0
2022-06,11545,금천구,연립다세대,매매,121,7,0,0,0,0,26500.0,2299.0,41.78,2010.0
2022-06,11545,금천구,연립다세대,전월세,272,0,206,66,145,48,20000.0,1704.0,37.77,2012.0
2022-06,11560,영등포구,아파트,매매,52,5,0,0,0,0,94500.0,4518.0,71.17,2001.0
2022-06,11560,영등포구,아파트,전월세,973,0,596,377,435,309,40000.0,1948.0,69.75,2002.0
2022-06,11560,영등포구,연립다세대,매매,112,2,0,0,0,0,28100.0,4023.0,31.78,2018.0
2022-06,11560,영등포구,연립다세대,전월세,272,0,198,74,163,60,22550.0,2510.0,31.7,2013.0
2022-06,11590,동작구,아파트,매매,164,1,0,0,0,0,27250.0,5230.0,27.03,2018.0
2022-06,11590,동작구,아파트,전월세,697,0,409,288,336,226,47250.0,2026.0,74.82,2006.0
2022-06,11590,동작구,연립다세대,매매,121,23,0,0,0,0,32500.0,2567.0,47.5,2006.0
2022-06,11590,동작구,연립다세대,전월세,532,0,308,224,310,100,16518.0,1257.0,42.14,2007.0
2022-06,11620,관악구,아파트,매매,38,3,0,0,0,0,67000.0,3616.0,55.99,2007.0
2022-06,11620,관악구,아파트,전월세,756,0,247,509,415,125,18000.0,1051.0,54.93,2008.0
2022-06,11620,관악구,연립다세대,매매,156,30,0,0,0,0,26250.0,2113.0,41.71,2005.0
2022-06,11620,관악구,연립다세대,전월세,527,0,319,208,301,80,16000.0,1249.0,40.48,2007.0
2022-06,11650,서초구,아파트,매매,50,5,0,0,0,0,238500.0,7349.0,96.23,2001.0
2022-06,11650,서초구,아파트,전월세,1158,0,610,548,543,461,60000.0,2568.0,83.68,2004.0
2022-06,11650,서초구,연립다세대,매매,85,3,0,0,0,0,46000.0,4488.0,37.0,2011.0
2022-06,11650,서초구,연립다세대,전월세,700,0,356,344,390,196,22000.0,1841.0,42.78,2010.0
2022-06,11680,강남구,아파트,매매,65,9,0,0,0,0,203500.0,8172.0,91.07,2002.0
2022-06,11680,강남구,아파트,전월세,1814,0,876,938,978,615,51725.0,2520.0,75.68,2002.0
2022-06,11680,강남구,연립다세대,매매,99,14,0,0,0,0,43516.0,4716.0,41.24,2010.0
2022-06,11680,강남구,연립다세대,전월세,570,0,297,273,308,146,20000.0,1723.0,42.59,2007.0
2022-06,11710,송파구,아파트,매매,50,5,0,0,0,0,134250.0,5661.0,81.33,2003.0
2022-06,11710,송파구,아파트,전월세,1450,0,857,593,665,580,52990.0,2305.0,77.97,2002.0
2022-06,11710,송파구,연립다세대,매매,195,16,0,0,0,0,30950.0,3013.0,37.66,2010.0
2022-06,11710,송파구,연립다세대,전월세,1528,0,686,842,750,483,15000.0,1241.0,38.81,2009.0
2022-06,11740,강동구,아파트,매매,32,3,0,0,0,0,53400.0,4157.0,46.68,2011.0
2022-06,11740,강동구,아파트,전월세,810,0,467,343,452,228,36677.0,1756.0,65.79,2009.0
2022-06,11740,강동구,연립다세대,매매,106,13,0,0,0,0,31975.0,2679.0,41.96,2009.0
2022-06,11740,강동구,연립다세대,전월세,716,0,430,286,331,204,20000.0,1713.0,37.93,2013.0
2022-07,11110,종로구,아파트,매매,14,0,0,0,0,0,29850.0,2450.0,44.57,2007.0
2022-07,11110,종로구,아파트,전월세,158,0,77,81,80,53,30225.0,1495.0,72.74,2002.0
2022-07,11110,종로구,연립다세대,매매,34,0,0,0,0,0,29200.0,1920.0,53.33,2000.0
2022-07,11110,종로구,연립다세대,전월세,169,0,89,80,88,41,13000.0,1021.0,51.4,2001.0
2022-07,11140,중구,아파트,매매,5,0,0,0,0,0,107500.0,4090.0,69.43,1999.0
2022-07,11140,중구,아파트,전월세,326,0,154,172,134,83,25000.0,1200.0,63.83,2005.0
2022-07,11140,중구,연립다세대,매매,35,1,0,0,0,0,32600.0,3044.0,37.96,2011.0
2022-07,11140,중구,연립다세대,전월세,169,0,88,81,92,28,14500.0,1277.0,38.34,2008.0
2022-07,11170,용산구,아파트,매매,15,1,0,0,0,0,183000.0,4790.0,120.76,1999.0
2022-07,11170,용산구,아파트,전월세,495,0,291,204,214,195,46000.0,1996.0,87.42,2001.0
2022-07,11170,용산구,연립다세대,매매,35,1,0,0,0,0,52000.0,4377.0,54.05,2006.0
2022-07,11170,용산구,연립다세대,전월세,426,0,306,120,235,122,22350.0,1779.0,45.88,2009.0
2022-07,11200,성동구,아파트,매매,13,0,0,0,0,0,139000.0,5864.0,74.03,2006.0
2022-07,11200,성동구,아파트,전월세,847,0,470,377,305,327,50000.0,2175.0,71.13,2005.0
2022-07,11200,성동구,연립다세대,매매,12,1,0,0,0,0,35650.0,3379.0,42.51,2003.0
2022-07,11200,성동구,연립다세대,전월세,186,0,123,63,96,49,14500.0,1252.0,39.26,2004.0
2022-07,11215,광진구,아파트,매매,13,0,0,0,0,0,120000.0,5061.0,69.98,2004.0
2022-07,11215,광진구,아파트,전월세,304,0,193,111,127,143,50700.0,2324.0,76.78,2000.0
2022-07,11215,광진구,연립다세대,매매,121,7,0,0,0,0,33950.0,3592.0,39.81,2012.0
2022-07,11215,광진구,연립다세대,전월세,616,0,364,252,304,159,18715.0,1683.0,35.96,2012.0
2022-07,11230,동대문구,아파트,매매,33,2,0,0,0,0,60000.0,3447.0,51.23,2009.0
2022-07,11230,동대문구,아파트,전월세,804,0,431,373,341,263,30405.0,1653.0,62.34,2009.0
2022-07,11230,동대문구,연립다세대,매매,31,1,0,0,0,0,32000.0,2820.0,39.96,2008.0
2022-07,11230,동대문구,연립다세대,전월세,248,0,137,111,142,39,10000.0,1105.0,36.58,2010.0
2022-07,11260,중랑구,아파트,매매,30,3,0,0,0,0,57150.0,3083.0,55.0,2004.0
2022-07,11260,중랑구,아파트,전월세,511,0,320,191,187,219,28000.0,1561.0,61.78,2006.0
2022-07,11260,중랑구,연립다세대,매매,143,25,0,0,0,0,28500.0,2405.0,40.52,2009.0
2022-07,11260,중랑구,연립다세대,전월세,519,0,391,128,257,139,21000.0,1996.0,37.2,2014.0
2022-07,11290,성북구,아파트,매매,23,2,0,0,0,0,85000.0,3497.0,79.94,2006.0
2022-07,11290,성북구,아파트,전월세,788,0,443,345,352,214,35000.0,1622.0,65.68,2007.0
2022-07,11290,성북구,연립다세대,매매,90,27,0,0,0,0,29600.0,1834.0,52.97,2001.0
2022-07,11290,성북구,연립다세대,전월세,382,0,229,153,201,72,14850.0,1002.0,42.14,2009.0
2022-07,11305,강북구,아파트,매매,13,0,0,0,0,0,63000.0,2902.0,56.08,2007.0
2022-07,11305,강북구,아파트,전월세,364,0,180,184,131,73,10000.0,625.0,56.35,2006.0
2022-07,11305,강북구,연립다세대,매매,146,5,0,0,0,0,22650.0,1842.0,44.46,2005.0
2022-07,11305,강북구,연립다세대,전월세,315,0,195,120,186,59,10000.0,823.0,43.33,2003.0
2022-07,11320,도봉구,아파트,매매,32,1,0,0,0,0,50250.0,2847.0,61.45,1994.0
2022-07,11320,도봉구,아파트,전월세,553,0,359,194,225,188,20000.0,1211.0,59.78,1994.0
2022-07,11320,도봉구,연립다세대,매매,123,3,0,0,0,0,18000.0,1354.0,43.77,2002.0
2022-07,11320,도봉구,연립다세대,전월세,264,0,206,58,129,67,14600.0,1029.0,43.71,2005.0
2022-07,11350,노원구,아파트,매매,41,5,0,0,0,0,60000.0,3326.0,61.86,1996.0
2022-07,11350,노원구,아파트,전월세,1706,0,996,710,675,576,18000.0,1214.0,55.13,1993.0
2022-07,11350,노원구,연립다세대,매매,40,1,0,0,0,0,21450.0,1952.0,41.61,2001.0
2022-07,11350,노원구,연립다세대,전월세,177,0,88,89,99,28,9450.0,808.0,38.92,2006.0
2022-07,11380,은평구,아파트,매매,39,2,0,0,0,0,48000.0,3556.0,60.84,2012.0
2022-07,11380,은평구,아파트,전월세,964,0,579,385,394,256,22806.0,1218.0,61.49,2013.0
2022-07,11380,은평구,연립다세대,매매,214,16,0,0,0,0,27000.0,2139.0,46.02,2005.0
2022-07,11380,은평구,연립다세대,전월세,786,0,596,190,434,188,17000.0,1310.0,42.21,2007.0
2022-07,11410,서대문구,아파트,매매,23,0,0,0,0,0,78000.0,3738.0,65.64,2004.0
2022-07,11410,서대문구,아파트,전월세,774,0,378,396,373,214,24050.0,1217.0,59.93,2010.0
2022-07,11410,서대문구,연립다세대,매매,65,5,0,0,0,0,24500.0,1918.0,44.29,2003.0
2022-07,11410,서대문구,연립다세대,전월세,313,0,166,147,189,63,10700.0,883.0,40.81,2005.0
2022-07,11440,마포구,아파트,매매,28,3,0,0,0,0,114500.0,5018.0,73.31,2006.0
2022-07,11440,마포구,아파트,전월세,822,0,419,403,359,306,38163.0,1922.0,68.67,2005.0
2022-07,11440,마포구,연립다세대,매매,108,5,0,0,0,0,39150.0,3343.0,38.52,2008.0
2022-07,11440,마포구,연립다세대,전월세,678,0,383,295,405,178,15750.0,1367.0,37.64,2007.0
2022-07,11470,양천구,아파트,매매,21,1,0,0,0,0,66000.0,3041.0,79.4,2002.0
2022-07,11470,양천구,아파트,전월세,1084,0,639,445,336,462,36735.0,1750.0,70.66,1997.0
2022-07,11470,양천구,연립다세대,매매,123,8,0,0,0,0,25800.0,2200.0,40.32,2007.0
2022-07,11470,양천구,연립다세대,전월세,637,0,490,147,315,195,18900.0,1353.0,40.83,2007.0
2022-07,11500,강서구,아파트,매매,32,5,0,0,0,0,45000.0,2739.0,59.52,2010.0
2022-07,11500,강서구,아파트,전월세,1898,0,1332,566,963,497,23100.0,1135.0,63.6,2007.0
2022-07,11500,강서구,연립다세대,매매,294,38,0,0,0,0,24000.0,2170.0,39.48,2009.0
2022-07,11500,강서구,연립다세대,전월세,984,0,756,228,489,239,19000.0,1445.0,39.69,2010.0
2022-07,11530,구로구,아파트,매매,38,1,0,0,0,0,21200.0,2307.0,41.99,2006.0
2022-07,11530,구로구,아파트,전월세,1242,0,420,822,370,478,25825.0,1085.0,65.88,2010.0
2022-07,11530,구로구,연립다세대,매매,153,8,0,0,0,0,17800.0,1894.0,37.18,2009.0
2022-07,11530,구로구,연립다세대,전월세,301,0,191,110,151,62,15000.0,1119.0,43.17,2005.0
2022-07,11545,금천구,아파트,매매,20,2,0,0,0,0,70850.0,3706.0,57.52,2010.0
2022-07,11545,금천구,아파트,전월세,244,0,147,97,147,62,25700.0,1417.0,58.02,2005.0
2022-07,11545,금천구,연립다세대,매매,112,9,0,0,0,0,29575.0,2619.0,42.43,2013.0
2022-07,11545,금천구,연립다세대,전월세,286,0,210,76,151,51,19500.0,1626.0,37.29,2012.0
2022-07,11560,영등포구,아파트,매매,30,0,0,0,0,0,115000.0,4736.0,79.34,2003.0
2022-07,11560,영등포구,아파트,전월세,1037,0,594,443,473,339,37000.0,1832.0,69.17,2003.0
2022-07,11560,영등포구,연립다세대,매매,24,2,0,0,0,0,29250.0,3546.0,31.77,2011.0
2022-07,11560,영등포구,연립다세대,전월세,252,0,193,59,128,74,23150.0,2312.0,33.89,2013.0
2022-07,11590,동작구,아파트,매매,14,0,0,0,0,0,93250.0,3709.0,70.02,2008.0
2022-07,11590,동작구,아파트,전월세,745,0,432,313,315,280,47250.0,2065.0,75.8,2004.0
2022-07,11590,동작구,연립다세대,매매,74,4,0,0,0,0,34200.0,2511.0,45.56,2006.0
2022-07,11590,동작구,연립다세대,전월세,492,0,288,204,283,118,18000.0,1347.0,41.07,2009.0
2022-07,11620,관악구,아파트,매매,19,2,0,0,0,0,82500.0,3368.0,73.47,2005.0
2022-07,11620,관악구,아파트,전월세,682,0,311,371,291,163,20000.0,1213.0,56.49,2006.0
2022-07,11620,관악구,연립다세대,매매,113,24,0,0,0,0,25000.0,2063.0,43.41,2004.0
2022-07,11620,관악구,연립다세대,전월세,534,0,297,237,280,106,17000.0,1330.0,40.28,2007.0
2022-07,11650,서초구,아파트,매매,34,5,0,0,0,0,195000.0,6201.0,92.33,2008.0
2022-07,11650,서초구,아파트,전월세,1308,0,759,549,569,551,63500.0,2599.0,84.3,2004.0
2022-07,11650,서초구,연립다세대,매매,47,5,0,0,0,0,45500.0,3715.0,51.13,2006.0
2022-07,11650,서초구,연립다세대,전월세,616,0,328,288,300,224,21040.0,1781.0,41.36,2010.0
2022-07,11680,강남구,아파트,매매,51,6,0,0,0,0,246000.0,8635.0,96.46,2001.0
2022-07,11680,강남구,아파트,전월세,1620,0,853,767,726,671,60000.0,2667.0,80.51,2001.0
2022-07,11680,강남구,연립다세대,매매,65,3,0,0,0,0,45000.0,4750.0,40.04,2005.0
2022-07,11680,강남구,연립다세대,전월세,612,0,310,302,338,155,20000.0,1746.0,40.67,2008.0
2022-07,11710,송파구,아파트,매매,36,2,0,0,0,0,173500.0,6035.0,85.44,2004.0
2022-07,11710,송파구,아파트,전월세,1867,0,961,906,799,758,47250.0,2047.0,71.19,2004.0
2022-07,11710,송파구,연립다세대,매매,138,2,0,0,0,0,32150.0,3543.0,37.7,2013.0
2022-07,11710,송파구,연립다세대,전월세,1446,0,693,753,722,474,15750.0,1332.0,39.17,2009.0
2022-07,11740,강동구,아파트,매매,29,3,0,0,0,0,66000.0,4023.0,54.24,2010.0
2022-07,11740,강동구,아파트,전월세,959,0,542,417,492,272,35100.0,1793.0,64.98,2009.0
2022-07,11740,강동구,연립다세대,매매,104,3,0,0,0,0,32650.0,3042.0,39.19,2014.0
2022-07,11740,강동구,연립다세대,전월세,667,0,406,261,313,193,18900.0,1664.0,37.05,2012.0
2022-08,11110,종로구,아파트,매매,7,0,0,0,0,0,16000.0,2554.0,28.72,2008.0
2022-08,11110,종로구,아파트,전월세,122,0,68,54,52,52,30000.0,1795.0,68.25,2004.0
2022-08,11110,종로구,연립다세대,매매,22,4,0,0,0,0,41514.0,2085.0,61.13,2001.0
2022-08,11110,종로구,연립다세대,전월세,145,0,67,78,93,32,15000.0,960.0,54.22,2002.0
2022-08,11140,중구,아파트,매매,12,1,0,0,0,0,95750.0,4720.0,62.9,2009.0
2022-08,11140,중구,아파트,전월세,250,0,144,106,107,88,40000.0,2249.0,70.03,2007.0
2022-08,11140,중구,연립다세대,매매,41,2,0,0,0,0,36500.0,3527.0,37.99,2017.0
2022-08,11140,중구,연립다세대,전월세,132,0,85,47,68,35,21250.0,1630.0,38.72,2008.0
2022-08,11170,용산구,아파트,매매,9,1,0,0,0,0,130000.0,7133.0,61.69,2002.0
2022-08,11170,용산구,아파트,전월세,468,0,282,186,206,194,51909.0,2205.0,86.24,2001.0
2022-08,11170,용산구,연립다세대,매매,58,7,0,0,0,0,45750.0,5095.0,37.16,2010.0
2022-08,11170,용산구,연립다세대,전월세,402,0,295,107,208,127,21000.0,1738.0,42.29,2008.0
2022-08,11200,성동구,아파트,매매,23,1,0,0,0,0,124000.0,5357.0,76.39,2007.0
2022-08,11200,성동구,아파트,전월세,781,0,468,313,316,328,51700.0,2282.0,75.87,2005.0
2022-08,11200,성동구,연립다세대,매매,45,3,0,0,0,0,193700.0,12971.0,46.78,1989.0
2022-08,11200,성동구,연립다세대,전월세,168,0,105,63,90,38,17000.0,1530.0,37.63,2006.0
2022-08,11215,광진구,아파트,매매,11,1,0,0,0,0,70000.0,4487.0,61.64,2006.0
2022-08,11215,광진구,아파트,전월세,349,0,171,178,157,108,45100.0,2078.0,70.45,2004.0
2022-08,11215,광진구,연립다세대,매매,58,2,0,0,0,0,30250.0,2110.0,49.31,2005.0
2022-08,11215,광진구,연립다세대,전월세,618,0,374,244,314,173,19820.0,1698.0,37.97,2011.0
2022-08,11230,동대문구,아파트,매매,44,1,0,0,0,0,29000.0,3549.0,44.38,2013.0
2022-08,11230,동대문구,아파트,전월세,694,0,390,304,329,230,35000.0,1809.0,63.9,2009.0
2022-08,11230,동대문구,연립다세대,매매,31,3,0,0,0,0,34400.0,2579.0,46.4,2007.0
2022-08,11230,동대문구,연립다세대,전월세,254,0,147,107,150,48,16000.0,1312.0,36.13,2011.0
2022-08,11260,중랑구,아파트,매매,24,1,0,0,0,0,53750.0,2910.0,58.61,2006.0
2022-08,11260,중랑구,아파트,전월세,718,0,459,259,314,204,17850.0,839.0,61.63,2008.0
2022-08,11260,중랑구,연립다세대,매매,98,8,0,0,0,0,31850.0,2348.0,47.92,2010.0
2022-08,11260,중랑구,연립다세대,전월세,435,0,313,122,233,126,20000.0,1892.0,37.38,2013.0
2022-08,11290,성북구,아파트,매매,29,1,0,0,0,0,83000.0,3355.0,80.01,2008.0
2022-08,11290,성북구,아파트,전월세,631,0,385,246,293,225,39600.0,1752.0,72.04,2006.0
2022-08,11290,성북구,연립다세대,매매,99,11,0,0,0,0,43000.0,2869.0,53.3,2012.0
2022-08,11290,성북구,연립다세대,전월세,383,0,225,158,205,106,14000.0,1054.0,44.36,2009.0
2022-08,11305,강북구,아파트,매매,16,0,0,0,0,0,55000.0,2384.0,56.07,2007.0
2022-08,11305,강북구,아파트,전월세,263,0,159,104,128,84,25500.0,1317.0,63.95,2005.0
2022-08,11305,강북구,연립다세대,매매,122,3,0,0,0,0,20000.0,1574.0,45.51,2004.0
2022-08,11305,강북구,연립다세대,전월세,316,0,207,109,185,61,12000.0,904.0,46.35,2003.0
2022-08,11320,도봉구,아파트,매매,31,3,0,0,0,0,46000.0,2756.0,59.56,1998.0
2022-08,11320,도봉구,아파트,전월세,568,0,345,223,224,241,20000.0,1168.0,61.22,1994.0
2022-08,11320,도봉구,연립다세대,매매,108,3,0,0,0,0,27250.0,1864.0,51.2,2009.0
2022-08,11320,도봉구,연립다세대,전월세,255,0,186,69,126,61,13000.0,981.0,44.03,2004.0
2022-08,11350,노원구,아파트,매매,47,1,0,0,0,0,60000.0,3441.0,59.48,1996.0
2022-08,11350,노원구,아파트,전월세,1491,0,906,585,640,592,19500.0,1259.0,57.82,1993.0
2022-08,11350,노원구,연립다세대,매매,37,3,0,0,0,0,16000.0,1686.0,39.85,2001.0
2022-08,11350,노원구,연립다세대,전월세,141,0,77,64,73,32,10000.0,920.0,42.19,2004.0
2022-08,11380,은평구,아파트,매매,36,3,0,0,0,0,49900.0,2950.0,62.82,2010.0
2022-08,11380,은평구,아파트,전월세,739,0,479,260,291,230,31500.0,1487.0,67.37,2011.0
2022-08,11380,은평구,연립다세대,매매,199,13,0,0,0,0,24000.0,1846.0,45.43,2005.0
2022-08,11380,은평구,연립다세대,전월세,824,0,567,257,430,210,17185.0,1227.0,44.45,2007.0
2022-08,11410,서대문구,아파트,매매,21,2,0,0,0,0,88000.0,4027.0,75.15,2005.0
2022-08,11410,서대문구,아파트,전월세,591,0,362,229,288,207,42900.0,1978.0,69.77,2010.0
2022-08,11410,서대문구,연립다세대,매매,37,2,0,0,0,0,22000.0,1526.0,50.98,2002.0
2022-08,11410,서대문구,연립다세대,전월세,302,0,172,130,192,54,12600.0,908.0,46.18,2005.0
2022-08,11440,마포구,아파트,매매,15,1,0,0,0,0,118000.0,5180.0,64.18,2008.0
2022-08,11440,마포구,아파트,전월세,936,0,543,393,382,357,40000.0,1981.0,69.52,2006.0
2022-08,11440,마포구,연립다세대,매매,72,4,0,0,0,0,35250.0,3024.0,41.81,2004.0
2022-08,11440,마포구,연립다세대,전월세,696,0,397,299,409,176,16750.0,1503.0,36.46,2007.0
2022-08,11470,양천구,아파트,매매,22,1,0,0,0,0,61750.0,3198.0,71.29,2000.0
2022-08,11470,양천구,아파트,전월세,896,0,605,291,343,431,42000.0,1985.0,74.4,1998.0
2022-08,11470,양천구,연립다세대,매매,113,4,0,0,0,0,25500.0,2078.0,46.47,2003.0
2022-08,11470,양천구,연립다세대,전월세,552,0,390,162,295,165,18000.0,1407.0,39.36,2009.0
2022-08,11500,강서구,아파트,매매,33,6,0,0,0,0,52000.0,2702.0,51.77,2003.0
2022-08,11500,강서구,아파트,전월세,1859,0,1389,470,1026,448,21000.0,1135.0,65.08,2008.0
2022-08,11500,강서구,연립다세대,매매,246,13,0,0,0,0,26000.0,2388.0,41.34,2010.0
2022-08,11500,강서구,연립다세대,전월세,952,0,714,238,462,263,18050.0,1358.0,39.13,2010.0
2022-08,11530,구로구,아파트,매매,38,0,0,0,0,0,34000.0,2698.0,48.36,2005.0
2022-08,11530,구로구,아파트,전월세,777,0,430,347,335,300,26000.0,1323.0,65.78,2003.0
2022-08,11530,구로구,연립다세대,매매,133,3,0,0,0,0,27000.0,2311.0,38.72,2013.0
2022-08,11530,구로구,연립다세대,전월세,316,0,214,102,162,64,16250.0,1173.0,43.14,2007.0
2022-08,11545,금천구,아파트,매매,19,3,0,0,0,0,50000.0,3004.0,50.8,2008.0
2022-08,11545,금천구,아파트,전월세,232,0,139,93,129,69,25750.0,1418.0,59.76,2004.0
2022-08,11545,금천구,연립다세대,매매,127,9,0,0,0,0,28800.0,2432.0,40.03,2014.0
2022-08,11545,금천구,연립다세대,전월세,319,0,225,94,155,58,19300.0,1931.0,37.4,2012.0
2022-08,11560,영등포구,아파트,매매,42,4,0,0,0,0,28750.0,3465.0,49.19,2004.0
2022-08,11560,영등포구,아파트,전월세,1034,0,650,384,486,344,40000.0,1931.0,72.15,2001.0
2022-08,11560,영등포구,연립다세대,매매,56,1,0,0,0,0,34450.0,3395.0,36.45,2016.0
2022-08,11560,영등포구,연립다세대,전월세,256,0,174,82,136,76,21618.0,2294.0,32.45,2012.0
2022-08,11590,동작구,아파트,매매,25,1,0,0,0,0,100000.0,4455.0,72.58,2002.0
2022-08,11590,동작구,아파트,전월세,718,0,344,374,257,318,42000.0,1945.0,65.37,2007.0
2022-08,11590,동작구,연립다세대,매매,66,5,0,0,0,0,30250.0,2480.0,44.54,2004.0
2022-08,11590,동작구,연립다세대,전월세,449,0,266,183,241,107,19000.0,1425.0,42.41,2008.0
2022-08,11620,관악구,아파트,매매,15,3,0,0,0,0,59000.0,3385.0,55.98,2006.0
2022-08,11620,관악구,아파트,전월세,638,0,327,311,254,155,30000.0,1491.0,63.63,2008.0
2022-08,11620,관악구,연립다세대,매매,80,7,0,0,0,0,26600.0,2126.0,42.83,2004.0
2022-08,11620,관악구,연립다세대,전월세,476,0,281,195,270,77,18000.0,1392.0,40.57,2007.0
2022-08,11650,서초구,아파트,매매,23,2,0,0,0,0,146000.0,4283.0,79.13,1999.0
2022-08,11650,서초구,아파트,전월세,1251,0,806,445,618,449,55650.0,2374.0,84.61,2005.0
2022-08,11650,서초구,연립다세대,매매,51,9,0,0,0,0,53500.0,4816.0,43.69,2011.0
2022-08,11650,서초구,연립다세대,전월세,551,0,304,247,268,226,25000.0,1840.0,45.42,2009.0
2022-08,11680,강남구,아파트,매매,142,9,0,0,0,0,43757.0,6264.0,38.02,2010.0
2022-08,11680,강남구,아파트,전월세,1529,0,812,717,687,647,60000.0,2766.0,81.47,2000.0
2022-08,11680,강남구,연립다세대,매매,24,3,0,0,0,0,46250.0,4787.0,43.84,2011.0
2022-08,11680,강남구,연립다세대,전월세,570,0,284,286,306,158,18000.0,1636.0,40.47,2007.0
2022-08,11710,송파구,아파트,매매,38,1,0,0,0,0,171250.0,6451.0,79.35,2008.0
2022-08,11710,송파구,아파트,전월세,1746,0,830,916,729,687,45000.0,1959.0,73.14,2004.0
2022-08,11710,송파구,연립다세대,매매,162,6,0,0,0,0,35000.0,3640.0,40.77,2012.0
2022-08,11710,송파구,연립다세대,전월세,1403,0,648,755,677,489,15348.0,1336.0,39.68,2009.0
2022-08,11740,강동구,아파트,매매,33,3,0,0,0,0,98000.0,3776.0,62.32,2010.0
2022-08,11740,강동구,아파트,전월세,819,0,493,326,361,287,40000.0,1977.0,64.88,2008.0
2022-08,11740,강동구,연립다세대,매매,130,4,0,0,0,0,31425.0,3215.0,40.98,2017.0
2022-08,11740,강동구,연립다세대,전월세,650,0,374,276,282,197,20000.0,1573.0,39.66,2013.0
2022-09,11110,종로구,아파트,매매,14,3,0,0,0,0,14500.0,2704.0,59.76,2011.0
2022-09,11110,종로구,아파트,전월세,129,0,58,71,71,43,36000.0,1734.0,74.03,2007.0
2022-09,11110,종로구,연립다세대,매매,13,6,0,0,0,0,31000.0,1661.0,67.32,2001.0
2022-09,11110,종로구,연립다세대,전월세,110,0,72,38,68,27,18700.0,1199.0,58.59,2001.0
2022-09,11140,중구,아파트,매매,11,3,0,0,0,0,43000.0,2712.0,60.28,2000.0
2022-09,11140,중구,아파트,전월세,300,0,158,142,140,77,29000.0,1567.0,66.14,2005.0
2022-09,11140,중구,연립다세대,매매,6,1,0,0,0,0,34250.0,3335.0,35.13,2008.0
2022-09,11140,중구,연립다세대,전월세,121,0,90,31,64,27,23000.0,1769.0,39.79,2009.0
2022-09,11170,용산구,아파트,매매,12,0,0,0,0,0,143500.0,5207.0,90.73,1993.0
2022-09,11170,용산구,아파트,전월세,508,0,269,239,191,234,44050.0,1995.0,85.1,2003.0
2022-09,11170,용산구,연립다세대,매매,24,1,0,0,0,0,52200.0,3482.0,66.26,2006.0
2022-09,11170,용산구,연립다세대,전월세,337,0,245,92,169,114,22000.0,1763.0,45.23,2009.0
2022-09,11200,성동구,아파트,매매,14,2,0,0,0,0,112000.0,5778.0,84.11,2007.0
2022-09,11200,성동구,아파트,전월세,767,0,399,368,298,300,46000.0,2085.0,74.31,2004.0
2022-09,11200,성동구,연립다세대,매매,61,8,0,0,0,0,205000.0,12693.0,49.82,1985.0
2022-09,11200,성동구,연립다세대,전월세,159,0,105,54,84,43,17000.0,1481.0,39.9,2007.0
2022-09,11215,광진구,아파트,매매,11,1,0,0,0,0,74000.0,3385.0,78.02,2001.0
2022-09,11215,광진구,아파트,전월세,391,0,198,193,182,149,48000.0,2145.0,76.28,2002.0
2022-09,11215,광진구,연립다세대,매매,51,4,0,0,0,0,31500.0,2397.0,45.93,2006.0
2022-09,11215,광진구,연립다세대,전월세,531,0,316,215,267,159,20000.0,1623.0,38.76,2012.0
2022-09,11230,동대문구,아파트,매매,24,2,0,0,0,0,75000.0,3193.0,56.21,2010.0
2022-09,11230,동대문구,아파트,전월세,718,0,383,335,384,197,33800.0,1656.0,65.32,2009.0
2022-09,11230,동대문구,연립다세대,매매,33,1,0,0,0,0,27800.0,3042.0,41.43,2010.0
2022-09,11230,동대문구,연립다세대,전월세,174,0,100,74,97,39,17300.0,1364.0,38.06,2012.0
2022-09,11260,중랑구,아파트,매매,29,3,0,0,0,0,39000.0,2801.0,49.91,2006.0
2022-09,11260,중랑구,아파트,전월세,528,0,234,294,291,149,16847.0,1105.0,59.87,2007.0
2022-09,11260,중랑구,연립다세대,매매,77,8,0,0,0,0,36600.0,2972.0,45.31,2015.0
2022-09,11260,중랑구,연립다세대,전월세,402,0,273,129,212,119,20400.0,1780.0,37.87,2013.0
2022-09,11290,성북구,아파트,매매,33,5,0,0,0,0,68000.0,3585.0,60.83,2007.0
2022-09,11290,성북구,아파트,전월세,646,0,381,265,303,200,39550.0,1747.0,71.85,2007.0
2022-09,11290,성북구,연립다세대,매매,35,3,0,0,0,0,24000.0,1547.0,48.06,2006.0
2022-09,11290,성북구,연립다세대,전월세,326,0,231,95,165,78,17800.0,1265.0,43.2,2009.0
2022-09,11305,강북구,아파트,매매,12,0,0,0,0,0,61500.0,2699.0,62.9,2006.0
2022-09,11305,강북구,아파트,전월세,204,0,126,78,88,78,28875.0,1404.0,64.98,2004.0
2022-09,11305,강북구,연립다세대,매매,99,22,0,0,0,0,22000.0,1514.0,43.52,2007.0
2022-09,11305,강북구,연립다세대,전월세,308,0,190,118,183,56,11000.0,899.0,42.74,2004.0
2022-09,11320,도봉구,아파트,매매,27,1,0,0,0,0,54000.0,2539.0,65.89,1996.0
2022-09,11320,도봉구,아파트,전월세,562,0,324,238,246,192,19145.0,1185.0,61.06,1994.0
2022-09,11320,도봉구,연립다세대,매매,80,4,0,0,0,0,21300.0,1540.0,50.59,2006.0
2022-09,11320,도봉구,연립다세대,전월세,233,0,148,85,120,54,12000.0,916.0,45.62,2003.0
2022-09,11350,노원구,아파트,매매,30,3,0,0,0,0,58750.0,3187.0,56.0,1995.0
2022-09,11350,노원구,아파트,전월세,1595,0,934,661,660,568,19000.0,1264.0,56.8,1993.0
2022-09,11350,노원구,연립다세대,매매,17,1,0,0,0,0,18000.0,1550.0,40.57,2001.0
2022-09,11350,노원구,연립다세대,전월세,126,0,71,55,64,28,11750.0,929.0,44.93,2004.0
2022-09,11380,은평구,아파트,매매,34,5,0,0,0,0,74500.0,3347.0,66.88,2012.0
2022-09,11380,은평구,아파트,전월세,1348,0,528,820,339,752,19727.0,1550.0,52.12,2016.0
2022-09,11380,은평구,연립다세대,매매,169,9,0,0,0,0,26000.0,1916.0,48.6,2003.0
2022-09,11380,은평구,연립다세대,전월세,765,0,566,199,422,186,17500.0,1237.0,44.82,2007.0
2022-09,11410,서대문구,아파트,매매,14,2,0,0,0,0,106750.0,4557.0,70.71,2006.0
2022-09,11410,서대문구,아파트,전월세,570,0,347,223,280,181,40000.0,1939.0,69.83,2009.0
2022-09,11410,서대문구,연립다세대,매매,36,0,0,0,0,0,25125.0,1705.0,49.02,2004.0
2022-09,11410,서대문구,연립다세대,전월세,240,0,139,101,142,47,14000.0,986.0,47.28,2005.0
2022-09,11440,마포구,아파트,매매,20,5,0,0,0,0,124250.0,4891.0,75.55,2009.0
2022-09,11440,마포구,아파트,전월세,961,0,580,381,350,377,40000.0,1947.0,70.74,2006.0
2022-09,11440,마포구,연립다세대,매매,74,3,0,0,0,0,35000.0,3551.0,38.04,2007.0
2022-09,11440,마포구,연립다세대,전월세,596,0,369,227,339,174,15725.0,1556.0,36.49,2007.0
2022-09,11470,양천구,아파트,매매,31,0,0,0,0,0,90000.0,4647.0,72.69,2000.0
2022-09,11470,양천구,아파트,전월세,956,0,571,385,370,381,38850.0,1900.0,71.36,1997.0
2022-09,11470,양천구,연립다세대,매매,71,5,0,0,0,0,23700.0,1938.0,42.62,2006.0
2022-09,11470,양천구,연립다세대,전월세,535,0,355,180,254,168,17000.0,1206.0,41.56,2007.0
2022-09,11500,강서구,아파트,매매,30,1,0,0,0,0,39000.0,2636.0,52.36,2008.0
2022-09,11500,강서구,아파트,전월세,1205,0,801,404,549,413,30298.0,1739.0,64.48,2004.0
2022-09,11500,강서구,연립다세대,매매,174,7,0,0,0,0,23000.0,1664.0,43.48,2008.0
2022-09,11500,강서구,연립다세대,전월세,837,0,590,247,419,230,17400.0,1268.0,39.96,2010.0
2022-09,11530,구로구,아파트,매매,41,2,0,0,0,0,22500.0,2282.0,39.7,2006.0
2022-09,11530,구로구,아파트,전월세,848,0,439,409,376,273,25250.0,1258.0,62.94,2004.0
2022-09,11530,구로구,연립다세대,매매,58,1,0,0,0,0,24625.0,1699.0,44.76,2006.0
2022-09,11530,구로구,연립다세대,전월세,325,0,221,104,172,74,14000.0,994.0,44.26,2003.0
2022-09,11545,금천구,아파트,매매,14,0,0,0,0,0,49500.0,2967.0,47.36,2007.0
2022-09,11545,금천구,아파트,전월세,250,0,160,90,115,86,25000.0,1472.0,57.28,2005.0
2022-09,11545,금천구,연립다세대,매매,73,6,0,0,0,0,26500.0,2391.0,41.46,2013.0
2022-09,11545,금천구,연립다세대,전월세,254,0,165,89,131,50,18000.0,1465.0,37.05,2013.0
2022-09,11560,영등포구,아파트,매매,68,5,0,0,0,0,7600.0,1377.0,30.59,2010.0
2022-09,11560,영등포구,아파트,전월세,941,0,549,392,407,341,39900.0,1811.0,72.84,2003.0
2022-09,11560,영등포구,연립다세대,매매,22,0,0,0,0,0,30750.0,3185.0,38.84,2009.0
2022-09,11560,영등포구,연립다세대,전월세,257,0,163,94,141,70,22000.0,2266.0,33.74,2013.0
2022-09,11590,동작구,아파트,매매,21,1,0,0,0,0,82000.0,3859.0,65.16,2002.0
2022-09,11590,동작구,아파트,전월세,771,0,373,398,361,260,40000.0,1828.0,63.31,2008.0
2022-09,11590,동작구,연립다세대,매매,87,3,0,0,0,0,27000.0,2762.0,37.69,2008.0
2022-09,11590,동작구,연립다세대,전월세,415,0,247,168,227,96,19000.0,1466.0,43.46,2007.0
2022-09,11620,관악구,아파트,매매,17,0,0,0,0,0,87000.0,2875.0,75.13,2005.0
2022-09,11620,관악구,아파트,전월세,645,0,348,297,337,148,31500.0,1622.0,60.73,2006.0
2022-09,11620,관악구,연립다세대,매매,76,6,0,0,0,0,27950.0,1972.0,48.73,2004.0
2022-09,11620,관악구,연립다세대,전월세,523,0,290,233,270,109,16000.0,1321.0,40.3,2006.0
2022-09,11650,서초구,아파트,매매,20,1,0,0,0,0,127500.0,6408.0,80.57,2001.0
2022-09,11650,서초구,아파트,전월세,1199,0,611,588,545,510,68250.0,2745.0,85.17,2006.0
2022-09,11650,서초구,연립다세대,매매,23,4,0,0,0,0,42000.0,3868.0,45.45,2009.0
2022-09,11650,서초구,연립다세대,전월세,518,0,299,219,266,187,25000.0,1953.0,45.85,2008.0
2022-09,11680,강남구,아파트,매매,33,1,0,0,0,0,195000.0,8418.0,82.81,2003.0
2022-09,11680,강남구,아파트,전월세,1556,0,778,778,743,586,60000.0,2760.0,81.57,2001.0
2022-09,11680,강남구,연립다세대,매매,33,1,0,0,0,0,45000.0,5109.0,35.59,2008.0
2022-09,11680,강남구,연립다세대,전월세,565,0,283,282,313,163,18743.0,1619.0,42.89,2007.0
2022-09,11710,송파구,아파트,매매,29,4,0,0,0,0,140000.0,6161.0,83.03,2003.0
2022-09,11710,송파구,아파트,전월세,1574,0,845,729,651,671,50000.0,2206.0,77.91,2002.0
2022-09,11710,송파구,연립다세대,매매,77,7,0,0,0,0,33000.0,2449.0,47.96,2003.0
2022-09,11710,송파구,연립다세대,전월세,1372,0,605,767,685,489,15000.0,1216.0,40.58,2008.0
2022-09,11740,강동구,아파트,매매,18,1,0,0,0,0,97350.0,4292.0,72.59,2008.0
2022-09,11740,강동구,아파트,전월세,908,0,552,356,400,330,40000.0,1955.0,67.83,2008.0
2022-09,11740,강동구,연립다세대,매매,114,17,0,0,0,0,31700.0,3210.0,37.25,2015.0
2022-09,11740,강동구,연립다세대,전월세,650,0,370,280,297,199,19000.0,1411.0,40.61,2011.0
2022-10,11110,종로구,아파트,매매,4,0,0,0,0,0,12950.0,2691.0,16.17,2013.0
2022-10,11110,종로구,아파트,전월세,179,0,74,105,108,49,30000.0,1494.0,68.67,2006.0
2022-10,11110,종로구,연립다세대,매매,19,1,0,0,0,0,35000.0,1913.0,70.12,1999.0
2022-10,11110,종로구,연립다세대,전월세,156,0,80,76,86,49,16100.0,1154.0,57.86,2001.0
2022-10,11140,중구,아파트,매매,14,2,0,0,0,0,25750.0,3402.0,60.8,2011.0
2022-10,11140,중구,아파트,전월세,261,0,152,109,103,88,43050.0,2218.0,64.95,2005.0
2022-10,11140,중구,연립다세대,매매,27,0,0,0,0,0,29750.0,3526.0,29.65,2018.0
2022-10,11140,중구,연립다세대,전월세,122,0,81,41,65,23,20505.0,1539.0,39.11,2008.0
2022-10,11170,용산구,아파트,매매,8,1,0,0,0,0,113500.0,5763.0,83.69,1993.0
2022-10,11170,용산구,아파트,전월세,523,0,287,236,233,208,48300.0,1970.0,84.83,2002.0
2022-10,11170,용산구,연립다세대,매매,11,1,0,0,0,0,64000.0,7300.0,37.38,2011.0
2022-10,11170,용산구,연립다세대,전월세,432,0,317,115,251,116,20000.0,1817.0,41.61,2009.0
2022-10,11200,성동구,아파트,매매,18,1,0,0,0,0,121000.0,4599.0,82.08,2005.0
2022-10,11200,성동구,아파트,전월세,826,0,460,366,351,309,50000.0,2199.0,75.24,2004.0
2022-10,11200,성동구,연립다세대,매매,94,0,0,0,0,0,45000.0,2808.0,51.33,2019.0
2022-10,11200,성동구,연립다세대,전월세,149,0,101,48,95,36,15000.0,1271.0,36.3,2007.0
2022-10,11215,광진구,아파트,매매,9,0,0,0,0,0,111000.0,3942.0,104.11,2002.0
2022-10,11215,광진구,아파트,전월세,390,0,193,197,177,153,47000.0,2137.0,74.79,2003.0
2022-10,11215,광진구,연립다세대,매매,36,10,0,0,0,0,34250.0,3041.0,43.87,2013.0
2022-10,11215,광진구,연립다세대,전월세,671,0,397,274,335,189,19950.0,1567.0,38.12,2011.0
2022-10,11230,동대문구,아파트,매매,25,0,0,0,0,0,60000.0,2995.0,59.73,2009.0
2022-10,11230,동대문구,아파트,전월세,668,0,365,303,341,200,35000.0,1751.0,68.18,2008.0
2022-10,11230,동대문구,연립다세대,매매,38,1,0,0,0,0,31425.0,2802.0,39.1,2011.0
2022-10,11230,동대문구,연립다세대,전월세,240,0,166,74,118,77,21000.0,1654.0,40.2,2011.0
2022-10,11260,중랑구,아파트,매매,22,1,0,0,0,0,38150.0,2758.0,47.11,2006.0
2022-10,11260,중랑구,아파트,전월세,392,0,223,169,197,136,24100.0,1519.0,62.12,2003.0
2022-10,11260,중랑구,연립다세대,매매,103,9,0,0,0,0,31500.0,2925.0,43.19,2015.0
2022-10,11260,중랑구,연립다세대,전월세,450,0,316,134,235,123,20000.0,1872.0,38.22,2013.0
2022-10,11290,성북구,아파트,매매,40,3,0,0,0,0,76000.0,3816.0,65.57,2013.0
2022-10,11290,성북구,아파트,전월세,744,0,443,301,329,247,39000.0,1756.0,71.2,2008.0
2022-10,11290,성북구,연립다세대,매매,29,27,0,0,0,0,26900.0,1758.0,50.32,2006.0
2022-10,11290,성북구,연립다세대,전월세,343,0,234,109,174,85,16000.0,1129.0,44.81,2007.0
2022-10,11305,강북구,아파트,매매,11,0,0,0,0,0,54800.0,2358.0,60.65,2005.0
2022-10,11305,강북구,아파트,전월세,200,0,122,78,93,75,30000.0,1404.0,67.17,2004.0
2022-10,11305,강북구,연립다세대,매매,60,3,0,0,0,0,18150.0,1284.0,45.51,2004.0
2022-10,11305,강북구,연립다세대,전월세,266,0,172,94,167,52,12000.0,970.0,43.46,2003.0
2022-10,11320,도봉구,아파트,매매,17,0,0,0,0,0,44000.0,2337.0,59.43,1996.0
2022-10,11320,도봉구,아파트,전월세,565,0,349,216,251,212,19950.0,1213.0,61.89,1994.0
2022-10,11320,도봉구,연립다세대,매매,117,4,0,0,0,0,27450.0,2219.0,40.99,2011.0
2022-10,11320,도봉구,연립다세대,전월세,245,0,174,71,133,50,12000.0,922.0,45.16,2004.0
2022-10,11350,노원구,아파트,매매,43,1,0,0,0,0,56000.0,3028.0,62.89,1997.0
2022-10,11350,노원구,아파트,전월세,1610,0,977,633,680,640,20500.0,1341.0,59.58,1993.0
2022-10,11350,노원구,연립다세대,매매,18,3,0,0,0,0,18250.0,1560.0,45.75,1998.0
2022-10,11350,노원구,연립다세대,전월세,149,0,89,60,72,33,11000.0,937.0,41.99,2005.0
2022-10,11380,은평구,아파트,매매,26,2,0,0,0,0,53150.0,3108.0,60.7,2011.0
2022-10,11380,은평구,아파트,전월세,713,0,418,295,358,207,30800.0,1569.0,66.35,2012.0
2022-10,11380,은평구,연립다세대,매매,140,18,0,0,0,0,24600.0,1820.0,44.22,2006.0
2022-10,11380,은평구,연립다세대,전월세,810,0,569,241,468,203,17000.0,1199.0,44.16,2007.0
2022-10,11410,서대문구,아파트,매매,22,0,0,0,0,0,80000.0,3543.0,76.71,2006.0
2022-10,11410,서대문구,아파트,전월세,685,0,356,329,382,213,35000.0,1687.0,66.9,2009.0
2022-10,11410,서대문구,연립다세대,매매,49,5,0,0,0,0,33000.0,2431.0,40.94,2009.0
2022-10,11410,서대문구,연립다세대,전월세,269,0,139,130,173,67,11500.0,879.0,44.57,2003.0
2022-10,11440,마포구,아파트,매매,19,1,0,0,0,0,93000.0,4298.0,68.15,2004.0
2022-10,11440,마포구,아파트,전월세,982,0,526,456,440,374,43000.0,2043.0,72.68,2006.0
2022-10,11440,마포구,연립다세대,매매,49,4,0,0,0,0,43000.0,3864.0,40.48,2012.0
2022-10,11440,마포구,연립다세대,전월세,604,0,357,247,368,172,15875.0,1477.0,36.79,2007.0
2022-10,11470,양천구,아파트,매매,16,0,0,0,0,0,94500.0,3686.0,71.96,2003.0
2022-10,11470,양천구,아파트,전월세,1222,0,751,471,573,410,37800.0,1834.0,70.78,1999.0
2022-10,11470,양천구,연립다세대,매매,71,4,0,0,0,0,23800.0,1785.0,44.19,2003.0
2022-10,11470,양천구,연립다세대,전월세,513,0,350,163,277,137,17000.0,1216.0,42.31,2006.0
2022-10,11500,강서구,아파트,매매,27,1,0,0,0,0,72000.0,3311.0,67.52,2004.0
2022-10,11500,강서구,아파트,전월세,1336,0,913,423,630,454,30097.0,1664.0,63.83,2004.0
2022-10,11500,강서구,연립다세대,매매,143,8,0,0,0,0,23500.0,1770.0,40.93,2009.0
2022-10,11500,강서구,연립다세대,전월세,917,0,627,290,478,249,17000.0,1205.0,40.44,2009.0
2022-10,11530,구로구,아파트,매매,40,0,0,0,0,0,57000.0,2799.0,62.71,2003.0
2022-10,11530,구로구,아파트,전월세,809,0,470,339,357,294,27000.0,1372.0,65.66,2001.0
2022-10,11530,구로구,연립다세대,매매,171,54,0,0,0,0,27000.0,2210.0,42.33,2014.0
2022-10,11530,구로구,연립다세대,전월세,294,0,200,94,167,53,14000.0,1000.0,44.63,2004.0
2022-10,11545,금천구,아파트,매매,9,1,0,0,0,0,49700.0,2802.0,67.05,2004.0
2022-10,11545,금천구,아파트,전월세,259,0,171,88,123,90,29500.0,1401.0,63.81,2005.0
2022-10,11545,금천구,연립다세대,매매,64,7,0,0,0,0,29000.0,2395.0,47.94,2012.0
2022-10,11545,금천구,연립다세대,전월세,248,0,177,71,134,39,17925.0,1340.0,39.98,2010.0
2022-10,11560,영등포구,아파트,매매,29,2,0,0,0,0,16000.0,3472.0,43.87,2009.0
2022-10,11560,영등포구,아파트,전월세,886,0,542,344,367,342,40000.0,1872.0,72.03,2001.0
2022-10,11560,영등포구,연립다세대,매매,41,2,0,0,0,0,30700.0,3288.0,36.19,2015.0
2022-10,11560,영등포구,연립다세대,전월세,282,0,187,95,164,77,20850.0,2201.0,33.58,2013.0
2022-10,11590,동작구,아파트,매매,20,1,0,0,0,0,72350.0,3671.0,46.66,2005.0
2022-10,11590,동작구,아파트,전월세,776,0,439,337,335,257,43000.0,1987.0,71.53,2006.0
2022-10,11590,동작구,연립다세대,매매,73,7,0,0,0,0,34000.0,2567.0,45.37,2009.0
2022-10,11590,동작구,연립다세대,전월세,421,0,275,146,267,105,19800.0,1505.0,42.0,2007.0
2022-10,11620,관악구,아파트,매매,15,0,0,0,0,0,50000.0,3103.0,49.79,2010.0
2022-10,11620,관악구,아파트,전월세,616,0,305,311,308,159,30000.0,1589.0,63.14,2006.0
2022-10,11620,관악구,연립다세대,매매,92,5,0,0,0,0,31725.0,2457.0,43.45,2008.0
2022-10,11620,관악구,연립다세대,전월세,512,0,295,217,295,101,15000.0,1300.0,39.27,2006.0
2022-10,11650,서초구,아파트,매매,17,0,0,0,0,0,205000.0,4576.0,102.57,2001.0
2022-10,11650,서초구,아파트,전월세,1352,0,727,625,624,558,67023.0,2713.0,85.96,2006.0
2022-10,11650,서초구,연립다세대,매매,20,2,0,0,0,0,43500.0,3992.0,45.15,2010.0
2022-10,11650,서초구,연립다세대,전월세,565,0,300,265,283,216,25000.0,1820.0,46.63,2008.0
2022-10,11680,강남구,아파트,매매,30,1,0,0,0,0,151500.0,7279.0,79.04,2001.0
2022-10,11680,강남구,아파트,전월세,1797,0,887,910,761,736,60000.0,2742.0,81.55,2001.0
2022-10,11680,강남구,연립다세대,매매,56,1,0,0,0,0,52711.0,5449.0,37.47,2009.0
2022-10,11680,강남구,연립다세대,전월세,573,0,259,314,342,161,15500.0,1477.0,42.36,2006.0
2022-10,11710,송파구,아파트,매매,45,0,0,0,0,0,179500.0,6698.0,84.68,2003.0
2022-10,11710,송파구,아파트,전월세,1766,0,1001,765,754,718,50000.0,2224.0,77.76,2002.0
2022-10,11710,송파구,연립다세대,매매,56,1,0,0,0,0,39475.0,3284.0,42.42,2008.0
2022-10,11710,송파구,연립다세대,전월세,1415,0,666,749,708,501,15000.0,1336.0,40.63,2008.0
2022-10,11740,강동구,아파트,매매,32,1,0,0,0,0,88000.0,4702.0,62.56,2010.0
2022-10,11740,강동구,아파트,전월세,876,0,543,333,422,285,40000.0,1959.0,70.16,2007.0
2022-10,11740,강동구,연립다세대,매매,101,7,0,0,0,0,35150.0,3395.0,39.08,2017.0
2022-10,11740,강동구,연립다세대,전월세,606,0,336,270,268,193,18373.0,1468.0,38.54,2011.0
2022-11,11110,종로구,아파트,매매,8,3,0,0,0,0,26800.0,2908.0,43.84,2005.0
2022-11,11110,종로구,아파트,전월세,171,0,64,107,106,48,25000.0,1310.0,73.3,2005.0
2022-11,11110,종로구,연립다세대,매매,16,0,0,0,0,0,30000.0,1764.0,56.83,2000.0
2022-11,11110,종로구,연립다세대,전월세,149,0,65,84,90,34,10000.0,779.0,56.65,2000.0
2022-11,11140,중구,아파트,매매,8,1,0,0,0,0,29500.0,3091.0,34.93,2000.0
2022-11,11140,중구,아파트,전월세,279,0,133,146,142,72,25200.0,1709.0,65.82,2008.0
2022-11,11140,중구,연립다세대,매매,10,0,0,0,0,0,28300.0,3490.0,36.4,2011.0
2022-11,11140,중구,연립다세대,전월세,113,0,72,41,60,20,16000.0,1573.0,37.23,2008.0
2022-11,11170,용산구,아파트,매매,14,2,0,0,0,0,154575.0,6519.0,84.05,1997.0
2022-11,11170,용산구,아파트,전월세,462,0,255,207,241,155,40000.0,1929.0,84.48,2001.0
2022-11,11170,용산구,연립다세대,매매,26,2,0,0,0,0,58500.0,5629.0,45.35,2004.0
2022-11,11170,용산구,연립다세대,전월세,365,0,268,97,215,100,21000.0,1706.0,43.95,2008.0
2022-11,11200,성동구,아파트,매매,9,1,0,0,0,0,95000.0,4159.0,67.09,2002.0
2022-11,11200,성동구,아파트,전월세,780,0,371,409,401,250,42000.0,1943.0,71.58,2006.0
2022-11,11200,성동구,연립다세대,매매,15,2,0,0,0,0,27700.0,2753.0,37.34,2001.0
2022-11,11200,성동구,연립다세대,전월세,174,0,100,74,119,39,13000.0,1198.0,38.0,2007.0
2022-11,11215,광진구,아파트,매매,7,1,0,0,0,0,85000.0,3893.0,65.51,2006.0
2022-11,11215,광진구,아파트,전월세,382,0,224,158,204,133,46150.0,2150.0,73.55,2002.0
2022-11,11215,광진구,연립다세대,매매,47,22,0,0,0,0,35300.0,3167.0,42.82,2013.0
2022-11,11215,광진구,연립다세대,전월세,637,0,322,315,362,153,15000.0,1362.0,37.35,2011.0
2022-11,11230,동대문구,아파트,매매,31,2,0,0,0,0,77500.0,3306.0,62.38,2011.0
2022-11,11230,동대문구,아파트,전월세,586,0,281,305,322,152,25653.0,1439.0,62.16,2008.0
2022-11,11230,동대문구,연립다세대,매매,22,1,0,0,0,0,30500.0,2042.0,46.75,2005.0
2022-11,11230,동대문구,연립다세대,전월세,194,0,114,80,117,40,15000.0,1572.0,35.22,2011.0
2022-11,11260,중랑구,아파트,매매,17,0,0,0,0,0,47500.0,2773.0,56.63,2004.0
2022-11,11260,중랑구,아파트,전월세,534,0,211,323,280,123,10000.0,696.0,52.77,2008.0
2022-11,11260,중랑구,연립다세대,매매,99,1,0,0,0,0,40850.0,3228.0,45.36,2018.0
2022-11,11260,중랑구,연립다세대,전월세,365,0,245,120,208,107,18500.0,1708.0,37.23,2013.0
2022-11,11290,성북구,아파트,매매,36,1,0,0,0,0,51500.0,2964.0,52.53,2012.0
2022-11,11290,성북구,아파트,전월세,763,0,422,341,395,199,30000.0,1640.0,68.65,2009.0
2022-11,11290,성북구,연립다세대,매매,28,9,0,0,0,0,27000.0,2347.0,54.18,2005.0
2022-11,11290,성북구,연립다세대,전월세,307,0,163,144,186,62,12000.0,920.0,41.14,2009.0
2022-11,11305,강북구,아파트,매매,8,0,0,0,0,0,64875.0,2530.0,84.06,2003.0
2022-11,11305,강북구,아파트,전월세,256,0,138,118,128,69,20500.0,1267.0,64.42,2006.0
2022-11,11305,강북구,연립다세대,매매,63,1,0,0,0,0,26500.0,1830.0,43.58,2010.0
2022-11,11305,강북구,연립다세대,전월세,270,0,165,105,149,60,11900.0,892.0,44.37,2004.0
2022-11,11320,도봉구,아파트,매매,28,2,0,0,0,0,47250.0,2666.0,63.67,1997.0
2022-11,11320,도봉구,아파트,전월세,481,0,284,197,213,164,20000.0,1192.0,63.37,1994.0
2022-11,11320,도봉구,연립다세대,매매,41,1,0,0,0,0,16800.0,1322.0,44.31,2004.0
2022-11,11320,도봉구,연립다세대,전월세,207,0,140,67,113,43,12000.0,912.0,43.58,2001.0
2022-11,11350,노원구,아파트,매매,45,3,0,0,0,0,57000.0,3202.0,64.78,1996.0
2022-11,11350,노원구,아파트,전월세,1485,0,875,610,668,487,19320.0,1280.0,58.86,1994.0
2022-11,11350,노원구,연립다세대,매매,23,1,0,0,0,0,22000.0,1736.0,46.22,1999.0
2022-11,11350,노원구,연립다세대,전월세,138,0,82,56,67,39,10235.0,907.0,40.31,2006.0
2022-11,11380,은평구,아파트,매매,35,3,0,0,0,0,44500.0,2366.0,60.5,1998.0
2022-11,11380,은평구,아파트,전월세,680,0,391,289,345,171,30000.0,1408.0,64.74,2012.0
2022-11,11380,은평구,연립다세대,매매,87,5,0,0,0,0,24000.0,1637.0,47.4,2004.0
2022-11,11380,은평구,연립다세대,전월세,719,0,501,218,413,172,15500.0,1150.0,41.77,2006.0
2022-11,11410,서대문구,아파트,매매,18,1,0,0,0,0,86500.0,3512.0,72.65,2008.0
2022-11,11410,서대문구,아파트,전월세,589,0,308,281,332,153,34000.0,1560.0,66.01,2010.0
2022-11,11410,서대문구,연립다세대,매매,24,2,0,0,0,0,22600.0,1385.0,50.6,1998.0
2022-11,11410,서대문구,연립다세대,전월세,275,0,139,136,177,59,10000.0,857.0,42.4,2006.0
2022-11,11440,마포구,아파트,매매,19,1,0,0,0,0,85000.0,4666.0,68.47,2005.0
2022-11,11440,마포구,아파트,전월세,902,0,457,445,428,261,35000.0,1744.0,67.29,2006.0
2022-11,11440,마포구,연립다세대,매매,42,4,0,0,0,0,37750.0,3478.0,39.39,2011.0
2022-11,11440,마포구,연립다세대,전월세,627,0,365,262,400,154,15000.0,1437.0,36.2,2008.0
2022-11,11470,양천구,아파트,매매,19,1,0,0,0,0,85000.0,3482.0,75.67,2001.0
2022-11,11470,양천구,아파트,전월세,1023,0,579,444,466,377,38472.0,1810.0,73.45,1997.0
2022-11,11470,양천구,연립다세대,매매,71,2,0,0,0,0,24000.0,2191.0,41.29,2008.0
2022-11,11470,양천구,연립다세대,전월세,445,0,294,151,251,111,15000.0,1113.0,41.97,2006.0
2022-11,11500,강서구,아파트,매매,42,0,0,0,0,0,69750.0,3061.0,71.45,2006.0
2022-11,11500,강서구,아파트,전월세,1426,0,931,495,720,362,26250.0,1561.0,62.69,2006.0
2022-11,11500,강서구,연립다세대,매매,111,6,0,0,0,0,21000.0,1935.0,40.04,2009.0
2022-11,11500,강서구,연립다세대,전월세,792,0,547,245,428,201,16200.0,1174.0,39.97,2009.0
2022-11,11530,구로구,아파트,매매,24,2,0,0,0,0,42450.0,2762.0,50.56,2004.0
2022-11,11530,구로구,아파트,전월세,838,0,371,467,427,221,19700.0,1029.0,60.7,2005.0
2022-11,11530,구로구,연립다세대,매매,76,2,0,0,0,0,26800.0,2590.0,42.78,2013.0
2022-11,11530,구로구,연립다세대,전월세,303,0,213,90,146,48,14000.0,1044.0,44.49,2003.0
2022-11,11545,금천구,아파트,매매,146,1,0,0,0,0,34100.0,3862.0,31.63,2021.0
2022-11,11545,금천구,아파트,전월세,251,0,164,87,138,70,25000.0,1553.0,57.6,2006.0
2022-11,11545,금천구,연립다세대,매매,53,4,0,0,0,0,26000.0,2205.0,41.37,2010.0
2022-11,11545,금천구,연립다세대,전월세,197,0,139,58,90,50,19000.0,1417.0,38.94,2011.0
2022-11,11560,영등포구,아파트,매매,35,3,0,0,0,0,78000.0,3698.0,64.48,2008.0
2022-11,11560,영등포구,아파트,전월세,787,0,476,311,396,242,38000.0,1858.0,71.18,2003.0
2022-11,11560,영등포구,연립다세대,매매,17,1,0,0,0,0,27000.0,2124.0,43.5,2000.0
2022-11,11560,영등포구,연립다세대,전월세,253,0,167,86,134,73,20000.0,1908.0,31.38,2013.0
2022-11,11590,동작구,아파트,매매,15,1,0,0,0,0,89000.0,4300.0,70.52,2004.0
2022-11,11590,동작구,아파트,전월세,683,0,369,314,325,223,44100.0,1973.0,74.31,2007.0
2022-11,11590,동작구,연립다세대,매매,59,2,0,0,0,0,30600.0,3439.0,38.7,2012.0
2022-11,11590,동작구,연립다세대,전월세,369,0,211,158,226,75,16000.0,1337.0,40.87,2008.0
2022-11,11620,관악구,아파트,매매,14,0,0,0,0,0,50000.0,3098.0,55.75,2007.0
2022-11,11620,관악구,아파트,전월세,469,0,225,244,238,106,25000.0,1286.0,60.66,2006.0
2022-11,11620,관악구,연립다세대,매매,52,3,0,0,0,0,31200.0,2199.0,43.48,2008.0
2022-11,11620,관악구,연립다세대,전월세,487,0,260,227,289,81,15000.0,1226.0,37.98,2007.0
2022-11,11650,서초구,아파트,매매,28,3,0,0,0,0,149400.0,5267.0,76.15,2006.0
2022-11,11650,서초구,아파트,전월세,1369,0,641,728,812,403,60000.0,2345.0,83.72,2007.0
2022-11,11650,서초구,연립다세대,매매,18,4,0,0,0,0,50750.0,3814.0,53.67,2007.0
2022-11,11650,서초구,연립다세대,전월세,550,0,274,276,300,194,20000.0,1675.0,43.8,2008.0
2022-11,11680,강남구,아파트,매매,36,2,0,0,0,0,200750.0,8364.0,86.38,1998.0
2022-11,11680,강남구,아파트,전월세,1695,0,754,941,843,627,60000.0,2534.0,81.75,2001.0
2022-11,11680,강남구,연립다세대,매매,31,1,0,0,0,0,48145.0,5197.0,43.89,2001.0
2022-11,11680,강남구,연립다세대,전월세,530,0,203,327,339,140,12000.0,1161.0,42.67,2007.0
2022-11,11710,송파구,아파트,매매,52,0,0,0,0,0,174500.0,6808.0,79.14,2008.0
2022-11,11710,송파구,아파트,전월세,1802,0,873,929,902,596,46000.0,2023.0,75.4,2004.0
2022-11,11710,송파구,연립다세대,매매,55,3,0,0,0,0,33000.0,2607.0,40.93,2006.0
2022-11,11710,송파구,연립다세대,전월세,1322,0,591,731,652,455,14000.0,1271.0,39.36,2009.0
2022-11,11740,강동구,아파트,매매,39,1,0,0,0,0,102000.0,4693.0,69.47,2014.0
2022-11,11740,강동구,아파트,전월세,974,0,512,462,508,258,35663.0,1732.0,67.77,2009.0
2022-11,11740,강동구,연립다세대,매매,58,1,0,0,0,0,38725.0,3120.0,46.42,2016.0
2022-11,11740,강동구,연립다세대,전월세,560,0,314,246,271,165,17850.0,1482.0,38.42,2011.0
2022-12,11110,종로구,아파트,매매,7,1,0,0,0,0,19500.0,3243.0,25.62,2012.0
2022-12,11110,종로구,아파트,전월세,173,0,74,99,96,51,30000.0,1478.0,72.99,2009.0
2022-12,11110,종로구,연립다세대,매매,16,0,0,0,0,0,28750.0,1639.0,49.95,1999.0
2022-12,11110,종로구,연립다세대,전월세,172,0,71,101,123,22,8000.0,626.0,44.68,2001.0
2022-12,11140,중구,아파트,매매,11,0,0,0,0,0,85000.0,3307.0,69.38,2004.0
2022-12,11140,중구,아파트,전월세,273,0,137,136,143,69,30000.0,1915.0,66.71,2006.0
2022-12,11140,중구,연립다세대,매매,8,0,0,0,0,0,25450.0,1961.0,41.61,2006.0
2022-12,11140,중구,연립다세대,전월세,136,0,61,75,88,14,9750.0,891.0,34.92,2007.0
2022-12,11170,용산구,아파트,매매,10,0,0,0,0,0,145000.0,5870.0,87.95,1998.0
2022-12,11170,용산구,아파트,전월세,1010,0,250,760,285,154,19323.0,1312.0,61.68,2012.0
2022-12,11170,용산구,연립다세대,매매,28,3,0,0,0,0,48500.0,5553.0,44.95,2003.0
2022-12,11170,용산구,연립다세대,전월세,395,0,261,134,262,83,20000.0,1615.0,40.07,2009.0
2022-12,11200,성동구,아파트,매매,24,4,0,0,0,0,113000.0,4786.0,75.86,2005.0
2022-12,11200,성동구,아파트,전월세,916,0,504,412,468,263,41100.0,1949.0,72.17,2006.0
2022-12,11200,성동구,연립다세대,매매,8,1,0,0,0,0,32500.0,3008.0,47.02,1998.0
2022-12,11200,성동구,연립다세대,전월세,205,0,95,110,129,44,11000.0,1045.0,35.35,2008.0
2022-12,11215,광진구,아파트,매매,57,2,0,0,0,0,22900.0,4649.0,29.07,2018.0
2022-12,11215,광진구,아파트,전월세,408,0,207,201,227,119,42000.0,1961.0,70.42,2003.0
2022-12,11215,광진구,연립다세대,매매,72,13,0,0,0,0,41000.0,3174.0,50.22,2011.0
2022-12,11215,광진구,연립다세대,전월세,670,0,300,370,378,127,13000.0,1134.0,34.81,2012.0
2022-12,11230,동대문구,아파트,매매,28,1,0,0,0,0,79000.0,3774.0,73.46,2009.0
2022-12,11230,동대문구,아파트,전월세,903,0,361,542,608,159,22000.0,1967.0,50.38,2013.0
2022-12,11230,동대문구,연립다세대,매매,22,1,0,0,0,0,41450.0,3358.0,38.81,2017.0
2022-12,11230,동대문구,연립다세대,전월세,277,0,128,149,179,49,8800.0,856.0,31.85,2012.0
2022-12,11260,중랑구,아파트,매매,16,1,0,0,0,0,30000.0,2850.0,50.26,2008.0
2022-12,11260,중랑구,아파트,전월세,545,0,188,357,310,93,12380.0,742.0,57.46,2009.0
2022-12,11260,중랑구,연립다세대,매매,79,11,0,0,0,0,31800.0,3172.0,39.79,2018.0
2022-12,11260,중랑구,연립다세대,전월세,391,0,222,169,238,77,16000.0,1479.0,35.38,2015.0
2022-12,11290,성북구,아파트,매매,50,1,0,0,0,0,68250.0,3200.0,62.65,2012.0
2022-12,11290,성북구,아파트,전월세,944,0,551,393,517,259,35000.0,1663.0,67.33,2010.0
2022-12,11290,성북구,연립다세대,매매,32,1,0,0,0,0,24200.0,1548.0,47.92,2002.0
2022-12,11290,성북구,연립다세대,전월세,411,0,198,213,261,70,10000.0,915.0,37.24,2011.0
2022-12,11305,강북구,아파트,매매,45,37,0,0,0,0,22100.0,3565.0,29.55,2019.0
2022-12,11305,강북구,아파트,전월세,194,0,111,83,104,60,27000.0,1362.0,67.14,2007.0
2022-12,11305,강북구,연립다세대,매매,88,4,0,0,0,0,30750.0,2008.0,54.99,2011.0
2022-12,11305,강북구,연립다세대,전월세,241,0,140,101,157,31,10000.0,837.0,42.23,2006.0
2022-12,11320,도봉구,아파트,매매,20,3,0,0,0,0,44000.0,2765.0,64.88,1996.0
2022-12,11320,도봉구,아파트,전월세,426,0,263,163,199,139,20000.0,1242.0,63.32,1994.0
2022-12,11320,도봉구,연립다세대,매매,75,4,0,0,0,0,29500.0,1987.0,48.72,2009.0
2022-12,11320,도봉구,연립다세대,전월세,179,0,109,70,117,25,11000.0,873.0,42.44,2005.0
2022-12,11350,노원구,아파트,매매,57,1,0,0,0,0,50000.0,3080.0,59.77,1995.0
2022-12,11350,노원구,아파트,전월세,1601,0,942,659,722,517,20000.0,1321.0,59.87,1994.0
2022-12,11350,노원구,연립다세대,매매,15,0,0,0,0,0,15000.0,1867.0,36.33,2006.0
2022-12,11350,노원구,연립다세대,전월세,231,0,71,160,166,29,2000.0,431.0,30.87,2009.0
2022-12,11380,은평구,아파트,매매,29,2,0,0,0,0,59500.0,2698.0,58.94,2010.0
2022-12,11380,은평구,아파트,전월세,839,0,351,488,557,134,15000.0,937.0,59.35,2014.0
2022-12,11380,은평구,연립다세대,매매,145,3,0,0,0,0,21450.0,2713.0,37.0,2011.0
2022-12,11380,은평구,연립다세대,전월세,593,0,371,222,371,111,14000.0,1063.0,42.18,2007.0
2022-12,11410,서대문구,아파트,매매,26,0,0,0,0,0,81850.0,3311.0,74.78,2004.0
2022-12,11410,서대문구,아파트,전월세,841,0,464,377,542,170,34000.0,1705.0,66.28,2011.0
2022-12,11410,서대문구,연립다세대,매매,92,0,0,0,0,0,35000.0,4362.0,35.18,2015.0
2022-12,11410,서대문구,연립다세대,전월세,362,0,144,218,249,54,5000.0,604.0,39.97,2006.0
2022-12,11440,마포구,아파트,매매,33,0,0,0,0,0,104000.0,5220.0,73.78,2006.0
2022-12,11440,마포구,아파트,전월세,1384,0,641,743,862,260,30000.0,1533.0,66.21,2010.0
2022-12,11440,마포구,연립다세대,매매,38,13,0,0,0,0,26250.0,3033.0,31.22,2009.0
2022-12,11440,마포구,연립다세대,전월세,615,0,347,268,398,131,13780.0,1363.0,35.59,2008.0
2022-12,11470,양천구,아파트,매매,28,2,0,0,0,0,90000.0,3629.0,75.23,1997.0
2022-12,11470,양천구,아파트,전월세,1168,0,637,531,579,425,38100.0,1833.0,73.06,1998.0
2022-12,11470,양천구,연립다세대,매매,48,1,0,0,0,0,24000.0,1945.0,43.75,2006.0
2022-12,11470,양천구,연립다세대,전월세,417,0,244,173,227,102,13200.0,987.0,40.85,2007.0
2022-12,11500,강서구,아파트,매매,48,4,0,0,0,0,74000.0,3419.0,69.06,2006.0
2022-12,11500,강서구,아파트,전월세,1213,0,676,537,618,333,25000.0,1557.0,61.66,2006.0
2022-12,11500,강서구,연립다세대,매매,118,5,0,0,0,0,25000.0,1783.0,41.69,2009.0
2022-12,11500,강서구,연립다세대,전월세,739,0,494,245,428,152,16800.0,1205.0,37.55,2010.0
2022-12,11530,구로구,아파트,매매,26,1,0,0,0,0,47850.0,2913.0,58.52,2005.0
2022-12,11530,구로구,아파트,전월세,887,0,362,525,493,175,15000.0,912.0,60.27,2005.0
2022-12,11530,구로구,연립다세대,매매,51,7,0,0,0,0,21000.0,1469.0,46.8,2007.0
2022-12,11530,구로구,연립다세대,전월세,321,0,163,158,149,53,10300.0,760.0,43.84,2008.0
2022-12,11545,금천구,아파트,매매,13,1,0,0,0,0,39500.0,3450.0,50.18,2012.0
2022-12,11545,금천구,아파트,전월세,249,0,144,105,136,84,22200.0,1369.0,57.77,2006.0
2022-12,11545,금천구,연립다세대,매매,54,7,0,0,0,0,25400.0,2312.0,45.06,2009.0
2022-12,11545,금천구,연립다세대,전월세,221,0,118,103,124,32,13500.0,921.0,40.43,2013.0
2022-12,11560,영등포구,아파트,매매,66,3,0,0,0,0,61575.0,3765.0,49.66,2013.0
2022-12,11560,영등포구,아파트,전월세,1392,0,523,869,944,261,23900.0,1851.0,55.2,2009.0
2022-12,11560,영등포구,연립다세대,매매,77,0,0,0,0,0,32700.0,3319.0,35.64,2020.0
2022-12,11560,영등포구,연립다세대,전월세,355,0,149,206,243,57,5127.0,708.0,28.23,2016.0
2022-12,11590,동작구,아파트,매매,24,1,0,0,0,0,89250.0,3677.0,71.43,2008.0
2022-12,11590,동작구,아파트,전월세,815,0,438,377,380,233,40000.0,1875.0,72.09,2006.0
2022-12,11590,동작구,연립다세대,매매,57,8,0,0,0,0,31550.0,2677.0,50.77,2005.0
2022-12,11590,동작구,연립다세대,전월세,518,0,223,295,330,87,10985.0,941.0,38.03,2011.0
2022-12,11620,관악구,아파트,매매,14,0,0,0,0,0,64000.0,3420.0,61.04,2008.0
2022-12,11620,관악구,아파트,전월세,702,0,304,398,329,150,20000.0,1172.0,56.52,2007.0
2022-12,11620,관악구,연립다세대,매매,51,2,0,0,0,0,27600.0,2562.0,37.33,2007.0
2022-12,11620,관악구,연립다세대,전월세,534,0,251,283,336,85,13000.0,1175.0,36.18,2009.0
2022-12,11650,서초구,아파트,매매,27,4,0,0,0,0,187000.0,7005.0,104.97,2001.0
2022-12,11650,서초구,아파트,전월세,1454,0,667,787,834,458,55184.0,2358.0,82.53,2006.0
2022-12,11650,서초구,연립다세대,매매,54,4,0,0,0,0,74675.0,5234.0,48.55,2019.0
2022-12,11650,서초구,연립다세대,전월세,549,0,242,307,324,135,17500.0,1556.0,40.51,2010.0
2022-12,11680,강남구,아파트,매매,40,3,0,0,0,0,186000.0,7846.0,89.28,1994.0
2022-12,11680,강남구,아파트,전월세,2459,0,998,1461,1325,730,47407.0,2207.0,73.89,2005.0
2022-12,11680,강남구,연립다세대,매매,17,0,0,0,0,0,40000.0,3900.0,48.01,2004.0
2022-12,11680,강남구,연립다세대,전월세,606,0,214,392,387,136,10000.0,999.0,40.47,2008.0
2022-12,11710,송파구,아파트,매매,85,4,0,0,0,0,165000.0,6628.0,80.78,2003.0
2022-12,11710,송파구,아파트,전월세,2195,0,1133,1062,1142,744,50000.0,2151.0,76.95,2004.0
2022-12,11710,송파구,연립다세대,매매,50,14,0,0,0,0,45000.0,3212.0,43.31,2014.0
2022-12,11710,송파구,연립다세대,전월세,1399,0,558,841,733,386,13000.0,1155.0,38.37,2009.0
2022-12,11740,강동구,아파트,매매,46,4,0,0,0,0,96000.0,4456.0,70.13,2013.0
2022-12,11740,강동구,아파트,전월세,1385,0,651,734,733,291,30000.0,1496.0,63.03,2010.0
2022-12,11740,강동구,연립다세대,매매,42,0,0,0,0,0,30300.0,3111.0,35.95,2016.0
2022-12,11740,강동구,연립다세대,전월세,618,0,297,321,351,116,12400.0,1265.0,36.44,2014.0
2023-01,11110,종로구,아파트,매매,7,0,0,0,0,0,99960.0,3891.0,82.28,2007.0
2023-01,11110,종로구,아파트,전월세,180,0,89,91,113,40,36500.0,1716.0,71.02,2007.0
2023-01,11110,종로구,연립다세대,매매,15,2,0,0,0,0,40000.0,2623.0,83.1,2004.0
2023-01,11110,종로구,연립다세대,전월세,171,0,59,112,124,23,6000.0,556.0,44.41,2001.0
2023-01,11140,중구,아파트,매매,17,0,0,0,0,0,89500.0,3620.0,68.1,2006.0
2023-01,11140,중구,아파트,전월세,304,0,163,141,185,58,35000.0,1985.0,63.54,2009.0
2023-01,11140,중구,연립다세대,매매,13,0,0,0,0,0,29000.0,2568.0,48.79,2005.0
2023-01,11140,중구,연립다세대,전월세,159,0,62,97,104,20,5000.0,567.0,34.45,2008.0
2023-01,11170,용산구,아파트,매매,13,1,0,0,0,0,140000.0,5933.0,100.26,1999.0
2023-01,11170,용산구,아파트,전월세,674,0,262,412,276,142,20000.0,1306.0,76.23,2006.0
2023-01,11170,용산구,연립다세대,매매,30,3,0,0,0,0,65750.0,7046.0,40.28,2004.0
2023-01,11170,용산구,연립다세대,전월세,329,0,215,114,224,62,19950.0,1565.0,41.92,2010.0
2023-01,11200,성동구,아파트,매매,41,3,0,0,0,0,115000.0,5107.0,77.12,2007.0
2023-01,11200,성동구,아파트,전월세,972,0,541,431,511,294,45000.0,2002.0,71.69,2006.0
2023-01,11200,성동구,연립다세대,매매,12,0,0,0,0,0,32000.0,2869.0,39.9,2004.0
2023-01,11200,성동구,연립다세대,전월세,182,0,87,95,114,39,10600.0,1216.0,35.12,2008.0
2023-01,11215,광진구,아파트,매매,34,2,0,0,0,0,90000.0,4561.0,78.77,2001.0
2023-01,11215,광진구,아파트,전월세,439,0,223,216,246,115,39000.0,1945.0,66.99,2003.0
2023-01,11215,광진구,연립다세대,매매,81,5,0,0,0,0,36000.0,2859.0,42.79,2015.0
2023-01,11215,광진구,연립다세대,전월세,650,0,295,355,366,143,13000.0,1333.0,33.8,2013.0
2023-01,11230,동대문구,아파트,매매,82,2,0,0,0,0,69000.0,3512.0,61.17,2009.0
2023-01,11230,동대문구,아파트,전월세,672,0,344,328,369,187,30000.0,1597.0,61.79,2009.0
2023-01,11230,동대문구,연립다세대,매매,29,4,0,0,0,0,26850.0,2445.0,36.22,2014.0
2023-01,11230,동대문구,연립다세대,전월세,245,0,109,136,177,30,8500.0,990.0,30.43,2014.0
2023-01,11260,중랑구,아파트,매매,41,2,0,0,0,0,57000.0,2558.0,66.82,2006.0
2023-01,11260,중랑구,아파트,전월세,493,0,263,230,291,95,20000.0,1363.0,57.0,2006.0
2023-01,11260,중랑구,연립다세대,매매,43,2,0,0,0,0,27000.0,2098.0,44.33,2010.0
2023-01,11260,중랑구,연립다세대,전월세,384,0,234,150,240,82,16160.0,1516.0,35.43,2014.0
2023-01,11290,성북구,아파트,매매,98,5,0,0,0,0,63050.0,3585.0,64.61,2012.0
2023-01,11290,성북구,아파트,전월세,942,0,529,413,466,247,32000.0,1600.0,65.34,2009.0
2023-01,11290,성북구,연립다세대,매매,27,2,0,0,0,0,26000.0,1956.0,49.72,2006.0
2023-01,11290,성북구,연립다세대,전월세,424,0,186,238,289,55,6250.0,585.0,35.78,2010.0
2023-01,11305,강북구,아파트,매매,24,2,0,0,0,0,68750.0,3067.0,73.48,2009.0
2023-01,11305,강북구,아파트,전월세,224,0,114,110,121,62,20000.0,1152.0,58.6,2008.0
2023-01,11305,강북구,연립다세대,매매,82,4,0,0,0,0,22800.0,2224.0,42.61,2013.0
2023-01,11305,강북구,연립다세대,전월세,226,0,128,98,147,40,9500.0,836.0,41.14,2005.0
2023-01,11320,도봉구,아파트,매매,67,5,0,0,0,0,50000.0,2651.0,61.82,1993.0
2023-01,11320,도봉구,아파트,전월세,430,0,258,172,240,108,17075.0,1165.0,62.49,1994.0
2023-01,11320,도봉구,연립다세대,매매,37,4,0,0,0,0,17100.0,1304.0,42.62,2002.0
2023-01,11320,도봉구,연립다세대,전월세,146,0,90,56,89,21,12000.0,883.0,45.28,2004.0
2023-01,11350,노원구,아파트,매매,133,1,0,0,0,0,58500.0,3259.0,62.32,1992.0
2023-01,11350,노원구,아파트,전월세,1500,0,855,645,727,440,19000.0,1254.0,58.15,1994.0
2023-01,11350,노원구,연립다세대,매매,17,1,0,0,0,0,25000.0,1771.0,43.85,2002.0
2023-01,11350,노원구,연립다세대,전월세,188,0,58,130,122,18,3000.0,501.0,31.64,2008.0
2023-01,11380,은평구,아파트,매매,53,5,0,0,0,0,70000.0,3540.0,66.65,2012.0
2023-01,11380,은평구,아파트,전월세,747,0,443,304,443,131,27500.0,1378.0,61.44,2013.0
2023-01,11380,은평구,연립다세대,매매,89,3,0,0,0,0,26000.0,2160.0,46.1,2007.0
2023-01,11380,은평구,연립다세대,전월세,561,0,331,230,329,100,13000.0,992.0,40.21,2008.0
2023-01,11410,서대문구,아파트,매매,48,3,0,0,0,0,81000.0,3486.0,73.47,2008.0
2023-01,11410,서대문구,아파트,전월세,881,0,499,382,564,179,33000.0,1657.0,67.26,2011.0
2023-01,11410,서대문구,연립다세대,매매,42,1,0,0,0,0,31525.0,3011.0,43.08,2015.0
2023-01,11410,서대문구,연립다세대,전월세,328,0,129,199,230,54,6401.0,565.0,40.05,2007.0
2023-01,11440,마포구,아파트,매매,54,1,0,0,0,0,94000.0,5194.0,71.06,2004.0
2023-01,11440,마포구,아파트,전월세,1644,0,684,960,717,276,20000.0,1170.0,54.39,2012.0
2023-01,11440,마포구,연립다세대,매매,105,6,0,0,0,0,23900.0,3990.0,28.14,2011.0
2023-01,11440,마포구,연립다세대,전월세,672,0,341,331,462,135,11500.0,1137.0,32.0,2009.0
2023-01,11470,양천구,아파트,매매,56,4,0,0,0,0,93000.0,4120.0,78.95,2004.0
2023-01,11470,양천구,아파트,전월세,1011,0,564,447,486,324,35000.0,1729.0,69.93,1997.0
2023-01,11470,양천구,연립다세대,매매,45,3,0,0,0,0,24000.0,1810.0,45.05,2006.0
2023-01,11470,양천구,연립다세대,전월세,417,0,270,147,222,100,15000.0,1101.0,40.47,2007.0
2023-01,11500,강서구,아파트,매매,51,2,0,0,0,0,73800.0,3661.0,73.73,2004.0
2023-01,11500,강서구,아파트,전월세,1107,0,729,378,612,278,30000.0,1670.0,62.95,2005.0
2023-01,11500,강서구,연립다세대,매매,83,10,0,0,0,0,23500.0,1670.0,42.39,2007.0
2023-01,11500,강서구,연립다세대,전월세,686,0,435,251,399,148,15325.0,1127.0,38.54,2010.0
2023-01,11530,구로구,아파트,매매,43,5,0,0,0,0,60000.0,2801.0,65.28,2003.0
2023-01,11530,구로구,아파트,전월세,923,0,415,508,537,197,23000.0,1156.0,62.05,2005.0
2023-01,11530,구로구,연립다세대,매매,56,0,0,0,0,0,19425.0,2183.0,37.78,2012.0
2023-01,11530,구로구,연립다세대,전월세,274,0,148,126,173,33,10000.0,761.0,44.24,2005.0
2023-01,11545,금천구,아파트,매매,14,2,0,0,0,0,60000.0,2760.0,77.63,2005.0
2023-01,11545,금천구,아파트,전월세,335,0,222,113,222,71,28000.0,1482.0,60.29,2008.0
2023-01,11545,금천구,연립다세대,매매,36,3,0,0,0,0,23725.0,2168.0,39.72,2013.0
2023-01,11545,금천구,연립다세대,전월세,196,0,105,91,122,37,13350.0,1013.0,35.97,2013.0
2023-01,11560,영등포구,아파트,매매,54,4,0,0,0,0,85500.0,4282.0,64.56,2003.0
2023-01,11560,영등포구,아파트,전월세,866,0,499,367,534,211,34575.0,1862.0,66.98,2004.0
2023-01,11560,영등포구,연립다세대,매매,14,0,0,0,0,0,32650.0,2705.0,38.89,2008.0
2023-01,11560,영등포구,연립다세대,전월세,305,0,161,144,188,71,15000.0,1735.0,29.44,2014.0
2023-01,11590,동작구,아파트,매매,40,6,0,0,0,0,87000.0,3917.0,73.24,2005.0
2023-01,11590,동작구,아파트,전월세,783,0,447,336,409,227,42500.0,1946.0,72.34,2007.0
2023-01,11590,동작구,연립다세대,매매,58,9,0,0,0,0,28500.0,2321.0,44.16,2006.0
2023-01,11590,동작구,연립다세대,전월세,441,0,202,239,288,70,13000.0,1111.0,38.81,2008.0
2023-01,11620,관악구,아파트,매매,29,3,0,0,0,0,64000.0,3082.0,63.11,2005.0
2023-01,11620,관악구,아파트,전월세,646,0,322,324,343,142,28000.0,1445.0,60.35,2005.0
2023-01,11620,관악구,연립다세대,매매,69,3,0,0,0,0,28000.0,2067.0,46.37,1994.0
2023-01,11620,관악구,연립다세대,전월세,480,0,205,275,321,63,12000.0,1070.0,34.57,2010.0
2023-01,11650,서초구,아파트,매매,45,6,0,0,0,0,204000.0,7752.0,94.37,1998.0
2023-01,11650,서초구,아파트,전월세,1255,0,641,614,740,314,58653.0,2346.0,81.96,2006.0
2023-01,11650,서초구,연립다세대,매매,12,1,0,0,0,0,35500.0,3469.0,36.23,2007.0
2023-01,11650,서초구,연립다세대,전월세,538,0,267,271,322,158,17000.0,1619.0,39.75,2010.0
2023-01,11680,강남구,아파트,매매,97,11,0,0,0,0,169000.0,8007.0,76.81,1999.0
2023-01,11680,강남구,아파트,전월세,2171,0,1094,1077,1258,574,55000.0,2439.0,78.07,2003.0
2023-01,11680,강남구,연립다세대,매매,13,0,0,0,0,0,50000.0,3210.0,38.54,2007.0
2023-01,11680,강남구,연립다세대,전월세,614,0,252,362,391,139,12000.0,1116.0,40.48,2007.0
2023-01,11710,송파구,아파트,매매,148,6,0,0,0,0,162000.0,6721.0,80.63,2004.0
2023-01,11710,송파구,아파트,전월세,2276,0,1501,775,1241,616,40000.0,1883.0,76.52,2008.0
2023-01,11710,송파구,연립다세대,매매,45,1,0,0,0,0,30750.0,2779.0,37.68,2010.0
2023-01,11710,송파구,연립다세대,전월세,1315,0,533,782,746,351,13230.0,1159.0,39.49,2009.0
2023-01,11740,강동구,아파트,매매,122,5,0,0,0,0,105000.0,4484.0,74.58,2012.0
2023-01,11740,강동구,아파트,전월세,1124,0,743,381,665,274,38000.0,1825.0,67.4,2010.0
2023-01,11740,강동구,연립다세대,매매,57,2,0,0,0,0,35550.0,3293.0,40.86,2015.0
2023-01,11740,강동구,연립다세대,전월세,585,0,301,284,285,168,15000.0,1384.0,36.3,2013.0
2023-02,11110,종로구,아파트,매매,19,3,0,0,0,0,74000.0,4124.0,60.67,2008.0
2023-02,11110,종로구,아파트,전월세,205,0,100,105,103,58,39000.0,1663.0,70.27,2008.0
2023-02,11110,종로구,연립다세대,매매,13,1,0,0,0,0,41000.0,2062.0,76.8,1998.0
2023-02,11110,종로구,연립다세대,전월세,205,0,84,121,130,35,9000.0,717.0,52.76,2000.0
2023-02,11140,중구,아파트,매매,35,0,0,0,0,0,92000.0,3994.0,83.19,2007.0
2023-02,11140,중구,아파트,전월세,434,0,236,198,286,69,25275.0,2064.0,61.0,2010.0
2023-02,11140,중구,연립다세대,매매,11,2,0,0,0,0,24900.0,1989.0,46.87,2004.0
2023-02,11140,중구,연립다세대,전월세,159,0,65,94,106,19,6200.0,745.0,35.21,2008.0
2023-02,11170,용산구,아파트,매매,22,1,0,0,0,0,150000.0,6001.0,92.77,1997.0
2023-02,11170,용산구,아파트,전월세,559,0,332,227,301,169,43000.0,1958.0,85.51,2002.0
2023-02,11170,용산구,연립다세대,매매,49,3,0,0,0,0,68000.0,7014.0,51.61,2001.0
2023-02,11170,용산구,연립다세대,전월세,453,0,307,146,284,116,18900.0,1537.0,41.22,2010.0
2023-02,11200,성동구,아파트,매매,87,6,0,0,0,0,104500.0,4757.0,73.32,2005.0
2023-02,11200,성동구,아파트,전월세,1125,0,688,437,605,337,45000.0,2034.0,75.55,2006.0
2023-02,11200,성동구,연립다세대,매매,60,0,0,0,0,0,178400.0,9508.0,53.43,1995.0
2023-02,11200,성동구,연립다세대,전월세,252,0,138,114,167,41,15000.0,1284.0,36.02,2010.0
2023-02,11215,광진구,아파트,매매,46,2,0,0,0,0,106350.0,4750.0,74.78,2001.0
2023-02,11215,광진구,아파트,전월세,499,0,323,176,298,147,45000.0,2050.0,75.66,2001.0
2023-02,11215,광진구,연립다세대,매매,62,0,0,0,0,0,27000.0,2303.0,43.95,2007.0
2023-02,11215,광진구,연립다세대,전월세,751,0,391,360,444,162,16000.0,1430.0,36.38,2011.0
2023-02,11230,동대문구,아파트,매매,109,5,0,0,0,0,69500.0,3490.0,62.52,2008.0
2023-02,11230,동대문구,아파트,전월세,854,0,509,345,493,205,33000.0,1813.0,61.21,2010.0
2023-02,11230,동대문구,연립다세대,매매,23,3,0,0,0,0,27000.0,2203.0,46.13,2006.0
2023-02,11230,동대문구,연립다세대,전월세,320,0,144,176,204,51,9000.0,1061.0,31.17,2014.0
2023-02,11260,중랑구,아파트,매매,56,4,0,0,0,0,53500.0,2676.0,69.79,2004.0
2023-02,11260,중랑구,아파트,전월세,647,0,337,310,399,125,20000.0,1303.0,59.66,2008.0
2023-02,11260,중랑구,연립다세대,매매,68,9,0,0,0,0,28950.0,2353.0,41.62,2011.0
2023-02,11260,중랑구,연립다세대,전월세,408,0,234,174,273,84,16000.0,1377.0,35.93,2014.0
2023-02,11290,성북구,아파트,매매,148,5,0,0,0,0,72250.0,3449.0,68.87,2009.0
2023-02,11290,성북구,아파트,전월세,1124,0,700,424,534,322,35000.0,1659.0,68.2,2009.0
2023-02,11290,성북구,연립다세대,매매,66,3,0,0,0,0,47925.0,2585.0,64.53,2013.0
2023-02,11290,성북구,연립다세대,전월세,480,0,220,260,331,73,10000.0,896.0,39.06,2011.0
2023-02,11305,강북구,아파트,매매,37,1,0,0,0,0,59500.0,2756.0,71.52,2005.0
2023-02,11305,강북구,아파트,전월세,308,0,177,131,164,74,20185.0,1201.0,59.87,2007.0
2023-02,11305,강북구,연립다세대,매매,74,4,0,0,0,0,20000.0,1369.0,48.25,2005.0
2023-02,11305,강북구,연립다세대,전월세,318,0,148,170,229,36,7150.0,605.0,41.4,2005.0
2023-02,11320,도봉구,아파트,매매,105,2,0,0,0,0,49000.0,2391.0,67.74,1993.0
2023-02,11320,도봉구,아파트,전월세,607,0,400,207,341,166,20000.0,1215.0,63.81,1995.0
2023-02,11320,도봉구,연립다세대,매매,55,4,0,0,0,0,17500.0,1255.0,47.54,2001.0
2023-02,11320,도봉구,연립다세대,전월세,224,0,126,98,137,29,11900.0,869.0,42.89,2008.0
2023-02,11350,노원구,아파트,매매,190,3,0,0,0,0,55000.0,3244.0,60.5,1993.0
2023-02,11350,노원구,아파트,전월세,2042,0,1198,844,1141,539,18233.0,1224.0,59.22,1995.0
2023-02,11350,노원구,연립다세대,매매,22,1,0,0,0,0,27600.0,1531.0,53.74,2000.0
2023-02,11350,노원구,연립다세대,전월세,208,0,99,109,134,24,6000.0,679.0,36.32,2007.0
2023-02,11380,은평구,아파트,매매,95,2,0,0,0,0,70000.0,3544.0,69.12,2013.0
2023-02,11380,은평구,아파트,전월세,895,0,557,338,484,161,30000.0,1397.0,66.36,2011.0
2023-02,11380,은평구,연립다세대,매매,166,10,0,0,0,0,24000.0,2138.0,41.27,2010.0
2023-02,11380,은평구,연립다세대,전월세,763,0,454,309,447,150,13500.0,1052.0,40.55,2009.0
2023-02,11410,서대문구,아파트,매매,93,0,0,0,0,0,76000.0,3613.0,75.28,2006.0
2023-02,11410,서대문구,아파트,전월세,914,0,514,400,556,230,32000.0,1652.0,65.22,2010.0
2023-02,11410,서대문구,연립다세대,매매,38,2,0,0,0,0,28550.0,2083.0,48.74,2003.0
2023-02,11410,서대문구,연립다세대,전월세,377,0,163,214,264,65,8000.0,702.0,43.11,2006.0
2023-02,11440,마포구,아파트,매매,92,2,0,0,0,0,104750.0,5368.0,68.68,2006.0
2023-02,11440,마포구,아파트,전월세,1354,0,707,647,789,335,37000.0,1758.0,67.89,2008.0
2023-02,11440,마포구,연립다세대,매매,40,3,0,0,0,0,35250.0,2922.0,40.49,2006.0
2023-02,11440,마포구,연립다세대,전월세,817,0,430,387,520,197,14000.0,1331.0,35.74,2008.0
2023-02,11470,양천구,아파트,매매,114,2,0,0,0,0,92850.0,4147.0,75.23,2003.0
2023-02,11470,양천구,아파트,전월세,1098,0,705,393,585,331,35800.0,1770.0,73.52,1999.0
2023-02,11470,양천구,연립다세대,매매,64,1,0,0,0,0,23000.0,1764.0,44.33,2004.0
2023-02,11470,양천구,연립다세대,전월세,516,0,360,156,295,112,17000.0,1221.0,41.94,2007.0
2023-02,11500,강서구,아파트,매매,147,8,0,0,0,0,73000.0,3728.0,70.79,2004.0
2023-02,11500,강서구,아파트,전월세,1574,0,1038,536,877,378,29000.0,1622.0,63.35,2005.0
2023-02,11500,강서구,연립다세대,매매,142,11,0,0,0,0,21850.0,1664.0,42.38,2008.0
2023-02,11500,강서구,연립다세대,전월세,898,0,567,331,523,200,16000.0,1137.0,38.12,2010.0
2023-02,11530,구로구,아파트,매매,89,8,0,0,0,0,60000.0,2820.0,68.65,2002.0
2023-02,11530,구로구,아파트,전월세,1268,0,555,713,641,228,20000.0,1085.0,58.97,2006.0
2023-02,11530,구로구,연립다세대,매매,111,6,0,0,0,0,25800.0,2176.0,44.12,2013.0
2023-02,11530,구로구,연립다세대,전월세,371,0,182,189,243,40,10000.0,715.0,44.87,2005.0
2023-02,11545,금천구,아파트,매매,33,2,0,0,0,0,59000.0,2990.0,74.23,2007.0
2023-02,11545,금천구,아파트,전월세,290,0,182,108,188,71,24250.0,1372.0,60.43,2006.0
2023-02,11545,금천구,연립다세대,매매,46,4,0,0,0,0,27900.0,2498.0,40.01,2014.0
2023-02,11545,금천구,연립다세대,전월세,270,0,150,120,153,49,14000.0,1005.0,39.07,2011.0
2023-02,11560,영등포구,아파트,매매,103,2,0,0,0,0,89500.0,4279.0,68.17,2007.0
2023-02,11560,영등포구,아파트,전월세,1111,0,715,396,677,260,38000.0,1790.0,69.63,2003.0
2023-02,11560,영등포구,연립다세대,매매,32,3,0,0,0,0,30750.0,2697.0,44.67,2010.0
2023-02,11560,영등포구,연립다세대,전월세,378,0,187,191,245,76,15000.0,1641.0,30.68,2014.0
2023-02,11590,동작구,아파트,매매,67,1,0,0,0,0,90000.0,4376.0,70.48,2006.0
2023-02,11590,동작구,아파트,전월세,1021,0,658,363,570,273,43000.0,1939.0,74.09,2007.0
2023-02,11590,동작구,연립다세대,매매,75,2,0,0,0,0,36800.0,2444.0,47.44,2008.0
2023-02,11590,동작구,연립다세대,전월세,521,0,260,261,344,77,13000.0,1140.0,40.28,2008.0
2023-02,11620,관악구,아파트,매매,56,3,0,0,0,0,70250.0,3272.0,69.78,2006.0
2023-02,11620,관악구,아파트,전월세,683,0,399,284,386,139,30000.0,1553.0,62.35,2005.0
2023-02,11620,관악구,연립다세대,매매,89,4,0,0,0,0,31350.0,3442.0,39.04,2011.0
2023-02,11620,관악구,연립다세대,전월세,546,0,249,297,354,75,12000.0,1066.0,38.26,2007.0
2023-02,11650,서초구,아파트,매매,82,6,0,0,0,0,199000.0,8111.0,89.39,1999.0
2023-02,11650,서초구,아파트,전월세,1734,0,817,917,1087,434,50000.0,2049.0,75.3,2008.0
2023-02,11650,서초구,연립다세대,매매,47,2,0,0,0,0,45000.0,4320.0,51.54,2007.0
2023-02,11650,서초구,연립다세대,전월세,727,0,353,374,442,203,18000.0,1674.0,41.85,2009.0
2023-02,11680,강남구,아파트,매매,183,11,0,0,0,0,170500.0,8419.0,73.6,1998.0
2023-02,11680,강남구,아파트,전월세,2824,0,1399,1425,1633,796,45000.0,2215.0,73.03,2005.0
2023-02,11680,강남구,연립다세대,매매,37,2,0,0,0,0,36300.0,4099.0,52.6,2006.0
2023-02,11680,강남구,연립다세대,전월세,630,0,259,371,406,131,12000.0,1121.0,41.37,2008.0
2023-02,11710,송파구,아파트,매매,255,5,0,0,0,0,157000.0,6619.0,79.95,2004.0
2023-02,11710,송파구,아파트,전월세,2727,0,1466,1261,1538,777,41000.0,1911.0,74.09,2006.0
2023-02,11710,송파구,연립다세대,매매,100,6,0,0,0,0,29267.0,3043.0,38.5,2009.0
2023-02,11710,송파구,연립다세대,전월세,1675,0,729,946,950,406,15000.0,1244.0,40.52,2008.0
2023-02,11740,강동구,아파트,매매,199,10,0,0,0,0,100000.0,4749.0,72.85,2011.0
2023-02,11740,강동구,아파트,전월세,2984,0,1516,1468,1832,346,27011.0,1286.0,58.2,2015.0
2023-02,11740,강동구,연립다세대,매매,89,4,0,0,0,0,31000.0,3056.0,41.36,2013.0
2023-02,11740,강동구,연립다세대,전월세,689,0,363,326,396,172,16000.0,1371.0,37.29,2012.0
2023-03,11110,종로구,아파트,매매,23,0,0,0,0,0,167000.0,5002.0,81.01,2010.0
2023-03,11110,종로구,아파트,전월세,193,0,115,78,118,47,40000.0,1820.0,76.12,2008.0
2023-03,11110,종로구,연립다세대,매매,15,1,0,0,0,0,44800.0,1948.0,83.21,2004.0
2023-03,11110,종로구,연립다세대,전월세,154,0,66,88,109,29,11000.0,958.0,53.25,2001.0
2023-03,11140,중구,아파트,매매,30,2,0,0,0,0,90750.0,3588.0,83.97,2004.0
2023-03,11140,중구,아파트,전월세,386,0,211,175,245,68,29250.0,2019.0,65.11,2009.0
2023-03,11140,중구,연립다세대,매매,6,0,0,0,0,0,28500.0,2801.0,59.98,2001.0
2023-03,11140,중구,연립다세대,전월세,129,0,73,56,83,20,15000.0,1519.0,41.15,2010.0
2023-03,11170,용산구,아파트,매매,39,6,0,0,0,0,150000.0,6179.0,86.79,1998.0
2023-03,11170,용산구,아파트,전월세,639,0,401,238,376,170,45000.0,1933.0,86.65,2001.0
2023-03,11170,용산구,연립다세대,매매,39,3,0,0,0,0,51500.0,5526.0,51.1,2006.0
2023-03,11170,용산구,연립다세대,전월세,476,0,331,145,330,90,20000.0,1643.0,43.41,2009.0
2023-03,11200,성동구,아파트,매매,112,4,0,0,0,0,118750.0,4936.0,79.28,2005.0
2023-03,11200,성동구,아파트,전월세,1127,0,682,445,652,282,45000.0,1987.0,74.98,2006.0
2023-03,11200,성동구,연립다세대,매매,22,5,0,0,0,0,34575.0,2925.0,37.97,2006.0
2023-03,11200,성동구,연립다세대,전월세,233,0,129,104,146,44,15000.0,1236.0,37.8,2011.0
2023-03,11215,광진구,아파트,매매,48,0,0,0,0,0,112250.0,4743.0,90.27,2000.0
2023-03,11215,광진구,아파트,전월세,536,0,303,233,373,107,40000.0,1916.0,68.32,2005.0
2023-03,11215,광진구,연립다세대,매매,92,21,0,0,0,0,41150.0,2733.0,50.93,2011.0
2023-03,11215,광진구,연립다세대,전월세,777,0,393,384,488,161,18000.0,1568.0,38.33,2012.0
2023-03,11230,동대문구,아파트,매매,120,7,0,0,0,0,75000.0,3434.0,70.12,2007.0
2023-03,11230,동대문구,아파트,전월세,897,0,512,385,553,189,27000.0,1582.0,62.7,2009.0
2023-03,11230,동대문구,연립다세대,매매,46,1,0,0,0,0,49800.0,2786.0,54.48,2016.0
2023-03,11230,동대문구,연립다세대,전월세,220,0,149,71,144,37,19250.0,1387.0,38.96,2012.0
2023-03,11260,중랑구,아파트,매매,62,1,0,0,0,0,59500.0,2794.0,69.17,2005.0
2023-03,11260,중랑구,아파트,전월세,539,0,305,234,332,99,25000.0,1441.0,60.84,2006.0
2023-03,11260,중랑구,연립다세대,매매,110,19,0,0,0,0,32650.0,2575.0,44.42,2015.0
2023-03,11260,중랑구,연립다세대,전월세,524,0,326,198,351,101,18000.0,1649.0,37.17,2014.0
2023-03,11290,성북구,아파트,매매,156,3,0,0,0,0,72800.0,3312.0,73.75,2008.0
2023-03,11290,성북구,아파트,전월세,1147,0,666,481,531,283,32000.0,1556.0,66.85,2010.0
2023-03,11290,성북구,연립다세대,매매,72,2,0,0,0,0,30500.0,2221.0,51.33,2011.0
2023-03,11290,성북구,연립다세대,전월세,348,0,193,155,209,64,13750.0,970.0,41.66,2009.0
2023-03,11305,강북구,아파트,매매,77,2,0,0,0,0,55000.0,2454.0,70.89,2011.0
2023-03,11305,강북구,아파트,전월세,368,0,194,174,188,79,19500.0,1168.0,57.66,2006.0
2023-03,11305,강북구,연립다세대,매매,96,11,0,0,0,0,21750.0,1493.0,48.95,2005.0
2023-03,11305,강북구,연립다세대,전월세,327,0,189,138,216,48,10000.0,781.0,44.36,2004.0
2023-03,11320,도봉구,아파트,매매,93,5,0,0,0,0,46000.0,2541.0,59.45,1995.0
2023-03,11320,도봉구,아파트,전월세,634,0,434,200,309,184,22000.0,1199.0,64.39,1994.0
2023-03,11320,도봉구,연립다세대,매매,77,7,0,0,0,0,17500.0,1284.0,44.83,2003.0
2023-03,11320,도봉구,연립다세대,전월세,217,0,134,83,118,40,11000.0,870.0,44.66,2003.0
2023-03,11350,노원구,아파트,매매,188,6,0,0,0,0,55000.0,3114.0,61.8,1995.0
2023-03,11350,노원구,아파트,전월세,1871,0,1170,701,979,516,19845.0,1234.0,58.49,1994.0
2023-03,11350,노원구,연립다세대,매매,59,2,0,0,0,0,34000.0,2291.0,53.34,2010.0
2023-03,11350,노원구,연립다세대,전월세,131,0,69,62,69,32,10000.0,765.0,42.74,2004.0
2023-03,11380,은평구,아파트,매매,372,13,0,0,0,0,50000.0,4106.0,49.86,2019.0
2023-03,11380,은평구,아파트,전월세,871,0,553,318,501,147,30000.0,1470.0,65.72,2012.0
2023-03,11380,은평구,연립다세대,매매,181,9,0,0,0,0,26000.0,1898.0,47.04,2008.0
2023-03,11380,은평구,연립다세대,전월세,766,0,486,280,469,134,15000.0,1060.0,42.74,2007.0
2023-03,11410,서대문구,아파트,매매,108,5,0,0,0,0,69500.0,3573.0,69.69,2006.0
2023-03,11410,서대문구,아파트,전월세,771,0,469,302,468,153,34000.0,1594.0,67.98,2008.0
2023-03,11410,서대문구,연립다세대,매매,41,3,0,0,0,0,27000.0,1806.0,51.58,2000.0
2023-03,11410,서대문구,연립다세대,전월세,345,0,170,175,216,66,13000.0,966.0,46.57,2005.0
2023-03,11440,마포구,아파트,매매,125,2,0,0,0,0,103500.0,4812.0,74.97,2007.0
2023-03,11440,마포구,아파트,전월세,1279,0,752,527,713,302,40000.0,1951.0,68.09,2008.0
2023-03,11440,마포구,연립다세대,매매,57,6,0,0,0,0,38000.0,2973.0,40.27,2005.0
2023-03,11440,마포구,연립다세대,전월세,715,0,404,311,472,156,15000.0,1372.0,38.42,2006.0
2023-03,11470,양천구,아파트,매매,110,8,0,0,0,0,98500.0,4199.0,75.46,2000.0
2023-03,11470,양천구,아파트,전월세,1061,0,703,358,584,277,35000.0,1688.0,71.41,1999.0
2023-03,11470,양천구,연립다세대,매매,87,9,0,0,0,0,24800.0,1892.0,41.63,2006.0
2023-03,11470,양천구,연립다세대,전월세,587,0,366,221,359,123,14000.0,1070.0,39.18,2007.0
2023-03,11500,강서구,아파트,매매,146,5,0,0,0,0,70000.0,3577.0,70.11,2002.0
2023-03,11500,강서구,아파트,전월세,1421,0,1027,394,814,333,32000.0,1682.0,64.57,2004.0
2023-03,11500,강서구,연립다세대,매매,193,9,0,0,0,0,22800.0,1596.0,40.87,2009.0
2023-03,11500,강서구,연립다세대,전월세,998,0,634,364,601,205,16000.0,1125.0,39.79,2010.0
2023-03,11530,구로구,아파트,매매,129,11,0,0,0,0,62000.0,3099.0,65.51,2003.0
2023-03,11530,구로구,아파트,전월세,1005,0,514,491,601,167,24000.0,1191.0,63.04,2004.0
2023-03,11530,구로구,연립다세대,매매,109,3,0,0,0,0,25800.0,2142.0,49.63,2009.0
2023-03,11530,구로구,연립다세대,전월세,378,0,220,158,238,66,12000.0,843.0,44.89,2004.0
2023-03,11545,금천구,아파트,매매,52,2,0,0,0,0,60950.0,2696.0,70.76,2007.0
2023-03,11545,금천구,아파트,전월세,646,0,216,430,332,238,22000.0,1199.0,59.34,2012.0
2023-03,11545,금천구,연립다세대,매매,83,4,0,0,0,0,25500.0,2445.0,44.71,2012.0
2023-03,11545,금천구,연립다세대,전월세,277,0,166,111,185,38,16000.0,1261.0,38.33,2011.0
2023-03,11560,영등포구,아파트,매매,125,8,0,0,0,0,95000.0,4412.0,75.57,2005.0
2023-03,11560,영등포구,아파트,전월세,1181,0,790,391,753,253,39000.0,1879.0,70.6,2002.0
2023-03,11560,영등포구,연립다세대,매매,25,2,0,0,0,0,33000.0,3111.0,35.06,2019.0
2023-03,11560,영등포구,연립다세대,전월세,438,0,254,184,284,87,18950.0,1878.0,31.47,2014.0
2023-03,11590,동작구,아파트,매매,107,0,0,0,0,0,90700.0,4366.0,74.16,2005.0
2023-03,11590,동작구,아파트,전월세,988,0,659,329,592,197,43000.0,1939.0,76.69,2006.0
2023-03,11590,동작구,연립다세대,매매,109,5,0,0,0,0,33950.0,3054.0,42.06,2011.0
2023-03,11590,동작구,연립다세대,전월세,490,0,275,215,311,95,16850.0,1347.0,40.1,2009.0
2023-03,11620,관악구,아파트,매매,62,1,0,0,0,0,71750.0,3238.0,76.54,2005.0
2023-03,11620,관악구,아파트,전월세,648,0,352,296,349,126,30000.0,1419.0,65.52,2004.0
2023-03,11620,관악구,연립다세대,매매,86,9,0,0,0,0,25000.0,1683.0,45.86,2001.0
2023-03,11620,관악구,연립다세대,전월세,603,0,277,326,376,88,14700.0,1137.0,39.9,2007.0
2023-03,11650,서초구,아파트,매매,120,8,0,0,0,0,197000.0,7277.0,87.43,2002.0
2023-03,11650,서초구,아파트,전월세,1606,0,1015,591,1040,338,41125.0,1927.0,78.16,2006.0
2023-03,11650,서초구,연립다세대,매매,39,0,0,0,0,0,54000.0,4589.0,47.21,2003.0
2023-03,11650,서초구,연립다세대,전월세,693,0,348,345,446,159,20000.0,1556.0,46.17,2009.0
2023-03,11680,강남구,아파트,매매,180,9,0,0,0,0,175750.0,8298.0,85.98,1999.0
2023-03,11680,강남구,아파트,전월세,3016,0,1488,1528,1952,658,44050.0,2153.0,68.95,2006.0
2023-03,11680,강남구,연립다세대,매매,22,0,0,0,0,0,56500.0,3422.0,57.16,2006.0
2023-03,11680,강남구,연립다세대,전월세,735,0,308,427,495,151,15000.0,1316.0,40.43,2007.0
2023-03,11710,송파구,아파트,매매,230,6,0,0,0,0,154500.0,6714.0,77.46,2004.0
2023-03,11710,송파구,아파트,전월세,2317,0,1470,847,1339,677,47500.0,2035.0,77.74,2003.0
2023-03,11710,송파구,연립다세대,매매,72,5,0,0,0,0,35400.0,2634.0,47.59,2005.0
2023-03,11710,송파구,연립다세대,전월세,1736,0,783,953,973,466,15000.0,1283.0,40.58,2008.0
2023-03,11740,강동구,아파트,매매,177,5,0,0,0,0,101000.0,4243.0,73.51,2009.0
2023-03,11740,강동구,아파트,전월세,2187,0,1541,646,1231,464,24000.0,1127.0,66.33,2011.0
2023-03,11740,강동구,연립다세대,매매,104,7,0,0,0,0,35500.0,3099.0,38.63,2016.0
2023-03,11740,강동구,연립다세대,전월세,761,0,446,315,407,189,17500.0,1565.0,37.4,2012.0
2023-04,11110,종로구,아파트,매매,17,0,0,0,0,0,118000.0,3905.0,77.72,2011.0
2023-04,11110,종로구,아파트,전월세,189,0,99,90,108,51,39000.0,1870.0,76.16,2008.0
2023-04,11110,종로구,연립다세대,매매,22,3,0,0,0,0,31250.0,1716.0,72.79,1996.0
2023-04,11110,종로구,연립다세대,전월세,132,0,75,57,85,32,13050.0,1020.0,58.67,2000.0
2023-04,11140,중구,아파트,매매,45,3,0,0,0,0,80000.0,3851.0,71.23,2007.0
2023-04,11140,중구,아파트,전월세,410,0,217,193,255,91,30000.0,1870.0,66.68,2009.0
2023-04,11140,중구,연립다세대,매매,15,1,0,0,0,0,29100.0,2734.0,50.31,2006.0
2023-04,11140,중구,연립다세대,전월세,107,0,55,52,69,19,13000.0,1228.0,38.78,2009.0
2023-04,11170,용산구,아파트,매매,43,2,0,0,0,0,170000.0,5968.0,101.82,1999.0
2023-04,11170,용산구,아파트,전월세,598,0,395,203,359,159,48000.0,2105.0,91.86,2001.0
2023-04,11170,용산구,연립다세대,매매,51,2,0,0,0,0,54200.0,4050.0,51.32,2004.0
2023-04,11170,용산구,연립다세대,전월세,407,0,286,121,269,97,20000.0,1657.0,42.82,2010.0
2023-04,11200,성동구,아파트,매매,132,3,0,0,0,0,110000.0,5136.0,75.61,2005.0
2023-04,11200,성동구,아파트,전월세,976,0,600,376,602,225,46000.0,2043.0,75.08,2006.0
2023-04,11200,성동구,연립다세대,매매,16,2,0,0,0,0,47500.0,3269.0,48.68,2001.0
2023-04,11200,성동구,연립다세대,전월세,213,0,130,83,135,48,17000.0,1301.0,39.16,2009.0
2023-04,11215,광진구,아파트,매매,61,3,0,0,0,0,116000.0,4854.0,86.58,2002.0
2023-04,11215,광진구,아파트,전월세,428,0,270,158,294,105,44000.0,2015.0,74.57,2003.0
2023-04,11215,광진구,연립다세대,매매,94,3,0,0,0,0,33250.0,2512.0,45.57,2006.0
2023-04,11215,광진구,연립다세대,전월세,698,0,388,310,439,149,18000.0,1539.0,37.52,2012.0
2023-04,11230,동대문구,아파트,매매,144,11,0,0,0,0,78400.0,3548.0,69.82,2008.0
2023-04,11230,동대문구,아파트,전월세,775,0,505,270,533,143,35000.0,1672.0,67.98,2009.0
2023-04,11230,동대문구,연립다세대,매매,64,3,0,0,0,0,41850.0,3128.0,39.93,2017.0
2023-04,11230,동대문구,연립다세대,전월세,211,0,124,87,134,38,16800.0,1412.0,35.88,2012.0
2023-04,11260,중랑구,아파트,매매,96,19,0,0,0,0,56000.0,2718.0,60.9,2005.0
2023-04,11260,중랑구,아파트,전월세,497,0,311,186,307,116,27000.0,1518.0,62.24,2005.0
2023-04,11260,중랑구,연립다세대,매매,71,3,0,0,0,0,27900.0,2536.0,39.41,2012.0
2023-04,11260,중랑구,연립다세대,전월세,435,0,243,192,286,87,17500.0,1366.0,37.9,2013.0
2023-04,11290,성북구,아파트,매매,170,9,0,0,0,0,70500.0,3385.0,72.1,2007.0
2023-04,11290,성북구,아파트,전월세,924,0,537,387,481,241,33900.0,1556.0,68.71,2009.0
2023-04,11290,성북구,연립다세대,매매,56,8,0,0,0,0,25000.0,1720.0,49.57,2007.0
2023-04,11290,성북구,연립다세대,전월세,301,0,181,120,194,58,16000.0,1154.0,42.54,2010.0
2023-04,11305,강북구,아파트,매매,50,3,0,0,0,0,60100.0,2760.0,75.73,2005.0
2023-04,11305,강북구,아파트,전월세,307,0,154,153,164,92,15000.0,1102.0,57.29,2006.0
2023-04,11305,강북구,연립다세대,매매,85,4,0,0,0,0,21000.0,1462.0,46.42,2004.0
2023-04,11305,강북구,연립다세대,전월세,288,0,172,116,188,40,10000.0,854.0,43.31,2004.0
2023-04,11320,도봉구,아파트,매매,86,3,0,0,0,0,48500.0,2569.0,66.69,1994.0
2023-04,11320,도봉구,아파트,전월세,506,0,338,168,273,147,20000.0,1168.0,66.57,1994.0
2023-04,11320,도봉구,연립다세대,매매,54,5,0,0,0,0,15190.0,1170.0,46.03,2001.0
2023-04,11320,도봉구,연립다세대,전월세,205,0,131,74,103,47,12000.0,894.0,45.42,2007.0
2023-04,11350,노원구,아파트,매매,214,4,0,0,0,0,54000.0,3187.0,62.74,1994.0
2023-04,11350,노원구,아파트,전월세,1499,0,976,523,823,413,20000.0,1268.0,59.74,1994.0
2023-04,11350,노원구,연립다세대,매매,53,3,0,0,0,0,18400.0,1794.0,37.89,2005.0
2023-04,11350,노원구,연립다세대,전월세,118,0,67,51,73,17,10000.0,773.0,41.0,2003.0
2023-04,11380,은평구,아파트,매매,145,10,0,0,0,0,74000.0,3501.0,72.17,2013.0
2023-04,11380,은평구,아파트,전월세,819,0,469,350,560,111,29400.0,1350.0,64.13,2013.0
2023-04,11380,은평구,연립다세대,매매,139,3,0,0,0,0,26500.0,1832.0,48.7,2006.0
2023-04,11380,은평구,연립다세대,전월세,687,0,468,219,409,128,15000.0,1097.0,42.54,2008.0
2023-04,11410,서대문구,아파트,매매,117,2,0,0,0,0,78000.0,3706.0,71.99,2006.0
2023-04,11410,서대문구,아파트,전월세,628,0,368,260,360,151,34000.0,1559.0,69.44,2006.0
2023-04,11410,서대문구,연립다세대,매매,45,2,0,0,0,0,25000.0,1950.0,43.1,2002.0
2023-04,11410,서대문구,연립다세대,전월세,240,0,131,109,161,42,11750.0,878.0,48.61,2003.0
2023-04,11440,마포구,아파트,매매,137,4,0,0,0,0,110000.0,4950.0,76.03,2007.0
2023-04,11440,마포구,아파트,전월세,1105,0,653,452,622,261,40000.0,1897.0,70.81,2007.0
2023-04,11440,마포구,연립다세대,매매,65,7,0,0,0,0,38000.0,3290.0,38.27,2005.0
2023-04,11440,마포구,연립다세대,전월세,655,0,394,261,428,142,15500.0,1456.0,37.96,2008.0
2023-04,11470,양천구,아파트,매매,150,2,0,0,0,0,88250.0,3813.0,72.85,2005.0
2023-04,11470,양천구,아파트,전월세,1210,0,730,480,695,268,35000.0,1624.0,69.35,2002.0
2023-04,11470,양천구,연립다세대,매매,102,8,0,0,0,0,27000.0,2288.0,41.07,2009.0
2023-04,11470,양천구,연립다세대,전월세,506,0,328,178,282,115,15000.0,1112.0,42.09,2007.0
2023-04,11500,강서구,아파트,매매,163,7,0,0,0,0,74000.0,3878.0,66.94,2005.0
2023-04,11500,강서구,아파트,전월세,1377,0,900,477,830,322,26000.0,1640.0,61.27,2006.0
2023-04,11500,강서구,연립다세대,매매,179,11,0,0,0,0,24000.0,1720.0,44.12,2008.0
2023-04,11500,강서구,연립다세대,전월세,783,0,469,314,444,183,15000.0,1055.0,39.65,2009.0
2023-04,11530,구로구,아파트,매매,156,3,0,0,0,0,62800.0,2853.0,69.29,2002.0
2023-04,11530,구로구,아파트,전월세,1375,0,497,878,798,178,9349.0,649.0,57.68,2009.0
2023-04,11530,구로구,연립다세대,매매,68,2,0,0,0,0,25675.0,1975.0,45.58,2009.0
2023-04,11530,구로구,연립다세대,전월세,311,0,172,139,189,54,12000.0,874.0,46.02,2004.0
2023-04,11545,금천구,아파트,매매,56,0,0,0,0,0,59750.0,2963.0,70.96,2007.0
2023-04,11545,금천구,아파트,전월세,630,0,160,470,200,390,20000.0,1199.0,57.28,2014.0
2023-04,11545,금천구,연립다세대,매매,53,5,0,0,0,0,26000.0,2285.0,42.33,2012.0
2023-04,11545,금천구,연립다세대,전월세,258,0,147,111,160,44,14200.0,1097.0,37.13,2013.0
2023-04,11560,영등포구,아파트,매매,162,2,0,0,0,0,93750.0,4281.0,74.59,2003.0
2023-04,11560,영등포구,아파트,전월세,940,0,611,329,580,231,40000.0,1830.0,74.38,2002.0
2023-04,11560,영등포구,연립다세대,매매,35,0,0,0,0,0,33200.0,3218.0,40.34,2009.0
2023-04,11560,영등포구,연립다세대,전월세,325,0,179,146,226,58,17500.0,1848.0,32.04,2013.0
2023-04,11590,동작구,아파트,매매,108,4,0,0,0,0,104500.0,4549.0,76.82,2006.0
2023-04,11590,동작구,아파트,전월세,756,0,535,221,459,187,44100.0,1947.0,75.9,2005.0
2023-04,11590,동작구,연립다세대,매매,68,6,0,0,0,0,33500.0,2306.0,49.67,2007.0
2023-04,11590,동작구,연립다세대,전월세,444,0,240,204,271,87,17000.0,1297.0,43.85,2007.0
2023-04,11620,관악구,아파트,매매,80,3,0,0,0,0,71150.0,3281.0,72.3,2005.0
2023-04,11620,관악구,아파트,전월세,529,0,294,235,321,108,30000.0,1499.0,61.93,2005.0
2023-04,11620,관악구,연립다세대,매매,101,7,0,0,0,0,29950.0,2098.0,45.82,2007.0
2023-04,11620,관악구,연립다세대,전월세,508,0,233,275,316,87,15000.0,1200.0,39.39,2007.0
2023-04,11650,서초구,아파트,매매,154,7,0,0,0,0,197500.0,7384.0,93.89,2001.0
2023-04,11650,서초구,아파트,전월세,1390,0,824,566,907,328,55000.0,2266.0,82.83,2005.0
2023-04,11650,서초구,연립다세대,매매,74,4,0,0,0,0,54300.0,4229.0,50.54,2004.0
2023-04,11650,서초구,연립다세대,전월세,615,0,295,320,427,131,18900.0,1563.0,43.36,2009.0
2023-04,11680,강남구,아파트,매매,188,14,0,0,0,0,210150.0,8744.0,89.49,2001.0
2023-04,11680,강남구,아파트,전월세,2353,0,1281,1072,1460,548,40000.0,2139.0,74.09,2004.0
2023-04,11680,강남구,연립다세대,매매,65,1,0,0,0,0,104282.0,6197.0,98.91,1997.0
2023-04,11680,강남구,연립다세대,전월세,610,0,270,340,383,143,15750.0,1437.0,42.28,2008.0
2023-04,11710,송파구,아파트,매매,281,7,0,0,0,0,155000.0,5994.0,81.28,2003.0
2023-04,11710,송파구,아파트,전월세,2069,0,1328,741,1212,550,44000.0,1937.0,77.76,2004.0
2023-04,11710,송파구,연립다세대,매매,88,3,0,0,0,0,34350.0,2488.0,48.67,2004.0
2023-04,11710,송파구,연립다세대,전월세,1515,0,662,853,813,445,15000.0,1255.0,39.44,2009.0
2023-04,11740,강동구,아파트,매매,247,8,0,0,0,0,93000.0,4185.0,75.33,2009.0
2023-04,11740,강동구,아파트,전월세,1522,0,933,589,840,282,34300.0,1654.0,62.87,2011.0
2023-04,11740,강동구,연립다세대,매매,80,4,0,0,0,0,32250.0,2813.0,43.09,2010.0
2023-04,11740,강동구,연립다세대,전월세,634,0,336,298,332,164,17000.0,1515.0,37.93,2012.0
2023-05,11110,종로구,아파트,매매,31,3,0,0,0,0,100000.0,3915.0,70.15,2010.0
2023-05,11110,종로구,아파트,전월세,211,0,107,104,134,56,32000.0,1789.0,71.78,2008.0
2023-05,11110,종로구,연립다세대,매매,28,1,0,0,0,0,32000.0,1782.0,98.85,2000.0
2023-05,11110,종로구,연립다세대,전월세,157,0,70,87,108,21,10000.0,797.0,53.47,2001.0
2023-05,11140,중구,아파트,매매,51,3,0,0,0,0,92500.0,4467.0,72.6,2005.0
2023-05,11140,중구,아파트,전월세,576,0,191,385,229,74,10000.0,575.0,54.57,2013.0
2023-05,11140,중구,연립다세대,매매,16,4,0,0,0,0,33150.0,2294.0,51.72,2002.0
2023-05,11140,중구,연립다세대,전월세,140,0,70,70,102,19,11000.0,989.0,38.12,2008.0
2023-05,11170,용산구,아파트,매매,45,4,0,0,0,0,180000.0,6585.0,93.72,1998.0
2023-05,11170,용산구,아파트,전월세,566,0,349,217,339,158,45000.0,2004.0,87.74,2002.0
2023-05,11170,용산구,연립다세대,매매,46,5,0,0,0,0,57500.0,4265.0,46.7,2002.0
2023-05,11170,용산구,연립다세대,전월세,413,0,279,134,253,105,20700.0,1629.0,44.39,2009.0
2023-05,11200,성동구,아파트,매매,153,7,0,0,0,0,120000.0,5098.0,77.28,2006.0
2023-05,11200,성동구,아파트,전월세,899,0,540,359,537,237,46000.0,2050.0,76.38,2005.0
2023-05,11200,성동구,연립다세대,매매,29,1,0,0,0,0,40500.0,4300.0,36.7,2008.0
2023-05,11200,성동구,연립다세대,전월세,187,0,117,70,119,34,18900.0,1499.0,41.29,2009.0
2023-05,11215,광진구,아파트,매매,71,2,0,0,0,0,114000.0,5064.0,70.99,2000.0
2023-05,11215,광진구,아파트,전월세,415,0,288,127,263,115,47400.0,2141.0,75.49,2002.0
2023-05,11215,광진구,연립다세대,매매,100,7,0,0,0,0,35000.0,2737.0,46.24,2009.0
2023-05,11215,광진구,연립다세대,전월세,671,0,365,306,399,153,18000.0,1585.0,37.65,2012.0
2023-05,11230,동대문구,아파트,매매,155,8,0,0,0,0,77500.0,3558.0,70.83,2007.0
2023-05,11230,동대문구,아파트,전월세,697,0,458,239,452,129,38000.0,1788.0,68.86,2010.0
2023-05,11230,동대문구,연립다세대,매매,27,1,0,0,0,0,31800.0,3019.0,40.02,2013.0
2023-05,11230,동대문구,연립다세대,전월세,252,0,118,134,155,43,12800.0,1121.0,35.79,2013.0
2023-05,11260,중랑구,아파트,매매,68,0,0,0,0,0,59725.0,2772.0,70.21,2004.0
2023-05,11260,중랑구,아파트,전월세,598,0,300,298,353,152,18845.0,1184.0,54.98,2008.0
2023-05,11260,중랑구,연립다세대,매매,105,1,0,0,0,0,30000.0,3060.0,40.82,2014.0
2023-05,11260,중랑구,연립다세대,전월세,417,0,234,183,279,84,16000.0,1453.0,36.61,2014.0
2023-05,11290,성북구,아파트,매매,183,4,0,0,0,0,73160.0,3279.0,73.26,2007.0
2023-05,11290,성북구,아파트,전월세,801,0,514,287,467,238,36000.0,1635.0,72.48,2007.0
2023-05,11290,성북구,연립다세대,매매,65,6,0,0,0,0,25500.0,1762.0,48.53,2005.0
2023-05,11290,성북구,연립다세대,전월세,352,0,207,145,221,64,14000.0,1123.0,41.59,2010.0
2023-05,11305,강북구,아파트,매매,56,1,0,0,0,0,60500.0,2917.0,72.46,2005.0
2023-05,11305,강북구,아파트,전월세,317,0,170,147,172,88,24150.0,1141.0,64.08,2008.0
2023-05,11305,강북구,연립다세대,매매,138,4,0,0,0,0,18000.0,1436.0,43.81,2003.0
2023-05,11305,강북구,연립다세대,전월세,298,0,181,117,198,45,10000.0,826.0,44.83,2003.0
2023-05,11320,도봉구,아파트,매매,92,3,0,0,0,0,49400.0,2393.0,67.84,1996.0
2023-05,11320,도봉구,아파트,전월세,562,0,381,181,329,136,20000.0,1174.0,64.07,1994.0
2023-05,11320,도봉구,연립다세대,매매,91,7,0,0,0,0,16300.0,1221.0,44.19,2000.0
2023-05,11320,도봉구,연립다세대,전월세,216,0,138,78,108,43,12000.0,885.0,45.45,2004.0
2023-05,11350,노원구,아파트,매매,232,7,0,0,0,0,54500.0,3196.0,62.24,1995.0
2023-05,11350,노원구,아파트,전월세,1529,0,968,561,845,431,19900.0,1249.0,59.37,1994.0
2023-05,11350,노원구,연립다세대,매매,47,1,0,0,0,0,28000.0,1597.0,50.15,2001.0
2023-05,11350,노원구,연립다세대,전월세,130,0,68,62,79,27,9200.0,706.0,41.83,2004.0
2023-05,11380,은평구,아파트,매매,128,6,0,0,0,0,77000.0,3426.0,72.46,2012.0
2023-05,11380,은평구,아파트,전월세,852,0,564,288,536,156,34089.0,1556.0,67.94,2014.0
2023-05,11380,은평구,연립다세대,매매,178,11,0,0,0,0,29500.0,2188.0,45.48,2008.0
2023-05,11380,은평구,연립다세대,전월세,752,0,451,301,459,143,13000.0,970.0,42.88,2006.0
2023-05,11410,서대문구,아파트,매매,119,3,0,0,0,0,82900.0,3781.0,78.84,2006.0
2023-05,11410,서대문구,아파트,전월세,535,0,325,210,330,132,33000.0,1579.0,69.72,2007.0
2023-05,11410,서대문구,연립다세대,매매,49,1,0,0,0,0,20000.0,1428.0,48.49,1997.0
2023-05,11410,서대문구,연립다세대,전월세,255,0,126,129,162,46,10000.0,775.0,47.58,2004.0
2023-05,11440,마포구,아파트,매매,165,10,0,0,0,0,123000.0,5447.0,76.14,2008.0
2023-05,11440,마포구,아파트,전월세,1057,0,628,429,574,308,42000.0,1947.0,70.42,2007.0
2023-05,11440,마포구,연립다세대,매매,75,7,0,0,0,0,35200.0,2902.0,41.34,2005.0
2023-05,11440,마포구,연립다세대,전월세,671,0,355,316,454,142,15000.0,1423.0,35.59,2008.0
2023-05,11470,양천구,아파트,매매,138,3,0,0,0,0,109150.0,4513.0,79.9,1999.0
2023-05,11470,양천구,아파트,전월세,967,0,666,301,552,264,39000.0,1827.0,74.66,1998.0
2023-05,11470,양천구,연립다세대,매매,110,3,0,0,0,0,23700.0,1977.0,42.46,2006.0
2023-05,11470,양천구,연립다세대,전월세,461,0,285,176,275,105,14000.0,1018.0,41.75,2007.0
2023-05,11500,강서구,아파트,매매,173,10,0,0,0,0,72000.0,3598.0,70.24,2004.0
2023-05,11500,강서구,아파트,전월세,1270,0,838,432,737,317,30000.0,1654.0,62.59,2005.0
2023-05,11500,강서구,연립다세대,매매,171,19,0,0,0,0,23000.0,1678.0,44.02,2007.0
2023-05,11500,강서구,연립다세대,전월세,908,0,549,359,527,202,14495.0,1008.0,40.23,2009.0
2023-05,11530,구로구,아파트,매매,134,4,0,0,0,0,60000.0,2924.0,69.85,2000.0
2023-05,11530,구로구,아파트,전월세,812,0,437,375,462,145,24750.0,1244.0,61.98,2003.0
2023-05,11530,구로구,연립다세대,매매,123,2,0,0,0,0,25500.0,2282.0,45.84,2012.0
2023-05,11530,구로구,연립다세대,전월세,307,0,142,165,167,51,10000.0,675.0,45.14,2005.0
2023-05,11545,금천구,아파트,매매,39,1,0,0,0,0,59600.0,2759.0,80.32,2006.0
2023-05,11545,금천구,아파트,전월세,536,0,164,372,202,307,22792.0,1213.0,65.27,2013.0
2023-05,11545,금천구,연립다세대,매매,64,4,0,0,0,0,27000.0,1848.0,47.4,2008.0
2023-05,11545,금천구,연립다세대,전월세,306,0,155,151,199,40,14245.0,1091.0,38.08,2012.0
2023-05,11560,영등포구,아파트,매매,187,5,0,0,0,0,97500.0,4384.0,78.29,2000.0
2023-05,11560,영등포구,아파트,전월세,955,0,595,360,571,236,38500.0,1777.0,71.69,2003.0
2023-05,11560,영등포구,연립다세대,매매,161,1,0,0,0,0,46650.0,3277.0,45.56,2020.0
2023-05,11560,영등포구,연립다세대,전월세,329,0,177,152,229,59,16500.0,1849.0,32.68,2013.0
2023-05,11590,동작구,아파트,매매,121,4,0,0,0,0,100000.0,4514.0,73.69,2005.0
2023-05,11590,동작구,아파트,전월세,877,0,603,274,517,224,44000.0,1946.0,76.84,2005.0
2023-05,11590,동작구,연립다세대,매매,95,7,0,0,0,0,31000.0,2400.0,47.06,2005.0
2023-05,11590,동작구,연립다세대,전월세,414,0,189,225,264,72,13000.0,1064.0,39.62,2008.0
2023-05,11620,관악구,아파트,매매,102,6,0,0,0,0,72950.0,3238.0,73.38,2005.0
2023-05,11620,관악구,아파트,전월세,575,0,303,272,336,118,27000.0,1368.0,62.4,2005.0
2023-05,11620,관악구,연립다세대,매매,101,2,0,0,0,0,25600.0,1928.0,43.98,2007.0
2023-05,11620,관악구,연립다세대,전월세,474,0,215,259,296,70,13000.0,1112.0,40.0,2007.0
2023-05,11650,서초구,아파트,매매,140,17,0,0,0,0,211000.0,8153.0,88.15,2003.0
2023-05,11650,서초구,아파트,전월세,1404,0,821,583,915,349,61825.0,2519.0,83.6,2006.0
2023-05,11650,서초구,연립다세대,매매,51,2,0,0,0,0,43700.0,4504.0,44.05,2009.0
2023-05,11650,서초구,연립다세대,전월세,648,0,331,317,396,161,22000.0,1637.0,45.98,2008.0
2023-05,11680,강남구,아파트,매매,262,8,0,0,0,0,190625.0,8755.0,83.2,2000.0
2023-05,11680,강남구,아파트,전월세,2290,0,1240,1050,1431,532,50000.0,2368.0,77.97,2003.0
2023-05,11680,강남구,연립다세대,매매,68,4,0,0,0,0,51500.0,4493.0,44.83,2008.0
2023-05,11680,강남구,연립다세대,전월세,695,0,263,432,445,171,13000.0,1219.0,41.06,2007.0
2023-05,11710,송파구,아파트,매매,295,8,0,0,0,0,153000.0,6039.0,81.14,2003.0
2023-05,11710,송파구,아파트,전월세,2605,0,1100,1505,1725,539,25000.0,1323.0,66.94,2007.0
2023-05,11710,송파구,연립다세대,매매,89,1,0,0,0,0,34000.0,2471.0,46.04,2004.0
2023-05,11710,송파구,연립다세대,전월세,1546,0,619,927,868,412,13000.0,1124.0,41.12,2008.0
2023-05,11740,강동구,아파트,매매,214,9,0,0,0,0,104000.0,4592.0,71.97,2009.0
2023-05,11740,강동구,아파트,전월세,1321,0,857,464,765,262,31650.0,1595.0,65.64,2009.0
2023-05,11740,강동구,연립다세대,매매,104,4,0,0,0,0,32000.0,2989.0,39.71,2014.0
2023-05,11740,강동구,연립다세대,전월세,615,0,315,300,358,141,17420.0,1372.0,40.13,2012.0
2023-06,11110,종로구,아파트,매매,30,0,0,0,0,0,118250.0,4239.0,87.28,2007.0
2023-06,11110,종로구,아파트,전월세,165,0,85,80,103,47,44000.0,1910.0,73.8,2008.0
2023-06,11110,종로구,연립다세대,매매,49,1,0,0,0,0,27000.0,3584.0,50.72,2008.0
2023-06,11110,종로구,연립다세대,전월세,185,0,86,99,134,27,10000.0,771.0,51.44,2001.0
2023-06,11140,중구,아파트,매매,53,2,0,0,0,0,94000.0,4186.0,70.55,2006.0
2023-06,11140,중구,아파트,전월세,494,0,216,278,240,83,20000.0,1202.0,59.24,2012.0
2023-06,11140,중구,연립다세대,매매,11,2,0,0,0,0,44000.0,2337.0,56.82,2001.0
2023-06,11140,중구,연립다세대,전월세,148,0,86,62,96,28,17000.0,1436.0,34.81,2010.0
2023-06,11170,용산구,아파트,매매,67,2,0,0,0,0,167400.0,7136.0,91.67,1997.0
2023-06,11170,용산구,아파트,전월세,642,0,341,301,322,183,41900.0,1754.0,82.13,2003.0
2023-06,11170,용산구,연립다세대,매매,56,2,0,0,0,0,59500.0,6134.0,41.89,2006.0
2023-06,11170,용산구,연립다세대,전월세,428,0,282,146,309,69,19975.0,1517.0,43.36,2008.0
2023-06,11200,성동구,아파트,매매,169,9,0,0,0,0,127000.0,5444.0,79.58,2005.0
2023-06,11200,성동구,아파트,전월세,941,0,595,346,569,222,46000.0,2043.0,77.22,2005.0
2023-06,11200,성동구,연립다세대,매매,66,2,0,0,0,0,194412.0,12178.0,46.86,1990.0
2023-06,11200,성동구,연립다세대,전월세,211,0,121,90,148,34,15000.0,1337.0,34.45,2010.0
2023-06,11215,광진구,아파트,매매,65,2,0,0,0,0,103200.0,4908.0,81.0,1998.0
2023-06,11215,광진구,아파트,전월세,496,0,289,207,369,99,47100.0,2117.0,77.66,2007.0
2023-06,11215,광진구,연립다세대,매매,73,4,0,0,0,0,38000.0,3077.0,45.73,2011.0
2023-06,11215,광진구,연립다세대,전월세,723,0,355,368,453,140,16270.0,1490.0,35.74,2012.0
2023-06,11230,동대문구,아파트,매매,177,13,0,0,0,0,83500.0,3601.0,75.28,2007.0
2023-06,11230,동대문구,아파트,전월세,788,0,493,295,531,130,35000.0,1714.0,70.7,2009.0
2023-06,11230,동대문구,연립다세대,매매,40,2,0,0,0,0,33000.0,2458.0,41.83,2011.0
2023-06,11230,동대문구,연립다세대,전월세,279,0,141,138,168,42,14000.0,1133.0,36.24,2012.0
2023-06,11260,중랑구,아파트,매매,147,2,0,0,0,0,53049.0,3076.0,58.77,2010.0
2023-06,11260,중랑구,아파트,전월세,484,0,295,189,294,99,23169.0,1497.0,59.06,2005.0
2023-06,11260,중랑구,연립다세대,매매,66,3,0,0,0,0,30250.0,2452.0,41.26,2010.0
2023-06,11260,중랑구,연립다세대,전월세,468,0,245,223,313,79,15000.0,1371.0,36.3,2015.0
2023-06,11290,성북구,아파트,매매,182,7,0,0,0,0,77250.0,3567.0,74.12,2007.0
2023-06,11290,성북구,아파트,전월세,744,0,443,301,433,194,35000.0,1599.0,69.92,2007.0
2023-06,11290,성북구,연립다세대,매매,78,5,0,0,0,0,29000.0,1950.0,49.0,2005.0
2023-06,11290,성북구,연립다세대,전월세,355,0,209,146,227,65,13000.0,954.0,41.71,2009.0
2023-06,11305,강북구,아파트,매매,126,3,0,0,0,0,43450.0,2871.0,52.69,2016.0
2023-06,11305,강북구,아파트,전월세,312,0,161,151,174,68,16549.0,1085.0,59.42,2007.0
2023-06,11305,강북구,연립다세대,매매,111,2,0,0,0,0,22500.0,1520.0,46.15,2007.0
2023-06,11305,강북구,연립다세대,전월세,304,0,176,128,201,40,10600.0,863.0,43.12,2004.0
2023-06,11320,도봉구,아파트,매매,109,6,0,0,0,0,49500.0,2464.0,68.27,1994.0
2023-06,11320,도봉구,아파트,전월세,540,0,376,164,315,145,22000.0,1206.0,62.65,1993.0
2023-06,11320,도봉구,연립다세대,매매,63,5,0,0,0,0,18000.0,1240.0,47.23,2002.0
2023-06,11320,도봉구,연립다세대,전월세,258,0,157,101,154,32,12200.0,850.0,45.15,2005.0
2023-06,11350,노원구,아파트,매매,272,12,0,0,0,0,56500.0,3231.0,66.01,1995.0
2023-06,11350,노원구,아파트,전월세,1696,0,1057,639,945,431,18600.0,1215.0,58.33,1995.0
2023-06,11350,노원구,연립다세대,매매,22,0,0,0,0,0,29150.0,1834.0,56.92,2000.0
2023-06,11350,노원구,연립다세대,전월세,176,0,75,101,110,30,7000.0,569.0,38.89,2004.0
2023-06,11380,은평구,아파트,매매,121,8,0,0,0,0,75500.0,3504.0,76.75,2011.0
2023-06,11380,은평구,아파트,전월세,882,0,645,237,613,122,38000.0,1833.0,68.05,2015.0
2023-06,11380,은평구,연립다세대,매매,166,7,0,0,0,0,27425.0,2168.0,44.3,2007.0
2023-06,11380,은평구,연립다세대,전월세,724,0,443,281,448,123,13000.0,1002.0,43.02,2007.0
2023-06,11410,서대문구,아파트,매매,130,2,0,0,0,0,86200.0,3850.0,78.23,2006.0
2023-06,11410,서대문구,아파트,전월세,623,0,371,252,370,150,35000.0,1716.0,69.3,2008.0
2023-06,11410,서대문구,연립다세대,매매,42,4,0,0,0,0,30550.0,1863.0,52.18,2004.0
2023-06,11410,서대문구,연립다세대,전월세,320,0,136,184,233,48,9750.0,766.0,44.22,2005.0
2023-06,11440,마포구,아파트,매매,169,7,0,0,0,0,114000.0,5703.0,74.65,2006.0
2023-06,11440,마포구,아파트,전월세,1390,0,543,847,935,245,20000.0,1587.0,55.52,2011.0
2023-06,11440,마포구,연립다세대,매매,71,4,0,0,0,0,38000.0,3132.0,41.16,2006.0
2023-06,11440,마포구,연립다세대,전월세,648,0,356,292,422,130,14500.0,1336.0,36.13,2008.0
2023-06,11470,양천구,아파트,매매,172,6,0,0,0,0,112750.0,4852.0,81.4,2000.0
2023-06,11470,양천구,아파트,전월세,1041,0,738,303,608,245,35000.0,1719.0,75.38,1999.0
2023-06,11470,양천구,연립다세대,매매,111,2,0,0,0,0,24500.0,1904.0,43.2,2004.0
2023-06,11470,양천구,연립다세대,전월세,534,0,330,204,321,106,13000.0,969.0,41.84,2006.0
2023-06,11500,강서구,아파트,매매,203,5,0,0,0,0,75000.0,3734.0,73.25,2003.0
2023-06,11500,강서구,아파트,전월세,1519,0,858,661,925,312,23000.0,1556.0,60.37,2007.0
2023-06,11500,강서구,연립다세대,매매,187,7,0,0,0,0,24700.0,1775.0,43.63,2008.0
2023-06,11500,강서구,연립다세대,전월세,854,0,518,336,536,158,14500.0,1044.0,39.81,2009.0
2023-06,11530,구로구,아파트,매매,133,7,0,0,0,0,62500.0,3072.0,68.3,2002.0
2023-06,11530,구로구,아파트,전월세,803,0,448,355,458,148,25500.0,1204.0,61.81,2004.0
2023-06,11530,구로구,연립다세대,매매,84,4,0,0,0,0,28250.0,1971.0,45.88,2008.0
2023-06,11530,구로구,연립다세대,전월세,331,0,149,182,178,40,8000.0,711.0,41.88,2006.0
2023-06,11545,금천구,아파트,매매,58,3,0,0,0,0,55000.0,2448.0,69.6,2005.0
2023-06,11545,금천구,아파트,전월세,401,0,162,239,211,114,19500.0,1107.0,58.23,2009.0
2023-06,11545,금천구,연립다세대,매매,62,2,0,0,0,0,26900.0,2054.0,45.17,2010.0
2023-06,11545,금천구,연립다세대,전월세,269,0,123,146,183,31,11500.0,875.0,37.83,2012.0
2023-06,11560,영등포구,아파트,매매,292,14,0,0,0,0,77022.0,4235.0,57.49,2007.0
2023-06,11560,영등포구,아파트,전월세,899,0,564,335,552,211,38000.0,1824.0,72.01,2001.0
2023-06,11560,영등포구,연립다세대,매매,36,1,0,0,0,0,19000.0,2130.0,32.2,2007.0
2023-06,11560,영등포구,연립다세대,전월세,279,0,147,132,195,49,20000.0,2088.0,31.39,2014.0
2023-06,11590,동작구,아파트,매매,132,5,0,0,0,0,99000.0,4353.0,79.09,2004.0
2023-06,11590,동작구,아파트,전월세,806,0,523,283,478,201,45000.0,1962.0,76.59,2006.0
2023-06,11590,동작구,연립다세대,매매,90,4,0,0,0,0,37970.0,2686.0,48.11,2005.0
2023-06,11590,동작구,연립다세대,전월세,460,0,216,244,319,72,14000.0,1157.0,39.88,2009.0
2023-06,11620,관악구,아파트,매매,95,5,0,0,0,0,73500.0,3300.0,74.92,2002.0
2023-06,11620,관악구,아파트,전월세,610,0,307,303,329,119,23500.0,1273.0,61.32,2006.0
2023-06,11620,관악구,연립다세대,매매,166,10,0,0,0,0,27675.0,2374.0,41.09,2010.0
2023-06,11620,관악구,연립다세대,전월세,473,0,222,251,316,54,13000.0,1082.0,38.22,2007.0
2023-06,11650,서초구,아파트,매매,185,7,0,0,0,0,199000.0,7713.0,85.57,2002.0
2023-06,11650,서초구,아파트,전월세,1906,0,966,940,1315,406,51900.0,2156.0,80.53,2009.0
2023-06,11650,서초구,연립다세대,매매,72,3,0,0,0,0,52250.0,4738.0,49.78,2009.0
2023-06,11650,서초구,연립다세대,전월세,655,0,353,302,411,158,21000.0,1715.0,45.18,2008.0
2023-06,11680,강남구,아파트,매매,252,22,0,0,0,0,216250.0,9176.0,86.3,1999.0
2023-06,11680,강남구,아파트,전월세,2379,0,1177,1202,1494,554,48000.0,2250.0,75.58,2005.0
2023-06,11680,강남구,연립다세대,매매,42,18,0,0,0,0,52000.0,5128.0,53.5,2006.0
2023-06,11680,강남구,연립다세대,전월세,580,0,253,327,399,113,15000.0,1480.0,41.76,2007.0
2023-06,11710,송파구,아파트,매매,286,14,0,0,0,0,150000.0,6299.0,79.21,2003.0
2023-06,11710,송파구,아파트,전월세,1535,0,941,594,825,486,50000.0,2147.0,78.1,2003.0
2023-06,11710,송파구,연립다세대,매매,111,2,0,0,0,0,33350.0,2841.0,42.06,2008.0
2023-06,11710,송파구,연립다세대,전월세,1469,0,564,905,804,359,12500.0,1081.0,39.78,2009.0
2023-06,11740,강동구,아파트,매매,228,16,0,0,0,0,113000.0,4951.0,72.61,2009.0
2023-06,11740,강동구,아파트,전월세,1477,0,839,638,733,301,29000.0,1556.0,63.42,2010.0
2023-06,11740,강동구,연립다세대,매매,108,6,0,0,0,0,35000.0,2932.0,42.59,2012.0
2023-06,11740,강동구,연립다세대,전월세,620,0,319,301,371,115,16000.0,1370.0,38.03,2012.0
2023-07,11110,종로구,아파트,매매,22,0,0,0,0,0,127500.0,4243.0,82.27,2007.0
2023-07,11110,종로구,아파트,전월세,182,0,107,75,110,44,40545.0,1813.0,70.96,2008.0
2023-07,11110,종로구,연립다세대,매매,24,1,0,0,0,0,39500.0,2042.0,68.6,2001.0
2023-07,11110,종로구,연립다세대,전월세,171,0,79,92,123,23,13000.0,914.0,59.74,2002.0
2023-07,11140,중구,아파트,매매,65,3,0,0,0,0,95000.0,4446.0,75.89,2002.0
2023-07,11140,중구,아파트,전월세,368,0,178,190,226,65,30000.0,1985.0,61.09,2011.0
2023-07,11140,중구,연립다세대,매매,17,1,0,0,0,0,32000.0,2805.0,47.48,2007.0
2023-07,11140,중구,연립다세대,전월세,123,0,55,68,80,26,13500.0,1038.0,38.98,2007.0
2023-07,11170,용산구,아파트,매매,51,2,0,0,0,0,200000.0,6700.0,104.11,1996.0
2023-07,11170,용산구,아파트,전월세,574,0,344,230,353,144,48000.0,1945.0,89.38,2000.0
2023-07,11170,용산구,연립다세대,매매,58,1,0,0,0,0,66000.0,6003.0,46.79,2005.0
2023-07,11170,용산구,연립다세대,전월세,398,0,291,107,255,79,21000.0,2017.0,42.21,2010.0
2023-07,11200,성동구,아파트,매매,201,6,0,0,0,0,115000.0,5403.0,74.02,2005.0
2023-07,11200,성동구,아파트,전월세,938,0,581,357,525,246,46000.0,2059.0,75.29,2004.0
2023-07,11200,성동구,연립다세대,매매,20,1,0,0,0,0,36000.0,2959.0,44.96,2002.0
2023-07,11200,성동구,연립다세대,전월세,260,0,167,93,167,60,17000.0,1597.0,35.88,2011.0
2023-07,11215,광진구,아파트,매매,66,2,0,0,0,0,114500.0,5078.0,80.12,1999.0
2023-07,11215,광진구,아파트,전월세,495,0,303,192,358,103,48000.0,2205.0,74.36,2006.0
2023-07,11215,광진구,연립다세대,매매,82,3,0,0,0,0,34150.0,2510.0,48.83,2009.0
2023-07,11215,광진구,연립다세대,전월세,675,0,368,307,433,146,18500.0,1664.0,36.9,2013.0
2023-07,11230,동대문구,아파트,매매,153,8,0,0,0,0,78850.0,3526.0,72.54,2005.0
2023-07,11230,동대문구,아파트,전월세,785,0,498,287,474,154,35000.0,1751.0,69.11,2009.0
2023-07,11230,동대문구,연립다세대,매매,67,3,0,0,0,0,31000.0,2548.0,38.87,2013.0
2023-07,11230,동대문구,연립다세대,전월세,312,0,190,122,202,48,16000.0,1415.0,36.17,2013.0
2023-07,11260,중랑구,아파트,매매,88,5,0,0,0,0,56250.0,2946.0,66.18,2002.0
2023-07,11260,중랑구,아파트,전월세,502,0,306,196,314,112,25250.0,1530.0,58.68,2006.0
2023-07,11260,중랑구,연립다세대,매매,75,3,0,0,0,0,28500.0,2576.0,38.45,2013.0
2023-07,11260,중랑구,연립다세대,전월세,449,0,258,191,291,95,16800.0,1458.0,37.61,2013.0
2023-07,11290,성북구,아파트,매매,177,10,0,0,0,0,74500.0,3346.0,72.28,2007.0
2023-07,11290,성북구,아파트,전월세,803,0,505,298,453,199,35280.0,1653.0,70.22,2007.0
2023-07,11290,성북구,연립다세대,매매,74,7,0,0,0,0,28250.0,2392.0,45.77,2008.0
2023-07,11290,성북구,연립다세대,전월세,428,0,222,206,297,54,12000.0,883.0,38.81,2011.0
2023-07,11305,강북구,아파트,매매,64,1,0,0,0,0,63000.0,2742.0,73.02,2005.0
2023-07,11305,강북구,아파트,전월세,316,0,186,130,181,72,27050.0,1260.0,61.02,2007.0
2023-07,11305,강북구,연립다세대,매매,89,5,0,0,0,0,21000.0,1428.0,48.37,2003.0
2023-07,11305,강북구,연립다세대,전월세,323,0,181,142,217,47,10000.0,814.0,43.66,2003.0
2023-07,11320,도봉구,아파트,매매,118,9,0,0,0,0,50300.0,2312.0,70.04,1993.0
2023-07,11320,도봉구,아파트,전월세,573,0,378,195,343,153,20000.0,1169.0,64.41,1994.0
2023-07,11320,도봉구,연립다세대,매매,125,2,0,0,0,0,27700.0,1959.0,52.77,2012.0
2023-07,11320,도봉구,연립다세대,전월세,243,0,169,74,151,35,12900.0,890.0,44.57,2004.0
2023-07,11350,노원구,아파트,매매,280,14,0,0,0,0,56000.0,3203.0,64.08,1995.0
2023-07,11350,노원구,아파트,전월세,1784,0,1135,649,1035,450,20000.0,1281.0,59.58,1995.0
2023-07,11350,노원구,연립다세대,매매,18,0,0,0,0,0,28750.0,1980.0,54.01,2002.0
2023-07,11350,노원구,연립다세대,전월세,168,0,84,84,104,26,7000.0,698.0,40.99,2004.0
2023-07,11380,은평구,아파트,매매,143,11,0,0,0,0,79000.0,3629.0,74.04,2013.0
2023-07,11380,은평구,아파트,전월세,987,0,636,351,735,119,35700.0,1672.0,67.53,2016.0
2023-07,11380,은평구,연립다세대,매매,153,15,0,0,0,0,27000.0,1992.0,46.22,2007.0
2023-07,11380,은평구,연립다세대,전월세,772,0,463,309,475,138,13000.0,1000.0,43.08,2008.0
2023-07,11410,서대문구,아파트,매매,153,7,0,0,0,0,84000.0,4071.0,73.61,2005.0
2023-07,11410,서대문구,아파트,전월세,649,0,413,236,383,123,35500.0,1751.0,70.05,2007.0
2023-07,11410,서대문구,연립다세대,매매,48,2,0,0,0,0,29900.0,2123.0,54.37,2006.0
2023-07,11410,서대문구,연립다세대,전월세,318,0,127,191,206,48,7000.0,634.0,43.75,2005.0
2023-07,11440,마포구,아파트,매매,181,8,0,0,0,0,116000.0,5273.0,73.7,2006.0
2023-07,11440,마포구,아파트,전월세,1058,0,564,494,619,236,38500.0,1940.0,66.82,2007.0
2023-07,11440,마포구,연립다세대,매매,109,5,0,0,0,0,34000.0,3018.0,37.61,2007.0
2023-07,11440,마포구,연립다세대,전월세,725,0,386,339,477,139,15500.0,1487.0,35.58,2008.0
2023-07,11470,양천구,아파트,매매,164,2,0,0,0,0,106000.0,4421.0,84.29,2001.0
2023-07,11470,양천구,아파트,전월세,948,0,624,324,541,270,39000.0,1768.0,73.72,1998.0
2023-07,11470,양천구,연립다세대,매매,94,4,0,0,0,0,26750.0,1985.0,45.1,2006.0
2023-07,11470,양천구,연립다세대,전월세,485,0,283,202,302,91,14000.0,1068.0,40.44,2008.0
2023-07,11500,강서구,아파트,매매,148,8,0,0,0,0,70000.0,3860.0,66.76,2003.0
2023-07,11500,강서구,아파트,전월세,1224,0,747,477,662,368,27125.0,1678.0,60.11,2005.0
2023-07,11500,강서구,연립다세대,매매,153,22,0,0,0,0,24500.0,1872.0,42.77,2010.0
2023-07,11500,강서구,연립다세대,전월세,814,0,490,324,509,160,14000.0,1028.0,40.04,2009.0
2023-07,11530,구로구,아파트,매매,145,4,0,0,0,0,65400.0,3152.0,73.79,2003.0
2023-07,11530,구로구,아파트,전월세,729,0,402,327,388,166,26000.0,1307.0,61.11,2003.0
2023-07,11530,구로구,연립다세대,매매,76,2,0,0,0,0,25000.0,1700.0,48.91,2007.0
2023-07,11530,구로구,연립다세대,전월세,277,0,148,129,153,38,10500.0,789.0,42.68,2006.0
2023-07,11545,금천구,아파트,매매,64,3,0,0,0,0,54950.0,2401.0,74.44,2006.0
2023-07,11545,금천구,아파트,전월세,264,0,129,135,148,79,22000.0,1224.0,59.84,2009.0
2023-07,11545,금천구,연립다세대,매매,60,15,0,0,0,0,25625.0,2078.0,43.51,2011.0
2023-07,11545,금천구,연립다세대,전월세,256,0,143,113,179,32,16000.0,1299.0,37.5,2013.0
2023-07,11560,영등포구,아파트,매매,169,12,0,0,0,0,96900.0,4434.0,75.5,2002.0
2023-07,11560,영등포구,아파트,전월세,872,0,564,308,549,199,38250.0,1869.0,70.3,2002.0
2023-07,11560,영등포구,연립다세대,매매,76,3,0,0,0,0,31175.0,3227.0,35.3,2016.0
2023-07,11560,영등포구,연립다세대,전월세,309,0,139,170,226,45,16000.0,1651.0,32.95,2014.0
2023-07,11590,동작구,아파트,매매,145,5,0,0,0,0,104000.0,4477.0,78.54,2005.0
2023-07,11590,동작구,아파트,전월세,742,0,485,257,434,195,48000.0,2047.0,73.77,2005.0
2023-07,11590,동작구,연립다세대,매매,128,9,0,0,0,0,34025.0,2693.0,43.76,2008.0
2023-07,11590,동작구,연립다세대,전월세,473,0,229,244,352,60,13200.0,1200.0,39.04,2010.0
2023-07,11620,관악구,아파트,매매,99,6,0,0,0,0,75000.0,3346.0,73.05,2004.0
2023-07,11620,관악구,아파트,전월세,708,0,326,382,464,118,22000.0,1262.0,58.61,2007.0
2023-07,11620,관악구,연립다세대,매매,77,5,0,0,0,0,23900.0,1696.0,47.75,2001.0
2023-07,11620,관악구,연립다세대,전월세,535,0,227,308,348,79,13000.0,1081.0,38.65,2007.0
2023-07,11650,서초구,아파트,매매,187,13,0,0,0,0,203000.0,7277.0,97.12,2003.0
2023-07,11650,서초구,아파트,전월세,1650,0,949,701,1094,362,65000.0,2723.0,83.56,2008.0
2023-07,11650,서초구,연립다세대,매매,57,6,0,0,0,0,45700.0,4640.0,43.78,2006.0
2023-07,11650,서초구,연립다세대,전월세,615,0,325,290,408,140,20000.0,1729.0,44.42,2008.0
2023-07,11680,강남구,아파트,매매,238,8,0,0,0,0,214000.0,8942.0,85.72,2000.0
2023-07,11680,강남구,아파트,전월세,2101,0,1175,926,1193,607,55000.0,2516.0,77.62,2003.0
2023-07,11680,강남구,연립다세대,매매,48,1,0,0,0,0,49000.0,5112.0,52.11,2008.0
2023-07,11680,강남구,연립다세대,전월세,640,0,301,339,449,108,16000.0,1532.0,41.01,2007.0
2023-07,11710,송파구,아파트,매매,267,9,0,0,0,0,146000.0,6070.0,80.77,2002.0
2023-07,11710,송파구,아파트,전월세,1647,0,966,681,942,491,47000.0,2159.0,73.72,2003.0
2023-07,11710,송파구,연립다세대,매매,81,12,0,0,0,0,32000.0,2557.0,44.26,2006.0
2023-07,11710,송파구,연립다세대,전월세,1510,0,588,922,848,359,13000.0,1168.0,38.99,2009.0
2023-07,11740,강동구,아파트,매매,207,7,0,0,0,0,109000.0,4739.0,73.55,2009.0
2023-07,11740,강동구,아파트,전월세,1246,0,712,534,657,290,36850.0,1717.0,62.59,2011.0
2023-07,11740,강동구,연립다세대,매매,133,6,0,0,0,0,34100.0,3189.0,42.42,2016.0
2023-07,11740,강동구,연립다세대,전월세,649,0,359,290,398,149,18300.0,1594.0,37.49,2013.0
2023-08,11110,종로구,아파트,매매,36,4,0,0,0,0,147750.0,4669.0,82.25,2008.0
2023-08,11110,종로구,아파트,전월세,218,0,116,102,155,37,30000.0,1974.0,64.63,2008.0
2023-08,11110,종로구,연립다세대,매매,27,1,0,0,0,0,43000.0,2314.0,57.23,2004.0
2023-08,11110,종로구,연립다세대,전월세,173,0,74,99,125,19,12000.0,913.0,50.31,2003.0
2023-08,11140,중구,아파트,매매,61,2,0,0,0,0,104500.0,4665.0,78.56,2006.0
2023-08,11140,중구,아파트,전월세,341,0,190,151,219,65,45000.0,2025.0,69.14,2009.0
2023-08,11140,중구,연립다세대,매매,18,0,0,0,0,0,29500.0,2541.0,41.22,2006.0
2023-08,11140,중구,연립다세대,전월세,131,0,62,69,84,13,10000.0,1098.0,36.31,2010.0
2023-08,11170,용산구,아파트,매매,59,6,0,0,0,0,189000.0,6999.0,112.13,1997.0
2023-08,11170,용산구,아파트,전월세,507,0,305,202,333,119,50000.0,2071.0,87.97,2001.0
2023-08,11170,용산구,연립다세대,매매,54,5,0,0,0,0,56000.0,5077.0,41.35,2011.0
2023-08,11170,용산구,연립다세대,전월세,414,0,286,128,269,89,20000.0,1885.0,44.61,2010.0
2023-08,11200,성동구,아파트,매매,174,15,0,0,0,0,125000.0,5695.0,79.04,2005.0
2023-08,11200,성동구,아파트,전월세,811,0,494,317,474,210,49000.0,2144.0,76.9,2005.0
2023-08,11200,성동구,연립다세대,매매,21,3,0,0,0,0,36000.0,3982.0,35.77,2010.0
2023-08,11200,성동구,연립다세대,전월세,210,0,111,99,129,30,14250.0,1313.0,36.14,2012.0
2023-08,11215,광진구,아파트,매매,79,5,0,0,0,0,113500.0,5071.0,75.09,2000.0
2023-08,11215,광진구,아파트,전월세,423,0,270,153,273,110,50000.0,2337.0,77.5,2004.0
2023-08,11215,광진구,연립다세대,매매,73,5,0,0,0,0,37700.0,2729.0,47.11,2010.0
2023-08,11215,광진구,연립다세대,전월세,669,0,354,315,460,123,19950.0,1536.0,36.88,2013.0
2023-08,11230,동대문구,아파트,매매,140,7,0,0,0,0,79750.0,3618.0,72.25,2007.0
2023-08,11230,동대문구,아파트,전월세,685,0,392,293,462,108,32000.0,1654.0,69.37,2010.0
2023-08,11230,동대문구,연립다세대,매매,31,2,0,0,0,0,39000.0,2807.0,47.93,2012.0
2023-08,11230,동대문구,연립다세대,전월세,294,0,151,143,196,47,12000.0,1153.0,32.77,2014.0
2023-08,11260,중랑구,아파트,매매,72,2,0,0,0,0,62000.0,2920.0,69.83,2002.0
2023-08,11260,중랑구,아파트,전월세,521,0,331,190,320,114,23500.0,1556.0,59.11,2006.0
2023-08,11260,중랑구,연립다세대,매매,96,5,0,0,0,0,28000.0,2781.0,39.69,2014.0
2023-08,11260,중랑구,연립다세대,전월세,447,0,260,187,296,92,17300.0,1524.0,37.31,2014.0
2023-08,11290,성북구,아파트,매매,201,9,0,0,0,0,74000.0,3368.0,73.02,2006.0
2023-08,11290,성북구,아파트,전월세,727,0,476,251,412,177,36383.0,1671.0,70.71,2008.0
2023-08,11290,성북구,연립다세대,매매,134,3,0,0,0,0,35950.0,2584.0,49.0,2015.0
2023-08,11290,성북구,연립다세대,전월세,347,0,178,169,257,46,13000.0,970.0,38.41,2011.0
2023-08,11305,강북구,아파트,매매,186,5,0,0,0,0,17300.0,3251.0,40.42,2009.0
2023-08,11305,강북구,아파트,전월세,261,0,167,94,173,55,29000.0,1335.0,69.25,2006.0
2023-08,11305,강북구,연립다세대,매매,94,13,0,0,0,0,22000.0,1613.0,46.79,2004.0
2023-08,11305,강북구,연립다세대,전월세,290,0,153,137,198,33,10000.0,794.0,45.1,2003.0
2023-08,11320,도봉구,아파트,매매,110,7,0,0,0,0,50000.0,2630.0,67.05,1994.0
2023-08,11320,도봉구,아파트,전월세,581,0,378,203,356,137,21500.0,1224.0,66.84,1994.0
2023-08,11320,도봉구,연립다세대,매매,71,5,0,0,0,0,18000.0,1318.0,46.52,2003.0
2023-08,11320,도봉구,연립다세대,전월세,229,0,137,92,128,37,10300.0,843.0,45.67,2005.0
2023-08,11350,노원구,아파트,매매,304,10,0,0,0,0,56000.0,3174.0,62.58,1995.0
2023-08,11350,노원구,아파트,전월세,1621,0,1044,577,1020,376,20000.0,1268.0,58.97,1994.0
2023-08,11350,노원구,연립다세대,매매,26,1,0,0,0,0,24750.0,1729.0,53.49,2002.0
2023-08,11350,노원구,연립다세대,전월세,157,0,80,77,106,21,9000.0,837.0,37.56,2008.0
2023-08,11380,은평구,아파트,매매,158,8,0,0,0,0,80000.0,3476.0,75.71,2012.0
2023-08,11380,은평구,아파트,전월세,1011,0,605,406,635,135,32000.0,1556.0,66.13,2016.0
2023-08,11380,은평구,연립다세대,매매,159,13,0,0,0,0,29000.0,2259.0,44.82,2007.0
2023-08,11380,은평구,연립다세대,전월세,754,0,478,276,499,118,15000.0,1023.0,43.86,2007.0
2023-08,11410,서대문구,아파트,매매,158,8,0,0,0,0,88750.0,4010.0,74.28,2008.0
2023-08,11410,서대문구,아파트,전월세,524,0,346,178,336,97,40000.0,1791.0,72.01,2007.0
2023-08,11410,서대문구,연립다세대,매매,69,12,0,0,0,0,24000.0,2098.0,45.81,2002.0
2023-08,11410,서대문구,연립다세대,전월세,328,0,140,188,218,51,10000.0,764.0,42.92,2007.0
2023-08,11440,마포구,아파트,매매,168,7,0,0,0,0,117500.0,5257.0,74.05,2007.0
2023-08,11440,마포구,아파트,전월세,960,0,555,405,555,235,41000.0,2019.0,69.76,2006.0
2023-08,11440,마포구,연립다세대,매매,80,2,0,0,0,0,40000.0,3517.0,37.79,2009.0
2023-08,11440,마포구,연립다세대,전월세,628,0,322,306,423,131,15000.0,1485.0,35.43,2009.0
2023-08,11470,양천구,아파트,매매,186,6,0,0,0,0,105750.0,4775.0,78.54,2000.0
2023-08,11470,양천구,아파트,전월세,1195,0,857,338,679,244,26458.0,1278.0,72.1,2001.0
2023-08,11470,양천구,연립다세대,매매,91,3,0,0,0,0,25800.0,1794.0,44.39,2006.0
2023-08,11470,양천구,연립다세대,전월세,489,0,289,200,313,98,14000.0,1056.0,41.31,2008.0
2023-08,11500,강서구,아파트,매매,191,7,0,0,0,0,71000.0,3625.0,67.56,2003.0
2023-08,11500,강서구,아파트,전월세,1168,0,709,459,684,286,30000.0,1661.0,63.24,2004.0
2023-08,11500,강서구,연립다세대,매매,175,6,0,0,0,0,23500.0,1904.0,42.05,2009.0
2023-08,11500,강서구,연립다세대,전월세,866,0,513,353,557,141,14250.0,1054.0,38.69,2010.0
2023-08,11530,구로구,아파트,매매,154,7,0,0,0,0,69750.0,3170.0,71.33,2002.0
2023-08,11530,구로구,아파트,전월세,960,0,519,441,596,140,19091.0,879.0,62.7,2006.0
2023-08,11530,구로구,연립다세대,매매,56,8,0,0,0,0,27500.0,2102.0,46.79,2007.0
2023-08,11530,구로구,연립다세대,전월세,317,0,157,160,182,43,10000.0,671.0,44.67,2006.0
2023-08,11545,금천구,아파트,매매,56,1,0,0,0,0,52650.0,2518.0,68.31,2002.0
2023-08,11545,금천구,아파트,전월세,344,0,168,176,213,90,22500.0,1253.0,59.35,2008.0
2023-08,11545,금천구,연립다세대,매매,81,3,0,0,0,0,27300.0,2162.0,45.86,2011.0
2023-08,11545,금천구,연립다세대,전월세,250,0,128,122,180,31,14250.0,1022.0,35.31,2014.0
2023-08,11560,영등포구,아파트,매매,184,12,0,0,0,0,95000.0,4464.0,76.72,2001.0
2023-08,11560,영등포구,아파트,전월세,992,0,557,435,653,195,31550.0,1655.0,63.67,2004.0
2023-08,11560,영등포구,연립다세대,매매,35,2,0,0,0,0,30000.0,3196.0,37.84,2010.0
2023-08,11560,영등포구,연립다세대,전월세,308,0,121,187,220,50,15500.0,1885.0,31.12,2015.0
2023-08,11590,동작구,아파트,매매,136,4,0,0,0,0,110000.0,4633.0,79.15,2004.0
2023-08,11590,동작구,아파트,전월세,725,0,451,274,415,210,46700.0,1988.0,73.87,2005.0
2023-08,11590,동작구,연립다세대,매매,121,15,0,0,0,0,32500.0,2978.0,45.32,2007.0
2023-08,11590,동작구,연립다세대,전월세,462,0,212,250,318,75,14500.0,1234.0,40.03,2009.0
2023-08,11620,관악구,아파트,매매,113,7,0,0,0,0,75500.0,3467.0,75.06,2003.0
2023-08,11620,관악구,아파트,전월세,528,0,302,226,300,109,32750.0,1589.0,64.17,2006.0
2023-08,11620,관악구,연립다세대,매매,91,7,0,0,0,0,27000.0,1854.0,50.6,2003.0
2023-08,11620,관악구,연립다세대,전월세,432,0,204,228,274,59,13000.0,1082.0,37.46,2007.0
2023-08,11650,서초구,아파트,매매,195,9,0,0,0,0,223800.0,8015.0,94.33,2004.0
2023-08,11650,서초구,아파트,전월세,1737,0,1040,697,1209,330,52000.0,2217.0,78.94,2008.0
2023-08,11650,서초구,연립다세대,매매,67,5,0,0,0,0,55000.0,4639.0,45.31,2006.0
2023-08,11650,서초구,연립다세대,전월세,609,0,347,262,413,120,25000.0,1906.0,43.55,2010.0
2023-08,11680,강남구,아파트,매매,267,14,0,0,0,0,213000.0,9002.0,87.14,1999.0
2023-08,11680,강남구,아파트,전월세,2127,0,1173,954,1329,542,52500.0,2508.0,76.59,2006.0
2023-08,11680,강남구,연립다세대,매매,56,3,0,0,0,0,58000.0,4371.0,44.63,2009.0
2023-08,11680,강남구,연립다세대,전월세,569,0,259,310,404,88,17325.0,1607.0,43.09,2007.0
2023-08,11710,송파구,아파트,매매,262,9,0,0,0,0,164500.0,6360.0,80.7,2004.0
2023-08,11710,송파구,아파트,전월세,1419,0,909,510,756,485,50000.0,2161.0,78.67,2001.0
2023-08,11710,송파구,연립다세대,매매,98,17,0,0,0,0,34700.0,2593.0,44.68,2006.0
2023-08,11710,송파구,연립다세대,전월세,1400,0,551,849,826,316,15000.0,1252.0,40.52,2009.0
2023-08,11740,강동구,아파트,매매,219,12,0,0,0,0,105000.0,4843.0,70.57,2010.0
2023-08,11740,강동구,아파트,전월세,1403,0,719,684,696,284,30000.0,1569.0,59.48,2011.0
2023-08,11740,강동구,연립다세대,매매,92,9,0,0,0,0,32101.0,2742.0,43.06,2011.0
2023-08,11740,강동구,연립다세대,전월세,679,0,351,328,394,157,18000.0,1508.0,37.44,2013.0
2023-09,11110,종로구,아파트,매매,44,4,0,0,0,0,92750.0,3772.0,74.62,2006.0
2023-09,11110,종로구,아파트,전월세,219,0,106,113,148,49,23590.0,1731.0,65.92,2010.0
2023-09,11110,종로구,연립다세대,매매,28,0,0,0,0,0,40950.0,2234.0,63.4,2003.0
2023-09,11110,종로구,연립다세대,전월세,156,0,78,78,94,25,13000.0,895.0,59.56,2001.0
2023-09,11140,중구,아파트,매매,53,4,0,0,0,0,107000.0,4646.0,75.81,2006.0
2023-09,11140,중구,아파트,전월세,363,0,168,195,235,57,30000.0,1985.0,61.54,2010.0
2023-09,11140,중구,연립다세대,매매,12,0,0,0,0,0,35025.0,3325.0,40.88,2011.0
2023-09,11140,중구,연립다세대,전월세,110,0,61,49,66,18,17250.0,1378.0,41.65,2006.0
2023-09,11170,용산구,아파트,매매,60,6,0,0,0,0,158250.0,6596.0,94.86,2000.0
2023-09,11170,용산구,아파트,전월세,505,0,293,212,303,126,48000.0,1876.0,88.94,2000.0
2023-09,11170,용산구,연립다세대,매매,37,0,0,0,0,0,52000.0,5056.0,39.71,2009.0
2023-09,11170,용산구,연립다세대,전월세,372,0,259,113,253,71,20000.0,1705.0,44.69,2009.0
2023-09,11200,성동구,아파트,매매,168,7,0,0,0,0,133250.0,5953.0,79.14,2006.0
2023-09,11200,성동구,아파트,전월세,766,0,472,294,466,162,50000.0,2139.0,74.42,2005.0
2023-09,11200,성동구,연립다세대,매매,20,1,0,0,0,0,45000.0,3393.0,38.6,2008.0
2023-09,11200,성동구,연립다세대,전월세,148,0,102,46,95,25,21000.0,1635.0,36.89,2009.0
2023-09,11215,광진구,아파트,매매,75,5,0,0,0,0,112000.0,5433.0,76.73,2000.0
2023-09,11215,광진구,아파트,전월세,352,0,227,125,235,87,47125.0,2279.0,73.1,2001.0
2023-09,11215,광진구,연립다세대,매매,77,7,0,0,0,0,40000.0,2616.0,50.77,2008.0
2023-09,11215,광진구,연립다세대,전월세,614,0,362,252,416,115,20000.0,1749.0,37.65,2012.0
2023-09,11230,동대문구,아파트,매매,128,4,0,0,0,0,80000.0,3644.0,71.35,2007.0
2023-09,11230,동대문구,아파트,전월세,615,0,357,258,399,110,33000.0,1601.0,69.36,2008.0
2023-09,11230,동대문구,연립다세대,매매,23,5,0,0,0,0,33000.0,2627.0,45.66,2010.0
2023-09,11230,동대문구,연립다세대,전월세,221,0,133,88,142,26,16500.0,1893.0,36.94,2014.0
2023-09,11260,중랑구,아파트,매매,99,5,0,0,0,0,59500.0,2821.0,74.19,2001.0
2023-09,11260,중랑구,아파트,전월세,505,0,319,186,322,99,27000.0,1556.0,61.42,2005.0
2023-09,11260,중랑구,연립다세대,매매,86,12,0,0,0,0,30450.0,2495.0,42.88,2012.0
2023-09,11260,중랑구,연립다세대,전월세,452,0,270,182,299,73,18000.0,1441.0,38.94,2014.0
2023-09,11290,성북구,아파트,매매,180,8,0,0,0,0,76750.0,3352.0,75.53,2007.0
2023-09,11290,성북구,아파트,전월세,766,0,470,296,418,180,34000.0,1649.0,67.57,2007.0
2023-09,11290,성북구,연립다세대,매매,47,2,0,0,0,0,33000.0,2567.0,46.3,2006.0
2023-09,11290,성북구,연립다세대,전월세,318,0,178,140,206,64,14987.0,997.0,44.91,2010.0
2023-09,11305,강북구,아파트,매매,49,3,0,0,0,0,65300.0,2770.0,74.63,2005.0
2023-09,11305,강북구,아파트,전월세,287,0,152,135,161,56,26000.0,1287.0,61.78,2008.0
2023-09,11305,강북구,연립다세대,매매,121,11,0,0,0,0,19000.0,1411.0,47.71,2003.0
2023-09,11305,강북구,연립다세대,전월세,281,0,155,126,196,42,10750.0,834.0,45.9,2004.0
2023-09,11320,도봉구,아파트,매매,101,6,0,0,0,0,51000.0,2421.0,69.12,1994.0
2023-09,11320,도봉구,아파트,전월세,473,0,300,173,268,120,20000.0,1212.0,65.19,1994.0
2023-09,11320,도봉구,연립다세대,매매,75,6,0,0,0,0,19500.0,1311.0,49.01,2003.0
2023-09,11320,도봉구,연립다세대,전월세,201,0,130,71,125,27,12000.0,878.0,43.93,2003.0
2023-09,11350,노원구,아파트,매매,254,10,0,0,0,0,57000.0,3243.0,62.66,1994.0
2023-09,11350,노원구,아파트,전월세,1697,0,1081,616,1023,388,20000.0,1311.0,59.64,1994.0
2023-09,11350,노원구,연립다세대,매매,49,2,0,0,0,0,18500.0,1715.0,42.75,2003.0
2023-09,11350,노원구,연립다세대,전월세,144,0,79,65,89,20,12000.0,892.0,47.82,2006.0
2023-09,11380,은평구,아파트,매매,120,7,0,0,0,0,77400.0,3726.0,68.65,2013.0
2023-09,11380,은평구,아파트,전월세,863,0,556,307,588,122,35000.0,1496.0,69.79,2013.0
2023-09,11380,은평구,연립다세대,매매,158,16,0,0,0,0,25000.0,1805.0,48.89,2007.0
2023-09,11380,은평구,연립다세대,전월세,677,0,415,262,426,112,14000.0,1039.0,43.99,2007.0
2023-09,11410,서대문구,아파트,매매,142,4,0,0,0,0,83000.0,3848.0,77.03,2006.0
2023-09,11410,서대문구,아파트,전월세,560,0,326,234,365,100,35000.0,1677.0,69.63,2008.0
2023-09,11410,서대문구,연립다세대,매매,60,4,0,0,0,0,25000.0,1770.0,52.76,2001.0
2023-09,11410,서대문구,연립다세대,전월세,275,0,140,135,197,27,12000.0,869.0,46.18,2005.0
2023-09,11440,마포구,아파트,매매,141,3,0,0,0,0,118500.0,5141.0,77.16,2007.0
2023-09,11440,마포구,아파트,전월세,903,0,518,385,530,227,37000.0,1836.0,67.09,2006.0
2023-09,11440,마포구,연립다세대,매매,114,11,0,0,0,0,41500.0,3596.0,51.72,2003.0
2023-09,11440,마포구,연립다세대,전월세,575,0,320,255,367,131,17000.0,1414.0,38.25,2007.0
2023-09,11470,양천구,아파트,매매,175,5,0,0,0,0,120000.0,5511.0,78.71,1998.0
2023-09,11470,양천구,아파트,전월세,992,0,655,337,631,218,36875.0,1816.0,71.13,1999.0
2023-09,11470,양천구,연립다세대,매매,125,6,0,0,0,0,25000.0,2314.0,40.83,2009.0
2023-09,11470,양천구,연립다세대,전월세,504,0,313,191,313,112,14600.0,1067.0,40.56,2008.0
2023-09,11500,강서구,아파트,매매,191,7,0,0,0,0,72000.0,3540.0,71.41,2002.0
2023-09,11500,강서구,아파트,전월세,1157,0,785,372,723,233,30870.0,1751.0,63.6,2003.0
2023-09,11500,강서구,연립다세대,매매,188,15,0,0,0,0,24300.0,1926.0,39.65,2009.0
2023-09,11500,강서구,연립다세대,전월세,814,0,489,325,503,138,14495.0,1035.0,39.13,2010.0
2023-09,11530,구로구,아파트,매매,144,7,0,0,0,0,65250.0,2916.0,69.77,2001.0
2023-09,11530,구로구,아파트,전월세,878,0,530,348,552,159,20660.0,1009.0,66.51,2005.0
2023-09,11530,구로구,연립다세대,매매,99,2,0,0,0,0,26300.0,1980.0,44.14,2009.0
2023-09,11530,구로구,연립다세대,전월세,278,0,137,141,171,32,10000.0,763.0,45.15,2004.0
2023-09,11545,금천구,아파트,매매,54,2,0,0,0,0,56000.0,2577.0,72.67,2004.0
2023-09,11545,금천구,아파트,전월세,268,0,138,130,155,76,19423.0,1245.0,56.91,2007.0
2023-09,11545,금천구,연립다세대,매매,63,4,0,0,0,0,25800.0,2206.0,41.82,2012.0
2023-09,11545,금천구,연립다세대,전월세,213,0,117,96,142,37,15000.0,1230.0,38.16,2011.0
2023-09,11560,영등포구,아파트,매매,176,8,0,0,0,0,100000.0,4490.0,78.02,2001.0
2023-09,11560,영등포구,아파트,전월세,856,0,568,288,516,204,40000.0,1929.0,72.48,2003.0
2023-09,11560,영등포구,연립다세대,매매,60,1,0,0,0,0,26900.0,2515.0,26.27,2015.0
2023-09,11560,영등포구,연립다세대,전월세,281,0,121,160,186,62,17000.0,1700.0,32.34,2014.0
2023-09,11590,동작구,아파트,매매,122,7,0,0,0,0,105000.0,4326.0,80.42,2004.0
2023-09,11590,동작구,아파트,전월세,660,0,440,220,422,147,46000.0,2110.0,75.45,2005.0
2023-09,11590,동작구,연립다세대,매매,105,6,0,0,0,0,34100.0,2571.0,46.35,2006.0
2023-09,11590,동작구,연립다세대,전월세,409,0,207,202,288,51,18000.0,1384.0,41.26,2009.0
2023-09,11620,관악구,아파트,매매,110,2,0,0,0,0,74000.0,3443.0,75.8,2004.0
2023-09,11620,관악구,아파트,전월세,498,0,277,221,255,98,26625.0,1448.0,61.12,2005.0
2023-09,11620,관악구,연립다세대,매매,111,4,0,0,0,0,25000.0,1715.0,49.99,2001.0
2023-09,11620,관악구,연립다세대,전월세,440,0,211,229,280,63,13250.0,1119.0,38.31,2007.0
2023-09,11650,서초구,아파트,매매,147,12,0,0,0,0,227000.0,8719.0,92.07,2006.0
2023-09,11650,서초구,아파트,전월세,1449,0,866,583,1056,258,70000.0,2801.0,87.27,2007.0
2023-09,11650,서초구,연립다세대,매매,66,6,0,0,0,0,62500.0,4948.0,54.16,2003.0
2023-09,11650,서초구,연립다세대,전월세,571,0,323,248,372,120,24000.0,1855.0,45.17,2009.0
2023-09,11680,강남구,아파트,매매,196,11,0,0,0,0,200000.0,8380.0,83.25,2001.0
2023-09,11680,강남구,아파트,전월세,2064,0,1135,929,1271,480,60000.0,2630.0,77.12,2005.0
2023-09,11680,강남구,연립다세대,매매,46,1,0,0,0,0,37250.0,5127.0,32.18,2011.0
2023-09,11680,강남구,연립다세대,전월세,557,0,229,328,383,103,15750.0,1464.0,41.48,2007.0
2023-09,11710,송파구,아파트,매매,261,6,0,0,0,0,154000.0,6036.0,82.29,2002.0
2023-09,11710,송파구,아파트,전월세,1566,0,992,574,876,466,50000.0,2209.0,77.79,2002.0
2023-09,11710,송파구,연립다세대,매매,120,3,0,0,0,0,34525.0,2768.0,43.39,2009.0
2023-09,11710,송파구,연립다세대,전월세,1371,0,545,826,835,303,15000.0,1317.0,40.2,2009.0
2023-09,11740,강동구,아파트,매매,181,6,0,0,0,0,100000.0,4667.0,71.95,2006.0
2023-09,11740,강동구,아파트,전월세,1614,0,807,807,975,288,27000.0,1487.0,59.64,2012.0
2023-09,11740,강동구,연립다세대,매매,99,7,0,0,0,0,33000.0,2797.0,43.76,2011.0
2023-09,11740,강동구,연립다세대,전월세,659,0,348,311,427,122,17800.0,1451.0,40.28,2012.0
2023-10,11110,종로구,아파트,매매,28,1,0,0,0,0,96000.0,3329.0,72.56,2009.0
2023-10,11110,종로구,아파트,전월세,196,0,109,87,137,38,32000.0,1868.0,65.5,2008.0
2023-10,11110,종로구,연립다세대,매매,21,1,0,0,0,0,45000.0,2288.0,70.51,2002.0
2023-10,11110,종로구,연립다세대,전월세,187,0,88,99,150,23,14000.0,987.0,58.06,2002.0
2023-10,11140,중구,아파트,매매,39,4,0,0,0,0,100000.0,4259.0,70.51,2005.0
2023-10,11140,중구,아파트,전월세,332,0,171,161,213,69,44000.0,2002.0,70.15,2010.0
2023-10,11140,중구,연립다세대,매매,16,2,0,0,0,0,29000.0,2788.0,50.01,2007.0
2023-10,11140,중구,연립다세대,전월세,114,0,49,65,73,24,15000.0,1147.0,41.36,2007.0
2023-10,11170,용산구,아파트,매매,62,2,0,0,0,0,191500.0,7034.0,103.58,2000.0
2023-10,11170,용산구,아파트,전월세,466,0,278,188,301,114,49000.0,2053.0,88.98,2000.0
2023-10,11170,용산구,연립다세대,매매,32,2,0,0,0,0,57500.0,5138.0,43.91,2007.0
2023-10,11170,용산구,연립다세대,전월세,429,0,325,104,312,74,21000.0,1816.0,42.43,2008.0
2023-10,11200,성동구,아파트,매매,93,8,0,0,0,0,129000.0,5447.0,82.19,2004.0
2023-10,11200,성동구,아파트,전월세,872,0,540,332,507,253,49000.0,2196.0,75.8,2004.0
2023-10,11200,성동구,연립다세대,매매,26,1,0,0,0,0,37850.0,3059.0,37.64,2005.0
2023-10,11200,성동구,연립다세대,전월세,204,0,134,70,139,41,16250.0,1453.0,36.81,2008.0
2023-10,11215,광진구,아파트,매매,38,5,0,0,0,0,139000.0,4978.0,100.68,2000.0
2023-10,11215,광진구,아파트,전월세,463,0,275,188,286,139,50000.0,2297.0,74.29,2003.0
2023-10,11215,광진구,연립다세대,매매,86,6,0,0,0,0,37900.0,2655.0,49.97,2008.0
2023-10,11215,광진구,연립다세대,전월세,712,0,392,320,461,150,19000.0,1627.0,37.81,2011.0
2023-10,11230,동대문구,아파트,매매,86,7,0,0,0,0,76250.0,3499.0,70.86,2007.0
2023-10,11230,동대문구,아파트,전월세,619,0,360,259,397,133,35000.0,1729.0,70.0,2008.0
2023-10,11230,동대문구,연립다세대,매매,30,0,0,0,0,0,34346.0,2209.0,49.49,2005.0
2023-10,11230,동대문구,연립다세대,전월세,228,0,128,100,151,42,15250.0,1370.0,36.42,2013.0
2023-10,11260,중랑구,아파트,매매,69,4,0,0,0,0,59900.0,3171.0,64.28,2003.0
2023-10,11260,중랑구,아파트,전월세,623,0,320,303,391,146,22000.0,1390.0,59.63,2007.0
2023-10,11260,중랑구,연립다세대,매매,84,5,0,0,0,0,27500.0,2070.0,44.35,2007.0
2023-10,11260,중랑구,연립다세대,전월세,376,0,227,149,252,81,17000.0,1518.0,38.32,2012.0
2023-10,11290,성북구,아파트,매매,128,8,0,0,0,0,74600.0,3304.0,75.45,2005.0
2023-10,11290,성북구,아파트,전월세,752,0,476,276,443,212,38000.0,1738.0,72.82,2007.0
2023-10,11290,성북구,연립다세대,매매,57,6,0,0,0,0,31000.0,2159.0,48.31,2011.0
2023-10,11290,성북구,연립다세대,전월세,387,0,219,168,253,66,14000.0,1008.0,42.2,2010.0
2023-10,11305,강북구,아파트,매매,85,2,0,0,0,0,34700.0,2956.0,53.01,2014.0
2023-10,11305,강북구,아파트,전월세,247,0,150,97,117,105,26000.0,1363.0,67.23,2006.0
2023-10,11305,강북구,연립다세대,매매,116,6,0,0,0,0,23400.0,1621.0,45.6,2007.0
2023-10,11305,강북구,연립다세대,전월세,282,0,162,120,178,48,11000.0,850.0,44.01,2003.0
2023-10,11320,도봉구,아파트,매매,82,4,0,0,0,0,49125.0,2337.0,70.65,1995.0
2023-10,11320,도봉구,아파트,전월세,526,0,344,182,319,138,20000.0,1220.0,63.38,1994.0
2023-10,11320,도봉구,연립다세대,매매,59,3,0,0,0,0,19000.0,1220.0,49.44,2003.0
2023-10,11320,도봉구,연립다세대,전월세,235,0,140,95,150,33,10600.0,812.0,44.96,2003.0
2023-10,11350,노원구,아파트,매매,193,10,0,0,0,0,53000.0,3173.0,59.73,1995.0
2023-10,11350,노원구,아파트,전월세,1772,0,1170,602,1008,490,20000.0,1298.0,59.46,1994.0
2023-10,11350,노원구,연립다세대,매매,21,4,0,0,0,0,19500.0,1546.0,47.52,1997.0
2023-10,11350,노원구,연립다세대,전월세,161,0,86,75,109,26,11762.0,970.0,42.97,2005.0
2023-10,11380,은평구,아파트,매매,98,3,0,0,0,0,65000.0,3108.0,72.86,2008.0
2023-10,11380,은평구,아파트,전월세,941,0,583,358,593,172,33700.0,1487.0,69.79,2013.0
2023-10,11380,은평구,연립다세대,매매,140,10,0,0,0,0,26050.0,1933.0,46.12,2006.0
2023-10,11380,은평구,연립다세대,전월세,748,0,443,305,492,118,13000.0,981.0,44.13,2007.0
2023-10,11410,서대문구,아파트,매매,76,0,0,0,0,0,78000.0,3707.0,77.55,2005.0
2023-10,11410,서대문구,아파트,전월세,596,0,361,235,368,140,40000.0,1752.0,72.14,2007.0
2023-10,11410,서대문구,연립다세대,매매,44,0,0,0,0,0,28500.0,1717.0,49.78,2004.0
2023-10,11410,서대문구,연립다세대,전월세,315,0,155,160,225,33,11600.0,852.0,45.45,2005.0
2023-10,11440,마포구,아파트,매매,82,0,0,0,0,0,109400.0,4635.0,74.35,2007.0
2023-10,11440,마포구,아파트,전월세,1049,0,573,476,623,276,37000.0,1839.0,70.39,2006.0
2023-10,11440,마포구,연립다세대,매매,128,5,0,0,0,0,34650.0,3211.0,40.32,2008.0
2023-10,11440,마포구,연립다세대,전월세,609,0,321,288,416,126,15500.0,1405.0,36.68,2008.0
2023-10,11470,양천구,아파트,매매,103,6,0,0,0,0,118500.0,5050.0,80.77,1997.0
2023-10,11470,양천구,아파트,전월세,1208,0,798,410,733,309,39000.0,1856.0,76.47,1999.0
2023-10,11470,양천구,연립다세대,매매,121,7,0,0,0,0,27500.0,2066.0,42.83,2009.0
2023-10,11470,양천구,연립다세대,전월세,546,0,341,205,347,116,14000.0,1027.0,42.24,2007.0
2023-10,11500,강서구,아파트,매매,125,4,0,0,0,0,67500.0,3192.0,67.3,2005.0
2023-10,11500,강서구,아파트,전월세,1327,0,856,471,793,316,30000.0,1737.0,62.73,2005.0
2023-10,11500,강서구,연립다세대,매매,201,17,0,0,0,0,22000.0,1583.0,42.91,2006.0
2023-10,11500,강서구,연립다세대,전월세,815,0,461,354,536,143,13800.0,1007.0,39.38,2009.0
2023-10,11530,구로구,아파트,매매,117,5,0,0,0,0,60000.0,2906.0,68.44,1998.0
2023-10,11530,구로구,아파트,전월세,967,0,547,420,614,169,20000.0,1091.0,64.31,2004.0
2023-10,11530,구로구,연립다세대,매매,91,5,0,0,0,0,25100.0,1959.0,43.16,2010.0
2023-10,11530,구로구,연립다세대,전월세,347,0,172,175,220,50,10000.0,723.0,44.63,2004.0
2023-10,11545,금천구,아파트,매매,46,1,0,0,0,0,57450.0,2803.0,71.13,2005.0
2023-10,11545,금천구,아파트,전월세,302,0,163,139,192,72,22000.0,1275.0,59.42,2006.0
2023-10,11545,금천구,연립다세대,매매,65,5,0,0,0,0,25500.0,2048.0,44.17,2010.0
2023-10,11545,금천구,연립다세대,전월세,262,0,114,148,189,43,12000.0,901.0,39.2,2011.0
2023-10,11560,영등포구,아파트,매매,109,8,0,0,0,0,93500.0,4441.0,72.12,2000.0
2023-10,11560,영등포구,아파트,전월세,871,0,553,318,518,214,40000.0,1887.0,75.65,2000.0
2023-10,11560,영등포구,연립다세대,매매,61,0,0,0,0,0,39500.0,4736.0,33.36,2012.0
2023-10,11560,영등포구,연립다세대,전월세,330,0,163,167,209,72,18500.0,1833.0,32.69,2014.0
2023-10,11590,동작구,아파트,매매,91,6,0,0,0,0,106800.0,4170.0,76.32,2005.0
2023-10,11590,동작구,아파트,전월세,787,0,528,259,480,202,49000.0,2148.0,76.41,2005.0
2023-10,11590,동작구,연립다세대,매매,135,8,0,0,0,0,38200.0,2587.0,49.45,2006.0
2023-10,11590,동작구,연립다세대,전월세,460,0,251,209,320,71,18000.0,1357.0,42.22,2009.0
2023-10,11620,관악구,아파트,매매,69,1,0,0,0,0,76000.0,3153.0,77.96,2003.0
2023-10,11620,관악구,아파트,전월세,542,0,330,212,301,145,35550.0,1694.0,67.41,2004.0
2023-10,11620,관악구,연립다세대,매매,118,2,0,0,0,0,30750.0,2094.0,48.12,2008.0
2023-10,11620,관악구,연립다세대,전월세,497,0,249,248,319,73,13000.0,1129.0,40.17,2007.0
2023-10,11650,서초구,아파트,매매,87,5,0,0,0,0,195000.0,7079.0,93.0,2003.0
2023-10,11650,서초구,아파트,전월세,1695,0,949,746,1181,330,60000.0,2529.0,82.22,2007.0
2023-10,11650,서초구,연립다세대,매매,57,2,0,0,0,0,59000.0,4223.0,54.35,2004.0
2023-10,11650,서초구,연립다세대,전월세,700,0,369,331,473,147,23000.0,1842.0,46.49,2008.0
2023-10,11680,강남구,아파트,매매,138,9,0,0,0,0,220000.0,8954.0,91.7,2001.0
2023-10,11680,강남구,아파트,전월세,2327,0,1324,1003,1534,563,64750.0,2728.0,80.53,2003.0
2023-10,11680,강남구,연립다세대,매매,32,2,0,0,0,0,48500.0,4624.0,42.37,2009.0
2023-10,11680,강남구,연립다세대,전월세,677,0,291,386,451,110,15000.0,1557.0,40.4,2008.0
2023-10,11710,송파구,아파트,매매,146,7,0,0,0,0,165500.0,6131.0,86.94,2002.0
2023-10,11710,송파구,아파트,전월세,1829,0,1086,743,1054,553,50000.0,2093.0,78.83,2002.0
2023-10,11710,송파구,연립다세대,매매,79,7,0,0,0,0,32500.0,2217.0,48.72,2004.0
2023-10,11710,송파구,연립다세대,전월세,1536,0,583,953,881,380,15000.0,1283.0,40.12,2008.0
2023-10,11740,강동구,아파트,매매,117,6,0,0,0,0,98500.0,4383.0,74.99,2007.0
2023-10,11740,강동구,아파트,전월세,1495,0,894,601,817,392,39100.0,1945.0,65.51,2011.0
2023-10,11740,강동구,연립다세대,매매,92,8,0,0,0,0,33100.0,3255.0,37.91,2014.0
2023-10,11740,강동구,연립다세대,전월세,692,0,360,332,408,150,17263.0,1593.0,36.47,2013.0
2023-11,11110,종로구,아파트,매매,23,1,0,0,0,0,75500.0,3513.0,64.47,2005.0
2023-11,11110,종로구,아파트,전월세,236,0,128,108,170,29,33750.0,1792.0,74.38,2007.0
2023-11,11110,종로구,연립다세대,매매,23,0,0,0,0,0,35700.0,1962.0,70.1,2002.0
2023-11,11110,종로구,연립다세대,전월세,185,0,86,99,130,25,12000.0,1000.0,49.82,2002.0
2023-11,11140,중구,아파트,매매,37,6,0,0,0,0,82000.0,3939.0,73.35,2006.0
2023-11,11140,중구,아파트,전월세,312,0,168,144,193,77,39000.0,2206.0,67.04,2010.0
2023-11,11140,중구,연립다세대,매매,15,0,0,0,0,0,30000.0,2424.0,44.17,2006.0
2023-11,11140,중구,연립다세대,전월세,112,0,56,56,68,18,15000.0,1132.0,38.67,2008.0
2023-11,11170,용산구,아파트,매매,40,1,0,0,0,0,174500.0,5735.0,110.45,1998.0
2023-11,11170,용산구,아파트,전월세,464,0,274,190,282,119,50000.0,2141.0,86.18,2002.0
2023-11,11170,용산구,연립다세대,매매,33,2,0,0,0,0,59000.0,5299.0,46.27,2012.0
2023-11,11170,용산구,연립다세대,전월세,366,0,269,97,240,80,20350.0,1869.0,40.14,2010.0
2023-11,11200,성동구,아파트,매매,79,5,0,0,0,0,133000.0,5529.0,81.0,2004.0
2023-11,11200,성동구,아파트,전월세,844,0,530,314,500,228,50000.0,2213.0,76.09,2005.0
2023-11,11200,성동구,연립다세대,매매,29,1,0,0,0,0,50000.0,4777.0,43.2,2015.0
2023-11,11200,성동구,연립다세대,전월세,202,0,117,85,140,34,15000.0,1423.0,35.64,2009.0
2023-11,11215,광진구,아파트,매매,36,0,0,0,0,0,117500.0,4867.0,87.69,1998.0
2023-11,11215,광진구,아파트,전월세,426,0,272,154,255,136,54000.0,2337.0,77.08,2000.0
2023-11,11215,광진구,연립다세대,매매,97,4,0,0,0,0,37000.0,3441.0,43.07,2013.0
2023-11,11215,광진구,연립다세대,전월세,661,0,330,331,432,141,17017.0,1664.0,35.1,2012.0
2023-11,11230,동대문구,아파트,매매,92,1,0,0,0,0,44975.0,4305.0,50.74,2013.0
2023-11,11230,동대문구,아파트,전월세,622,0,359,263,387,133,35000.0,1750.0,68.63,2009.0
2023-11,11230,동대문구,연립다세대,매매,31,4,0,0,0,0,31000.0,2858.0,40.87,2010.0
2023-11,11230,동대문구,연립다세대,전월세,250,0,120,130,159,50,13250.0,1341.0,34.55,2013.0
2023-11,11260,중랑구,아파트,매매,54,3,0,0,0,0,59600.0,3011.0,58.78,2005.0
2023-11,11260,중랑구,아파트,전월세,814,0,582,232,582,132,38000.0,1743.0,68.64,2012.0
2023-11,11260,중랑구,연립다세대,매매,89,2,0,0,0,0,29500.0,2774.0,41.52,2013.0
2023-11,11260,중랑구,연립다세대,전월세,446,0,258,188,292,91,16500.0,1581.0,37.46,2014.0
2023-11,11290,성북구,아파트,매매,141,13,0,0,0,0,72500.0,3252.0,75.32,1999.0
2023-11,11290,성북구,아파트,전월세,745,0,487,258,453,175,40000.0,1765.0,72.36,2008.0
2023-11,11290,성북구,연립다세대,매매,78,9,0,0,0,0,35750.0,2770.0,54.87,2013.0
2023-11,11290,성북구,연립다세대,전월세,397,0,189,208,265,63,10000.0,925.0,41.71,2009.0
2023-11,11305,강북구,아파트,매매,37,1,0,0,0,0,60000.0,2784.0,74.45,2005.0
2023-11,11305,강북구,아파트,전월세,252,0,154,98,148,79,28000.0,1380.0,66.78,2006.0
2023-11,11305,강북구,연립다세대,매매,108,5,0,0,0,0,22150.0,1444.0,48.71,2005.0
2023-11,11305,강북구,연립다세대,전월세,254,0,148,106,176,40,10000.0,796.0,43.47,2004.0
2023-11,11320,도봉구,아파트,매매,61,7,0,0,0,0,49500.0,2451.0,66.92,1995.0
2023-11,11320,도봉구,아파트,전월세,554,0,360,194,332,120,21000.0,1273.0,63.96,1994.0
2023-11,11320,도봉구,연립다세대,매매,65,2,0,0,0,0,17800.0,1189.0,46.53,2002.0
2023-11,11320,도봉구,연립다세대,전월세,235,0,127,108,154,34,10000.0,793.0,44.63,2003.0
2023-11,11350,노원구,아파트,매매,154,5,0,0,0,0,55000.0,3071.0,63.22,1996.0
2023-11,11350,노원구,아파트,전월세,1740,0,1049,691,987,514,20000.0,1305.0,57.11,1996.0
2023-11,11350,노원구,연립다세대,매매,25,1,0,0,0,0,25000.0,1761.0,53.41,2002.0
2023-11,11350,노원구,연립다세대,전월세,158,0,64,94,105,32,6150.0,641.0,33.23,2006.0
2023-11,11380,은평구,아파트,매매,66,9,0,0,0,0,67000.0,3336.0,72.42,2010.0
2023-11,11380,은평구,아파트,전월세,608,0,404,204,377,123,35000.0,1675.0,66.67,2012.0
2023-11,11380,은평구,연립다세대,매매,142,9,0,0,0,0,25000.0,1817.0,45.58,2006.0
2023-11,11380,은평구,연립다세대,전월세,693,0,404,289,492,77,13000.0,961.0,43.22,2007.0
2023-11,11410,서대문구,아파트,매매,54,2,0,0,0,0,78000.0,3546.0,71.88,2005.0
2023-11,11410,서대문구,아파트,전월세,663,0,416,247,374,167,42000.0,1761.0,70.6,2007.0
2023-11,11410,서대문구,연립다세대,매매,48,2,0,0,0,0,29750.0,1915.0,51.99,2004.0
2023-11,11410,서대문구,연립다세대,전월세,319,0,138,181,225,39,10000.0,808.0,42.72,2007.0
2023-11,11440,마포구,아파트,매매,63,5,0,0,0,0,121000.0,4909.0,80.35,2006.0
2023-11,11440,마포구,아파트,전월세,947,0,562,385,528,277,45000.0,2031.0,69.6,2005.0
2023-11,11440,마포구,연립다세대,매매,97,6,0,0,0,0,38000.0,2904.0,44.22,2007.0
2023-11,11440,마포구,연립다세대,전월세,672,0,349,323,482,108,15000.0,1475.0,35.92,2009.0
2023-11,11470,양천구,아파트,매매,114,3,0,0,0,0,129000.0,5585.0,84.15,1997.0
2023-11,11470,양천구,아파트,전월세,1064,0,726,338,630,315,45000.0,2069.0,77.3,1997.0
2023-11,11470,양천구,연립다세대,매매,79,4,0,0,0,0,26000.0,2251.0,44.07,2006.0
2023-11,11470,양천구,연립다세대,전월세,456,0,267,189,309,82,15000.0,1072.0,40.78,2007.0
2023-11,11500,강서구,아파트,매매,100,6,0,0,0,0,65000.0,3282.0,66.84,2002.0
2023-11,11500,강서구,아파트,전월세,1287,0,792,495,714,353,26300.0,1657.0,63.93,2006.0
2023-11,11500,강서구,연립다세대,매매,197,8,0,0,0,0,22000.0,1711.0,41.35,2007.0
2023-11,11500,강서구,연립다세대,전월세,819,0,474,345,563,131,14000.0,995.0,39.39,2010.0
2023-11,11530,구로구,아파트,매매,87,6,0,0,0,0,60000.0,2950.0,65.42,2003.0
2023-11,11530,구로구,아파트,전월세,716,0,442,274,449,150,28300.0,1370.0,67.09,2003.0
2023-11,11530,구로구,연립다세대,매매,111,5,0,0,0,0,26600.0,2163.0,42.42,2013.0
2023-11,11530,구로구,연립다세대,전월세,287,0,150,137,202,32,11000.0,853.0,42.34,2006.0
2023-11,11545,금천구,아파트,매매,33,1,0,0,0,0,48800.0,2566.0,67.05,2003.0
2023-11,11545,금천구,아파트,전월세,302,0,176,126,214,56,24500.0,1367.0,60.06,2006.0
2023-11,11545,금천구,연립다세대,매매,42,4,0,0,0,0,23750.0,2128.0,43.0,2011.0
2023-11,11545,금천구,연립다세대,전월세,212,0,111,101,130,39,13500.0,1146.0,37.84,2011.0
2023-11,11560,영등포구,아파트,매매,83,8,0,0,0,0,97000.0,4406.0,76.51,2003.0
2023-11,11560,영등포구,아파트,전월세,898,0,556,342,543,220,40000.0,1931.0,72.23,2001.0
2023-11,11560,영등포구,연립다세대,매매,98,3,0,0,0,0,33100.0,3230.0,29.22,2016.0
2023-11,11560,영등포구,연립다세대,전월세,290,0,129,161,190,50,18000.0,1821.0,32.08,2014.0
2023-11,11590,동작구,아파트,매매,56,1,0,0,0,0,86500.0,3978.0,67.54,2003.0
2023-11,11590,동작구,아파트,전월세,715,0,490,225,393,196,50000.0,2156.0,77.03,2005.0
2023-11,11590,동작구,연립다세대,매매,86,8,0,0,0,0,38000.0,2390.0,48.69,2006.0
2023-11,11590,동작구,연립다세대,전월세,492,0,246,246,358,63,16000.0,1241.0,40.49,2009.0
2023-11,11620,관악구,아파트,매매,43,3,0,0,0,0,72000.0,3306.0,70.43,2005.0
2023-11,11620,관악구,아파트,전월세,505,0,299,206,301,104,33000.0,1654.0,62.92,2004.0
2023-11,11620,관악구,연립다세대,매매,96,5,0,0,0,0,27750.0,1874.0,46.52,2005.0
2023-11,11620,관악구,연립다세대,전월세,427,0,195,232,278,65,13000.0,1097.0,38.4,2008.0
2023-11,11650,서초구,아파트,매매,76,2,0,0,0,0,193500.0,7083.0,101.12,2003.0
2023-11,11650,서초구,아파트,전월세,1353,0,823,530,896,326,65000.0,2755.0,85.94,2007.0
2023-11,11650,서초구,연립다세대,매매,57,2,0,0,0,0,53000.0,4201.0,51.79,2008.0
2023-11,11650,서초구,연립다세대,전월세,592,0,278,314,380,131,20569.0,1756.0,43.15,2009.0
2023-11,11680,강남구,아파트,매매,114,6,0,0,0,0,189500.0,7665.0,83.35,2001.0
2023-11,11680,강남구,아파트,전월세,2474,0,1286,1188,1607,612,60000.0,2727.0,79.72,2003.0
2023-11,11680,강남구,연립다세대,매매,37,5,0,0,0,0,46000.0,4300.0,38.58,2007.0
2023-11,11680,강남구,연립다세대,전월세,618,0,265,353,407,109,16000.0,1526.0,42.0,2007.0
2023-11,11710,송파구,아파트,매매,107,2,0,0,0,0,145000.0,6292.0,83.0,2000.0
2023-11,11710,송파구,아파트,전월세,1744,0,1061,683,952,559,53000.0,2288.0,79.22,2002.0
2023-11,11710,송파구,연립다세대,매매,87,6,0,0,0,0,35000.0,2678.0,45.06,2007.0
2023-11,11710,송파구,연립다세대,전월세,1415,0,570,845,825,343,15000.0,1358.0,39.84,2009.0
2023-11,11740,강동구,아파트,매매,82,5,0,0,0,0,88250.0,4369.0,71.22,2009.0
2023-11,11740,강동구,아파트,전월세,1338,0,831,507,698,338,41000.0,1929.0,69.38,2009.0
2023-11,11740,강동구,연립다세대,매매,106,8,0,0,0,0,28750.0,2416.0,40.55,2010.0
2023-11,11740,강동구,연립다세대,전월세,628,0,304,324,401,129,18000.0,1451.0,37.58,2012.0
2023-12,11110,종로구,아파트,매매,19,1,0,0,0,0,98500.0,3511.0,73.85,2010.0
2023-12,11110,종로구,아파트,전월세,223,0,105,118,167,45,23500.0,1874.0,55.34,2011.0
2023-12,11110,종로구,연립다세대,매매,28,6,0,0,0,0,46780.0,2933.0,79.04,2008.0
2023-12,11110,종로구,연립다세대,전월세,213,0,83,130,150,36,10000.0,904.0,46.53,2003.0
2023-12,11140,중구,아파트,매매,37,1,0,0,0,0,84500.0,4274.0,65.54,2009.0
2023-12,11140,중구,아파트,전월세,319,0,164,155,209,63,43000.0,2140.0,65.17,2010.0
2023-12,11140,중구,연립다세대,매매,34,0,0,0,0,0,30000.0,3160.0,29.5,2008.0
2023-12,11140,중구,연립다세대,전월세,176,0,80,96,127,21,12000.0,1091.0,33.39,2008.0
2023-12,11170,용산구,아파트,매매,31,2,0,0,0,0,170000.0,5846.0,100.39,1999.0
2023-12,11170,용산구,아파트,전월세,545,0,329,216,343,121,50000.0,2178.0,86.62,2002.0
2023-12,11170,용산구,연립다세대,매매,48,3,0,0,0,0,56250.0,5596.0,41.28,2015.0
2023-12,11170,용산구,연립다세대,전월세,390,0,269,121,285,70,20000.0,2064.0,36.25,2012.0
2023-12,11200,성동구,아파트,매매,79,4,0,0,0,0,120000.0,5027.0,76.57,2004.0
2023-12,11200,성동구,아파트,전월세,865,0,536,329,528,221,55000.0,2335.0,76.56,2006.0
2023-12,11200,성동구,연립다세대,매매,15,2,0,0,0,0,35000.0,4898.0,37.13,2013.0
2023-12,11200,성동구,연립다세대,전월세,213,0,107,106,157,32,13000.0,1308.0,31.98,2010.0
2023-12,11215,광진구,아파트,매매,47,6,0,0,0,0,107500.0,5015.0,79.15,2004.0
2023-12,11215,광진구,아파트,전월세,430,0,261,169,267,127,50000.0,2336.0,74.06,2002.0
2023-12,11215,광진구,연립다세대,매매,81,4,0,0,0,0,34200.0,2585.0,43.85,2011.0
2023-12,11215,광진구,연립다세대,전월세,668,0,275,393,459,115,15000.0,1583.0,32.98,2013.0
2023-12,11230,동대문구,아파트,매매,71,2,0,0,0,0,72500.0,3682.0,60.97,2009.0
2023-12,11230,동대문구,아파트,전월세,711,0,380,331,498,132,30000.0,1681.0,61.73,2011.0
2023-12,11230,동대문구,연립다세대,매매,32,2,0,0,0,0,28950.0,3441.0,35.85,2009.0
2023-12,11230,동대문구,연립다세대,전월세,356,0,155,201,268,44,9000.0,950.0,30.94,2013.0
2023-12,11260,중랑구,아파트,매매,56,3,0,0,0,0,54250.0,2697.0,66.06,2002.0
2023-12,11260,중랑구,아파트,전월세,670,0,364,306,465,96,24000.0,1438.0,58.93,2010.0
2023-12,11260,중랑구,연립다세대,매매,71,3,0,0,0,0,28000.0,2735.0,37.62,2014.0
2023-12,11260,중랑구,연립다세대,전월세,371,0,192,179,249,75,16000.0,1631.0,35.93,2015.0
2023-12,11290,성북구,아파트,매매,104,5,0,0,0,0,72000.0,3130.0,76.21,2004.0
2023-12,11290,성북구,아파트,전월세,908,0,531,377,556,237,40000.0,1753.0,68.97,2009.0
2023-12,11290,성북구,연립다세대,매매,73,2,0,0,0,0,25000.0,2599.0,41.33,2009.0
2023-12,11290,성북구,연립다세대,전월세,470,0,200,270,352,52,9500.0,760.0,38.26,2011.0
2023-12,11305,강북구,아파트,매매,39,1,0,0,0,0,60500.0,2782.0,65.73,2008.0
2023-12,11305,강북구,아파트,전월세,289,0,128,161,201,60,14000.0,794.0,59.18,2009.0
2023-12,11305,강북구,연립다세대,매매,85,2,0,0,0,0,19900.0,1443.0,47.06,2003.0
2023-12,11305,강북구,연립다세대,전월세,218,0,117,101,160,24,11495.0,815.0,41.65,2008.0
2023-12,11320,도봉구,아파트,매매,49,3,0,0,0,0,53800.0,2412.0,69.19,1996.0
2023-12,11320,도봉구,아파트,전월세,526,0,335,191,336,121,21000.0,1209.0,65.53,1994.0
2023-12,11320,도봉구,연립다세대,매매,43,3,0,0,0,0,19500.0,1390.0,43.21,2006.0
2023-12,11320,도봉구,연립다세대,전월세,212,0,127,85,147,21,10400.0,770.0,46.25,2006.0
2023-12,11350,노원구,아파트,매매,150,7,0,0,0,0,52900.0,3029.0,63.97,1995.0
2023-12,11350,노원구,아파트,전월세,1758,0,1128,630,1064,413,20000.0,1329.0,59.17,1994.0
2023-12,11350,노원구,연립다세대,매매,9,1,0,0,0,0,20000.0,1482.0,48.46,2003.0
2023-12,11350,노원구,연립다세대,전월세,245,0,65,180,188,20,2000.0,273.0,31.01,2009.0
2023-12,11380,은평구,아파트,매매,61,2,0,0,0,0,68500.0,3175.0,71.57,2010.0
2023-12,11380,은평구,아파트,전월세,923,0,440,483,602,137,20000.0,1171.0,61.08,2015.0
2023-12,11380,은평구,연립다세대,매매,124,5,0,0,0,0,26500.0,1972.0,44.83,2007.0
2023-12,11380,은평구,연립다세대,전월세,643,0,363,280,444,98,13500.0,1024.0,42.09,2008.0
2023-12,11410,서대문구,아파트,매매,70,4,0,0,0,0,80750.0,3689.0,75.96,2006.0
2023-12,11410,서대문구,아파트,전월세,759,0,417,342,481,165,39100.0,1816.0,66.72,2009.0
2023-12,11410,서대문구,연립다세대,매매,40,2,0,0,0,0,22425.0,1511.0,47.55,2002.0
2023-12,11410,서대문구,연립다세대,전월세,414,0,148,266,317,37,5500.0,614.0,38.7,2008.0
2023-12,11440,마포구,아파트,매매,67,4,0,0,0,0,106700.0,4960.0,74.88,2005.0
2023-12,11440,마포구,아파트,전월세,1116,0,598,518,698,274,40000.0,1985.0,68.97,2008.0
2023-12,11440,마포구,연립다세대,매매,64,4,0,0,0,0,31900.0,2486.0,42.25,2004.0
2023-12,11440,마포구,연립다세대,전월세,683,0,310,373,520,103,13000.0,1349.0,33.96,2009.0
2023-12,11470,양천구,아파트,매매,82,5,0,0,0,0,111500.0,5486.0,78.86,1998.0
2023-12,11470,양천구,아파트,전월세,1041,0,696,345,542,355,45000.0,2124.0,75.22,1997.0
2023-12,11470,양천구,연립다세대,매매,71,2,0,0,0,0,23900.0,1809.0,42.08,2005.0
2023-12,11470,양천구,연립다세대,전월세,410,0,224,186,298,64,13300.0,1072.0,40.68,2008.0
2023-12,11500,강서구,아파트,매매,102,4,0,0,0,0,70250.0,3695.0,69.69,2001.0
2023-12,11500,강서구,아파트,전월세,1294,0,713,581,684,369,26380.0,1583.0,59.06,2007.0
2023-12,11500,강서구,연립다세대,매매,192,14,0,0,0,0,23400.0,2127.0,40.49,2010.0
2023-12,11500,강서구,연립다세대,전월세,643,0,350,293,432,103,13000.0,1018.0,37.95,2010.0
2023-12,11530,구로구,아파트,매매,78,6,0,0,0,0,63250.0,2874.0,69.81,2001.0
2023-12,11530,구로구,아파트,전월세,982,0,637,345,653,155,23829.0,1111.0,67.82,2005.0
2023-12,11530,구로구,연립다세대,매매,67,2,0,0,0,0,24000.0,1546.0,48.28,2006.0
2023-12,11530,구로구,연립다세대,전월세,301,0,143,158,209,26,12000.0,773.0,45.34,2008.0
2023-12,11545,금천구,아파트,매매,33,0,0,0,0,0,56250.0,2357.0,70.71,2002.0
2023-12,11545,금천구,아파트,전월세,283,0,179,104,187,65,26936.0,1406.0,61.82,2006.0
2023-12,11545,금천구,연립다세대,매매,71,9,0,0,0,0,25000.0,2472.0,36.72,2013.0
2023-12,11545,금천구,연립다세대,전월세,248,0,91,157,154,27,12750.0,1024.0,32.25,2015.0
2023-12,11560,영등포구,아파트,매매,77,4,0,0,0,0,97300.0,4279.0,80.78,2004.0
2023-12,11560,영등포구,아파트,전월세,985,0,622,363,571,244,45000.0,1949.0,71.84,2003.0
2023-12,11560,영등포구,연립다세대,매매,34,0,0,0,0,0,34400.0,3679.0,33.88,2013.0
2023-12,11560,영등포구,연립다세대,전월세,424,0,129,295,327,51,5000.0,705.0,35.11,2017.0
2023-12,11590,동작구,아파트,매매,77,5,0,0,0,0,103000.0,4393.0,71.94,2007.0
2023-12,11590,동작구,아파트,전월세,875,0,478,397,517,206,45000.0,2004.0,70.39,2007.0
2023-12,11590,동작구,연립다세대,매매,73,13,0,0,0,0,35000.0,2578.0,44.37,2005.0
2023-12,11590,동작구,연립다세대,전월세,606,0,265,341,464,78,14000.0,1232.0,36.4,2012.0
2023-12,11620,관악구,아파트,매매,47,1,0,0,0,0,60000.0,3143.0,60.77,2003.0
2023-12,11620,관악구,아파트,전월세,609,0,312,297,379,104,26000.0,1441.0,61.08,2004.0
2023-12,11620,관악구,연립다세대,매매,112,7,0,0,0,0,23025.0,2215.0,40.87,2009.0
2023-12,11620,관악구,연립다세대,전월세,526,0,197,329,366,55,11217.0,1031.0,34.9,2010.0
2023-12,11650,서초구,아파트,매매,73,2,0,0,0,0,210000.0,7285.0,93.37,2004.0
2023-12,11650,서초구,아파트,전월세,1558,0,880,678,986,417,65000.0,2612.0,84.62,2006.0
2023-12,11650,서초구,연립다세대,매매,53,2,0,0,0,0,53000.0,4608.0,44.04,2009.0
2023-12,11650,서초구,연립다세대,전월세,551,0,260,291,380,105,21000.0,1749.0,43.9,2010.0
2023-12,11680,강남구,아파트,매매,94,7,0,0,0,0,192250.0,8360.0,84.43,2001.0
2023-12,11680,강남구,아파트,전월세,3443,0,1626,1817,2520,666,50000.0,2313.0,74.98,2007.0
2023-12,11680,강남구,연립다세대,매매,19,2,0,0,0,0,41500.0,5434.0,45.85,2006.0
2023-12,11680,강남구,연립다세대,전월세,652,0,280,372,432,114,16000.0,1593.0,39.12,2008.0
2023-12,11710,송파구,아파트,매매,138,2,0,0,0,0,156500.0,6186.0,81.96,2002.0
2023-12,11710,송파구,아파트,전월세,2756,0,1673,1083,1719,703,40000.0,1858.0,73.92,2007.0
2023-12,11710,송파구,연립다세대,매매,110,4,0,0,0,0,35350.0,2756.0,42.72,2008.0
2023-12,11710,송파구,연립다세대,전월세,1284,0,469,815,819,276,13650.0,1257.0,38.96,2009.0
2023-12,11740,강동구,아파트,매매,109,4,0,0,0,0,109500.0,4901.0,75.39,2008.0
2023-12,11740,강동구,아파트,전월세,1587,0,865,722,1005,365,39900.0,1870.0,67.72,2011.0
2023-12,11740,강동구,연립다세대,매매,99,2,0,0,0,0,32000.0,2504.0,38.08,2013.0
2023-12,11740,강동구,연립다세대,전월세,593,0,283,310,376,115,17000.0,1460.0,37.48,2013.0
2024-01,11110,종로구,아파트,매매,19,1,0,0,0,0,80000.0,3698.0,72.43,2008.0
2024-01,11110,종로구,아파트,전월세,234,0,111,123,174,43,35000.0,1785.0,62.34,2009.0
2024-01,11110,종로구,연립다세대,매매,19,1,0,0,0,0,36400.0,2077.0,73.41,2000.0
2024-01,11110,종로구,연립다세대,전월세,226,0,87,139,156,38,9750.0,843.0,45.61,2004.0
2024-01,11140,중구,아파트,매매,40,2,0,0,0,0,107000.0,4382.0,76.16,2008.0
2024-01,11140,중구,아파트,전월세,398,0,180,218,266,95,27150.0,1761.0,64.5,2009.0
2024-01,11140,중구,연립다세대,매매,12,0,0,0,0,0,31500.0,3228.0,50.44,2006.0
2024-01,11140,중구,연립다세대,전월세,177,0,56,121,135,22,5000.0,484.0,33.25,2008.0
2024-01,11170,용산구,아파트,매매,41,6,0,0,0,0,180000.0,7206.0,102.4,2000.0
2024-01,11170,용산구,아파트,전월세,563,0,361,202,359,154,53300.0,2178.0,90.29,2001.0
2024-01,11170,용산구,연립다세대,매매,26,0,0,0,0,0,67750.0,5022.0,43.93,2013.0
2024-01,11170,용산구,연립다세대,전월세,467,0,310,157,350,74,22400.0,1884.0,42.89,2011.0
2024-01,11200,성동구,아파트,매매,119,4,0,0,0,0,117000.0,5458.0,76.9,2006.0
2024-01,11200,성동구,아파트,전월세,966,0,562,404,590,278,50000.0,2232.0,72.61,2006.0
2024-01,11200,성동구,연립다세대,매매,14,3,0,0,0,0,50500.0,5306.0,39.22,2013.0
2024-01,11200,성동구,연립다세대,전월세,260,0,126,134,216,25,15000.0,1250.0,34.7,2010.0
2024-01,11215,광진구,아파트,매매,59,0,0,0,0,0,119500.0,4975.0,89.68,2000.0
2024-01,11215,광진구,아파트,전월세,420,0,263,157,248,150,52000.0,2348.0,77.05,2000.0
2024-01,11215,광진구,연립다세대,매매,127,7,0,0,0,0,34000.0,2819.0,43.07,2011.0
2024-01,11215,광진구,연립다세대,전월세,802,0,331,471,566,156,14500.0,1391.0,33.75,2013.0
2024-01,11230,동대문구,아파트,매매,105,4,0,0,0,0,72500.0,3578.0,64.47,2008.0
2024-01,11230,동대문구,아파트,전월세,817,0,442,375,574,165,30000.0,1675.0,62.26,2010.0
2024-01,11230,동대문구,연립다세대,매매,59,4,0,0,0,0,34700.0,4149.0,37.1,2016.0
2024-01,11230,동대문구,연립다세대,전월세,391,0,150,241,284,63,5000.0,643.0,30.32,2014.0
2024-01,11260,중랑구,아파트,매매,76,6,0,0,0,0,57500.0,2819.0,64.76,2001.0
2024-01,11260,중랑구,아파트,전월세,685,0,380,305,480,138,22500.0,1499.0,58.91,2007.0
2024-01,11260,중랑구,연립다세대,매매,69,9,0,0,0,0,27000.0,2353.0,41.78,2011.0
2024-01,11260,중랑구,연립다세대,전월세,489,0,256,233,358,95,17000.0,1657.0,35.95,2015.0
2024-01,11290,성북구,아파트,매매,131,7,0,0,0,0,74000.0,3311.0,75.18,2007.0
2024-01,11290,성북구,아파트,전월세,878,0,508,370,550,231,38000.0,1759.0,67.14,2009.0
2024-01,11290,성북구,연립다세대,매매,51,1,0,0,0,0,27500.0,1763.0,52.91,2008.0
2024-01,11290,성북구,연립다세대,전월세,551,0,263,288,414,68,10000.0,955.0,36.43,2012.0
2024-01,11305,강북구,아파트,매매,40,1,0,0,0,0,59850.0,2669.0,69.24,2005.0
2024-01,11305,강북구,아파트,전월세,290,0,171,119,184,87,26000.0,1466.0,59.2,2009.0
2024-01,11305,강북구,연립다세대,매매,94,7,0,0,0,0,21100.0,1544.0,47.29,2005.0
2024-01,11305,강북구,연립다세대,전월세,262,0,142,120,203,34,10600.0,811.0,41.41,2008.0
2024-01,11320,도봉구,아파트,매매,91,7,0,0,0,0,49200.0,2373.0,65.53,1995.0
2024-01,11320,도봉구,아파트,전월세,617,0,366,251,406,144,18000.0,1207.0,59.91,1995.0
2024-01,11320,도봉구,연립다세대,매매,67,2,0,0,0,0,17300.0,1252.0,48.37,2003.0
2024-01,11320,도봉구,연립다세대,전월세,219,0,102,117,168,20,10400.0,835.0,42.26,2008.0
2024-01,11350,노원구,아파트,매매,188,5,0,0,0,0,52000.0,3025.0,61.21,1995.0
2024-01,11350,노원구,아파트,전월세,1852,0,1207,645,1085,506,20000.0,1347.0,57.16,1994.0
2024-01,11350,노원구,연립다세대,매매,30,1,0,0,0,0,31504.0,1790.0,52.07,2009.0
2024-01,11350,노원구,연립다세대,전월세,239,0,82,157,184,34,3000.0,484.0,30.0,2009.0
2024-01,11380,은평구,아파트,매매,89,3,0,0,0,0,73800.0,3497.0,68.94,2011.0
2024-01,11380,은평구,아파트,전월세,730,0,447,283,448,149,32350.0,1557.0,64.97,2012.0
2024-01,11380,은평구,연립다세대,매매,157,10,0,0,0,0,26000.0,2208.0,45.46,2011.0
2024-01,11380,은평구,연립다세대,전월세,701,0,389,312,499,112,14500.0,1082.0,41.47,2009.0
2024-01,11410,서대문구,아파트,매매,94,2,0,0,0,0,78350.0,3792.0,72.79,2006.0
2024-01,11410,서대문구,아파트,전월세,752,0,433,319,432,232,40000.0,1902.0,67.16,2010.0
2024-01,11410,서대문구,연립다세대,매매,39,3,0,0,0,0,30700.0,2235.0,52.81,2007.0
2024-01,11410,서대문구,연립다세대,전월세,452,0,168,284,338,69,6000.0,638.0,38.18,2007.0
2024-01,11440,마포구,아파트,매매,118,7,0,0,0,0,115000.0,5253.0,75.76,2006.0
2024-01,11440,마포구,아파트,전월세,1137,0,576,561,701,318,40000.0,1984.0,67.16,2007.0
2024-01,11440,마포구,연립다세대,매매,78,1,0,0,0,0,32750.0,3107.0,38.5,2008.0
2024-01,11440,마포구,연립다세대,전월세,835,0,405,430,626,150,14900.0,1491.0,33.28,2009.0
2024-01,11470,양천구,아파트,매매,112,5,0,0,0,0,88500.0,3949.0,76.03,2002.0
2024-01,11470,양천구,아파트,전월세,1027,0,680,347,532,377,40000.0,1953.0,74.28,1997.0
2024-01,11470,양천구,연립다세대,매매,97,6,0,0,0,0,25000.0,1806.0,45.0,2006.0
2024-01,11470,양천구,연립다세대,전월세,477,0,234,243,345,86,13000.0,972.0,40.52,2007.0
2024-01,11500,강서구,아파트,매매,134,7,0,0,0,0,69250.0,3621.0,67.61,2002.0
2024-01,11500,강서구,아파트,전월세,1358,0,789,569,806,340,27400.0,1750.0,59.93,2005.0
2024-01,11500,강서구,연립다세대,매매,197,11,0,0,0,0,24000.0,2022.0,42.87,2010.0
2024-01,11500,강서구,연립다세대,전월세,884,0,491,393,643,129,14500.0,1012.0,38.68,2010.0
2024-01,11530,구로구,아파트,매매,134,3,0,0,0,0,60000.0,2812.0,71.82,2000.0
2024-01,11530,구로구,아파트,전월세,921,0,505,416,582,201,27000.0,1398.0,63.27,2004.0
2024-01,11530,구로구,연립다세대,매매,113,7,0,0,0,0,25650.0,2167.0,43.48,2011.0
2024-01,11530,구로구,연립다세대,전월세,281,0,125,156,208,47,9000.0,708.0,40.64,2007.0
2024-01,11545,금천구,아파트,매매,44,1,0,0,0,0,52900.0,2519.0,71.03,2003.0
2024-01,11545,금천구,아파트,전월세,282,0,165,117,204,62,26000.0,1284.0,64.88,2005.0
2024-01,11545,금천구,연립다세대,매매,92,7,0,0,0,0,27200.0,2545.0,40.3,2014.0
2024-01,11545,금천구,연립다세대,전월세,258,0,120,138,197,32,13550.0,1171.0,35.91,2013.0
2024-01,11560,영등포구,아파트,매매,113,4,0,0,0,0,96000.0,4401.0,73.53,2003.0
2024-01,11560,영등포구,아파트,전월세,1216,0,719,497,673,407,38775.0,1866.0,69.97,2004.0
2024-01,11560,영등포구,연립다세대,매매,51,3,0,0,0,0,37000.0,4200.0,32.02,2018.0
2024-01,11560,영등포구,연립다세대,전월세,398,0,175,223,259,102,17000.0,2028.0,30.94,2015.0
2024-01,11590,동작구,아파트,매매,138,9,0,0,0,0,90000.0,4488.0,68.01,2006.0
2024-01,11590,동작구,아파트,전월세,926,0,523,403,563,218,45000.0,2019.0,67.69,2008.0
2024-01,11590,동작구,연립다세대,매매,102,10,0,0,0,0,38500.0,2891.0,46.95,2007.0
2024-01,11590,동작구,연립다세대,전월세,670,0,269,401,505,103,12050.0,1069.0,36.57,2011.0
2024-01,11620,관악구,아파트,매매,72,2,0,0,0,0,67400.0,3372.0,67.01,2003.0
2024-01,11620,관악구,아파트,전월세,603,0,314,289,382,143,30000.0,1605.0,60.69,2005.0
2024-01,11620,관악구,연립다세대,매매,83,5,0,0,0,0,28500.0,2112.0,41.81,2009.0
2024-01,11620,관악구,연립다세대,전월세,567,0,212,355,428,62,12000.0,998.0,36.32,2009.0
2024-01,11650,서초구,아파트,매매,100,5,0,0,0,0,226500.0,7718.0,85.91,2003.0
2024-01,11650,서초구,아파트,전월세,1352,0,768,584,898,360,60000.0,2533.0,79.25,2006.0
2024-01,11650,서초구,연립다세대,매매,61,2,0,0,0,0,43000.0,4182.0,39.29,2010.0
2024-01,11650,서초구,연립다세대,전월세,746,0,354,392,530,142,22000.0,1705.0,42.9,2010.0
2024-01,11680,강남구,아파트,매매,183,12,0,0,0,0,198000.0,8407.0,87.49,1999.0
2024-01,11680,강남구,아파트,전월세,2458,0,1431,1027,1641,627,57100.0,2686.0,79.09,2003.0
2024-01,11680,강남구,연립다세대,매매,58,3,0,0,0,0,62860.0,4996.0,44.4,2006.0
2024-01,11680,강남구,연립다세대,전월세,698,0,285,413,528,115,15000.0,1433.0,40.68,2008.0
2024-01,11710,송파구,아파트,매매,207,4,0,0,0,0,145000.0,6228.0,82.53,2002.0
2024-01,11710,송파구,아파트,전월세,2204,0,1250,954,1230,719,47000.0,2033.0,74.1,2005.0
2024-01,11710,송파구,연립다세대,매매,115,2,0,0,0,0,37000.0,2704.0,43.87,2008.0
2024-01,11710,송파구,연립다세대,전월세,1521,0,550,971,1036,330,15000.0,1351.0,39.33,2009.0
2024-01,11740,강동구,아파트,매매,136,4,0,0,0,0,109750.0,4888.0,71.57,2009.0
2024-01,11740,강동구,아파트,전월세,1520,0,890,630,912,393,40000.0,1910.0,68.31,2010.0
2024-01,11740,강동구,연립다세대,매매,91,5,0,0,0,0,34500.0,2873.0,41.33,2012.0
2024-01,11740,강동구,연립다세대,전월세,711,0,341,370,448,157,18000.0,1551.0,36.14,2013.0
2024-02,11110,종로구,아파트,매매,21,1,0,0,0,0,60000.0,3114.0,73.99,2004.0
2024-02,11110,종로구,아파트,전월세,173,0,77,96,124,46,25000.0,1410.0,66.01,2004.0
2024-02,11110,종로구,연립다세대,매매,29,3,0,0,0,0,38000.0,2262.0,63.33,2005.0
2024-02,11110,종로구,연립다세대,전월세,197,0,83,114,157,33,10000.0,764.0,49.92,2002.0
2024-02,11140,중구,아파트,매매,40,1,0,0,0,0,96700.0,4359.0,68.57,2004.0
2024-02,11140,중구,아파트,전월세,372,0,203,169,255,103,40000.0,2161.0,64.66,2010.0
2024-02,11140,중구,연립다세대,매매,12,1,0,0,0,0,32750.0,3186.0,41.21,2009.0
2024-02,11140,중구,연립다세대,전월세,198,0,71,127,161,33,6252.0,707.0,34.81,2007.0
2024-02,11170,용산구,아파트,매매,55,7,0,0,0,0,179000.0,6436.0,104.25,2001.0
2024-02,11170,용산구,아파트,전월세,501,0,299,202,331,155,50000.0,2188.0,87.35,2001.0
2024-02,11170,용산구,연립다세대,매매,56,2,0,0,0,0,57000.0,4641.0,60.9,2006.0
2024-02,11170,용산구,연립다세대,전월세,461,0,316,145,340,110,22000.0,1773.0,43.61,2009.0
2024-02,11200,성동구,아파트,매매,115,6,0,0,0,0,136000.0,5588.0,78.5,2006.0
2024-02,11200,성동구,아파트,전월세,844,0,532,312,522,289,54000.0,2363.0,73.96,2006.0
2024-02,11200,성동구,연립다세대,매매,16,4,0,0,0,0,36250.0,3080.0,41.49,2005.0
2024-02,11200,성동구,연립다세대,전월세,231,0,126,105,185,42,16000.0,1309.0,38.56,2010.0
2024-02,11215,광진구,아파트,매매,64,2,0,0,0,0,115200.0,4898.0,84.6,2000.0
2024-02,11215,광진구,아파트,전월세,388,0,247,141,223,160,52000.0,2344.0,75.97,2001.0
2024-02,11215,광진구,연립다세대,매매,114,12,0,0,0,0,35500.0,2970.0,42.85,2011.0
2024-02,11215,광진구,연립다세대,전월세,825,0,379,446,628,182,17500.0,1567.0,35.31,2012.0
2024-02,11230,동대문구,아파트,매매,117,11,0,0,0,0,72000.0,3552.0,65.37,2008.0
2024-02,11230,동대문구,아파트,전월세,701,0,374,327,508,175,30000.0,1677.0,59.98,2010.0
2024-02,11230,동대문구,연립다세대,매매,33,0,0,0,0,0,35000.0,2539.0,45.64,2010.0
2024-02,11230,동대문구,연립다세대,전월세,338,0,108,230,261,64,5000.0,553.0,31.86,2013.0
2024-02,11260,중랑구,아파트,매매,66,2,0,0,0,0,58600.0,2728.0,65.1,2003.0
2024-02,11260,중랑구,아파트,전월세,869,0,477,392,642,206,16182.0,822.0,61.76,2009.0
2024-02,11260,중랑구,연립다세대,매매,69,6,0,0,0,0,29000.0,2526.0,40.53,2014.0
2024-02,11260,중랑구,연립다세대,전월세,496,0,219,277,383,98,16000.0,1482.0,36.78,2014.0
2024-02,11290,성북구,아파트,매매,152,7,0,0,0,0,74500.0,3212.0,75.01,2006.0
2024-02,11290,성북구,아파트,전월세,774,0,475,299,478,271,40000.0,1764.0,69.35,2008.0
2024-02,11290,성북구,연립다세대,매매,65,3,0,0,0,0,30000.0,2271.0,42.85,2010.0
2024-02,11290,성북구,연립다세대,전월세,489,0,222,267,395,80,10000.0,810.0,40.83,2010.0
2024-02,11305,강북구,아파트,매매,43,2,0,0,0,0,61000.0,2693.0,74.03,2005.0
2024-02,11305,강북구,아파트,전월세,282,0,153,129,208,68,20500.0,1284.0,56.28,2009.0
2024-02,11305,강북구,연립다세대,매매,78,7,0,0,0,0,22000.0,1494.0,47.49,2006.0
2024-02,11305,강북구,연립다세대,전월세,291,0,138,153,247,41,8500.0,709.0,40.64,2004.0
2024-02,11320,도봉구,아파트,매매,81,3,0,0,0,0,48000.0,2233.0,71.6,1994.0
2024-02,11320,도봉구,아파트,전월세,533,0,338,195,349,164,20000.0,1217.0,61.96,1994.0
2024-02,11320,도봉구,연립다세대,매매,76,8,0,0,0,0,18750.0,1291.0,49.0,2003.0
2024-02,11320,도봉구,연립다세대,전월세,216,0,108,108,175,36,9850.0,719.0,44.75,2008.0
2024-02,11350,노원구,아파트,매매,207,14,0,0,0,0,54000.0,3079.0,61.18,1996.0
2024-02,11350,노원구,아파트,전월세,1667,0,1031,636,1045,568,20000.0,1301.0,58.58,1994.0
2024-02,11350,노원구,연립다세대,매매,30,1,0,0,0,0,30500.0,1819.0,53.2,2004.0
2024-02,11350,노원구,연립다세대,전월세,215,0,84,131,180,29,5000.0,568.0,36.14,2008.0
2024-02,11380,은평구,아파트,매매,107,6,0,0,0,0,74000.0,3321.0,70.83,2012.0
2024-02,11380,은평구,아파트,전월세,767,0,450,317,527,208,30000.0,1558.0,65.63,2012.0
2024-02,11380,은평구,연립다세대,매매,150,14,0,0,0,0,25650.0,1803.0,47.32,2006.0
2024-02,11380,은평구,연립다세대,전월세,721,0,370,351,572,134,13000.0,1026.0,42.43,2008.0
2024-02,11410,서대문구,아파트,매매,83,3,0,0,0,0,84000.0,3933.0,74.2,2007.0
2024-02,11410,서대문구,아파트,전월세,823,0,413,410,499,286,30000.0,1485.0,61.88,2011.0
2024-02,11410,서대문구,연립다세대,매매,38,2,0,0,0,0,22750.0,1699.0,44.54,2003.0
2024-02,11410,서대문구,연립다세대,전월세,411,0,134,277,327,76,6000.0,583.0,40.33,2006.0
2024-02,11440,마포구,아파트,매매,109,2,0,0,0,0,113000.0,5011.0,78.48,2005.0
2024-02,11440,마포구,아파트,전월세,1023,0,493,530,555,444,30000.0,1718.0,62.59,2007.0
2024-02,11440,마포구,연립다세대,매매,52,1,0,0,0,0,37350.0,2705.0,49.13,2004.0
2024-02,11440,마포구,연립다세대,전월세,773,0,362,411,589,171,14200.0,1435.0,35.65,2008.0
2024-02,11470,양천구,아파트,매매,141,6,0,0,0,0,94000.0,4103.0,78.79,2000.0
2024-02,11470,양천구,아파트,전월세,863,0,596,267,481,351,42000.0,2034.0,75.61,1998.0
2024-02,11470,양천구,연립다세대,매매,77,4,0,0,0,0,23000.0,1918.0,41.26,2005.0
2024-02,11470,양천구,연립다세대,전월세,515,0,260,255,358,141,12100.0,945.0,41.48,2006.0
2024-02,11500,강서구,아파트,매매,123,11,0,0,0,0,73500.0,3578.0,68.17,2003.0
2024-02,11500,강서구,아파트,전월세,1088,0,697,391,700,361,30375.0,1822.0,62.53,2004.0
2024-02,11500,강서구,연립다세대,매매,169,7,0,0,0,0,23300.0,1701.0,43.55,2009.0
2024-02,11500,강서구,연립다세대,전월세,889,0,455,434,651,215,13800.0,1002.0,37.92,2010.0
2024-02,11530,구로구,아파트,매매,110,8,0,0,0,0,64000.0,2994.0,68.14,2003.0
2024-02,11530,구로구,아파트,전월세,884,0,480,404,610,239,27000.0,1406.0,61.3,2005.0
2024-02,11530,구로구,연립다세대,매매,116,3,0,0,0,0,27600.0,2262.0,46.21,2011.0
2024-02,11530,구로구,연립다세대,전월세,335,0,175,160,279,40,11970.0,852.0,43.04,2008.0
2024-02,11545,금천구,아파트,매매,40,2,0,0,0,0,59900.0,2637.0,69.16,2006.0
2024-02,11545,금천구,아파트,전월세,303,0,187,116,217,79,26000.0,1441.0,62.29,2005.0
2024-02,11545,금천구,연립다세대,매매,60,6,0,0,0,0,27000.0,2155.0,46.61,2011.0
2024-02,11545,금천구,연립다세대,전월세,283,0,132,151,221,52,13000.0,986.0,36.24,2014.0
2024-02,11560,영등포구,아파트,매매,131,2,0,0,0,0,93000.0,4240.0,73.2,2002.0
2024-02,11560,영등포구,아파트,전월세,1003,0,623,380,611,363,42000.0,1989.0,68.7,2004.0
2024-02,11560,영등포구,연립다세대,매매,33,5,0,0,0,0,31800.0,3558.0,32.32,2018.0
2024-02,11560,영등포구,연립다세대,전월세,403,0,179,224,306,84,17000.0,1912.0,31.74,2014.0
2024-02,11590,동작구,아파트,매매,104,5,0,0,0,0,107500.0,4536.0,75.98,2005.0
2024-02,11590,동작구,아파트,전월세,716,0,426,290,449,250,47000.0,2101.0,73.05,2005.0
2024-02,11590,동작구,연립다세대,매매,90,9,0,0,0,0,35000.0,2530.0,47.32,2006.0
2024-02,11590,동작구,연립다세대,전월세,544,0,240,304,431,97,13000.0,1143.0,37.37,2009.0
2024-02,11620,관악구,아파트,매매,81,3,0,0,0,0,68700.0,2962.0,75.05,2004.0
2024-02,11620,관악구,아파트,전월세,531,0,287,244,350,160,31000.0,1566.0,61.09,2005.0
2024-02,11620,관악구,연립다세대,매매,83,2,0,0,0,0,26000.0,1848.0,49.15,2003.0
2024-02,11620,관악구,연립다세대,전월세,554,0,222,332,455,89,13000.0,1045.0,37.6,2009.0
2024-02,11650,서초구,아파트,매매,106,5,0,0,0,0,202000.0,7389.0,88.41,2004.0
2024-02,11650,서초구,아파트,전월세,1221,0,764,457,821,365,50000.0,2143.0,81.85,2006.0
2024-02,11650,서초구,연립다세대,매매,79,5,0,0,0,0,49500.0,4618.0,52.36,2008.0
2024-02,11650,서초구,연립다세대,전월세,655,0,320,335,471,177,21400.0,1797.0,43.48,2009.0
2024-02,11680,강남구,아파트,매매,169,5,0,0,0,0,213500.0,8945.0,90.92,1997.0
2024-02,11680,강남구,아파트,전월세,1982,0,1019,963,1354,591,53700.0,2543.0,77.34,2004.0
2024-02,11680,강남구,연립다세대,매매,46,1,0,0,0,0,62225.0,5503.0,49.96,2007.0
2024-02,11680,강남구,연립다세대,전월세,759,0,318,441,603,141,15650.0,1433.0,38.85,2008.0
2024-02,11710,송파구,아파트,매매,182,3,0,0,0,0,168750.0,6582.0,84.15,2001.0
2024-02,11710,송파구,아파트,전월세,1833,0,1004,829,1108,683,45000.0,2069.0,71.19,2005.0
2024-02,11710,송파구,연립다세대,매매,76,1,0,0,0,0,34400.0,2877.0,42.24,2009.0
2024-02,11710,송파구,연립다세대,전월세,1572,0,576,996,1012,528,14873.0,1262.0,39.43,2009.0
2024-02,11740,강동구,아파트,매매,157,8,0,0,0,0,100500.0,4711.0,72.6,2009.0
2024-02,11740,강동구,아파트,전월세,1240,0,725,515,764,435,42000.0,1946.0,67.48,2010.0
2024-02,11740,강동구,연립다세대,매매,65,2,0,0,0,0,33000.0,2953.0,38.58,2010.0
2024-02,11740,강동구,연립다세대,전월세,730,0,333,397,510,208,16150.0,1450.0,36.92,2012.0
2024-03,11110,종로구,아파트,매매,31,1,0,0,0,0,106000.0,4357.0,80.17,2005.0
2024-03,11110,종로구,아파트,전월세,185,0,79,106,137,40,28000.0,1559.0,63.69,2006.0
2024-03,11110,종로구,연립다세대,매매,30,1,0,0,0,0,36500.0,2143.0,70.27,1998.0
2024-03,11110,종로구,연립다세대,전월세,203,0,82,121,169,34,10000.0,770.0,53.79,2001.0
2024-03,11140,중구,아파트,매매,74,5,0,0,0,0,105000.0,4585.0,72.36,2008.0
2024-03,11140,중구,아파트,전월세,373,0,188,185,280,71,35000.0,2048.0,66.21,2010.0
2024-03,11140,중구,연립다세대,매매,21,1,0,0,0,0,29300.0,2611.0,44.84,2008.0
2024-03,11140,중구,연립다세대,전월세,105,0,40,65,85,18,10000.0,710.0,39.08,2007.0
2024-03,11170,용산구,아파트,매매,83,7,0,0,0,0,178500.0,7041.0,102.91,2001.0
2024-03,11170,용산구,아파트,전월세,552,0,316,236,379,150,50000.0,1998.0,87.5,2001.0
2024-03,11170,용산구,연립다세대,매매,51,4,0,0,0,0,52000.0,4560.0,50.22,2005.0
2024-03,11170,용산구,연립다세대,전월세,511,0,329,182,385,121,21000.0,1777.0,43.38,2010.0
2024-03,11200,성동구,아파트,매매,224,10,0,0,0,0,127250.0,5704.0,75.09,2007.0
2024-03,11200,성동구,아파트,전월세,951,0,558,393,602,302,50000.0,2236.0,73.68,2005.0
2024-03,11200,성동구,연립다세대,매매,31,0,0,0,0,0,49000.0,5251.0,36.57,2009.0
2024-03,11200,성동구,연립다세대,전월세,225,0,131,94,169,52,17000.0,1432.0,37.91,2007.0
2024-03,11215,광진구,아파트,매매,114,8,0,0,0,0,111250.0,5057.0,79.86,2000.0
2024-03,11215,광진구,아파트,전월세,410,0,271,139,270,127,53000.0,2375.0,78.33,2001.0
2024-03,11215,광진구,연립다세대,매매,125,4,0,0,0,0,39000.0,3017.0,47.73,2010.0
2024-03,11215,광진구,연립다세대,전월세,805,0,390,415,604,195,19700.0,1700.0,36.16,2012.0
2024-03,11230,동대문구,아파트,매매,193,10,0,0,0,0,79000.0,3638.0,69.5,2009.0
2024-03,11230,동대문구,아파트,전월세,769,0,418,351,533,199,31000.0,1662.0,65.48,2009.0
2024-03,11230,동대문구,연립다세대,매매,36,1,0,0,0,0,33850.0,2532.0,43.1,2012.0
2024-03,11230,동대문구,연립다세대,전월세,277,0,147,130,218,56,19000.0,1281.0,38.09,2011.0
2024-03,11260,중랑구,아파트,매매,127,6,0,0,0,0,56000.0,2894.0,65.05,2001.0
2024-03,11260,중랑구,아파트,전월세,825,0,517,308,583,209,16317.0,935.0,59.92,2008.0
2024-03,11260,중랑구,연립다세대,매매,119,9,0,0,0,0,29000.0,2636.0,39.19,2014.0
2024-03,11260,중랑구,연립다세대,전월세,617,0,318,299,479,129,18000.0,1668.0,37.63,2015.0
2024-03,11290,성북구,아파트,매매,213,10,0,0,0,0,72000.0,3228.0,74.08,2006.0
2024-03,11290,성북구,아파트,전월세,1152,0,671,481,822,285,34100.0,1668.0,65.01,2010.0
2024-03,11290,성북구,연립다세대,매매,81,2,0,0,0,0,28500.0,2182.0,49.18,2008.0
2024-03,11290,성북구,연립다세대,전월세,419,0,223,196,332,86,13000.0,972.0,45.51,2008.0
2024-03,11305,강북구,아파트,매매,77,3,0,0,0,0,59000.0,2715.0,71.59,2004.0
2024-03,11305,강북구,아파트,전월세,321,0,163,158,245,73,20000.0,1296.0,57.21,2007.0
2024-03,11305,강북구,연립다세대,매매,117,5,0,0,0,0,21800.0,1476.0,47.6,2005.0
2024-03,11305,강북구,연립다세대,전월세,392,0,218,174,328,63,9745.0,792.0,43.52,2005.0
2024-03,11320,도봉구,아파트,매매,124,9,0,0,0,0,50000.0,2288.0,69.76,1995.0
2024-03,11320,도봉구,아파트,전월세,624,0,415,209,402,190,22000.0,1262.0,62.79,1993.0
2024-03,11320,도봉구,연립다세대,매매,111,5,0,0,0,0,19000.0,1567.0,44.33,2009.0
2024-03,11320,도봉구,연립다세대,전월세,242,0,126,116,196,46,10050.0,825.0,44.05,2006.0
2024-03,11350,노원구,아파트,매매,292,12,0,0,0,0,58000.0,3137.0,66.09,1996.0
2024-03,11350,노원구,아파트,전월세,1875,0,1180,695,1208,568,20000.0,1324.0,57.73,1994.0
2024-03,11350,노원구,연립다세대,매매,42,0,0,0,0,0,25150.0,2171.0,46.23,2008.0
2024-03,11350,노원구,연립다세대,전월세,160,0,87,73,122,36,10500.0,852.0,44.05,2003.0
2024-03,11380,은평구,아파트,매매,194,7,0,0,0,0,73750.0,3386.0,71.65,2012.0
2024-03,11380,은평구,아파트,전월세,1041,0,569,472,700,298,30000.0,1362.0,60.89,2014.0
2024-03,11380,은평구,연립다세대,매매,212,11,0,0,0,0,27250.0,1891.0,47.73,2008.0
2024-03,11380,은평구,연립다세대,전월세,796,0,431,365,637,158,14650.0,1002.0,43.99,2007.0
2024-03,11410,서대문구,아파트,매매,142,3,0,0,0,0,89000.0,4006.0,71.38,2008.0
2024-03,11410,서대문구,아파트,전월세,609,0,366,243,355,220,39000.0,1755.0,67.86,2008.0
2024-03,11410,서대문구,연립다세대,매매,78,1,0,0,0,0,23000.0,1659.0,49.98,2001.0
2024-03,11410,서대문구,연립다세대,전월세,334,0,152,182,266,66,12000.0,872.0,48.89,2004.0
2024-03,11440,마포구,아파트,매매,208,13,0,0,0,0,119750.0,5333.0,73.9,2007.0
2024-03,11440,마포구,아파트,전월세,1232,0,648,584,802,375,33000.0,1817.0,66.17,2006.0
2024-03,11440,마포구,연립다세대,매매,97,8,0,0,0,0,35750.0,2903.0,42.54,2006.0
2024-03,11440,마포구,연립다세대,전월세,772,0,359,413,594,168,13925.0,1252.0,38.24,2006.0
2024-03,11470,양천구,아파트,매매,159,2,0,0,0,0,100000.0,4088.0,79.88,2003.0
2024-03,11470,양천구,아파트,전월세,1018,0,635,383,674,301,39000.0,1872.0,70.46,2000.0
2024-03,11470,양천구,연립다세대,매매,97,2,0,0,0,0,26500.0,2068.0,44.39,2006.0
2024-03,11470,양천구,연립다세대,전월세,640,0,328,312,500,134,12925.0,935.0,40.84,2008.0
2024-03,11500,강서구,아파트,매매,248,7,0,0,0,0,75600.0,3634.0,69.68,2003.0
2024-03,11500,강서구,아파트,전월세,1354,0,869,485,903,369,28000.0,1762.0,60.41,2004.0
2024-03,11500,강서구,연립다세대,매매,257,11,0,0,0,0,21300.0,1848.0,42.01,2008.0
2024-03,11500,강서구,연립다세대,전월세,1076,0,554,522,868,190,13850.0,979.0,39.22,2010.0
2024-03,11530,구로구,아파트,매매,198,18,0,0,0,0,61650.0,2889.0,72.24,2001.0
2024-03,11530,구로구,아파트,전월세,928,0,520,408,648,222,27100.0,1442.0,62.25,2004.0
2024-03,11530,구로구,연립다세대,매매,74,3,0,0,0,0,25375.0,1698.0,46.23,2008.0
2024-03,11530,구로구,연립다세대,전월세,398,0,209,189,327,64,10500.0,799.0,43.19,2005.0
2024-03,11545,금천구,아파트,매매,61,2,0,0,0,0,59000.0,2539.0,70.11,2005.0
2024-03,11545,금천구,아파트,전월세,318,0,194,124,231,77,22000.0,1357.0,58.96,2003.0
2024-03,11545,금천구,연립다세대,매매,79,3,0,0,0,0,24700.0,2288.0,38.97,2013.0
2024-03,11545,금천구,연립다세대,전월세,338,0,166,172,279,55,14000.0,1200.0,37.21,2013.0
2024-03,11560,영등포구,아파트,매매,193,8,0,0,0,0,95000.0,4191.0,75.34,2002.0
2024-03,11560,영등포구,아파트,전월세,1226,0,629,597,746,426,37150.0,1800.0,70.39,2005.0
2024-03,11560,영등포구,연립다세대,매매,71,3,0,0,0,0,30000.0,2985.0,36.71,2015.0
2024-03,11560,영등포구,연립다세대,전월세,362,0,154,208,281,77,18550.0,1998.0,30.07,2014.0
2024-03,11590,동작구,아파트,매매,183,11,0,0,0,0,105000.0,4704.0,77.56,2005.0
2024-03,11590,동작구,아파트,전월세,1035,0,505,530,737,244,40000.0,1879.0,61.64,2011.0
2024-03,11590,동작구,연립다세대,매매,112,8,0,0,0,0,37000.0,2558.0,47.88,2006.0
2024-03,11590,동작구,연립다세대,전월세,585,0,272,313,474,108,13500.0,1202.0,39.81,2009.0
2024-03,11620,관악구,아파트,매매,123,5,0,0,0,0,71300.0,3078.0,73.98,2003.0
2024-03,11620,관악구,아파트,전월세,596,0,340,256,402,171,35000.0,1612.0,64.01,2004.0
2024-03,11620,관악구,연립다세대,매매,97,5,0,0,0,0,28000.0,1855.0,50.03,2004.0
2024-03,11620,관악구,연립다세대,전월세,717,0,254,463,600,109,12000.0,1019.0,37.53,2008.0
2024-03,11650,서초구,아파트,매매,219,7,0,0,0,0,228500.0,8416.0,88.39,2006.0
2024-03,11650,서초구,아파트,전월세,1086,0,649,437,733,317,64500.0,2669.0,83.69,2006.0
2024-03,11650,서초구,연립다세대,매매,99,4,0,0,0,0,58000.0,4731.0,47.48,2010.0
2024-03,11650,서초구,연립다세대,전월세,791,0,412,379,548,231,23000.0,1865.0,44.73,2009.0
2024-03,11680,강남구,아파트,매매,233,9,0,0,0,0,207000.0,8560.0,90.24,2003.0
2024-03,11680,강남구,아파트,전월세,1974,0,1009,965,1413,507,50000.0,2561.0,75.71,2004.0
2024-03,11680,강남구,연립다세대,매매,35,2,0,0,0,0,51000.0,4076.0,44.78,2005.0
2024-03,11680,강남구,연립다세대,전월세,847,0,373,474,657,186,16800.0,1574.0,41.68,2007.0
2024-03,11710,송파구,아파트,매매,327,8,0,0,0,0,155000.0,6110.0,82.86,2004.0
2024-03,11710,송파구,아파트,전월세,2163,0,1173,990,1381,703,44000.0,2042.0,70.92,2006.0
2024-03,11710,송파구,연립다세대,매매,112,14,0,0,0,0,34450.0,2355.0,49.51,2004.0
2024-03,11710,송파구,연립다세대,전월세,2023,0,808,1215,1291,724,15000.0,1348.0,40.4,2008.0
2024-03,11740,강동구,아파트,매매,233,12,0,0,0,0,109500.0,4908.0,73.17,2010.0
2024-03,11740,강동구,아파트,전월세,1603,0,925,678,1158,397,39375.0,1875.0,63.33,2011.0
2024-03,11740,강동구,연립다세대,매매,135,3,0,0,0,0,30000.0,2703.0,37.46,2013.0
2024-03,11740,강동구,연립다세대,전월세,834,0,393,441,607,219,18055.0,1523.0,38.54,2012.0
2024-04,11110,종로구,아파트,매매,33,2,0,0,0,0,100000.0,3892.0,75.59,2006.0
2024-04,11110,종로구,아파트,전월세,135,0,65,70,95,36,30000.0,1832.0,66.96,2006.0
2024-04,11110,종로구,연립다세대,매매,39,4,0,0,0,0,38000.0,2245.0,52.27,2006.0
2024-04,11110,종로구,연립다세대,전월세,169,0,77,92,124,44,12200.0,1005.0,50.87,2002.0
2024-04,11140,중구,아파트,매매,63,4,0,0,0,0,101000.0,4824.0,73.66,2007.0
2024-04,11140,중구,아파트,전월세,308,0,138,170,225,71,27485.0,1660.0,64.02,2009.0
2024-04,11140,중구,연립다세대,매매,14,3,0,0,0,0,30750.0,2702.0,47.88,2011.0
2024-04,11140,중구,연립다세대,전월세,137,0,75,62,110,26,20000.0,1821.0,36.17,2010.0
2024-04,11170,용산구,아파트,매매,75,4,0,0,0,0,166500.0,6654.0,105.99,2003.0
2024-04,11170,용산구,아파트,전월세,709,0,280,429,322,364,20000.0,1355.0,70.52,2008.0
2024-04,11170,용산구,연립다세대,매매,58,0,0,0,0,0,50000.0,4694.0,42.27,2007.0
2024-04,11170,용산구,연립다세대,전월세,436,0,285,151,309,124,22000.0,1735.0,46.8,2008.0
2024-04,11200,성동구,아파트,매매,228,12,0,0,0,0,125450.0,5900.0,75.04,2006.0
2024-04,11200,성동구,아파트,전월세,778,0,463,315,473,261,50250.0,2317.0,75.1,2006.0
2024-04,11200,성동구,연립다세대,매매,23,1,0,0,0,0,50700.0,5430.0,45.05,2005.0
2024-04,11200,성동구,연립다세대,전월세,197,0,130,67,153,44,20100.0,1520.0,33.06,2010.0
2024-04,11215,광진구,아파트,매매,77,3,0,0,0,0,119500.0,5256.0,80.86,2001.0
2024-04,11215,광진구,아파트,전월세,326,0,198,128,212,112,53750.0,2403.0,79.02,2003.0
2024-04,11215,광진구,연립다세대,매매,139,11,0,0,0,0,35000.0,2844.0,45.64,2008.0
2024-04,11215,광진구,연립다세대,전월세,699,0,346,353,508,189,19000.0,1673.0,37.07,2012.0
2024-04,11230,동대문구,아파트,매매,183,13,0,0,0,0,81900.0,3666.0,74.2,2008.0
2024-04,11230,동대문구,아파트,전월세,583,0,343,240,393,162,38000.0,1817.0,65.57,2008.0
2024-04,11230,동대문구,연립다세대,매매,43,2,0,0,0,0,35000.0,2873.0,43.14,2012.0
2024-04,11230,동대문구,연립다세대,전월세,206,0,106,100,162,41,13575.0,1358.0,37.44,2011.0
2024-04,11260,중랑구,아파트,매매,129,9,0,0,0,0,58000.0,2863.0,66.74,2004.0
2024-04,11260,중랑구,아파트,전월세,559,0,289,270,350,188,21000.0,1447.0,56.52,2007.0
2024-04,11260,중랑구,연립다세대,매매,105,14,0,0,0,0,29000.0,2709.0,41.88,2014.0
2024-04,11260,중랑구,연립다세대,전월세,513,0,260,253,385,119,17800.0,1555.0,36.75,2014.0
2024-04,11290,성북구,아파트,매매,260,11,0,0,0,0,75000.0,3273.0,74.96,2007.0
2024-04,11290,성북구,아파트,전월세,625,0,391,234,419,183,40000.0,1753.0,71.23,2008.0
2024-04,11290,성북구,연립다세대,매매,74,3,0,0,0,0,26250.0,2266.0,41.11,2011.0
2024-04,11290,성북구,연립다세대,전월세,349,0,193,156,285,59,13000.0,1075.0,43.83,2009.0
2024-04,11305,강북구,아파트,매매,65,1,0,0,0,0,58900.0,2921.0,68.03,2005.0
2024-04,11305,강북구,아파트,전월세,257,0,145,112,184,73,22000.0,1371.0,62.36,2006.0
2024-04,11305,강북구,연립다세대,매매,132,6,0,0,0,0,23500.0,1632.0,48.2,2006.0
2024-04,11305,강북구,연립다세대,전월세,342,0,171,171,291,51,10000.0,752.0,44.97,2005.0
2024-04,11320,도봉구,아파트,매매,141,4,0,0,0,0,54000.0,2590.0,70.78,1995.0
2024-04,11320,도봉구,아파트,전월세,508,0,343,165,323,165,20000.0,1285.0,62.16,1993.0
2024-04,11320,도봉구,연립다세대,매매,106,5,0,0,0,0,19500.0,1406.0,46.23,2005.0
2024-04,11320,도봉구,연립다세대,전월세,233,0,139,94,190,39,10000.0,815.0,44.58,2004.0
2024-04,11350,노원구,아파트,매매,310,11,0,0,0,0,55900.0,3100.0,64.9,1996.0
2024-04,11350,노원구,아파트,전월세,1598,0,1027,571,1017,487,20000.0,1338.0,57.73,1994.0
2024-04,11350,노원구,연립다세대,매매,36,1,0,0,0,0,17500.0,1474.0,44.84,2002.0
2024-04,11350,노원구,연립다세대,전월세,163,0,80,83,134,28,10000.0,850.0,42.66,2003.0
2024-04,11380,은평구,아파트,매매,182,8,0,0,0,0,74500.0,3755.0,69.9,2013.0
2024-04,11380,은평구,아파트,전월세,884,0,581,303,633,213,25117.0,1378.0,66.57,2014.0
2024-04,11380,은평구,연립다세대,매매,210,11,0,0,0,0,25950.0,1921.0,46.99,2006.0
2024-04,11380,은평구,연립다세대,전월세,760,0,432,328,592,163,14800.0,1060.0,43.04,2007.0
2024-04,11410,서대문구,아파트,매매,177,10,0,0,0,0,88000.0,3972.0,76.06,2008.0
2024-04,11410,서대문구,아파트,전월세,535,0,308,227,350,165,38000.0,1716.0,69.04,2008.0
2024-04,11410,서대문구,연립다세대,매매,110,2,0,0,0,0,33000.0,2246.0,50.92,2010.0
2024-04,11410,서대문구,연립다세대,전월세,335,0,152,183,269,63,13000.0,916.0,46.96,2004.0
2024-04,11440,마포구,아파트,매매,238,17,0,0,0,0,121500.0,5560.0,73.1,2007.0
2024-04,11440,마포구,아파트,전월세,838,0,436,402,528,265,40950.0,1945.0,69.97,2006.0
2024-04,11440,마포구,연립다세대,매매,120,10,0,0,0,0,37000.0,3177.0,39.7,2008.0
2024-04,11440,마포구,연립다세대,전월세,667,0,340,327,491,168,16000.0,1509.0,36.56,2007.0
2024-04,11470,양천구,아파트,매매,150,6,0,0,0,0,104700.0,4176.0,83.42,2000.0
2024-04,11470,양천구,아파트,전월세,899,0,621,278,546,308,40000.0,1980.0,71.0,1999.0
2024-04,11470,양천구,연립다세대,매매,99,7,0,0,0,0,24000.0,1961.0,43.56,2005.0
2024-04,11470,양천구,연립다세대,전월세,582,0,311,271,434,144,13000.0,1003.0,41.81,2006.0
2024-04,11500,강서구,아파트,매매,228,9,0,0,0,0,70750.0,3603.0,69.66,2003.0
2024-04,11500,강서구,아파트,전월세,1107,0,697,410,691,365,30000.0,1860.0,60.68,2004.0
2024-04,11500,강서구,연립다세대,매매,204,8,0,0,0,0,23500.0,1906.0,42.43,2008.0
2024-04,11500,강서구,연립다세대,전월세,963,0,491,472,742,211,14800.0,1026.0,39.27,2010.0
2024-04,11530,구로구,아파트,매매,213,8,0,0,0,0,64000.0,2968.0,69.21,2002.0
2024-04,11530,구로구,아파트,전월세,927,0,560,367,605,268,18694.0,973.0,63.84,2005.0
2024-04,11530,구로구,연립다세대,매매,76,7,0,0,0,0,25500.0,1721.0,49.21,2007.0
2024-04,11530,구로구,연립다세대,전월세,338,0,157,181,270,63,11000.0,796.0,43.42,2006.0
2024-04,11545,금천구,아파트,매매,61,8,0,0,0,0,60500.0,2712.0,72.28,2006.0
2024-04,11545,금천구,아파트,전월세,281,0,178,103,220,60,22902.0,1383.0,62.92,2003.0
2024-04,11545,금천구,연립다세대,매매,73,6,0,0,0,0,28000.0,2301.0,44.52,2013.0
2024-04,11545,금천구,연립다세대,전월세,306,0,132,174,256,46,12250.0,1066.0,33.7,2013.0
2024-04,11560,영등포구,아파트,매매,261,10,0,0,0,0,107000.0,4745.0,78.08,2005.0
2024-04,11560,영등포구,아파트,전월세,851,0,502,349,548,264,43000.0,1947.0,71.56,2002.0
2024-04,11560,영등포구,연립다세대,매매,37,5,0,0,0,0,30000.0,3008.0,35.56,2010.0
2024-04,11560,영등포구,연립다세대,전월세,358,0,151,207,277,79,19050.0,2116.0,31.55,2014.0
2024-04,11590,동작구,아파트,매매,190,5,0,0,0,0,107050.0,4933.0,76.42,2007.0
2024-04,11590,동작구,아파트,전월세,666,0,411,255,427,205,50000.0,2201.0,70.86,2009.0
2024-04,11590,동작구,연립다세대,매매,101,7,0,0,0,0,32000.0,2832.0,42.11,2006.0
2024-04,11590,동작구,연립다세대,전월세,508,0,245,263,392,107,18000.0,1404.0,41.58,2009.0
2024-04,11620,관악구,아파트,매매,116,3,0,0,0,0,68700.0,3124.0,73.83,2003.0
2024-04,11620,관악구,아파트,전월세,526,0,266,260,357,150,30000.0,1508.0,60.93,2005.0
2024-04,11620,관악구,연립다세대,매매,118,5,0,0,0,0,27500.0,1724.0,50.35,2001.0
2024-04,11620,관악구,연립다세대,전월세,627,0,211,416,542,77,12000.0,1027.0,38.22,2007.0
2024-04,11650,서초구,아파트,매매,221,6,0,0,0,0,227900.0,8440.0,90.34,2004.0
2024-04,11650,서초구,아파트,전월세,1017,0,606,411,696,281,65000.0,2725.0,84.9,2005.0
2024-04,11650,서초구,연립다세대,매매,78,0,0,0,0,0,57700.0,4407.0,44.78,2009.0
2024-04,11650,서초구,연립다세대,전월세,630,0,322,308,450,175,23895.0,1841.0,42.46,2009.0
2024-04,11680,강남구,아파트,매매,283,10,0,0,0,0,225000.0,9378.0,88.33,2001.0
2024-04,11680,강남구,아파트,전월세,1649,0,872,777,1122,472,60000.0,2690.0,78.47,2004.0
2024-04,11680,강남구,연립다세대,매매,38,3,0,0,0,0,58000.0,4690.0,60.18,2008.0
2024-04,11680,강남구,연립다세대,전월세,717,0,286,431,574,139,15000.0,1466.0,40.97,2007.0
2024-04,11710,송파구,아파트,매매,349,11,0,0,0,0,149000.0,6130.0,82.58,2004.0
2024-04,11710,송파구,아파트,전월세,1467,0,887,580,919,495,50000.0,2223.0,76.01,2004.0
2024-04,11710,송파구,연립다세대,매매,129,4,0,0,0,0,35200.0,2447.0,51.7,2000.0
2024-04,11710,송파구,연립다세대,전월세,1601,0,623,978,1053,542,15046.0,1352.0,40.38,2008.0
2024-04,11740,강동구,아파트,매매,231,10,0,0,0,0,105000.0,4767.0,70.5,2008.0
2024-04,11740,강동구,아파트,전월세,1220,0,788,432,896,270,40000.0,1889.0,67.32,2012.0
2024-04,11740,강동구,연립다세대,매매,113,6,0,0,0,0,34000.0,2984.0,39.88,2011.0
2024-04,11740,강동구,연립다세대,전월세,708,0,347,361,498,206,18000.0,1569.0,37.31,2012.0
2024-05,11110,종로구,아파트,매매,60,3,0,0,0,0,128500.0,4843.0,73.63,2009.0
2024-05,11110,종로구,아파트,전월세,167,0,75,92,124,40,30000.0,1661.0,61.31,2007.0
2024-05,11110,종로구,연립다세대,매매,32,3,0,0,0,0,39500.0,2188.0,69.52,2001.0
2024-05,11110,종로구,연립다세대,전월세,193,0,98,95,151,37,17000.0,986.0,55.33,2002.0
2024-05,11140,중구,아파트,매매,66,3,0,0,0,0,106000.0,4602.0,74.58,2009.0
2024-05,11140,중구,아파트,전월세,324,0,170,154,243,69,30000.0,1966.0,62.77,2008.0
2024-05,11140,중구,연립다세대,매매,14,0,0,0,0,0,31300.0,2616.0,48.59,2000.0
2024-05,11140,중구,연립다세대,전월세,120,0,51,69,94,24,15000.0,1053.0,39.19,2009.0
2024-05,11170,용산구,아파트,매매,103,3,0,0,0,0,179000.0,6884.0,94.81,2000.0
2024-05,11170,용산구,아파트,전월세,630,0,277,353,339,268,29613.0,1389.0,78.6,2007.0
2024-05,11170,용산구,연립다세대,매매,66,2,0,0,0,0,55500.0,5011.0,48.39,2007.0
2024-05,11170,용산구,연립다세대,전월세,449,0,334,115,292,153,23000.0,1988.0,44.0,2010.0
2024-05,11200,성동구,아파트,매매,283,16,0,0,0,0,129000.0,5823.0,77.74,2006.0
2024-05,11200,성동구,아파트,전월세,761,0,463,298,479,235,52500.0,2316.0,74.91,2005.0
2024-05,11200,성동구,연립다세대,매매,32,2,0,0,0,0,44500.0,4579.0,39.34,2004.0
2024-05,11200,성동구,연립다세대,전월세,202,0,116,86,148,53,18000.0,1474.0,38.4,2008.0
2024-05,11215,광진구,아파트,매매,106,4,0,0,0,0,118500.0,5217.0,79.45,2000.0
2024-05,11215,광진구,아파트,전월세,337,0,208,129,214,121,48510.0,2216.0,73.06,2002.0
2024-05,11215,광진구,연립다세대,매매,154,12,0,0,0,0,36500.0,3095.0,44.26,2009.0
2024-05,11215,광진구,연립다세대,전월세,708,0,353,355,514,193,18900.0,1658.0,37.66,2012.0
2024-05,11230,동대문구,아파트,매매,204,16,0,0,0,0,80000.0,3642.0,71.59,2007.0
2024-05,11230,동대문구,아파트,전월세,651,0,352,299,457,160,32000.0,1653.0,64.84,2009.0
2024-05,11230,동대문구,연립다세대,매매,30,2,0,0,0,0,37250.0,2728.0,46.64,2009.0
2024-05,11230,동대문구,연립다세대,전월세,235,0,97,138,178,56,13000.0,1139.0,36.32,2012.0
2024-05,11260,중랑구,아파트,매매,142,5,0,0,0,0,62000.0,2867.0,71.85,2003.0
2024-05,11260,중랑구,아파트,전월세,555,0,306,249,393,135,24000.0,1556.0,58.55,2006.0
2024-05,11260,중랑구,연립다세대,매매,131,7,0,0,0,0,30000.0,2698.0,39.87,2014.0
2024-05,11260,중랑구,연립다세대,전월세,490,0,265,225,370,103,18300.0,1539.0,38.0,2013.0
2024-05,11290,성북구,아파트,매매,253,10,0,0,0,0,76800.0,3307.0,74.63,2007.0
2024-05,11290,성북구,아파트,전월세,789,0,505,284,558,196,40000.0,1867.0,67.97,2009.0
2024-05,11290,성북구,연립다세대,매매,67,6,0,0,0,0,28900.0,2077.0,53.02,2008.0
2024-05,11290,성북구,연립다세대,전월세,485,0,255,230,392,88,13000.0,1011.0,41.14,2010.0
2024-05,11305,강북구,아파트,매매,76,4,0,0,0,0,60000.0,2589.0,73.38,2004.0
2024-05,11305,강북구,아파트,전월세,294,0,152,142,213,81,20000.0,1289.0,57.63,2007.0
2024-05,11305,강북구,연립다세대,매매,110,6,0,0,0,0,22050.0,1547.0,46.67,2007.0
2024-05,11305,강북구,연립다세대,전월세,303,0,161,142,266,37,10000.0,773.0,43.67,2003.0
2024-05,11320,도봉구,아파트,매매,114,2,0,0,0,0,54100.0,2485.0,69.56,1995.0
2024-05,11320,도봉구,아파트,전월세,504,0,327,177,317,155,22000.0,1280.0,64.57,1994.0
2024-05,11320,도봉구,연립다세대,매매,96,3,0,0,0,0,19600.0,1382.0,46.43,2005.0
2024-05,11320,도봉구,연립다세대,전월세,263,0,155,108,205,53,12000.0,883.0,43.84,2006.0
2024-05,11350,노원구,아파트,매매,331,24,0,0,0,0,54700.0,3057.0,64.51,1996.0
2024-05,11350,노원구,아파트,전월세,1728,0,999,729,1167,470,19000.0,1221.0,56.96,1997.0
2024-05,11350,노원구,연립다세대,매매,37,2,0,0,0,0,25000.0,1778.0,45.4,2006.0
2024-05,11350,노원구,연립다세대,전월세,180,0,82,98,148,31,10000.0,898.0,42.38,2005.0
2024-05,11380,은평구,아파트,매매,206,15,0,0,0,0,78200.0,3575.0,73.55,2012.0
2024-05,11380,은평구,아파트,전월세,1004,0,510,494,719,240,30000.0,1441.0,58.33,2016.0
2024-05,11380,은평구,연립다세대,매매,220,8,0,0,0,0,26900.0,1978.0,46.89,2008.0
2024-05,11380,은평구,연립다세대,전월세,734,0,382,352,551,174,14000.0,1019.0,44.24,2007.0
2024-05,11410,서대문구,아파트,매매,193,5,0,0,0,0,89500.0,3998.0,74.01,2007.0
2024-05,11410,서대문구,아파트,전월세,538,0,306,232,340,166,39000.0,1724.0,68.45,2008.0
2024-05,11410,서대문구,연립다세대,매매,70,12,0,0,0,0,25000.0,1558.0,52.45,2000.0
2024-05,11410,서대문구,연립다세대,전월세,334,0,152,182,272,61,11600.0,818.0,45.64,2005.0
2024-05,11440,마포구,아파트,매매,267,11,0,0,0,0,132000.0,5616.0,78.83,2007.0
2024-05,11440,마포구,아파트,전월세,982,0,507,475,630,302,35000.0,1945.0,64.8,2006.0
2024-05,11440,마포구,연립다세대,매매,106,35,0,0,0,0,35000.0,2905.0,38.46,2007.0
2024-05,11440,마포구,연립다세대,전월세,749,0,389,360,568,175,15000.0,1544.0,35.75,2008.0
2024-05,11470,양천구,아파트,매매,207,17,0,0,0,0,105000.0,4504.0,81.77,2002.0
2024-05,11470,양천구,아파트,전월세,1047,0,640,407,647,340,40000.0,1945.0,70.14,2000.0
2024-05,11470,양천구,연립다세대,매매,122,16,0,0,0,0,22500.0,1884.0,42.59,2008.0
2024-05,11470,양천구,연립다세대,전월세,547,0,297,250,393,144,13650.0,996.0,42.35,2007.0
2024-05,11500,강서구,아파트,매매,251,10,0,0,0,0,77500.0,3676.0,72.88,2002.0
2024-05,11500,강서구,아파트,전월세,1233,0,745,488,821,326,30000.0,1793.0,59.77,2005.0
2024-05,11500,강서구,연립다세대,매매,224,15,0,0,0,0,24000.0,1854.0,42.87,2008.0
2024-05,11500,강서구,연립다세대,전월세,973,0,470,503,723,222,14100.0,1010.0,39.56,2009.0
2024-05,11530,구로구,아파트,매매,220,12,0,0,0,0,63250.0,3073.0,70.51,2001.0
2024-05,11530,구로구,아파트,전월세,907,0,437,470,615,233,25000.0,1193.0,60.16,2006.0
2024-05,11530,구로구,연립다세대,매매,81,6,0,0,0,0,24800.0,1895.0,46.51,2006.0
2024-05,11530,구로구,연립다세대,전월세,421,0,199,222,335,66,12000.0,858.0,44.29,2007.0
2024-05,11545,금천구,아파트,매매,55,3,0,0,0,0,60000.0,2726.0,71.72,2005.0
2024-05,11545,금천구,아파트,전월세,245,0,160,85,187,53,26500.0,1512.0,59.87,2005.0
2024-05,11545,금천구,연립다세대,매매,79,5,0,0,0,0,24000.0,1963.0,42.65,2009.0
2024-05,11545,금천구,연립다세대,전월세,297,0,159,138,224,67,16200.0,1320.0,35.66,2013.0
2024-05,11560,영등포구,아파트,매매,269,4,0,0,0,0,105000.0,4571.0,77.38,2003.0
2024-05,11560,영등포구,아파트,전월세,826,0,511,315,531,233,43000.0,1960.0,71.34,2001.0
2024-05,11560,영등포구,연립다세대,매매,44,2,0,0,0,0,31350.0,2923.0,39.31,2011.0
2024-05,11560,영등포구,연립다세대,전월세,393,0,178,215,286,97,17800.0,2118.0,30.16,2015.0
2024-05,11590,동작구,아파트,매매,198,5,0,0,0,0,107250.0,4830.0,79.25,2004.0
2024-05,11590,동작구,아파트,전월세,705,0,459,246,464,199,50000.0,2198.0,76.0,2007.0
2024-05,11590,동작구,연립다세대,매매,99,8,0,0,0,0,35300.0,2788.0,48.06,2007.0
2024-05,11590,동작구,연립다세대,전월세,483,0,237,246,358,118,16000.0,1308.0,40.37,2009.0
2024-05,11620,관악구,아파트,매매,134,2,0,0,0,0,76500.0,3349.0,74.92,2005.0
2024-05,11620,관악구,아파트,전월세,533,0,295,238,380,128,32400.0,1655.0,62.23,2004.0
2024-05,11620,관악구,연립다세대,매매,115,6,0,0,0,0,24000.0,1743.0,46.55,2001.0
2024-05,11620,관악구,연립다세대,전월세,520,0,189,331,436,82,13250.0,1138.0,38.31,2008.0
2024-05,11650,서초구,아파트,매매,318,6,0,0,0,0,239500.0,9224.0,92.27,2005.0
2024-05,11650,서초구,아파트,전월세,1117,0,653,464,779,308,63840.0,2635.0,81.6,2006.0
2024-05,11650,서초구,연립다세대,매매,90,4,0,0,0,0,46250.0,4158.0,41.5,2007.0
2024-05,11650,서초구,연립다세대,전월세,693,0,321,372,499,185,24000.0,1842.0,43.39,2009.0
2024-05,11680,강남구,아파트,매매,313,15,0,0,0,0,215000.0,8917.0,87.89,2001.0
2024-05,11680,강남구,아파트,전월세,2537,0,1401,1136,1729,734,35000.0,1828.0,72.73,2007.0
2024-05,11680,강남구,연립다세대,매매,41,5,0,0,0,0,48000.0,4477.0,57.67,2005.0
2024-05,11680,강남구,연립다세대,전월세,689,0,297,392,532,152,17000.0,1589.0,40.48,2007.0
2024-05,11710,송파구,아파트,매매,432,4,0,0,0,0,158750.0,6291.0,82.89,2003.0
2024-05,11710,송파구,아파트,전월세,1700,0,1018,682,1111,509,50000.0,2194.0,75.92,2005.0
2024-05,11710,송파구,연립다세대,매매,144,5,0,0,0,0,34100.0,2330.0,47.58,2005.0
2024-05,11710,송파구,연립다세대,전월세,1523,0,553,970,958,558,15000.0,1345.0,40.07,2008.0
2024-05,11740,강동구,아파트,매매,311,11,0,0,0,0,113000.0,5095.0,72.35,2010.0
2024-05,11740,강동구,아파트,전월세,1385,0,767,618,1090,243,36000.0,1772.0,63.96,2012.0
2024-05,11740,강동구,연립다세대,매매,112,5,0,0,0,0,31000.0,2729.0,39.76,2011.0
2024-05,11740,강동구,연립다세대,전월세,711,0,326,385,503,198,18000.0,1579.0,37.15,2013.0
2024-06,11110,종로구,아파트,매매,59,5,0,0,0,0,115990.0,4667.0,73.03,2008.0
2024-06,11110,종로구,아파트,전월세,151,0,78,73,108,39,35000.0,1780.0,69.66,2006.0
2024-06,11110,종로구,연립다세대,매매,32,3,0,0,0,0,42250.0,2238.0,71.08,1999.0
2024-06,11110,종로구,연립다세대,전월세,190,0,65,125,160,28,9500.0,626.0,54.33,2002.0
2024-06,11140,중구,아파트,매매,101,8,0,0,0,0,113800.0,4961.0,79.63,2007.0
2024-06,11140,중구,아파트,전월세,270,0,126,144,194,64,28725.0,1765.0,63.18,2009.0
2024-06,11140,중구,연립다세대,매매,14,2,0,0,0,0,32250.0,3130.0,49.18,2008.0
2024-06,11140,중구,연립다세대,전월세,147,0,54,93,121,25,12000.0,1172.0,36.63,2009.0
2024-06,11170,용산구,아파트,매매,155,8,0,0,0,0,169500.0,7202.0,93.4,1999.0
2024-06,11170,용산구,아파트,전월세,586,0,278,308,342,210,36750.0,1557.0,81.26,2005.0
2024-06,11170,용산구,연립다세대,매매,98,3,0,0,0,0,57250.0,4589.0,46.32,2006.0
2024-06,11170,용산구,연립다세대,전월세,412,0,300,112,290,117,22200.0,1869.0,41.99,2009.0
2024-06,11200,성동구,아파트,매매,468,30,0,0,0,0,130000.0,5915.0,75.48,2006.0
2024-06,11200,성동구,아파트,전월세,771,0,503,268,468,234,57500.0,2637.0,74.02,2006.0
2024-06,11200,성동구,연립다세대,매매,30,1,0,0,0,0,66750.0,5639.0,47.24,2001.0
2024-06,11200,성동구,연립다세대,전월세,182,0,93,89,135,44,14500.0,1307.0,38.03,2008.0
2024-06,11215,광진구,아파트,매매,284,10,0,0,0,0,97650.0,4673.0,59.77,2008.0
2024-06,11215,광진구,아파트,전월세,342,0,211,131,233,108,54000.0,2385.0,75.27,2003.0
2024-06,11215,광진구,연립다세대,매매,130,8,0,0,0,0,37350.0,3037.0,44.9,2011.0
2024-06,11215,광진구,연립다세대,전월세,676,0,307,369,502,172,19000.0,1690.0,36.91,2013.0
2024-06,11230,동대문구,아파트,매매,307,24,0,0,0,0,87000.0,3932.0,71.76,2009.0
2024-06,11230,동대문구,아파트,전월세,604,0,359,245,392,170,39000.0,1946.0,65.42,2009.0
2024-06,11230,동대문구,연립다세대,매매,42,6,0,0,0,0,35000.0,2176.0,49.49,2008.0
2024-06,11230,동대문구,연립다세대,전월세,246,0,108,138,198,46,10000.0,1060.0,37.77,2011.0
2024-06,11260,중랑구,아파트,매매,195,15,0,0,0,0,62000.0,2913.0,70.39,2003.0
2024-06,11260,중랑구,아파트,전월세,630,0,353,277,484,122,20000.0,1640.0,53.34,2010.0
2024-06,11260,중랑구,연립다세대,매매,99,5,0,0,0,0,29600.0,2298.0,43.54,2011.0
2024-06,11260,중랑구,연립다세대,전월세,445,0,215,230,322,115,18000.0,1717.0,37.97,2013.0
2024-06,11290,성북구,아파트,매매,403,19,0,0,0,0,81500.0,3747.0,74.01,2009.0
2024-06,11290,성북구,아파트,전월세,715,0,447,268,484,192,40000.0,1817.0,68.72,2008.0
2024-06,11290,성북구,연립다세대,매매,65,5,0,0,0,0,28000.0,2270.0,46.24,2011.0
2024-06,11290,성북구,연립다세대,전월세,373,0,207,166,293,77,13500.0,1026.0,42.79,2010.0
2024-06,11305,강북구,아파트,매매,99,7,0,0,0,0,64000.0,2898.0,73.0,2006.0
2024-06,11305,강북구,아파트,전월세,257,0,151,106,189,66,27000.0,1368.0,60.36,2008.0
2024-06,11305,강북구,연립다세대,매매,130,9,0,0,0,0,22325.0,1651.0,46.2,2007.0
2024-06,11305,강북구,연립다세대,전월세,347,0,182,165,295,51,10800.0,803.0,43.09,2005.0
2024-06,11320,도봉구,아파트,매매,167,10,0,0,0,0,54000.0,2543.0,70.03,1995.0
2024-06,11320,도봉구,아파트,전월세,492,0,302,190,331,137,19000.0,1260.0,60.27,1996.0
2024-06,11320,도봉구,연립다세대,매매,68,2,0,0,0,0,21500.0,1587.0,45.56,2007.0
2024-06,11320,도봉구,연립다세대,전월세,225,0,113,112,169,54,10500.0,836.0,41.63,2006.0
2024-06,11350,노원구,아파트,매매,439,18,0,0,0,0,58500.0,3172.0,64.42,1996.0
2024-06,11350,노원구,아파트,전월세,1402,0,847,555,863,460,20000.0,1355.0,57.5,1994.0
2024-06,11350,노원구,연립다세대,매매,27,1,0,0,0,0,22900.0,1529.0,50.35,2001.0
2024-06,11350,노원구,연립다세대,전월세,171,0,74,97,145,21,6300.0,594.0,38.71,2005.0
2024-06,11380,은평구,아파트,매매,266,12,0,0,0,0,79950.0,3809.0,71.46,2013.0
2024-06,11380,은평구,아파트,전월세,792,0,535,257,516,230,37250.0,1721.0,68.2,2013.0
2024-06,11380,은평구,연립다세대,매매,205,7,0,0,0,0,27300.0,2152.0,45.95,2008.0
2024-06,11380,은평구,연립다세대,전월세,682,0,361,321,537,138,13200.0,995.0,43.17,2007.0
2024-06,11410,서대문구,아파트,매매,305,24,0,0,0,0,95000.0,4300.0,75.66,2009.0
2024-06,11410,서대문구,아파트,전월세,516,0,304,212,351,129,40000.0,1844.0,67.92,2009.0
2024-06,11410,서대문구,연립다세대,매매,87,10,0,0,0,0,28000.0,1847.0,54.82,2003.0
2024-06,11410,서대문구,연립다세대,전월세,318,0,135,183,256,59,10200.0,825.0,42.34,2004.0
2024-06,11440,마포구,아파트,매매,383,14,0,0,0,0,134200.0,5782.0,76.95,2007.0
2024-06,11440,마포구,아파트,전월세,879,0,483,396,571,263,44100.0,2067.0,68.88,2007.0
2024-06,11440,마포구,연립다세대,매매,106,8,0,0,0,0,38250.0,3244.0,39.9,2008.0
2024-06,11440,마포구,연립다세대,전월세,717,0,306,411,532,180,13230.0,1245.0,37.2,2008.0
2024-06,11470,양천구,아파트,매매,273,5,0,0,0,0,124500.0,5336.0,79.01,2001.0
2024-06,11470,양천구,아파트,전월세,873,0,611,262,507,312,45000.0,2114.0,74.81,1998.0
2024-06,11470,양천구,연립다세대,매매,125,17,0,0,0,0,23800.0,1947.0,41.64,2007.0
2024-06,11470,양천구,연립다세대,전월세,523,0,283,240,382,129,14200.0,1041.0,42.8,2006.0
2024-06,11500,강서구,아파트,매매,349,18,0,0,0,0,81000.0,3996.0,72.26,2003.0
2024-06,11500,강서구,아파트,전월세,1131,0,723,408,729,317,33000.0,1845.0,62.14,2004.0
2024-06,11500,강서구,연립다세대,매매,223,15,0,0,0,0,22800.0,1909.0,42.87,2009.0
2024-06,11500,강서구,연립다세대,전월세,909,0,452,457,669,229,14000.0,1026.0,39.59,2009.0
2024-06,11530,구로구,아파트,매매,246,9,0,0,0,0,70300.0,3122.0,75.88,2001.0
2024-06,11530,구로구,아파트,전월세,836,0,412,424,499,284,25825.0,1156.0,64.06,2006.0
2024-06,11530,구로구,연립다세대,매매,83,5,0,0,0,0,23500.0,2028.0,45.94,2009.0
2024-06,11530,구로구,연립다세대,전월세,319,0,147,172,272,41,10000.0,792.0,41.82,2007.0
2024-06,11545,금천구,아파트,매매,97,1,0,0,0,0,60000.0,2759.0,70.89,2005.0
2024-06,11545,금천구,아파트,전월세,191,0,125,66,148,41,29000.0,1547.0,60.33,2005.0
2024-06,11545,금천구,연립다세대,매매,68,3,0,0,0,0,25750.0,1808.0,48.3,2011.0
2024-06,11545,금천구,연립다세대,전월세,241,0,119,122,199,39,15000.0,1263.0,37.88,2013.0
2024-06,11560,영등포구,아파트,매매,351,17,0,0,0,0,108000.0,4844.0,77.15,2004.0
2024-06,11560,영등포구,아파트,전월세,1355,0,746,609,556,728,27200.0,2229.0,52.98,2011.0
2024-06,11560,영등포구,연립다세대,매매,56,3,0,0,0,0,26310.0,2393.0,29.14,2012.0
2024-06,11560,영등포구,연립다세대,전월세,345,0,124,221,257,80,15900.0,1734.0,30.93,2015.0
2024-06,11590,동작구,아파트,매매,334,13,0,0,0,0,118000.0,5060.0,79.88,2006.0
2024-06,11590,동작구,아파트,전월세,669,0,454,215,457,171,51800.0,2268.0,72.28,2007.0
2024-06,11590,동작구,연립다세대,매매,133,11,0,0,0,0,38500.0,2982.0,45.33,2007.0
2024-06,11590,동작구,연립다세대,전월세,426,0,169,257,345,78,13000.0,1109.0,38.08,2008.0
2024-06,11620,관악구,아파트,매매,203,6,0,0,0,0,76800.0,3314.0,73.42,2004.0
2024-06,11620,관악구,아파트,전월세,517,0,287,230,357,117,34500.0,1649.0,62.6,2005.0
2024-06,11620,관악구,연립다세대,매매,86,6,0,0,0,0,27650.0,1877.0,47.55,2004.0
2024-06,11620,관악구,연립다세대,전월세,548,0,183,365,458,84,11150.0,1009.0,38.33,2008.0
2024-06,11650,서초구,아파트,매매,479,16,0,0,0,0,250000.0,9714.0,90.89,2006.0
2024-06,11650,서초구,아파트,전월세,1232,0,718,514,827,367,67625.0,2756.0,83.59,2007.0
2024-06,11650,서초구,연립다세대,매매,80,6,0,0,0,0,53750.0,4474.0,43.8,2009.0
2024-06,11650,서초구,연립다세대,전월세,624,0,303,321,461,158,21750.0,1775.0,43.78,2009.0
2024-06,11680,강남구,아파트,매매,483,18,0,0,0,0,207000.0,9287.0,84.59,2000.0
2024-06,11680,강남구,아파트,전월세,2069,0,997,1072,1328,660,50000.0,2448.0,74.81,2005.0
2024-06,11680,강남구,연립다세대,매매,64,3,0,0,0,0,47000.0,5316.0,43.75,2013.0
2024-06,11680,강남구,연립다세대,전월세,655,0,269,386,510,138,16000.0,1596.0,40.28,2008.0
2024-06,11710,송파구,아파트,매매,600,10,0,0,0,0,154100.0,6345.0,82.64,2002.0
2024-06,11710,송파구,아파트,전월세,1526,0,962,564,909,530,52000.0,2375.0,76.38,2004.0
2024-06,11710,송파구,연립다세대,매매,125,4,0,0,0,0,33000.0,2780.0,42.74,2006.0
2024-06,11710,송파구,연립다세대,전월세,1438,0,524,914,907,520,15000.0,1323.0,40.11,2009.0
2024-06,11740,강동구,아파트,매매,580,19,0,0,0,0,120000.0,5244.0,74.55,2009.0
2024-06,11740,강동구,아파트,전월세,1631,0,1054,577,1317,267,35000.0,1766.0,64.73,2013.0
2024-06,11740,강동구,연립다세대,매매,106,2,0,0,0,0,30000.0,2595.0,41.76,2011.0
2024-06,11740,강동구,연립다세대,전월세,651,0,280,371,466,175,17000.0,1415.0,36.92,2013.0
2024-07,11110,종로구,아파트,매매,56,4,0,0,0,0,112500.0,4446.0,80.0,2008.0
2024-07,11110,종로구,아파트,전월세,159,0,87,72,115,39,35000.0,1863.0,71.26,2006.0
2024-07,11110,종로구,연립다세대,매매,43,1,0,0,0,0,38000.0,2019.0,75.6,2002.0
2024-07,11110,종로구,연립다세대,전월세,187,0,78,109,146,40,10000.0,738.0,55.68,2002.0
2024-07,11140,중구,아파트,매매,133,5,0,0,0,0,110000.0,4849.0,74.37,2006.0
2024-07,11140,중구,아파트,전월세,329,0,180,149,238,72,41000.0,2101.0,65.22,2009.0
2024-07,11140,중구,연립다세대,매매,23,1,0,0,0,0,36500.0,3210.0,45.57,2010.0
2024-07,11140,중구,연립다세대,전월세,158,0,84,74,112,44,15400.0,1414.0,36.86,2009.0
2024-07,11170,용산구,아파트,매매,168,7,0,0,0,0,170000.0,7110.0,97.23,1999.0
2024-07,11170,용산구,아파트,전월세,389,0,215,174,255,121,47000.0,1972.0,86.72,2001.0
2024-07,11170,용산구,연립다세대,매매,94,5,0,0,0,0,55000.0,4595.0,47.13,2007.0
2024-07,11170,용산구,연립다세대,전월세,397,0,279,118,282,114,23000.0,1926.0,43.06,2010.0
2024-07,11200,성동구,아파트,매매,406,28,0,0,0,0,135000.0,5933.0,79.41,2005.0
2024-07,11200,성동구,아파트,전월세,757,0,461,296,462,240,55000.0,2434.0,73.86,2006.0
2024-07,11200,성동구,연립다세대,매매,76,4,0,0,0,0,126500.0,8177.0,43.97,1994.0
2024-07,11200,성동구,연립다세대,전월세,164,0,96,68,125,39,21000.0,1765.0,36.72,2010.0
2024-07,11215,광진구,아파트,매매,234,12,0,0,0,0,127400.0,5436.0,80.54,2000.0
2024-07,11215,광진구,아파트,전월세,338,0,200,138,227,111,50000.0,2382.0,73.83,2001.0
2024-07,11215,광진구,연립다세대,매매,164,14,0,0,0,0,40800.0,3225.0,48.61,2009.0
2024-07,11215,광진구,연립다세대,전월세,673,0,294,379,495,177,18500.0,1576.0,36.55,2012.0
2024-07,11230,동대문구,아파트,매매,358,11,0,0,0,0,86400.0,3789.0,74.71,2007.0
2024-07,11230,동대문구,아파트,전월세,699,0,415,284,468,189,35000.0,2018.0,61.96,2010.0
2024-07,11230,동대문구,연립다세대,매매,63,0,0,0,0,0,39900.0,3513.0,42.68,2011.0
2024-07,11230,동대문구,연립다세대,전월세,282,0,101,181,239,40,6287.0,776.0,35.18,2012.0
2024-07,11260,중랑구,아파트,매매,195,20,0,0,0,0,65500.0,3018.0,72.97,2004.0
2024-07,11260,중랑구,아파트,전월세,570,0,298,272,408,136,24250.0,1630.0,58.11,2007.0
2024-07,11260,중랑구,연립다세대,매매,171,8,0,0,0,0,31600.0,2868.0,40.82,2016.0
2024-07,11260,중랑구,연립다세대,전월세,458,0,258,200,319,125,18500.0,1675.0,36.74,2013.0
2024-07,11290,성북구,아파트,매매,450,29,0,0,0,0,80000.0,3466.0,76.18,2007.0
2024-07,11290,성북구,아파트,전월세,758,0,463,295,511,197,40000.0,1868.0,66.8,2009.0
2024-07,11290,성북구,연립다세대,매매,93,1,0,0,0,0,30000.0,2103.0,50.66,2008.0
2024-07,11290,성북구,연립다세대,전월세,423,0,196,227,348,74,11500.0,862.0,40.71,2010.0
2024-07,11305,강북구,아파트,매매,131,3,0,0,0,0,64000.0,3058.0,71.67,2003.0
2024-07,11305,강북구,아파트,전월세,310,0,180,130,235,70,22950.0,1404.0,58.71,2008.0
2024-07,11305,강북구,연립다세대,매매,133,6,0,0,0,0,24500.0,1690.0,47.07,2008.0
2024-07,11305,강북구,연립다세대,전월세,298,0,158,140,221,74,10275.0,812.0,41.54,2004.0
2024-07,11320,도봉구,아파트,매매,231,8,0,0,0,0,54000.0,2464.0,73.02,1995.0
2024-07,11320,도봉구,아파트,전월세,499,0,294,205,325,135,19000.0,1262.0,61.83,1995.0
2024-07,11320,도봉구,연립다세대,매매,69,1,0,0,0,0,19000.0,1414.0,50.0,2005.0
2024-07,11320,도봉구,연립다세대,전월세,199,0,109,90,149,45,11600.0,874.0,43.51,2005.0
2024-07,11350,노원구,아파트,매매,712,31,0,0,0,0,60000.0,3200.0,65.38,1996.0
2024-07,11350,노원구,아파트,전월세,1495,0,911,584,975,427,20000.0,1343.0,56.7,1994.0
2024-07,11350,노원구,연립다세대,매매,43,1,0,0,0,0,24700.0,1729.0,46.65,2003.0
2024-07,11350,노원구,연립다세대,전월세,162,0,47,115,130,30,5000.0,551.0,37.04,2006.0
2024-07,11380,은평구,아파트,매매,276,11,0,0,0,0,80000.0,3847.0,71.98,2012.0
2024-07,11380,은평구,아파트,전월세,811,0,530,281,511,260,33600.0,1486.0,64.71,2013.0
2024-07,11380,은평구,연립다세대,매매,202,11,0,0,0,0,29500.0,2141.0,48.86,2007.0
2024-07,11380,은평구,연립다세대,전월세,736,0,379,357,572,158,13580.0,1010.0,42.39,2007.0
2024-07,11410,서대문구,아파트,매매,370,22,0,0,0,0,98250.0,4475.0,77.17,2008.0
2024-07,11410,서대문구,아파트,전월세,715,0,417,298,460,214,39000.0,1733.0,65.85,2009.0
2024-07,11410,서대문구,연립다세대,매매,77,3,0,0,0,0,33000.0,2084.0,55.36,2003.0
2024-07,11410,서대문구,연립다세대,전월세,352,0,141,211,299,49,9000.0,808.0,41.14,2006.0
2024-07,11440,마포구,아파트,매매,424,14,0,0,0,0,133250.0,5798.0,76.98,2007.0
2024-07,11440,마포구,아파트,전월세,835,0,481,354,539,259,45000.0,2069.0,70.65,2006.0
2024-07,11440,마포구,연립다세대,매매,144,5,0,0,0,0,39150.0,2998.0,43.41,2005.0
2024-07,11440,마포구,연립다세대,전월세,730,0,329,401,553,171,15000.0,1411.0,37.08,2008.0
2024-07,11470,양천구,아파트,매매,429,17,0,0,0,0,110000.0,4639.0,79.31,2002.0
2024-07,11470,양천구,아파트,전월세,992,0,666,326,613,318,42250.0,2049.0,71.95,1998.0
2024-07,11470,양천구,연립다세대,매매,154,8,0,0,0,0,25500.0,2012.0,42.91,2009.0
2024-07,11470,양천구,연립다세대,전월세,503,0,297,206,358,142,15200.0,1101.0,42.12,2007.0
2024-07,11500,강서구,아파트,매매,427,19,0,0,0,0,85000.0,3943.0,73.22,2003.0
2024-07,11500,강서구,아파트,전월세,1678,0,1134,544,1208,404,22912.0,1191.0,63.77,2007.0
2024-07,11500,강서구,연립다세대,매매,193,9,0,0,0,0,24000.0,1742.0,44.95,2008.0
2024-07,11500,강서구,연립다세대,전월세,884,0,416,468,675,198,14300.0,1034.0,39.13,2010.0
2024-07,11530,구로구,아파트,매매,307,12,0,0,0,0,71000.0,3309.0,70.72,2001.0
2024-07,11530,구로구,아파트,전월세,1097,0,470,627,545,486,24800.0,1155.0,64.46,2009.0
2024-07,11530,구로구,연립다세대,매매,68,4,0,0,0,0,25000.0,1878.0,46.82,2008.0
2024-07,11530,구로구,연립다세대,전월세,292,0,142,150,242,45,12000.0,809.0,44.95,2005.0
2024-07,11545,금천구,아파트,매매,105,5,0,0,0,0,65700.0,2944.0,70.94,2006.0
2024-07,11545,금천구,아파트,전월세,238,0,139,99,188,50,25000.0,1407.0,58.18,2006.0
2024-07,11545,금천구,연립다세대,매매,79,8,0,0,0,0,27000.0,2124.0,43.46,2012.0
2024-07,11545,금천구,연립다세대,전월세,258,0,120,138,220,38,15725.0,1144.0,38.88,2013.0
2024-07,11560,영등포구,아파트,매매,456,18,0,0,0,0,106250.0,4648.0,78.35,2003.0
2024-07,11560,영등포구,아파트,전월세,1056,0,628,428,638,349,40000.0,2140.0,63.99,2005.0
2024-07,11560,영등포구,연립다세대,매매,34,1,0,0,0,0,32250.0,3042.0,39.84,2010.0
2024-07,11560,영등포구,연립다세대,전월세,320,0,147,173,232,84,18950.0,1797.0,32.24,2014.0
2024-07,11590,동작구,아파트,매매,451,17,0,0,0,0,115500.0,4982.0,80.21,2006.0
2024-07,11590,동작구,아파트,전월세,699,0,478,221,464,192,52500.0,2339.0,74.13,2006.0
2024-07,11590,동작구,연립다세대,매매,138,6,0,0,0,0,37000.0,2987.0,48.71,2005.0
2024-07,11590,동작구,연립다세대,전월세,468,0,202,266,379,86,15000.0,1326.0,39.23,2010.0
2024-07,11620,관악구,아파트,매매,220,6,0,0,0,0,79800.0,3470.0,74.95,2004.0
2024-07,11620,관악구,아파트,전월세,578,0,278,300,394,145,27750.0,1420.0,59.28,2006.0
2024-07,11620,관악구,연립다세대,매매,152,5,0,0,0,0,29100.0,2165.0,44.51,2008.0
2024-07,11620,관악구,연립다세대,전월세,501,0,192,309,414,81,12000.0,1064.0,37.06,2008.0
2024-07,11650,서초구,아파트,매매,498,18,0,0,0,0,237500.0,8952.0,93.21,2004.0
2024-07,11650,서초구,아파트,전월세,1150,0,703,447,811,310,62000.0,2614.0,84.23,2007.0
2024-07,11650,서초구,연립다세대,매매,117,5,0,0,0,0,55000.0,4344.0,51.79,2009.0
2024-07,11650,서초구,연립다세대,전월세,663,0,330,333,464,192,25000.0,1982.0,45.51,2009.0
2024-07,11680,강남구,아파트,매매,575,21,0,0,0,0,219000.0,8657.0,88.0,2000.0
2024-07,11680,강남구,아파트,전월세,1645,0,924,721,1026,553,63000.0,2798.0,80.17,2002.0
2024-07,11680,강남구,연립다세대,매매,49,17,0,0,0,0,59800.0,5020.0,58.43,2009.0
2024-07,11680,강남구,연립다세대,전월세,650,0,264,386,503,145,15000.0,1499.0,40.42,2007.0
2024-07,11710,송파구,아파트,매매,719,14,0,0,0,0,156500.0,6511.0,84.27,2002.0
2024-07,11710,송파구,아파트,전월세,1640,0,969,671,1003,561,52560.0,2303.0,75.75,2005.0
2024-07,11710,송파구,연립다세대,매매,125,5,0,0,0,0,35000.0,2663.0,47.65,2007.0
2024-07,11710,송파구,연립다세대,전월세,1504,0,547,957,1005,494,15000.0,1321.0,40.25,2008.0
2024-07,11740,강동구,아파트,매매,570,15,0,0,0,0,95150.0,4606.0,62.39,2008.0
2024-07,11740,강동구,아파트,전월세,1326,0,891,435,1049,223,39800.0,2042.0,66.97,2012.0
2024-07,11740,강동구,연립다세대,매매,118,8,0,0,0,0,32000.0,3038.0,40.78,2012.0
2024-07,11740,강동구,연립다세대,전월세,661,0,281,380,465,187,18000.0,1526.0,37.79,2013.0
2024-08,11110,종로구,아파트,매매,40,0,0,0,0,0,89725.0,3919.0,68.22,2004.0
2024-08,11110,종로구,아파트,전월세,143,0,72,71,105,37,38000.0,1889.0,67.49,2007.0
2024-08,11110,종로구,연립다세대,매매,30,0,0,0,0,0,37500.0,1852.0,59.33,1997.0
2024-08,11110,종로구,연립다세대,전월세,196,0,78,118,151,42,12950.0,928.0,51.38,2003.0
2024-08,11140,중구,아파트,매매,86,3,0,0,0,0,108000.0,4944.0,76.4,2007.0
2024-08,11140,중구,아파트,전월세,269,0,140,129,195,60,27000.0,1901.0,65.32,2008.0
2024-08,11140,중구,연립다세대,매매,21,0,0,0,0,0,34800.0,2892.0,44.99,2008.0
2024-08,11140,중구,연립다세대,전월세,149,0,69,80,117,32,13990.0,1341.0,33.63,2009.0
2024-08,11170,용산구,아파트,매매,119,5,0,0,0,0,171500.0,7218.0,96.1,2000.0
2024-08,11170,용산구,아파트,전월세,464,0,277,187,315,129,55500.0,2342.0,87.95,2002.0
2024-08,11170,용산구,연립다세대,매매,98,5,0,0,0,0,62599.0,6767.0,42.9,2005.0
2024-08,11170,용산구,연립다세대,전월세,383,0,274,109,259,122,22050.0,1983.0,42.12,2009.0
2024-08,11200,성동구,아파트,매매,310,9,0,0,0,0,133750.0,5808.0,80.71,2002.0
2024-08,11200,성동구,아파트,전월세,759,0,488,271,463,244,57000.0,2394.0,76.69,2004.0
2024-08,11200,성동구,연립다세대,매매,51,1,0,0,0,0,52500.0,3706.0,47.61,2004.0
2024-08,11200,성동구,연립다세대,전월세,154,0,100,54,118,33,18950.0,1663.0,36.85,2008.0
2024-08,11215,광진구,아파트,매매,126,3,0,0,0,0,138000.0,5779.0,78.28,2000.0
2024-08,11215,광진구,아파트,전월세,360,0,219,141,232,128,52500.0,2438.0,73.44,2003.0
2024-08,11215,광진구,연립다세대,매매,139,6,0,0,0,0,40000.0,3455.0,42.13,2010.0
2024-08,11215,광진구,연립다세대,전월세,615,0,265,350,452,163,18900.0,1662.0,37.69,2012.0
2024-08,11230,동대문구,아파트,매매,271,19,0,0,0,0,81600.0,3741.0,72.18,2005.0
2024-08,11230,동대문구,아파트,전월세,648,0,366,282,431,177,40000.0,1845.0,63.73,2010.0
2024-08,11230,동대문구,연립다세대,매매,66,2,0,0,0,0,39950.0,3202.0,42.53,2012.0
2024-08,11230,동대문구,연립다세대,전월세,250,0,103,147,179,68,13000.0,1068.0,39.58,2011.0
2024-08,11260,중랑구,아파트,매매,192,9,0,0,0,0,64850.0,2973.0,71.02,2003.0
2024-08,11260,중랑구,아파트,전월세,788,0,446,342,600,158,14401.0,823.0,57.63,2010.0
2024-08,11260,중랑구,연립다세대,매매,137,10,0,0,0,0,31000.0,2686.0,40.76,2013.0
2024-08,11260,중랑구,연립다세대,전월세,395,0,205,190,292,96,18500.0,1620.0,37.58,2013.0
2024-08,11290,성북구,아파트,매매,363,12,0,0,0,0,78000.0,3574.0,74.22,2006.0
2024-08,11290,성북구,아파트,전월세,672,0,443,229,444,179,42000.0,1892.0,69.07,2008.0
2024-08,11290,성북구,연립다세대,매매,131,3,0,0,0,0,30000.0,2269.0,46.22,2013.0
2024-08,11290,성북구,연립다세대,전월세,429,0,190,239,341,85,11000.0,930.0,43.63,2010.0
2024-08,11305,강북구,아파트,매매,114,4,0,0,0,0,66500.0,3039.0,75.16,2005.0
2024-08,11305,강북구,아파트,전월세,266,0,152,114,203,61,24650.0,1456.0,59.62,2008.0
2024-08,11305,강북구,연립다세대,매매,116,7,0,0,0,0,25750.0,1865.0,49.33,2010.0
2024-08,11305,강북구,연립다세대,전월세,335,0,163,172,278,56,10300.0,783.0,45.83,2003.0
2024-08,11320,도봉구,아파트,매매,182,6,0,0,0,0,55000.0,2785.0,68.22,1995.0
2024-08,11320,도봉구,아파트,전월세,488,0,313,175,316,149,23000.0,1318.0,64.36,1994.0
2024-08,11320,도봉구,연립다세대,매매,93,2,0,0,0,0,24750.0,1690.0,49.04,2009.0
2024-08,11320,도봉구,연립다세대,전월세,231,0,101,130,175,49,9800.0,728.0,44.8,2006.0
2024-08,11350,노원구,아파트,매매,506,24,0,0,0,0,62000.0,3199.0,67.16,1996.0
2024-08,11350,노원구,아파트,전월세,1429,0,904,525,924,409,20000.0,1395.0,57.8,1993.0
2024-08,11350,노원구,연립다세대,매매,37,5,0,0,0,0,30000.0,1700.0,53.2,2003.0
2024-08,11350,노원구,연립다세대,전월세,150,0,58,92,127,22,7000.0,723.0,39.56,2006.0
2024-08,11380,은평구,아파트,매매,209,8,0,0,0,0,81900.0,3837.0,74.48,2011.0
2024-08,11380,은평구,아파트,전월세,707,0,409,298,418,249,30945.0,1492.0,66.14,2013.0
2024-08,11380,은평구,연립다세대,매매,241,9,0,0,0,0,27000.0,1993.0,47.02,2006.0
2024-08,11380,은평구,연립다세대,전월세,642,0,294,348,492,144,13000.0,973.0,43.51,2007.0
2024-08,11410,서대문구,아파트,매매,221,11,0,0,0,0,97000.0,4279.0,76.34,2007.0
2024-08,11410,서대문구,아파트,전월세,559,0,343,216,362,165,45000.0,2142.0,67.34,2010.0
2024-08,11410,서대문구,연립다세대,매매,74,6,0,0,0,0,33500.0,2120.0,50.38,2003.0
2024-08,11410,서대문구,연립다세대,전월세,306,0,103,203,239,64,9500.0,750.0,43.45,2006.0
2024-08,11440,마포구,아파트,매매,293,11,0,0,0,0,123000.0,5569.0,76.99,2005.0
2024-08,11440,마포구,아파트,전월세,994,0,545,449,625,315,35000.0,1938.0,70.44,2006.0
2024-08,11440,마포구,연립다세대,매매,120,11,0,0,0,0,39750.0,3353.0,39.97,2004.0
2024-08,11440,마포구,연립다세대,전월세,620,0,303,317,477,136,17000.0,1465.0,36.42,2008.0
2024-08,11470,양천구,아파트,매매,370,10,0,0,0,0,115750.0,4788.0,77.49,1999.0
2024-08,11470,양천구,아파트,전월세,897,0,607,290,523,320,44000.0,2096.0,73.48,1999.0
2024-08,11470,양천구,연립다세대,매매,145,10,0,0,0,0,24500.0,1916.0,43.53,2005.0
2024-08,11470,양천구,연립다세대,전월세,469,0,268,201,336,129,15000.0,1162.0,40.92,2007.0
2024-08,11500,강서구,아파트,매매,328,10,0,0,0,0,75500.0,3848.0,68.86,2002.0
2024-08,11500,강서구,아파트,전월세,1859,0,1333,526,1337,425,21878.0,1192.0,63.88,2008.0
2024-08,11500,강서구,연립다세대,매매,184,11,0,0,0,0,24450.0,2015.0,44.74,2009.0
2024-08,11500,강서구,연립다세대,전월세,827,0,370,457,631,187,13500.0,952.0,39.29,2010.0
2024-08,11530,구로구,아파트,매매,217,6,0,0,0,0,64250.0,3111.0,70.33,2002.0
2024-08,11530,구로구,아파트,전월세,1031,0,427,604,569,391,22700.0,1118.0,62.88,2008.0
2024-08,11530,구로구,연립다세대,매매,90,2,0,0,0,0,25850.0,1982.0,46.45,2008.0
2024-08,11530,구로구,연립다세대,전월세,348,0,173,175,285,58,10750.0,798.0,44.76,2007.0
2024-08,11545,금천구,아파트,매매,89,7,0,0,0,0,64000.0,2890.0,68.01,2005.0
2024-08,11545,금천구,아파트,전월세,228,0,125,103,167,60,25500.0,1351.0,59.77,2006.0
2024-08,11545,금천구,연립다세대,매매,74,3,0,0,0,0,26900.0,2352.0,41.13,2009.0
2024-08,11545,금천구,연립다세대,전월세,246,0,113,133,189,56,14400.0,1215.0,36.47,2013.0
2024-08,11560,영등포구,아파트,매매,343,17,0,0,0,0,99000.0,4657.0,79.75,2001.0
2024-08,11560,영등포구,아파트,전월세,957,0,598,359,620,271,41000.0,2064.0,66.95,2004.0
2024-08,11560,영등포구,연립다세대,매매,80,2,0,0,0,0,26750.0,2659.0,28.79,2013.0
2024-08,11560,영등포구,연립다세대,전월세,334,0,135,199,256,74,17893.0,2064.0,31.38,2014.0
2024-08,11590,동작구,아파트,매매,244,9,0,0,0,0,112850.0,4977.0,78.87,2005.0
2024-08,11590,동작구,아파트,전월세,684,0,432,252,445,199,51000.0,2335.0,72.48,2008.0
2024-08,11590,동작구,연립다세대,매매,144,8,0,0,0,0,39250.0,3033.0,46.09,2007.0
2024-08,11590,동작구,연립다세대,전월세,507,0,236,271,371,130,15000.0,1410.0,39.51,2009.0
2024-08,11620,관악구,아파트,매매,161,2,0,0,0,0,77000.0,3369.0,76.67,2003.0
2024-08,11620,관악구,아파트,전월세,547,0,272,275,331,172,30000.0,1477.0,62.76,2008.0
2024-08,11620,관악구,연립다세대,매매,96,7,0,0,0,0,27450.0,1925.0,47.97,2005.0
2024-08,11620,관악구,연립다세대,전월세,527,0,176,351,425,98,12700.0,1087.0,37.28,2009.0
2024-08,11650,서초구,아파트,매매,301,25,0,0,0,0,230000.0,8530.0,96.0,2004.0
2024-08,11650,서초구,아파트,전월세,1401,0,1000,401,990,357,68000.0,2774.0,83.06,2009.0
2024-08,11650,서초구,연립다세대,매매,98,22,0,0,0,0,53250.0,4383.0,47.88,2010.0
2024-08,11650,서초구,연립다세대,전월세,558,0,249,309,391,159,20000.0,1751.0,43.89,2009.0
2024-08,11680,강남구,아파트,매매,422,23,0,0,0,0,245000.0,9208.0,94.15,2000.0
2024-08,11680,강남구,아파트,전월세,1608,0,884,724,1047,492,60000.0,2786.0,76.08,2003.0
2024-08,11680,강남구,연립다세대,매매,77,0,0,0,0,0,48000.0,4571.0,49.53,2009.0
2024-08,11680,강남구,연립다세대,전월세,601,0,221,380,469,128,15000.0,1369.0,40.07,2008.0
2024-08,11710,송파구,아파트,매매,459,10,0,0,0,0,152500.0,6066.0,85.88,2000.0
2024-08,11710,송파구,아파트,전월세,1751,0,914,837,1121,550,49500.0,2134.0,74.81,2005.0
2024-08,11710,송파구,연립다세대,매매,147,14,0,0,0,0,39500.0,2951.0,48.47,2007.0
2024-08,11710,송파구,연립다세대,전월세,1510,0,557,953,1012,494,15000.0,1320.0,40.65,2009.0
2024-08,11740,강동구,아파트,매매,342,10,0,0,0,0,111250.0,4817.0,75.42,2004.0
2024-08,11740,강동구,아파트,전월세,1093,0,651,442,824,222,43000.0,2074.0,65.78,2010.0
2024-08,11740,강동구,연립다세대,매매,137,6,0,0,0,0,35800.0,3015.0,42.08,2011.0
2024-08,11740,강동구,연립다세대,전월세,708,0,290,418,491,213,16503.0,1461.0,37.49,2013.0
2024-09,11110,종로구,아파트,매매,27,3,0,0,0,0,121000.0,3548.0,99.23,2006.0
2024-09,11110,종로구,아파트,전월세,120,0,50,70,88,28,28500.0,1491.0,71.4,2006.0
2024-09,11110,종로구,연립다세대,매매,16,2,0,0,0,0,40000.0,2165.0,70.79,2002.0
2024-09,11110,종로구,연립다세대,전월세,159,0,70,89,124,32,10000.0,954.0,51.62,2002.0
2024-09,11140,중구,아파트,매매,47,2,0,0,0,0,112500.0,4280.0,81.26,2006.0
2024-09,11140,중구,아파트,전월세,255,0,119,136,185,65,25000.0,1434.0,62.4,2007.0
2024-09,11140,중구,연립다세대,매매,21,0,0,0,0,0,38000.0,2776.0,44.52,2009.0
2024-09,11140,중구,연립다세대,전월세,139,0,77,62,106,33,23000.0,1744.0,40.69,2010.0
2024-09,11170,용산구,아파트,매매,55,3,0,0,0,0,268000.0,7789.0,114.62,1998.0
2024-09,11170,용산구,아파트,전월세,374,0,199,175,227,129,46500.0,2029.0,86.61,2001.0
2024-09,11170,용산구,연립다세대,매매,69,3,0,0,0,0,50000.0,5560.0,43.9,2008.0
2024-09,11170,용산구,연립다세대,전월세,331,0,215,116,234,92,23000.0,2004.0,43.05,2010.0
2024-09,11200,성동구,아파트,매매,118,10,0,0,0,0,143625.0,6446.0,79.03,2004.0
2024-09,11200,성동구,아파트,전월세,655,0,382,273,423,195,51000.0,2315.0,73.58,2005.0
2024-09,11200,성동구,연립다세대,매매,28,1,0,0,0,0,49900.0,4315.0,42.57,2005.0
2024-09,11200,성동구,연립다세대,전월세,176,0,113,63,124,51,17820.0,1491.0,38.6,2007.0
2024-09,11215,광진구,아파트,매매,67,7,0,0,0,0,114000.0,5314.0,73.4,2003.0
2024-09,11215,광진구,아파트,전월세,310,0,161,149,196,114,49550.0,2310.0,74.09,2003.0
2024-09,11215,광진구,연립다세대,매매,119,4,0,0,0,0,38500.0,3263.0,43.87,2008.0
2024-09,11215,광진구,연립다세대,전월세,518,0,250,268,387,130,18710.0,1546.0,39.8,2011.0
2024-09,11230,동대문구,아파트,매매,128,5,0,0,0,0,72250.0,3626.0,68.56,2005.0
2024-09,11230,동대문구,아파트,전월세,514,0,296,218,341,139,38000.0,1943.0,64.27,2010.0
2024-09,11230,동대문구,연립다세대,매매,30,3,0,0,0,0,35000.0,3699.0,35.99,2011.0
2024-09,11230,동대문구,연립다세대,전월세,185,0,87,98,129,50,16800.0,1123.0,40.33,2012.0
2024-09,11260,중랑구,아파트,매매,94,3,0,0,0,0,59250.0,2921.0,70.14,2002.0
2024-09,11260,중랑구,아파트,전월세,499,0,182,317,384,99,16127.0,892.0,60.54,2009.0
2024-09,11260,중랑구,연립다세대,매매,102,5,0,0,0,0,32750.0,2822.0,40.79,2013.0
2024-09,11260,중랑구,연립다세대,전월세,360,0,168,192,268,83,17600.0,1515.0,37.59,2013.0
2024-09,11290,성북구,아파트,매매,184,7,0,0,0,0,79150.0,3509.0,75.43,2006.0
2024-09,11290,성북구,아파트,전월세,581,0,361,220,367,188,42000.0,1867.0,69.34,2008.0
2024-09,11290,성북구,연립다세대,매매,78,6,0,0,0,0,28000.0,1904.0,46.78,2007.0
2024-09,11290,성북구,연립다세대,전월세,312,0,163,149,249,59,12800.0,974.0,41.22,2009.0
2024-09,11305,강북구,아파트,매매,47,3,0,0,0,0,59500.0,2810.0,66.28,2004.0
2024-09,11305,강북구,아파트,전월세,226,0,120,106,178,48,22950.0,1351.0,58.91,2008.0
2024-09,11305,강북구,연립다세대,매매,96,7,0,0,0,0,23850.0,1910.0,44.34,2010.0
2024-09,11305,강북구,연립다세대,전월세,291,0,149,142,262,29,10000.0,800.0,44.08,2002.0
2024-09,11320,도봉구,아파트,매매,91,2,0,0,0,0,53850.0,2329.0,74.84,1995.0
2024-09,11320,도봉구,아파트,전월세,425,0,260,165,271,127,20000.0,1286.0,61.02,1993.0
2024-09,11320,도봉구,연립다세대,매매,83,3,0,0,0,0,19800.0,1393.0,46.65,2005.0
2024-09,11320,도봉구,연립다세대,전월세,180,0,68,112,154,25,9075.0,695.0,43.64,2005.0
2024-09,11350,노원구,아파트,매매,249,7,0,0,0,0,57400.0,3116.0,65.12,1995.0
2024-09,11350,노원구,아파트,전월세,1243,0,721,522,836,344,20000.0,1319.0,56.64,1994.0
2024-09,11350,노원구,연립다세대,매매,45,2,0,0,0,0,29400.0,1893.0,45.7,2005.0
2024-09,11350,노원구,연립다세대,전월세,98,0,47,51,85,12,10000.0,674.0,44.29,2003.0
2024-09,11380,은평구,아파트,매매,129,7,0,0,0,0,75000.0,3312.0,76.59,2010.0
2024-09,11380,은평구,아파트,전월세,867,0,460,407,453,375,20713.0,1354.0,61.37,2013.0
2024-09,11380,은평구,연립다세대,매매,219,17,0,0,0,0,30000.0,2316.0,46.95,2010.0
2024-09,11380,은평구,연립다세대,전월세,593,0,295,298,441,144,14170.0,1044.0,43.18,2007.0
2024-09,11410,서대문구,아파트,매매,106,1,0,0,0,0,79500.0,3854.0,71.56,2005.0
2024-09,11410,서대문구,아파트,전월세,533,0,294,239,323,183,40000.0,1771.0,66.58,2009.0
2024-09,11410,서대문구,연립다세대,매매,60,4,0,0,0,0,25625.0,1782.0,45.5,2004.0
2024-09,11410,서대문구,연립다세대,전월세,239,0,97,142,194,42,12000.0,875.0,45.43,2004.0
2024-09,11440,마포구,아파트,매매,131,3,0,0,0,0,123500.0,5176.0,79.13,2006.0
2024-09,11440,마포구,아파트,전월세,884,0,527,357,536,294,35700.0,1909.0,69.61,2008.0
2024-09,11440,마포구,연립다세대,매매,104,12,0,0,0,0,44000.0,3684.0,41.29,2006.0
2024-09,11440,마포구,연립다세대,전월세,545,0,227,318,422,117,12700.0,1217.0,37.61,2007.0
2024-09,11470,양천구,아파트,매매,175,4,0,0,0,0,124000.0,5193.0,79.34,1999.0
2024-09,11470,양천구,아파트,전월세,699,0,439,260,408,253,42000.0,1978.0,71.9,1998.0
2024-09,11470,양천구,연립다세대,매매,110,4,0,0,0,0,23750.0,1934.0,42.46,2004.0
2024-09,11470,양천구,연립다세대,전월세,431,0,205,226,307,123,13000.0,975.0,41.32,2007.0
2024-09,11500,강서구,아파트,매매,140,7,0,0,0,0,74850.0,3602.0,72.84,2004.0
2024-09,11500,강서구,아파트,전월세,1020,0,644,376,665,303,31656.0,1759.0,60.69,2005.0
2024-09,11500,강서구,연립다세대,매매,146,40,0,0,0,0,23500.0,1805.0,46.14,2008.0
2024-09,11500,강서구,연립다세대,전월세,690,0,288,402,521,158,14300.0,989.0,39.89,2010.0
2024-09,11530,구로구,아파트,매매,130,7,0,0,0,0,64250.0,3074.0,68.3,2002.0
2024-09,11530,구로구,아파트,전월세,789,0,339,450,483,279,21500.0,1059.0,59.78,2007.0
2024-09,11530,구로구,연립다세대,매매,76,3,0,0,0,0,28950.0,2289.0,47.46,2009.0
2024-09,11530,구로구,연립다세대,전월세,304,0,139,165,250,49,11000.0,805.0,44.87,2006.0
2024-09,11545,금천구,아파트,매매,34,1,0,0,0,0,60250.0,2662.0,66.97,2001.0
2024-09,11545,금천구,아파트,전월세,186,0,117,69,132,54,25100.0,1404.0,59.21,2004.0
2024-09,11545,금천구,연립다세대,매매,52,2,0,0,0,0,25800.0,1890.0,44.75,2009.0
2024-09,11545,금천구,연립다세대,전월세,208,0,90,118,169,38,13050.0,922.0,38.29,2011.0
2024-09,11560,영등포구,아파트,매매,197,8,0,0,0,0,129500.0,5513.0,87.1,2006.0
2024-09,11560,영등포구,아파트,전월세,849,0,478,371,546,255,39900.0,2024.0,65.59,2006.0
2024-09,11560,영등포구,연립다세대,매매,46,1,0,0,0,0,36900.0,3073.0,38.45,2010.0
2024-09,11560,영등포구,연립다세대,전월세,290,0,119,171,219,67,18000.0,2093.0,30.99,2014.0
2024-09,11590,동작구,아파트,매매,115,5,0,0,0,0,119000.0,4631.0,80.48,2003.0
2024-09,11590,동작구,아파트,전월세,668,0,353,315,418,234,45000.0,2103.0,66.28,2009.0
2024-09,11590,동작구,연립다세대,매매,101,8,0,0,0,0,40000.0,2765.0,48.22,2006.0
2024-09,11590,동작구,연립다세대,전월세,362,0,171,191,277,79,17900.0,1389.0,41.08,2009.0
2024-09,11620,관악구,아파트,매매,83,2,0,0,0,0,71000.0,3462.0,68.04,2005.0
2024-09,11620,관악구,아파트,전월세,485,0,213,272,337,117,23000.0,1325.0,57.15,2007.0
2024-09,11620,관악구,연립다세대,매매,101,6,0,0,0,0,29850.0,2216.0,45.21,2006.0
2024-09,11620,관악구,연립다세대,전월세,447,0,133,314,363,82,12000.0,1022.0,37.29,2008.0
2024-09,11650,서초구,아파트,매매,177,6,0,0,0,0,230000.0,8280.0,95.33,2004.0
2024-09,11650,서초구,아파트,전월세,1000,0,586,414,643,303,70000.0,2882.0,82.74,2008.0
2024-09,11650,서초구,연립다세대,매매,80,6,0,0,0,0,52750.0,4566.0,42.54,2012.0
2024-09,11650,서초구,연립다세대,전월세,513,0,225,288,362,143,19900.0,1667.0,43.24,2009.0
2024-09,11680,강남구,아파트,매매,210,14,0,0,0,0,247000.0,9194.0,87.95,2000.0
2024-09,11680,강남구,아파트,전월세,1339,0,666,673,870,419,50000.0,2540.0,73.63,2003.0
2024-09,11680,강남구,연립다세대,매매,56,4,0,0,0,0,74035.0,5904.0,53.93,2003.0
2024-09,11680,강남구,연립다세대,전월세,567,0,220,347,446,116,16000.0,1554.0,40.08,2008.0
2024-09,11710,송파구,아파트,매매,190,5,0,0,0,0,151500.0,6225.0,85.71,2000.0
2024-09,11710,송파구,아파트,전월세,1304,0,752,552,804,445,50000.0,2153.0,76.28,2003.0
2024-09,11710,송파구,연립다세대,매매,136,4,0,0,0,0,37775.0,3102.0,40.91,2013.0
2024-09,11710,송파구,연립다세대,전월세,1342,0,474,868,879,459,15000.0,1309.0,39.67,2008.0
2024-09,11740,강동구,아파트,매매,146,6,0,0,0,0,91750.0,4132.0,76.24,2003.0
2024-09,11740,강동구,아파트,전월세,941,0,610,331,697,211,40900.0,1977.0,69.55,2010.0
2024-09,11740,강동구,연립다세대,매매,104,8,0,0,0,0,36000.0,2994.0,42.51,2010.0
2024-09,11740,강동구,연립다세대,전월세,583,0,250,333,409,166,17850.0,1384.0,38.3,2013.0
2024-10,11110,종로구,아파트,매매,37,1,0,0,0,0,124900.0,4357.0,88.21,2004.0
2024-10,11110,종로구,아파트,전월세,147,0,65,82,99,43,30870.0,1578.0,72.1,2006.0
2024-10,11110,종로구,연립다세대,매매,31,5,0,0,0,0,43000.0,2302.0,69.25,2002.0
2024-10,11110,종로구,연립다세대,전월세,162,0,65,97,138,22,10000.0,890.0,54.37,2001.0
2024-10,11140,중구,아파트,매매,63,2,0,0,0,0,109000.0,5061.0,71.48,2006.0
2024-10,11140,중구,아파트,전월세,302,0,145,157,209,79,25350.0,1939.0,64.21,2008.0
2024-10,11140,중구,연립다세대,매매,25,0,0,0,0,0,39000.0,2699.0,58.47,2005.0
2024-10,11140,중구,연립다세대,전월세,123,0,48,75,86,35,17000.0,1168.0,40.92,2008.0
2024-10,11170,용산구,아파트,매매,69,4,0,0,0,0,194990.0,7994.0,101.8,1997.0
2024-10,11170,용산구,아파트,전월세,465,0,292,173,288,162,55000.0,2340.0,89.23,2002.0
2024-10,11170,용산구,연립다세대,매매,57,4,0,0,0,0,59900.0,6198.0,47.47,2010.0
2024-10,11170,용산구,연립다세대,전월세,446,0,310,136,326,117,21000.0,1883.0,42.1,2009.0
2024-10,11200,성동구,아파트,매매,160,15,0,0,0,0,138850.0,6010.0,79.0,2005.0
2024-10,11200,성동구,아파트,전월세,791,0,477,314,508,238,53000.0,2481.0,75.57,2005.0
2024-10,11200,성동구,연립다세대,매매,26,2,0,0,0,0,49350.0,3835.0,48.57,2006.0
2024-10,11200,성동구,연립다세대,전월세,172,0,99,73,128,43,17000.0,1389.0,38.38,2008.0
2024-10,11215,광진구,아파트,매매,69,4,0,0,0,0,125000.0,5179.0,80.41,1999.0
2024-10,11215,광진구,아파트,전월세,377,0,228,149,248,129,52000.0,2346.0,77.09,2001.0
2024-10,11215,광진구,연립다세대,매매,121,4,0,0,0,0,42000.0,3338.0,44.87,2010.0
2024-10,11215,광진구,연립다세대,전월세,675,0,289,386,496,177,17100.0,1536.0,36.5,2012.0
2024-10,11230,동대문구,아파트,매매,145,13,0,0,0,0,78000.0,3491.0,72.86,2005.0
2024-10,11230,동대문구,아파트,전월세,778,0,431,347,569,181,37000.0,1835.0,61.74,2011.0
2024-10,11230,동대문구,연립다세대,매매,61,5,0,0,0,0,34200.0,2789.0,44.9,2010.0
2024-10,11230,동대문구,연립다세대,전월세,238,0,128,110,178,53,18000.0,1383.0,39.54,2011.0
2024-10,11260,중랑구,아파트,매매,107,8,0,0,0,0,61800.0,2914.0,69.17,2001.0
2024-10,11260,중랑구,아파트,전월세,402,0,198,204,295,90,20000.0,1475.0,55.9,2006.0
2024-10,11260,중랑구,연립다세대,매매,167,10,0,0,0,0,34500.0,3142.0,42.57,2016.0
2024-10,11260,중랑구,연립다세대,전월세,406,0,205,201,319,79,17850.0,1758.0,35.89,2013.0
2024-10,11290,성북구,아파트,매매,208,12,0,0,0,0,75550.0,3238.0,74.39,2004.0
2024-10,11290,성북구,아파트,전월세,706,0,459,247,465,206,41000.0,1934.0,71.58,2007.0
2024-10,11290,성북구,연립다세대,매매,77,1,0,0,0,0,31000.0,2304.0,49.25,2008.0
2024-10,11290,성북구,연립다세대,전월세,332,0,176,156,256,68,15500.0,1175.0,43.65,2009.0
2024-10,11305,강북구,아파트,매매,75,13,0,0,0,0,64000.0,2760.0,69.3,2005.0
2024-10,11305,강북구,아파트,전월세,244,0,133,111,199,43,24000.0,1266.0,61.73,2007.0
2024-10,11305,강북구,연립다세대,매매,147,5,0,0,0,0,27500.0,1972.0,50.7,2011.0
2024-10,11305,강북구,연립다세대,전월세,259,0,115,144,220,38,9700.0,765.0,44.34,2004.0
2024-10,11320,도봉구,아파트,매매,137,6,0,0,0,0,53500.0,2412.0,72.36,1995.0
2024-10,11320,도봉구,아파트,전월세,501,0,323,178,329,141,21930.0,1368.0,62.06,1994.0
2024-10,11320,도봉구,연립다세대,매매,85,4,0,0,0,0,21500.0,1445.0,45.79,2005.0
2024-10,11320,도봉구,연립다세대,전월세,194,0,77,117,153,38,9000.0,738.0,44.13,2004.0
2024-10,11350,노원구,아파트,매매,268,19,0,0,0,0,54000.0,3091.0,60.88,1995.0
2024-10,11350,노원구,아파트,전월세,1504,0,908,596,980,430,20000.0,1390.0,57.05,1994.0
2024-10,11350,노원구,연립다세대,매매,22,1,0,0,0,0,26250.0,1742.0,55.95,2002.0
2024-10,11350,노원구,연립다세대,전월세,118,0,59,59,93,23,9900.0,644.0,41.6,2006.0
2024-10,11380,은평구,아파트,매매,125,7,0,0,0,0,74300.0,3508.0,71.71,2011.0
2024-10,11380,은평구,아파트,전월세,764,0,331,433,374,367,25000.0,1730.0,56.04,2014.0
2024-10,11380,은평구,연립다세대,매매,240,12,0,0,0,0,28100.0,2207.0,46.4,2009.0
2024-10,11380,은평구,연립다세대,전월세,727,0,353,374,558,164,13500.0,980.0,42.9,2007.0
2024-10,11410,서대문구,아파트,매매,145,5,0,0,0,0,84400.0,4046.0,71.92,2006.0
2024-10,11410,서대문구,아파트,전월세,627,0,318,309,348,239,35700.0,1713.0,63.07,2010.0
2024-10,11410,서대문구,연립다세대,매매,75,2,0,0,0,0,26000.0,1881.0,49.87,2003.0
2024-10,11410,서대문구,연립다세대,전월세,308,0,132,176,246,59,10200.0,818.0,46.06,2005.0
2024-10,11440,마포구,아파트,매매,153,7,0,0,0,0,120000.0,5371.0,78.47,2005.0
2024-10,11440,마포구,아파트,전월세,937,0,535,402,558,333,45000.0,2159.0,69.43,2007.0
2024-10,11440,마포구,연립다세대,매매,110,4,0,0,0,0,41500.0,3682.0,40.2,2007.0
2024-10,11440,마포구,연립다세대,전월세,701,0,302,399,515,178,13000.0,1309.0,38.45,2009.0
2024-10,11470,양천구,아파트,매매,164,8,0,0,0,0,98150.0,4148.0,79.74,2000.0
2024-10,11470,양천구,아파트,전월세,1042,0,660,382,637,364,40000.0,1958.0,72.28,1999.0
2024-10,11470,양천구,연립다세대,매매,148,10,0,0,0,0,25700.0,2147.0,42.54,2009.0
2024-10,11470,양천구,연립다세대,전월세,503,0,238,265,366,133,14000.0,1028.0,41.06,2006.0
2024-10,11500,강서구,아파트,매매,190,9,0,0,0,0,75500.0,3699.0,71.45,2002.0
2024-10,11500,강서구,아파트,전월세,1347,0,874,473,882,406,31601.0,1747.0,64.24,2005.0
2024-10,11500,강서구,연립다세대,매매,203,20,0,0,0,0,23500.0,1805.0,44.69,2008.0
2024-10,11500,강서구,연립다세대,전월세,874,0,400,474,691,175,13855.0,997.0,39.55,2010.0
2024-10,11530,구로구,아파트,매매,170,12,0,0,0,0,65500.0,3158.0,69.95,2001.0
2024-10,11530,구로구,아파트,전월세,775,0,377,398,495,241,25000.0,1300.0,61.74,2004.0
2024-10,11530,구로구,연립다세대,매매,77,1,0,0,0,0,24600.0,1875.0,47.72,2003.0
2024-10,11530,구로구,연립다세대,전월세,335,0,169,166,270,59,12000.0,919.0,41.43,2007.0
2024-10,11545,금천구,아파트,매매,43,5,0,0,0,0,55200.0,2494.0,71.09,2004.0
2024-10,11545,금천구,아파트,전월세,237,0,127,110,187,50,23056.0,1532.0,58.82,2007.0
2024-10,11545,금천구,연립다세대,매매,72,3,0,0,0,0,23505.0,2040.0,40.8,2010.0
2024-10,11545,금천구,연립다세대,전월세,233,0,108,125,180,49,15000.0,1244.0,37.62,2012.0
2024-10,11560,영등포구,아파트,매매,201,9,0,0,0,0,105000.0,4713.0,76.73,2002.0
2024-10,11560,영등포구,아파트,전월세,947,0,574,373,584,315,42000.0,2202.0,67.35,2004.0
2024-10,11560,영등포구,연립다세대,매매,41,6,0,0,0,0,32000.0,3285.0,36.0,2013.0
2024-10,11560,영등포구,연립다세대,전월세,350,0,138,212,262,81,16000.0,1727.0,31.26,2014.0
2024-10,11590,동작구,아파트,매매,162,5,0,0,0,0,107500.0,4564.0,81.01,2003.0
2024-10,11590,동작구,아파트,전월세,699,0,438,261,439,227,46200.0,2204.0,70.27,2008.0
2024-10,11590,동작구,연립다세대,매매,119,8,0,0,0,0,38000.0,2614.0,48.33,2006.0
2024-10,11590,동작구,연립다세대,전월세,415,0,184,231,318,94,16800.0,1388.0,41.09,2009.0
2024-10,11620,관악구,아파트,매매,92,2,0,0,0,0,81000.0,3412.0,72.56,2005.0
2024-10,11620,관악구,아파트,전월세,760,0,268,492,569,156,15000.0,1253.0,54.44,2011.0
2024-10,11620,관악구,연립다세대,매매,94,9,0,0,0,0,26250.0,1746.0,49.57,2002.0
2024-10,11620,관악구,연립다세대,전월세,511,0,147,364,430,73,12600.0,1100.0,37.17,2008.0
2024-10,11650,서초구,아파트,매매,202,12,0,0,0,0,217500.0,8104.0,91.47,2005.0
2024-10,11650,서초구,아파트,전월세,1252,0,800,452,817,387,74500.0,2981.0,86.16,2007.0
2024-10,11650,서초구,연립다세대,매매,81,8,0,0,0,0,53500.0,4213.0,45.51,2011.0
2024-10,11650,서초구,연립다세대,전월세,576,0,249,327,390,182,22000.0,1954.0,41.76,2010.0
2024-10,11680,강남구,아파트,매매,288,17,0,0,0,0,244000.0,10050.0,88.77,1999.0
2024-10,11680,강남구,아파트,전월세,1739,0,922,817,1131,535,65000.0,2842.0,78.81,2002.0
2024-10,11680,강남구,연립다세대,매매,42,2,0,0,0,0,53750.0,3994.0,56.87,2006.0
2024-10,11680,강남구,연립다세대,전월세,579,0,229,350,444,125,16450.0,1459.0,42.27,2007.0
2024-10,11710,송파구,아파트,매매,248,10,0,0,0,0,160500.0,6229.0,85.64,2001.0
2024-10,11710,송파구,아파트,전월세,1802,0,1042,760,1105,617,50000.0,2218.0,76.72,2002.0
2024-10,11710,송파구,연립다세대,매매,148,5,0,0,0,0,34950.0,2704.0,46.14,2008.0
2024-10,11710,송파구,연립다세대,전월세,1509,0,513,996,995,509,14500.0,1296.0,39.61,2008.0
2024-10,11740,강동구,아파트,매매,199,12,0,0,0,0,98500.0,4512.0,73.85,2004.0
2024-10,11740,강동구,아파트,전월세,1276,0,825,451,965,244,45000.0,2162.0,69.39,2009.0
2024-10,11740,강동구,연립다세대,매매,129,7,0,0,0,0,35750.0,2854.0,43.78,2008.0
2024-10,11740,강동구,연립다세대,전월세,660,0,295,365,459,196,19000.0,1474.0,38.91,2012.0
2024-11,11110,종로구,아파트,매매,37,4,0,0,0,0,105000.0,4577.0,83.66,2005.0
2024-11,11110,종로구,아파트,전월세,162,0,74,88,121,35,31000.0,1577.0,68.56,2007.0
2024-11,11110,종로구,연립다세대,매매,26,3,0,0,0,0,46000.0,2126.0,86.03,1998.0
2024-11,11110,종로구,연립다세대,전월세,195,0,75,120,152,41,9500.0,740.0,48.38,2003.0
2024-11,11140,중구,아파트,매매,49,5,0,0,0,0,115000.0,4693.0,77.4,2007.0
2024-11,11140,중구,아파트,전월세,252,0,124,128,167,71,35000.0,2309.0,63.77,2009.0
2024-11,11140,중구,연립다세대,매매,14,0,0,0,0,0,32900.0,3378.0,46.4,2005.0
2024-11,11140,중구,연립다세대,전월세,146,0,61,85,110,31,14600.0,1301.0,33.94,2010.0
2024-11,11170,용산구,아파트,매매,73,9,0,0,0,0,180000.0,7124.0,89.84,2002.0
2024-11,11170,용산구,아파트,전월세,724,0,253,471,273,415,19707.0,1335.0,68.01,2009.0
2024-11,11170,용산구,연립다세대,매매,42,4,0,0,0,0,59750.0,4826.0,49.66,2006.0
2024-11,11170,용산구,연립다세대,전월세,385,0,254,131,271,112,22000.0,1781.0,41.77,2009.0
2024-11,11200,성동구,아파트,매매,146,14,0,0,0,0,138900.0,5896.0,80.34,2004.0
2024-11,11200,성동구,아파트,전월세,731,0,396,335,444,245,50000.0,2316.0,73.86,2006.0
2024-11,11200,성동구,연립다세대,매매,27,1,0,0,0,0,32500.0,3775.0,33.27,2007.0
2024-11,11200,성동구,연립다세대,전월세,178,0,90,88,136,41,14000.0,1329.0,35.92,2010.0
2024-11,11215,광진구,아파트,매매,71,4,0,0,0,0,130000.0,5506.0,82.95,2001.0
2024-11,11215,광진구,아파트,전월세,372,0,219,153,257,115,53000.0,2452.0,75.55,2001.0
2024-11,11215,광진구,연립다세대,매매,91,2,0,0,0,0,42000.0,3036.0,48.07,2007.0
2024-11,11215,광진구,연립다세대,전월세,612,0,240,372,456,155,16000.0,1562.0,35.37,2012.0
2024-11,11230,동대문구,아파트,매매,197,8,0,0,0,0,63000.0,3957.0,53.68,2011.0
2024-11,11230,동대문구,아파트,전월세,697,0,346,351,518,146,30000.0,1818.0,60.64,2012.0
2024-11,11230,동대문구,연립다세대,매매,41,8,0,0,0,0,36900.0,3315.0,39.72,2010.0
2024-11,11230,동대문구,연립다세대,전월세,261,0,125,136,210,45,15000.0,1212.0,36.43,2011.0
2024-11,11260,중랑구,아파트,매매,88,6,0,0,0,0,60000.0,2878.0,68.44,2002.0
2024-11,11260,중랑구,아파트,전월세,464,0,206,258,343,105,15100.0,1041.0,50.94,2009.0
2024-11,11260,중랑구,연립다세대,매매,136,5,0,0,0,0,34500.0,2925.0,40.76,2016.0
2024-11,11260,중랑구,연립다세대,전월세,354,0,171,183,265,77,16900.0,1525.0,37.32,2013.0
2024-11,11290,성북구,아파트,매매,145,7,0,0,0,0,78000.0,3507.0,74.83,2006.0
2024-11,11290,성북구,아파트,전월세,706,0,435,271,460,215,40250.0,1946.0,69.29,2008.0
2024-11,11290,성북구,연립다세대,매매,102,5,0,0,0,0,30000.0,2926.0,43.79,2012.0
2024-11,11290,성북구,연립다세대,전월세,388,0,189,199,305,73,12000.0,926.0,40.38,2009.0
2024-11,11305,강북구,아파트,매매,47,5,0,0,0,0,59000.0,2992.0,65.05,2005.0
2024-11,11305,강북구,아파트,전월세,204,0,107,97,149,53,23500.0,1295.0,60.94,2008.0
2024-11,11305,강북구,연립다세대,매매,78,7,0,0,0,0,22000.0,1737.0,48.11,2009.0
2024-11,11305,강북구,연립다세대,전월세,210,0,115,95,179,31,11000.0,859.0,43.78,2004.0
2024-11,11320,도봉구,아파트,매매,79,6,0,0,0,0,50000.0,2395.0,69.03,1996.0
2024-11,11320,도봉구,아파트,전월세,457,0,281,176,298,135,20000.0,1294.0,63.73,1995.0
2024-11,11320,도봉구,연립다세대,매매,68,13,0,0,0,0,16622.0,1504.0,44.48,2006.0
2024-11,11320,도봉구,연립다세대,전월세,174,0,78,96,137,32,10000.0,770.0,44.8,2005.0
2024-11,11350,노원구,아파트,매매,282,26,0,0,0,0,51600.0,3200.0,58.29,1998.0
2024-11,11350,노원구,아파트,전월세,1402,0,839,563,919,397,20000.0,1390.0,58.49,1994.0
2024-11,11350,노원구,연립다세대,매매,22,1,0,0,0,0,28800.0,1978.0,50.96,2001.0
2024-11,11350,노원구,연립다세대,전월세,164,0,46,118,137,26,5000.0,463.0,35.54,2007.0
2024-11,11380,은평구,아파트,매매,124,1,0,0,0,0,66000.0,3287.0,67.73,2011.0
2024-11,11380,은평구,아파트,전월세,923,0,317,606,532,365,20000.0,1452.0,49.69,2017.0
2024-11,11380,은평구,연립다세대,매매,178,4,0,0,0,0,28500.0,2140.0,47.14,2009.0
2024-11,11380,은평구,연립다세대,전월세,612,0,270,342,469,141,13000.0,1015.0,41.96,2007.0
2024-11,11410,서대문구,아파트,매매,135,10,0,0,0,0,86500.0,4020.0,73.65,2005.0
2024-11,11410,서대문구,아파트,전월세,615,0,358,257,340,234,42000.0,1950.0,68.09,2010.0
2024-11,11410,서대문구,연립다세대,매매,46,4,0,0,0,0,30250.0,1991.0,51.16,2005.0
2024-11,11410,서대문구,연립다세대,전월세,308,0,103,205,250,52,7000.0,685.0,40.32,2005.0
2024-11,11440,마포구,아파트,매매,151,13,0,0,0,0,137500.0,5689.0,76.99,2007.0
2024-11,11440,마포구,아파트,전월세,891,0,515,376,492,344,47000.0,2204.0,70.0,2007.0
2024-11,11440,마포구,연립다세대,매매,71,9,0,0,0,0,39000.0,3155.0,41.48,2007.0
2024-11,11440,마포구,연립다세대,전월세,638,0,278,360,463,163,13000.0,1331.0,34.06,2009.0
2024-11,11470,양천구,아파트,매매,153,4,0,0,0,0,130000.0,5057.0,82.46,1999.0
2024-11,11470,양천구,아파트,전월세,950,0,600,350,543,360,47000.0,2118.0,76.77,1996.0
2024-11,11470,양천구,연립다세대,매매,100,5,0,0,0,0,24750.0,2036.0,41.82,2006.0
2024-11,11470,양천구,연립다세대,전월세,422,0,179,243,307,107,13200.0,1045.0,41.15,2007.0
2024-11,11500,강서구,아파트,매매,156,7,0,0,0,0,80500.0,3779.0,72.84,2004.0
2024-11,11500,강서구,아파트,전월세,1372,0,839,533,952,370,29000.0,1747.0,60.82,2006.0
2024-11,11500,강서구,연립다세대,매매,224,16,0,0,0,0,24700.0,2013.0,41.1,2010.0
2024-11,11500,강서구,연립다세대,전월세,782,0,286,496,626,141,12600.0,963.0,38.33,2009.0
2024-11,11530,구로구,아파트,매매,126,4,0,0,0,0,67350.0,3160.0,67.6,2000.0
2024-11,11530,구로구,아파트,전월세,720,0,334,386,497,192,20660.0,1138.0,59.94,2004.0
2024-11,11530,구로구,연립다세대,매매,77,5,0,0,0,0,23000.0,1741.0,46.94,2006.0
2024-11,11530,구로구,연립다세대,전월세,285,0,126,159,234,44,12300.0,879.0,42.81,2006.0
2024-11,11545,금천구,아파트,매매,42,2,0,0,0,0,51800.0,2795.0,64.08,2000.0
2024-11,11545,금천구,아파트,전월세,251,0,137,114,189,58,22300.0,1504.0,55.69,2007.0
2024-11,11545,금천구,연립다세대,매매,62,9,0,0,0,0,29000.0,2156.0,47.72,2009.0
2024-11,11545,금천구,연립다세대,전월세,235,0,102,133,195,32,15000.0,1063.0,38.06,2012.0
2024-11,11560,영등포구,아파트,매매,177,3,0,0,0,0,107000.0,4748.0,74.91,2001.0
2024-11,11560,영등포구,아파트,전월세,1204,0,510,694,608,547,25650.0,2140.0,56.45,2009.0
2024-11,11560,영등포구,연립다세대,매매,38,5,0,0,0,0,38450.0,3544.0,36.99,2011.0
2024-11,11560,영등포구,연립다세대,전월세,330,0,118,212,237,83,18200.0,2115.0,30.93,2014.0
2024-11,11590,동작구,아파트,매매,130,6,0,0,0,0,107200.0,4637.0,78.75,2004.0
2024-11,11590,동작구,아파트,전월세,742,0,473,269,497,209,52000.0,2285.0,73.08,2008.0
2024-11,11590,동작구,연립다세대,매매,79,3,0,0,0,0,40800.0,2962.0,47.33,2007.0
2024-11,11590,동작구,연립다세대,전월세,447,0,171,276,343,98,13350.0,1210.0,40.92,2009.0
2024-11,11620,관악구,아파트,매매,90,4,0,0,0,0,77400.0,3446.0,71.35,2004.0
2024-11,11620,관악구,아파트,전월세,530,0,243,287,380,128,29590.0,1447.0,58.62,2008.0
2024-11,11620,관악구,연립다세대,매매,127,7,0,0,0,0,25500.0,1789.0,43.5,2003.0
2024-11,11620,관악구,연립다세대,전월세,483,0,157,326,394,73,13000.0,1115.0,36.01,2008.0
2024-11,11650,서초구,아파트,매매,187,10,0,0,0,0,212500.0,7412.0,96.98,2004.0
2024-11,11650,서초구,아파트,전월세,1197,0,654,543,781,372,70000.0,2821.0,86.65,2006.0
2024-11,11650,서초구,연립다세대,매매,98,5,0,0,0,0,45625.0,5284.0,39.19,2016.0
2024-11,11650,서초구,연립다세대,전월세,510,0,205,305,353,150,20000.0,1790.0,42.59,2009.0
2024-11,11680,강남구,아파트,매매,241,18,0,0,0,0,232000.0,9700.0,86.71,1998.0
2024-11,11680,강남구,아파트,전월세,1686,0,868,818,1066,574,63584.0,2763.0,79.88,2002.0
2024-11,11680,강남구,연립다세대,매매,62,1,0,0,0,0,51500.0,4771.0,47.59,2006.0
2024-11,11680,강남구,연립다세대,전월세,530,0,214,316,392,130,15750.0,1620.0,40.57,2007.0
2024-11,11710,송파구,아파트,매매,275,15,0,0,0,0,180000.0,6666.0,85.18,1998.0
2024-11,11710,송파구,아파트,전월세,1838,0,1101,737,1139,612,52500.0,2300.0,78.42,2002.0
2024-11,11710,송파구,연립다세대,매매,107,3,0,0,0,0,35500.0,2802.0,43.19,2008.0
2024-11,11710,송파구,연립다세대,전월세,1468,0,481,987,934,527,13845.0,1258.0,39.65,2008.0
2024-11,11740,강동구,아파트,매매,158,13,0,0,0,0,106000.0,4842.0,72.56,2003.0
2024-11,11740,강동구,아파트,전월세,1314,0,838,476,1016,238,47250.0,2142.0,71.75,2010.0
2024-11,11740,강동구,연립다세대,매매,111,11,0,0,0,0,34700.0,3246.0,39.19,2014.0
2024-11,11740,강동구,연립다세대,전월세,588,0,239,349,421,162,18000.0,1540.0,38.06,2013.0
2024-12,11110,종로구,아파트,매매,17,1,0,0,0,0,92900.0,3619.0,80.1,2002.0
2024-12,11110,종로구,아파트,전월세,239,0,112,127,176,57,31972.0,1595.0,67.29,2008.0
2024-12,11110,종로구,연립다세대,매매,24,3,0,0,0,0,40100.0,2606.0,70.76,2003.0
2024-12,11110,종로구,연립다세대,전월세,203,0,61,142,173,30,5000.0,378.0,46.06,2002.0
2024-12,11140,중구,아파트,매매,60,11,0,0,0,0,103000.0,4863.0,66.68,2007.0
2024-12,11140,중구,아파트,전월세,297,0,149,148,201,80,30000.0,2186.0,62.18,2009.0
2024-12,11140,중구,연립다세대,매매,20,1,0,0,0,0,35500.0,3298.0,50.69,2005.0
2024-12,11140,중구,연립다세대,전월세,177,0,70,107,147,29,8000.0,964.0,33.29,2007.0
2024-12,11170,용산구,아파트,매매,50,1,0,0,0,0,174000.0,6681.0,91.11,1999.0
2024-12,11170,용산구,아파트,전월세,662,0,261,401,284,345,20000.0,1335.0,70.92,2008.0
2024-12,11170,용산구,연립다세대,매매,36,1,0,0,0,0,58500.0,5274.0,51.21,2007.0
2024-12,11170,용산구,연립다세대,전월세,407,0,275,132,265,136,21000.0,1948.0,39.87,2011.0
2024-12,11200,성동구,아파트,매매,137,19,0,0,0,0,133500.0,5844.0,76.58,2004.0
2024-12,11200,성동구,아파트,전월세,861,0,502,359,501,319,50000.0,2253.0,73.39,2005.0
2024-12,11200,성동구,연립다세대,매매,22,2,0,0,0,0,45250.0,3818.0,39.37,2002.0
2024-12,11200,성동구,연립다세대,전월세,241,0,101,140,185,56,10000.0,917.0,36.03,2008.0
2024-12,11215,광진구,아파트,매매,71,4,0,0,0,0,119000.0,5363.0,71.09,2003.0
2024-12,11215,광진구,아파트,전월세,498,0,241,257,361,135,42000.0,1988.0,63.2,2007.0
2024-12,11215,광진구,연립다세대,매매,111,3,0,0,0,0,43450.0,3658.0,45.35,2012.0
2024-12,11215,광진구,연립다세대,전월세,600,0,205,395,451,147,12000.0,1288.0,33.69,2012.0
2024-12,11230,동대문구,아파트,매매,140,14,0,0,0,0,74000.0,3544.0,64.01,2008.0
2024-12,11230,동대문구,아파트,전월세,1020,0,498,522,738,228,30000.0,1977.0,57.3,2015.0
2024-12,11230,동대문구,연립다세대,매매,32,0,0,0,0,0,39650.0,3193.0,42.64,2009.0
2024-12,11230,동대문구,연립다세대,전월세,354,0,114,240,283,61,5000.0,528.0,31.81,2012.0
2024-12,11260,중랑구,아파트,매매,81,8,0,0,0,0,59300.0,2909.0,67.74,2001.0
2024-12,11260,중랑구,아파트,전월세,418,0,180,238,290,106,18688.0,1168.0,53.0,2008.0
2024-12,11260,중랑구,연립다세대,매매,95,6,0,0,0,0,31000.0,2725.0,43.21,2014.0
2024-12,11260,중랑구,연립다세대,전월세,363,0,156,207,270,85,15000.0,1419.0,35.39,2014.0
2024-12,11290,성북구,아파트,매매,131,2,0,0,0,0,73400.0,3429.0,71.21,2005.0
2024-12,11290,성북구,아파트,전월세,776,0,444,332,476,257,39500.0,1798.0,66.9,2009.0
2024-12,11290,성북구,연립다세대,매매,77,1,0,0,0,0,28000.0,2310.0,44.08,2008.0
2024-12,11290,성북구,연립다세대,전월세,422,0,165,257,338,71,6750.0,768.0,35.86,2012.0
2024-12,11305,강북구,아파트,매매,43,2,0,0,0,0,60900.0,3185.0,67.69,2004.0
2024-12,11305,강북구,아파트,전월세,271,0,122,149,201,68,15000.0,781.0,53.83,2009.0
2024-12,11305,강북구,연립다세대,매매,101,4,0,0,0,0,21700.0,2377.0,40.71,2015.0
2024-12,11305,강북구,연립다세대,전월세,233,0,96,137,202,29,7500.0,628.0,41.01,2006.0
2024-12,11320,도봉구,아파트,매매,81,9,0,0,0,0,52000.0,2375.0,72.07,1994.0
2024-12,11320,도봉구,아파트,전월세,403,0,242,161,270,110,20000.0,1317.0,61.1,1994.0
2024-12,11320,도봉구,연립다세대,매매,62,2,0,0,0,0,23089.0,1694.0,45.25,2008.0
2024-12,11320,도봉구,연립다세대,전월세,157,0,62,95,129,25,8000.0,658.0,42.4,2006.0
2024-12,11350,노원구,아파트,매매,215,20,0,0,0,0,57000.0,3141.0,62.5,1996.0
2024-12,11350,노원구,아파트,전월세,1511,0,880,631,963,463,20000.0,1363.0,57.88,1995.0
2024-12,11350,노원구,연립다세대,매매,24,2,0,0,0,0,22300.0,1423.0,50.45,2001.0
2024-12,11350,노원구,연립다세대,전월세,273,0,73,200,241,30,2000.0,277.0,28.84,2009.0
2024-12,11380,은평구,아파트,매매,91,5,0,0,0,0,60000.0,3406.0,67.96,2012.0
2024-12,11380,은평구,아파트,전월세,759,0,339,420,547,177,20000.0,1311.0,59.02,2015.0
2024-12,11380,은평구,연립다세대,매매,212,6,0,0,0,0,27900.0,2248.0,44.62,2011.0
2024-12,11380,은평구,연립다세대,전월세,528,0,246,282,386,133,13650.0,1010.0,41.1,2008.0
2024-12,11410,서대문구,아파트,매매,209,44,0,0,0,0,47607.0,4668.0,49.4,2014.0
2024-12,11410,서대문구,아파트,전월세,733,0,406,327,409,279,38850.0,1927.0,63.85,2011.0
2024-12,11410,서대문구,연립다세대,매매,58,3,0,0,0,0,26900.0,2066.0,46.63,2003.0
2024-12,11410,서대문구,연립다세대,전월세,379,0,95,284,317,59,3000.0,388.0,36.24,2008.0
2024-12,11440,마포구,아파트,매매,121,10,0,0,0,0,122000.0,5675.0,74.91,2007.0
2024-12,11440,마포구,아파트,전월세,1151,0,629,522,682,426,36380.0,1950.0,66.27,2008.0
2024-12,11440,마포구,연립다세대,매매,61,1,0,0,0,0,35000.0,2990.0,40.81,2007.0
2024-12,11440,마포구,연립다세대,전월세,607,0,246,361,456,142,13000.0,1199.0,32.97,2009.0
2024-12,11470,양천구,아파트,매매,137,8,0,0,0,0,129000.0,5115.0,77.97,1998.0
2024-12,11470,양천구,아파트,전월세,981,0,570,411,558,384,46000.0,2069.0,74.63,1999.0
2024-12,11470,양천구,연립다세대,매매,106,9,0,0,0,0,24000.0,2159.0,40.56,2007.0
2024-12,11470,양천구,연립다세대,전월세,426,0,192,234,302,116,14445.0,1132.0,40.57,2008.0
2024-12,11500,강서구,아파트,매매,143,11,0,0,0,0,72000.0,3614.0,66.96,2002.0
2024-12,11500,강서구,아파트,전월세,1055,0,577,478,661,355,30000.0,1791.0,62.74,2006.0
2024-12,11500,강서구,연립다세대,매매,170,8,0,0,0,0,24450.0,1978.0,44.87,2009.0
2024-12,11500,강서구,연립다세대,전월세,703,0,263,440,550,134,13000.0,948.0,39.13,2010.0
2024-12,11530,구로구,아파트,매매,117,9,0,0,0,0,64000.0,3032.0,71.97,2001.0
2024-12,11530,구로구,아파트,전월세,819,0,348,471,576,200,19000.0,1140.0,57.0,2007.0
2024-12,11530,구로구,연립다세대,매매,44,1,0,0,0,0,21900.0,1597.0,46.3,2002.0
2024-12,11530,구로구,연립다세대,전월세,300,0,112,188,257,32,8200.0,669.0,42.5,2008.0
2024-12,11545,금천구,아파트,매매,43,5,0,0,0,0,59900.0,2494.0,76.9,2004.0
2024-12,11545,금천구,아파트,전월세,256,0,133,123,193,61,22792.0,1374.0,56.85,2008.0
2024-12,11545,금천구,연립다세대,매매,45,7,0,0,0,0,24000.0,2027.0,41.96,2009.0
2024-12,11545,금천구,연립다세대,전월세,214,0,88,126,183,27,11350.0,862.0,35.85,2014.0
2024-12,11560,영등포구,아파트,매매,161,11,0,0,0,0,102000.0,4593.0,76.76,1999.0
2024-12,11560,영등포구,아파트,전월세,998,0,512,486,649,303,35000.0,1882.0,65.3,2006.0
2024-12,11560,영등포구,연립다세대,매매,25,1,0,0,0,0,30500.0,3367.0,35.24,2012.0
2024-12,11560,영등포구,연립다세대,전월세,354,0,113,241,259,87,13200.0,1446.0,29.88,2014.0
2024-12,11590,동작구,아파트,매매,155,6,0,0,0,0,109000.0,4960.0,76.34,2004.0
2024-12,11590,동작구,아파트,전월세,778,0,485,293,464,276,52000.0,2259.0,70.89,2008.0
2024-12,11590,동작구,연립다세대,매매,58,1,0,0,0,0,38000.0,2811.0,48.83,2005.0
2024-12,11590,동작구,연립다세대,전월세,487,0,157,330,401,80,10290.0,1072.0,35.94,2010.0
2024-12,11620,관악구,아파트,매매,82,6,0,0,0,0,77250.0,3419.0,72.54,2004.0
2024-12,11620,관악구,아파트,전월세,606,0,282,324,434,153,24250.0,1378.0,58.92,2006.0
2024-12,11620,관악구,연립다세대,매매,111,4,0,0,0,0,27200.0,2257.0,39.96,2008.0
2024-12,11620,관악구,연립다세대,전월세,558,0,124,434,473,80,10000.0,970.0,35.16,2011.0
2024-12,11650,서초구,아파트,매매,174,7,0,0,0,0,255250.0,9484.0,92.49,2002.0
2024-12,11650,서초구,아파트,전월세,1352,0,698,654,857,442,70000.0,2756.0,83.24,2007.0
2024-12,11650,서초구,연립다세대,매매,41,1,0,0,0,0,59000.0,5299.0,45.6,2012.0
2024-12,11650,서초구,연립다세대,전월세,503,0,197,306,369,130,18000.0,1661.0,43.8,2010.0
2024-12,11680,강남구,아파트,매매,184,8,0,0,0,0,265250.0,9479.0,99.81,1997.0
2024-12,11680,강남구,아파트,전월세,2085,0,1102,983,1213,794,65000.0,2845.0,78.63,2003.0
2024-12,11680,강남구,연립다세대,매매,31,2,0,0,0,0,64600.0,5072.0,71.13,2008.0
2024-12,11680,강남구,연립다세대,전월세,565,0,198,367,434,125,16000.0,1521.0,41.42,2007.0
2024-12,11710,송파구,아파트,매매,265,10,0,0,0,0,182000.0,7150.0,84.6,1998.0
2024-12,11710,송파구,아파트,전월세,2071,0,1239,832,1254,719,55000.0,2336.0,79.48,2003.0
2024-12,11710,송파구,연립다세대,매매,121,6,0,0,0,0,47312.0,3638.0,48.18,2011.0
2024-12,11710,송파구,연립다세대,전월세,1330,0,451,879,898,424,14100.0,1303.0,38.88,2009.0
2024-12,11740,강동구,아파트,매매,241,18,0,0,0,0,65500.0,4249.0,54.58,2014.0
2024-12,11740,강동구,아파트,전월세,1839,0,1111,728,1473,303,42375.0,2256.0,66.83,2014.0
2024-12,11740,강동구,연립다세대,매매,102,12,0,0,0,0,34750.0,3163.0,42.8,2013.0
2024-12,11740,강동구,연립다세대,전월세,615,0,209,406,451,155,14900.0,1287.0,36.18,2013.0
2025-01,11110,종로구,아파트,매매,25,1,0,0,0,0,115000.0,4480.0,79.06,2007.0
2025-01,11110,종로구,아파트,전월세,184,0,86,98,124,46,36500.0,1716.0,64.69,2008.0
2025-01,11110,종로구,연립다세대,매매,33,1,0,0,0,0,22000.0,2327.0,44.57,2006.0
2025-01,11110,종로구,연립다세대,전월세,197,0,59,138,166,31,5000.0,482.0,49.0,2003.0
2025-01,11140,중구,아파트,매매,69,8,0,0,0,0,103900.0,4839.0,67.88,2006.0
2025-01,11140,중구,아파트,전월세,311,0,159,152,208,96,28350.0,2412.0,56.04,2011.0
2025-01,11140,중구,연립다세대,매매,31,2,0,0,0,0,37950.0,3957.0,40.93,2013.0
2025-01,11140,중구,연립다세대,전월세,164,0,53,111,137,26,6000.0,773.0,34.29,2007.0
2025-01,11170,용산구,아파트,매매,71,5,0,0,0,0,170500.0,7707.0,95.92,2001.0
2025-01,11170,용산구,아파트,전월세,441,0,249,192,264,150,45000.0,1963.0,82.54,2002.0
2025-01,11170,용산구,연립다세대,매매,22,1,0,0,0,0,59500.0,4000.0,57.92,2001.0
2025-01,11170,용산구,연립다세대,전월세,367,0,239,128,250,108,22000.0,2250.0,36.97,2013.0
2025-01,11200,성동구,아파트,매매,177,8,0,0,0,0,135000.0,6166.0,73.5,2004.0
2025-01,11200,성동구,아파트,전월세,853,0,493,360,491,304,50000.0,2341.0,72.08,2006.0
2025-01,11200,성동구,연립다세대,매매,18,0,0,0,0,0,55625.0,4053.0,45.56,2007.0
2025-01,11200,성동구,연립다세대,전월세,219,0,92,127,171,43,10400.0,1090.0,35.68,2008.0
2025-01,11215,광진구,아파트,매매,92,4,0,0,0,0,128250.0,5459.0,80.95,2000.0
2025-01,11215,광진구,아파트,전월세,458,0,219,239,314,142,40000.0,2038.0,64.13,2006.0
2025-01,11215,광진구,연립다세대,매매,104,3,0,0,0,0,37350.0,4033.0,42.88,2010.0
2025-01,11215,광진구,연립다세대,전월세,620,0,224,396,455,157,13250.0,1371.0,34.82,2012.0
2025-01,11230,동대문구,아파트,매매,144,17,0,0,0,0,78250.0,3855.0,64.32,2008.0
2025-01,11230,동대문구,아파트,전월세,1146,0,513,633,877,216,25000.0,1775.0,57.51,2017.0
2025-01,11230,동대문구,연립다세대,매매,38,2,0,0,0,0,38000.0,3300.0,42.05,2012.0
2025-01,11230,동대문구,연립다세대,전월세,292,0,114,178,245,39,8000.0,908.0,29.05,2013.0
2025-01,11260,중랑구,아파트,매매,81,7,0,0,0,0,66000.0,3001.0,76.92,2005.0
2025-01,11260,중랑구,아파트,전월세,407,0,213,194,283,109,22000.0,1400.0,58.31,2007.0
2025-01,11260,중랑구,연립다세대,매매,92,1,0,0,0,0,30380.0,3030.0,37.5,2015.0
2025-01,11260,중랑구,연립다세대,전월세,320,0,132,188,240,71,15100.0,1456.0,34.31,2014.0
2025-01,11290,성북구,아파트,매매,183,12,0,0,0,0,79000.0,3616.0,73.68,2006.0
2025-01,11290,성북구,아파트,전월세,775,0,472,303,482,256,40000.0,1829.0,67.52,2009.0
2025-01,11290,성북구,연립다세대,매매,57,0,0,0,0,0,31000.0,2398.0,48.34,2009.0
2025-01,11290,성북구,연립다세대,전월세,480,0,169,311,389,76,5576.0,720.0,35.96,2012.0
2025-01,11305,강북구,아파트,매매,49,4,0,0,0,0,61000.0,2886.0,71.57,2006.0
2025-01,11305,강북구,아파트,전월세,322,0,120,202,265,54,6000.0,390.0,46.42,2011.0
2025-01,11305,강북구,연립다세대,매매,77,0,0,0,0,0,22000.0,1428.0,49.95,2006.0
2025-01,11305,강북구,연립다세대,전월세,223,0,92,131,187,36,7500.0,665.0,40.28,2005.0
2025-01,11320,도봉구,아파트,매매,77,3,0,0,0,0,51200.0,2584.0,64.84,1996.0
2025-01,11320,도봉구,아파트,전월세,395,0,229,166,280,91,19000.0,1252.0,60.98,1994.0
2025-01,11320,도봉구,연립다세대,매매,60,3,0,0,0,0,18150.0,1409.0,43.93,2004.0
2025-01,11320,도봉구,연립다세대,전월세,155,0,61,94,123,30,7500.0,572.0,40.57,2006.0
2025-01,11350,노원구,아파트,매매,201,17,0,0,0,0,56700.0,3047.0,63.33,1996.0
2025-01,11350,노원구,아파트,전월세,1264,0,748,516,793,394,20814.0,1391.0,57.61,1994.0
2025-01,11350,노원구,연립다세대,매매,42,2,0,0,0,0,26650.0,2599.0,43.65,2016.0
2025-01,11350,노원구,연립다세대,전월세,179,0,56,123,144,34,3000.0,399.0,31.65,2008.0
2025-01,11380,은평구,아파트,매매,110,9,0,0,0,0,75250.0,3428.0,74.76,2011.0
2025-01,11380,은평구,아파트,전월세,713,0,434,279,441,235,30000.0,1654.0,61.36,2015.0
2025-01,11380,은평구,연립다세대,매매,99,2,0,0,0,0,24700.0,1970.0,44.17,2007.0
2025-01,11380,은평구,연립다세대,전월세,514,0,236,278,407,93,13000.0,1003.0,42.79,2008.0
2025-01,11410,서대문구,아파트,매매,123,9,0,0,0,0,90000.0,4337.0,71.97,2007.0
2025-01,11410,서대문구,아파트,전월세,655,0,389,266,354,261,40000.0,1948.0,67.05,2010.0
2025-01,11410,서대문구,연립다세대,매매,43,2,0,0,0,0,30000.0,1939.0,54.23,2004.0
2025-01,11410,서대문구,연립다세대,전월세,348,0,104,244,273,64,5000.0,561.0,37.44,2007.0
2025-01,11440,마포구,아파트,매매,159,10,0,0,0,0,128000.0,5935.0,74.21,2006.0
2025-01,11440,마포구,아파트,전월세,1321,0,516,805,542,723,20000.0,1224.0,53.41,2012.0
2025-01,11440,마포구,연립다세대,매매,64,2,0,0,0,0,43000.0,3156.0,39.36,2008.0
2025-01,11440,마포구,연립다세대,전월세,648,0,268,380,470,163,12000.0,1253.0,34.86,2008.0
2025-01,11470,양천구,아파트,매매,100,16,0,0,0,0,127500.0,5122.0,78.62,1998.0
2025-01,11470,양천구,아파트,전월세,871,0,533,338,450,384,42000.0,2037.0,72.19,1997.0
2025-01,11470,양천구,연립다세대,매매,87,8,0,0,0,0,25900.0,2358.0,41.34,2010.0
2025-01,11470,양천구,연립다세대,전월세,359,0,144,215,258,93,12500.0,1005.0,40.18,2007.0
2025-01,11500,강서구,아파트,매매,170,10,0,0,0,0,72250.0,3645.0,68.49,2002.0
2025-01,11500,강서구,아파트,전월세,1068,0,656,412,653,350,30000.0,1867.0,59.69,2005.0
2025-01,11500,강서구,연립다세대,매매,134,9,0,0,0,0,22000.0,1652.0,45.32,2006.0
2025-01,11500,강서구,연립다세대,전월세,713,0,291,422,540,156,13980.0,988.0,37.81,2010.0
2025-01,11530,구로구,아파트,매매,136,2,0,0,0,0,64100.0,3078.0,69.06,2002.0
2025-01,11530,구로구,아파트,전월세,850,0,347,503,541,269,20000.0,1143.0,58.51,2007.0
2025-01,11530,구로구,연립다세대,매매,44,1,0,0,0,0,26500.0,1794.0,47.7,2004.0
2025-01,11530,구로구,연립다세대,전월세,252,0,100,152,204,40,9350.0,698.0,43.2,2008.0
2025-01,11545,금천구,아파트,매매,36,5,0,0,0,0,52950.0,2637.0,71.35,2003.0
2025-01,11545,금천구,아파트,전월세,295,0,187,108,223,64,30000.0,1595.0,59.68,2008.0
2025-01,11545,금천구,연립다세대,매매,38,3,0,0,0,0,27500.0,2221.0,41.46,2012.0
2025-01,11545,금천구,연립다세대,전월세,201,0,83,118,152,41,12500.0,1249.0,36.1,2013.0
2025-01,11560,영등포구,아파트,매매,186,17,0,0,0,0,103000.0,4797.0,76.79,2003.0
2025-01,11560,영등포구,아파트,전월세,836,0,470,366,493,300,39900.0,2035.0,66.18,2005.0
2025-01,11560,영등포구,연립다세대,매매,73,3,0,0,0,0,41577.0,4105.0,34.58,2019.0
2025-01,11560,영등포구,연립다세대,전월세,339,0,114,225,229,95,18000.0,2155.0,28.67,2015.0
2025-01,11590,동작구,아파트,매매,152,12,0,0,0,0,112000.0,5198.0,74.96,2006.0
2025-01,11590,동작구,아파트,전월세,758,0,459,299,405,314,50000.0,2249.0,73.4,2008.0
2025-01,11590,동작구,연립다세대,매매,82,6,0,0,0,0,41000.0,3149.0,48.02,2007.0
2025-01,11590,동작구,연립다세대,전월세,511,0,166,345,410,97,10000.0,997.0,35.65,2011.0
2025-01,11620,관악구,아파트,매매,90,3,0,0,0,0,75500.0,3465.0,66.92,2003.0
2025-01,11620,관악구,아파트,전월세,520,0,286,234,336,162,34800.0,1657.0,61.48,2007.0
2025-01,11620,관악구,연립다세대,매매,57,5,0,0,0,0,26500.0,2156.0,44.34,2005.0
2025-01,11620,관악구,연립다세대,전월세,516,0,137,379,435,75,10000.0,924.0,35.85,2009.0
2025-01,11650,서초구,아파트,매매,209,5,0,0,0,0,255000.0,9343.0,90.81,2005.0
2025-01,11650,서초구,아파트,전월세,1157,0,684,473,684,420,66000.0,2791.0,83.89,2005.0
2025-01,11650,서초구,연립다세대,매매,43,2,0,0,0,0,49500.0,4008.0,52.98,2006.0
2025-01,11650,서초구,연립다세대,전월세,517,0,202,315,368,144,20000.0,1745.0,40.99,2010.0
2025-01,11680,강남구,아파트,매매,204,18,0,0,0,0,239000.0,9907.0,88.01,2000.0
2025-01,11680,강남구,아파트,전월세,1652,0,869,783,835,750,60000.0,2672.0,77.87,2001.0
2025-01,11680,강남구,연립다세대,매매,33,24,0,0,0,0,66094.0,4778.0,45.27,2006.0
2025-01,11680,강남구,연립다세대,전월세,558,0,190,368,444,109,13750.0,1371.0,39.12,2008.0
2025-01,11710,송파구,아파트,매매,321,16,0,0,0,0,177000.0,6731.0,83.13,1999.0
2025-01,11710,송파구,아파트,전월세,2180,0,1460,720,1342,740,45325.0,2067.0,78.15,2007.0
2025-01,11710,송파구,연립다세대,매매,79,1,0,0,0,0,35500.0,2856.0,45.55,2007.0
2025-01,11710,송파구,연립다세대,전월세,1344,0,415,929,902,422,14315.0,1258.0,39.02,2009.0
2025-01,11740,강동구,아파트,매매,180,26,0,0,0,0,111500.0,4898.0,72.92,2007.0
2025-01,11740,강동구,아파트,전월세,1409,0,924,485,1053,307,44000.0,1976.0,69.17,2012.0
2025-01,11740,강동구,연립다세대,매매,133,6,0,0,0,0,40000.0,3338.0,42.91,2016.0
2025-01,11740,강동구,연립다세대,전월세,548,0,230,318,393,149,17000.0,1522.0,37.05,2012.0
2025-02,11110,종로구,아파트,매매,52,7,0,0,0,0,131735.0,4678.0,71.71,2007.0
2025-02,11110,종로구,아파트,전월세,250,0,112,138,152,86,36000.0,1864.0,63.87,2010.0
2025-02,11110,종로구,연립다세대,매매,24,0,0,0,0,0,39400.0,2120.0,78.74,1998.0
2025-02,11110,종로구,연립다세대,전월세,233,0,71,162,194,36,4832.0,436.0,47.25,2003.0
2025-02,11140,중구,아파트,매매,105,12,0,0,0,0,114000.0,5127.0,79.98,2007.0
2025-02,11140,중구,아파트,전월세,373,0,176,197,245,109,27000.0,2047.0,57.31,2011.0
2025-02,11140,중구,연립다세대,매매,30,0,0,0,0,0,37250.0,2989.0,45.59,2008.0
2025-02,11140,중구,연립다세대,전월세,212,0,66,146,179,31,7250.0,865.0,33.68,2007.0
2025-02,11170,용산구,아파트,매매,147,18,0,0,0,0,205000.0,8071.0,99.03,2000.0
2025-02,11170,용산구,아파트,전월세,569,0,329,240,318,225,49350.0,2163.0,84.53,2002.0
2025-02,11170,용산구,연립다세대,매매,43,3,0,0,0,0,65000.0,6613.0,43.37,2007.0
2025-02,11170,용산구,연립다세대,전월세,440,0,293,147,288,145,21000.0,1777.0,41.61,2010.0
2025-02,11200,성동구,아파트,매매,368,28,0,0,0,0,138650.0,6319.0,77.55,2005.0
2025-02,11200,성동구,아파트,전월세,1030,0,611,419,543,418,52000.0,2334.0,74.51,2006.0
2025-02,11200,성동구,연립다세대,매매,34,5,0,0,0,0,51250.0,4797.0,45.71,2007.0
2025-02,11200,성동구,연립다세대,전월세,210,0,95,115,148,58,12075.0,1250.0,34.59,2011.0
2025-02,11215,광진구,아파트,매매,151,13,0,0,0,0,130000.0,5707.0,82.28,2001.0
2025-02,11215,광진구,아파트,전월세,499,0,273,226,311,187,47000.0,2210.0,68.14,2004.0
2025-02,11215,광진구,연립다세대,매매,84,9,0,0,0,0,42000.0,3845.0,46.41,2008.0
2025-02,11215,광진구,연립다세대,전월세,770,0,292,478,546,214,15600.0,1486.0,35.43,2012.0
2025-02,11230,동대문구,아파트,매매,248,22,0,0,0,0,82650.0,3733.0,74.99,2006.0
2025-02,11230,동대문구,아파트,전월세,1247,0,660,587,920,246,35500.0,1948.0,59.93,2017.0
2025-02,11230,동대문구,연립다세대,매매,59,2,0,0,0,0,37000.0,3159.0,39.79,2012.0
2025-02,11230,동대문구,연립다세대,전월세,336,0,123,213,274,49,5000.0,802.0,30.68,2012.0
2025-02,11260,중랑구,아파트,매매,124,14,0,0,0,0,60750.0,2930.0,67.95,2003.0
2025-02,11260,중랑구,아파트,전월세,537,0,267,270,286,130,22000.0,1325.0,59.86,2007.0
2025-02,11260,중랑구,연립다세대,매매,100,4,0,0,0,0,31000.0,2740.0,39.79,2013.0
2025-02,11260,중랑구,연립다세대,전월세,453,0,194,259,353,84,16000.0,1395.0,38.31,2015.0
2025-02,11290,성북구,아파트,매매,235,25,0,0,0,0,79000.0,3502.0,74.3,2006.0
2025-02,11290,성북구,아파트,전월세,940,0,587,353,497,380,38525.0,1840.0,67.73,2009.0
2025-02,11290,성북구,연립다세대,매매,102,10,0,0,0,0,34700.0,2459.0,52.43,2012.0
2025-02,11290,성북구,연립다세대,전월세,423,0,172,251,344,70,9000.0,863.0,39.61,2010.0
2025-02,11305,강북구,아파트,매매,90,7,0,0,0,0,59750.0,2898.0,70.36,2005.0
2025-02,11305,강북구,아파트,전월세,293,0,155,138,186,89,22820.0,1363.0,59.06,2007.0
2025-02,11305,강북구,연립다세대,매매,161,3,0,0,0,0,27500.0,2048.0,52.1,2012.0
2025-02,11305,강북구,연립다세대,전월세,287,0,119,168,241,42,7500.0,682.0,41.02,2005.0
2025-02,11320,도봉구,아파트,매매,110,12,0,0,0,0,47600.0,2424.0,66.49,1995.0
2025-02,11320,도봉구,아파트,전월세,506,0,324,182,339,138,22000.0,1349.0,62.01,1995.0
2025-02,11320,도봉구,연립다세대,매매,70,3,0,0,0,0,17900.0,1204.0,47.25,2003.0
2025-02,11320,도봉구,연립다세대,전월세,193,0,81,112,158,33,8500.0,709.0,43.24,2007.0
2025-02,11350,노원구,아파트,매매,351,23,0,0,0,0,55500.0,3177.0,62.19,1995.0
2025-02,11350,노원구,아파트,전월세,1689,0,1035,654,957,604,20000.0,1390.0,58.38,1994.0
2025-02,11350,노원구,연립다세대,매매,26,5,0,0,0,0,27150.0,1818.0,56.47,2006.0
2025-02,11350,노원구,연립다세대,전월세,218,0,65,153,159,56,3000.0,398.0,32.5,2010.0
2025-02,11380,은평구,아파트,매매,153,12,0,0,0,0,74500.0,3444.0,68.09,2011.0
2025-02,11380,은평구,아파트,전월세,837,0,547,290,412,288,34466.0,1634.0,65.42,2013.0
2025-02,11380,은평구,연립다세대,매매,168,3,0,0,0,0,26700.0,2066.0,45.59,2009.0
2025-02,11380,은평구,연립다세대,전월세,627,0,286,341,452,157,13010.0,1018.0,41.21,2008.0
2025-02,11410,서대문구,아파트,매매,189,26,0,0,0,0,92000.0,4410.0,71.12,2008.0
2025-02,11410,서대문구,아파트,전월세,749,0,454,295,367,326,41000.0,1945.0,67.26,2010.0
2025-02,11410,서대문구,연립다세대,매매,49,7,0,0,0,0,27200.0,1834.0,56.92,2001.0
2025-02,11410,서대문구,연립다세대,전월세,393,0,119,274,306,80,6000.0,660.0,37.8,2007.0
2025-02,11440,마포구,아파트,매매,346,19,0,0,0,0,142750.0,6290.0,75.93,2006.0
2025-02,11440,마포구,아파트,전월세,1193,0,695,498,541,528,45100.0,2114.0,70.55,2007.0
2025-02,11440,마포구,연립다세대,매매,93,6,0,0,0,0,41000.0,3265.0,40.77,2007.0
2025-02,11440,마포구,연립다세대,전월세,731,0,316,415,519,195,13000.0,1323.0,34.0,2008.0
2025-02,11470,양천구,아파트,매매,208,17,0,0,0,0,119600.0,4813.0,77.59,2000.0
2025-02,11470,양천구,아파트,전월세,1021,0,647,374,413,463,40102.0,1992.0,73.29,1998.0
2025-02,11470,양천구,연립다세대,매매,141,5,0,0,0,0,24000.0,2234.0,40.08,2007.0
2025-02,11470,양천구,연립다세대,전월세,496,0,226,270,339,148,13850.0,1022.0,41.47,2008.0
2025-02,11500,강서구,아파트,매매,249,10,0,0,0,0,73500.0,3985.0,64.7,2002.0
2025-02,11500,강서구,아파트,전월세,1428,0,872,556,682,521,30000.0,1801.0,61.82,2005.0
2025-02,11500,강서구,연립다세대,매매,164,3,0,0,0,0,23050.0,1636.0,45.73,2007.0
2025-02,11500,강서구,연립다세대,전월세,850,0,318,532,639,189,12543.0,961.0,36.8,2010.0
2025-02,11530,구로구,아파트,매매,215,11,0,0,0,0,64000.0,3088.0,68.73,2000.0
2025-02,11530,구로구,아파트,전월세,1048,0,470,578,513,315,22700.0,1193.0,59.96,2006.0
2025-02,11530,구로구,연립다세대,매매,71,5,0,0,0,0,25500.0,1922.0,47.63,2004.0
2025-02,11530,구로구,연립다세대,전월세,279,0,124,155,233,42,8900.0,647.0,43.43,2003.0
2025-02,11545,금천구,아파트,매매,59,3,0,0,0,0,59500.0,2489.0,75.32,2002.0
2025-02,11545,금천구,아파트,전월세,318,0,134,184,186,118,23000.0,1221.0,61.66,2009.0
2025-02,11545,금천구,연립다세대,매매,44,3,0,0,0,0,28850.0,2262.0,42.66,2013.0
2025-02,11545,금천구,연립다세대,전월세,211,0,85,126,162,46,12000.0,946.0,35.95,2012.0
2025-02,11560,영등포구,아파트,매매,323,26,0,0,0,0,105000.0,4826.0,75.87,2003.0
2025-02,11560,영등포구,아파트,전월세,1074,0,639,435,593,384,40000.0,2027.0,67.15,2004.0
2025-02,11560,영등포구,연립다세대,매매,23,1,0,0,0,0,30500.0,2866.0,35.71,2010.0
2025-02,11560,영등포구,연립다세대,전월세,378,0,110,268,267,101,17400.0,1974.0,29.38,2014.0
2025-02,11590,동작구,아파트,매매,290,22,0,0,0,0,120000.0,5349.0,77.48,2005.0
2025-02,11590,동작구,아파트,전월세,1017,0,597,420,525,429,48000.0,2107.0,69.46,2009.0
2025-02,11590,동작구,연립다세대,매매,99,2,0,0,0,0,37000.0,3284.0,44.7,2010.0
2025-02,11590,동작구,연립다세대,전월세,507,0,187,320,399,104,12900.0,1151.0,37.79,2010.0
2025-02,11620,관악구,아파트,매매,141,2,0,0,0,0,77500.0,3463.0,70.52,2004.0
2025-02,11620,관악구,아파트,전월세,687,0,377,310,437,200,34600.0,1611.0,64.41,2004.0
2025-02,11620,관악구,연립다세대,매매,122,3,0,0,0,0,28250.0,2434.0,43.68,2009.0
2025-02,11620,관악구,연립다세대,전월세,542,0,168,374,448,94,12000.0,980.0,35.91,2010.0
2025-02,11650,서초구,아파트,매매,521,21,0,0,0,0,286000.0,10862.0,95.9,2005.0
2025-02,11650,서초구,아파트,전월세,1507,0,727,780,630,587,55600.0,2335.0,74.79,2009.0
2025-02,11650,서초구,연립다세대,매매,62,4,0,0,0,0,53500.0,4591.0,47.54,2006.0
2025-02,11650,서초구,연립다세대,전월세,703,0,307,396,481,206,20000.0,1713.0,42.78,2009.0
2025-02,11680,강남구,아파트,매매,594,35,0,0,0,0,250000.0,10120.0,87.6,2001.0
2025-02,11680,강남구,아파트,전월세,2309,0,1157,1152,939,1135,52500.0,2587.0,74.44,2004.0
2025-02,11680,강남구,연립다세대,매매,39,2,0,0,0,0,54000.0,4833.0,42.51,2009.0
2025-02,11680,강남구,연립다세대,전월세,689,0,266,423,497,190,15000.0,1544.0,41.62,2007.0
2025-02,11710,송파구,아파트,매매,708,35,0,0,0,0,197000.0,7307.0,83.83,2002.0
2025-02,11710,송파구,아파트,전월세,2325,0,1268,1057,1003,911,48000.0,2144.0,75.22,2006.0
2025-02,11710,송파구,연립다세대,매매,176,5,0,0,0,0,35188.0,3274.0,40.01,2009.0
2025-02,11710,송파구,연립다세대,전월세,1725,0,558,1167,1020,679,15000.0,1299.0,39.35,2009.0
2025-02,11740,강동구,아파트,매매,386,35,0,0,0,0,124250.0,5181.0,74.34,2007.0
2025-02,11740,강동구,아파트,전월세,3011,0,1462,1549,1046,661,27011.0,1370.0,55.47,2016.0
2025-02,11740,강동구,연립다세대,매매,141,18,0,0,0,0,36500.0,3103.0,40.35,2013.0
2025-02,11740,강동구,연립다세대,전월세,707,0,290,417,461,227,18000.0,1577.0,37.5,2013.0
2025-03,11110,종로구,아파트,매매,81,9,0,0,0,0,115000.0,4909.0,75.55,2007.0
2025-03,11110,종로구,아파트,전월세,190,0,91,99,122,57,39000.0,1873.0,70.79,2007.0
2025-03,11110,종로구,연립다세대,매매,51,2,0,0,0,0,41500.0,2352.0,69.12,2005.0
2025-03,11110,종로구,연립다세대,전월세,177,0,54,123,146,27,8500.0,780.0,48.17,2003.0
2025-03,11140,중구,아파트,매매,159,19,0,0,0,0,112000.0,5160.0,74.61,2006.0
2025-03,11140,중구,아파트,전월세,408,0,201,207,235,147,33023.0,2194.0,62.9,2010.0
2025-03,11140,중구,연립다세대,매매,31,26,0,0,0,0,42000.0,2914.0,49.77,2006.0
2025-03,11140,중구,연립다세대,전월세,147,0,48,99,113,33,7000.0,825.0,34.48,2010.0
2025-03,11170,용산구,아파트,매매,272,27,0,0,0,0,194000.0,7389.0,96.55,1998.0
2025-03,11170,용산구,아파트,전월세,595,0,352,243,347,227,52000.0,2270.0,86.03,2001.0
2025-03,11170,용산구,연립다세대,매매,86,3,0,0,0,0,66500.0,6958.0,51.28,2005.0
2025-03,11170,용산구,연립다세대,전월세,445,0,297,148,290,138,21000.0,1935.0,39.43,2011.0
2025-03,11200,성동구,아파트,매매,583,97,0,0,0,0,141500.0,6433.0,76.72,2004.0
2025-03,11200,성동구,아파트,전월세,1105,0,721,384,621,398,55000.0,2452.0,74.8,2007.0
2025-03,11200,성동구,연립다세대,매매,66,4,0,0,0,0,53250.0,5095.0,43.83,2005.0
2025-03,11200,성동구,연립다세대,전월세,193,0,112,81,134,59,18000.0,1630.0,34.12,2010.0
2025-03,11215,광진구,아파트,매매,248,12,0,0,0,0,143000.0,5813.0,83.29,2000.0
2025-03,11215,광진구,아파트,전월세,549,0,285,264,352,196,46000.0,2032.0,70.5,2004.0
2025-03,11215,광진구,연립다세대,매매,154,3,0,0,0,0,38750.0,3305.0,47.04,2008.0
2025-03,11215,광진구,연립다세대,전월세,662,0,286,376,479,174,18300.0,1560.0,38.6,2012.0
2025-03,11230,동대문구,아파트,매매,381,44,0,0,0,0,84700.0,3874.0,72.5,2006.0
2025-03,11230,동대문구,아파트,전월세,1096,0,724,372,761,242,42750.0,2040.0,67.37,2014.0
2025-03,11230,동대문구,연립다세대,매매,175,7,0,0,0,0,17000.0,3124.0,31.02,2011.0
2025-03,11230,동대문구,연립다세대,전월세,263,0,131,132,211,47,16200.0,1330.0,37.27,2012.0
2025-03,11260,중랑구,아파트,매매,172,16,0,0,0,0,60000.0,2929.0,67.97,2001.0
2025-03,11260,중랑구,아파트,전월세,514,0,262,252,299,136,23000.0,1475.0,61.05,2006.0
2025-03,11260,중랑구,연립다세대,매매,129,8,0,0,0,0,30000.0,2672.0,40.85,2013.0
2025-03,11260,중랑구,연립다세대,전월세,417,0,211,206,296,114,17600.0,1709.0,36.49,2013.0
2025-03,11290,성북구,아파트,매매,403,51,0,0,0,0,81800.0,3740.0,73.15,2007.0
2025-03,11290,성북구,아파트,전월세,959,0,640,319,562,324,42000.0,1929.0,70.1,2010.0
2025-03,11290,성북구,연립다세대,매매,109,5,0,0,0,0,33000.0,2509.0,47.92,2010.0
2025-03,11290,성북구,연립다세대,전월세,332,0,184,148,259,65,14735.0,1098.0,42.81,2009.0
2025-03,11305,강북구,아파트,매매,99,4,0,0,0,0,69800.0,2882.0,72.7,2005.0
2025-03,11305,강북구,아파트,전월세,257,0,155,102,165,82,30000.0,1382.0,64.59,2006.0
2025-03,11305,강북구,연립다세대,매매,119,5,0,0,0,0,23000.0,1516.0,49.52,2005.0
2025-03,11305,강북구,연립다세대,전월세,266,0,136,130,207,55,9900.0,799.0,45.18,2004.0
2025-03,11320,도봉구,아파트,매매,168,8,0,0,0,0,49500.0,2414.0,68.44,1995.0
2025-03,11320,도봉구,아파트,전월세,558,0,366,192,350,179,23000.0,1317.0,64.13,1995.0
2025-03,11320,도봉구,연립다세대,매매,85,10,0,0,0,0,19500.0,1296.0,46.51,2005.0
2025-03,11320,도봉구,연립다세대,전월세,225,0,93,132,182,39,8870.0,759.0,42.64,2005.0
2025-03,11350,노원구,아파트,매매,559,42,0,0,0,0,56000.0,3186.0,62.23,1995.0
2025-03,11350,노원구,아파트,전월세,1724,0,1077,647,1018,616,20105.0,1382.0,58.54,1993.0
2025-03,11350,노원구,연립다세대,매매,67,1,0,0,0,0,29000.0,2610.0,46.72,2009.0
2025-03,11350,노원구,연립다세대,전월세,145,0,57,88,103,39,7800.0,651.0,40.71,2007.0
2025-03,11380,은평구,아파트,매매,262,18,0,0,0,0,74100.0,3599.0,71.89,2011.0
2025-03,11380,은평구,아파트,전월세,831,0,527,304,400,328,35000.0,1691.0,67.56,2013.0
2025-03,11380,은평구,연립다세대,매매,276,11,0,0,0,0,27700.0,2048.0,46.63,2008.0
2025-03,11380,은평구,연립다세대,전월세,654,0,321,333,474,165,13000.0,948.0,44.9,2006.0
2025-03,11410,서대문구,아파트,매매,292,38,0,0,0,0,102000.0,4538.0,76.36,2006.0
2025-03,11410,서대문구,아파트,전월세,682,0,402,280,344,257,40000.0,1858.0,70.07,2009.0
2025-03,11410,서대문구,연립다세대,매매,123,5,0,0,0,0,28000.0,2126.0,45.19,2005.0
2025-03,11410,서대문구,연립다세대,전월세,321,0,134,187,236,81,10000.0,827.0,44.92,2005.0
2025-03,11440,마포구,아파트,매매,548,40,0,0,0,0,144000.0,6328.0,75.63,2007.0
2025-03,11440,마포구,아파트,전월세,1163,0,654,509,605,449,46200.0,2181.0,67.58,2008.0
2025-03,11440,마포구,연립다세대,매매,151,8,0,0,0,0,38700.0,3252.0,42.74,2010.0
2025-03,11440,마포구,연립다세대,전월세,752,0,344,408,554,180,15315.0,1490.0,36.47,2008.0
2025-03,11470,양천구,아파트,매매,454,43,0,0,0,0,132750.0,5402.0,80.3,1999.0
2025-03,11470,양천구,아파트,전월세,1018,0,670,348,524,371,40000.0,1958.0,72.15,1999.0
2025-03,11470,양천구,연립다세대,매매,164,8,0,0,0,0,27000.0,2185.0,44.91,2007.0
2025-03,11470,양천구,연립다세대,전월세,527,0,244,283,365,157,14000.0,1019.0,42.06,2007.0
2025-03,11500,강서구,아파트,매매,417,45,0,0,0,0,80000.0,4084.0,68.58,2002.0
2025-03,11500,강서구,아파트,전월세,1281,0,820,461,626,518,32000.0,1885.0,62.33,2005.0
2025-03,11500,강서구,연립다세대,매매,264,17,0,0,0,0,22650.0,1820.0,40.58,2008.0
2025-03,11500,강서구,연립다세대,전월세,818,0,317,501,591,221,13890.0,1008.0,39.15,2010.0
2025-03,11530,구로구,아파트,매매,328,31,0,0,0,0,67000.0,3096.0,70.92,2000.0
2025-03,11530,구로구,아파트,전월세,920,0,461,459,537,245,25000.0,1290.0,60.86,2005.0
2025-03,11530,구로구,연립다세대,매매,106,5,0,0,0,0,25750.0,1911.0,48.09,2006.0
2025-03,11530,구로구,연립다세대,전월세,358,0,142,216,291,63,10000.0,747.0,43.17,2004.0
2025-03,11545,금천구,아파트,매매,89,9,0,0,0,0,55000.0,2639.0,70.78,2003.0
2025-03,11545,금천구,아파트,전월세,479,0,164,315,187,290,22814.0,1213.0,63.38,2012.0
2025-03,11545,금천구,연립다세대,매매,74,4,0,0,0,0,25100.0,1873.0,45.61,2009.0
2025-03,11545,금천구,연립다세대,전월세,262,0,106,156,215,47,15550.0,1179.0,36.03,2012.0
2025-03,11560,영등포구,아파트,매매,509,56,0,0,0,0,111000.0,4932.0,79.75,2002.0
2025-03,11560,영등포구,아파트,전월세,1145,0,763,382,660,397,45000.0,2162.0,68.62,2004.0
2025-03,11560,영등포구,연립다세대,매매,57,2,0,0,0,0,31000.0,3246.0,36.35,2013.0
2025-03,11560,영등포구,연립다세대,전월세,364,0,152,212,237,122,19000.0,2166.0,30.57,2014.0
2025-03,11590,동작구,아파트,매매,531,46,0,0,0,0,125000.0,5355.0,79.63,2006.0
2025-03,11590,동작구,아파트,전월세,1061,0,725,336,560,434,52000.0,2313.0,74.56,2007.0
2025-03,11590,동작구,연립다세대,매매,165,6,0,0,0,0,43000.0,2950.0,51.04,2006.0
2025-03,11590,동작구,연립다세대,전월세,487,0,202,285,343,143,16200.0,1309.0,40.94,2009.0
2025-03,11620,관악구,아파트,매매,235,26,0,0,0,0,80000.0,3679.0,71.71,2004.0
2025-03,11620,관악구,아파트,전월세,632,0,367,265,408,188,36000.0,1678.0,65.42,2006.0
2025-03,11620,관악구,연립다세대,매매,125,4,0,0,0,0,28000.0,2013.0,46.6,2005.0
2025-03,11620,관악구,연립다세대,전월세,506,0,166,340,406,94,13000.0,1093.0,38.29,2008.0
2025-03,11650,서초구,아파트,매매,662,30,0,0,0,0,245000.0,8553.0,95.88,2004.0
2025-03,11650,서초구,아파트,전월세,1695,0,1117,578,734,527,55000.0,2333.0,80.54,2007.0
2025-03,11650,서초구,연립다세대,매매,113,2,0,0,0,0,55000.0,4560.0,50.65,2007.0
2025-03,11650,서초구,연립다세대,전월세,672,0,290,382,459,202,21000.0,1756.0,43.79,2010.0
2025-03,11680,강남구,아파트,매매,842,75,0,0,0,0,245000.0,9961.0,86.35,2001.0
2025-03,11680,강남구,아파트,전월세,2051,0,1231,820,1046,887,60968.0,2825.0,77.97,2001.0
2025-03,11680,강남구,연립다세대,매매,72,2,0,0,0,0,60250.0,5180.0,46.12,2008.0
2025-03,11680,강남구,연립다세대,전월세,717,0,279,438,510,193,16485.0,1467.0,41.75,2008.0
2025-03,11710,송파구,아파트,매매,908,44,0,0,0,0,170000.0,6736.0,85.16,2001.0
2025-03,11710,송파구,아파트,전월세,2118,0,1326,792,1017,861,52500.0,2340.0,77.21,2004.0
2025-03,11710,송파구,연립다세대,매매,266,7,0,0,0,0,38000.0,3117.0,46.01,2006.0
2025-03,11710,송파구,연립다세대,전월세,1669,0,560,1109,988,663,15000.0,1324.0,41.01,2008.0
2025-03,11740,강동구,아파트,매매,592,68,0,0,0,0,125000.0,5249.0,75.59,2005.0
2025-03,11740,강동구,아파트,전월세,2192,0,1373,819,906,729,23000.0,1256.0,65.43,2011.0
2025-03,11740,강동구,연립다세대,매매,147,7,0,0,0,0,36000.0,2891.0,44.05,2010.0
2025-03,11740,강동구,연립다세대,전월세,707,0,303,404,474,222,18000.0,1524.0,38.88,2012.0
2025-04,11110,종로구,아파트,매매,41,2,0,0,0,0,86000.0,4098.0,73.94,2003.0
2025-04,11110,종로구,아파트,전월세,176,0,88,88,112,57,30000.0,1675.0,69.39,2008.0
2025-04,11110,종로구,연립다세대,매매,41,0,0,0,0,0,50000.0,2473.0,80.7,2004.0
2025-04,11110,종로구,연립다세대,전월세,157,0,47,110,126,31,9000.0,591.0,49.17,2003.0
2025-04,11140,중구,아파트,매매,93,16,0,0,0,0,106000.0,4829.0,75.15,2007.0
2025-04,11140,중구,아파트,전월세,373,0,172,201,224,135,27000.0,2043.0,63.44,2010.0
2025-04,11140,중구,연립다세대,매매,38,5,0,0,0,0,35000.0,3219.0,41.31,2012.0
2025-04,11140,중구,연립다세대,전월세,108,0,36,72,81,26,10500.0,954.0,37.64,2007.0
2025-04,11170,용산구,아파트,매매,37,6,0,0,0,0,168000.0,7014.0,86.57,2005.0
2025-04,11170,용산구,아파트,전월세,596,0,347,249,350,229,50000.0,2146.0,88.78,2002.0
2025-04,11170,용산구,연립다세대,매매,79,4,0,0,0,0,60800.0,6016.0,46.84,2008.0
2025-04,11170,용산구,연립다세대,전월세,397,0,273,124,250,140,22000.0,1766.0,43.16,2009.0
2025-04,11200,성동구,아파트,매매,319,68,0,0,0,0,152000.0,6567.0,79.0,2005.0
2025-04,11200,성동구,아파트,전월세,980,0,583,397,540,380,50925.0,2283.0,76.01,2006.0
2025-04,11200,성동구,연립다세대,매매,47,6,0,0,0,0,49000.0,4466.0,37.6,2010.0
2025-04,11200,성동구,연립다세대,전월세,167,0,91,76,106,58,20000.0,1427.0,40.69,2009.0
2025-04,11215,광진구,아파트,매매,156,21,0,0,0,0,126000.0,5491.0,80.86,1999.0
2025-04,11215,광진구,아파트,전월세,545,0,305,240,355,184,48000.0,2219.0,69.66,2005.0
2025-04,11215,광진구,연립다세대,매매,156,13,0,0,0,0,40000.0,3339.0,45.09,2011.0
2025-04,11215,광진구,연립다세대,전월세,642,0,304,338,417,218,19450.0,1620.0,38.82,2012.0
2025-04,11230,동대문구,아파트,매매,321,26,0,0,0,0,72500.0,4644.0,56.27,2012.0
2025-04,11230,동대문구,아파트,전월세,877,0,527,350,577,245,40000.0,1959.0,65.36,2013.0
2025-04,11230,동대문구,연립다세대,매매,41,2,0,0,0,0,38000.0,2839.0,42.28,2015.0
2025-04,11230,동대문구,연립다세대,전월세,228,0,99,129,174,50,18000.0,1579.0,37.71,2014.0
2025-04,11260,중랑구,아파트,매매,134,14,0,0,0,0,58500.0,2903.0,67.84,2001.0
2025-04,11260,중랑구,아파트,전월세,447,0,224,223,297,104,23000.0,1496.0,59.32,2007.0
2025-04,11260,중랑구,연립다세대,매매,111,7,0,0,0,0,32500.0,2884.0,40.49,2014.0
2025-04,11260,중랑구,연립다세대,전월세,388,0,167,221,278,101,15122.0,1220.0,38.91,2012.0
2025-04,11290,성북구,아파트,매매,313,33,0,0,0,0,80500.0,3620.0,72.58,2006.0
2025-04,11290,성북구,아파트,전월세,828,0,510,318,461,288,40000.0,1829.0,69.21,2010.0
2025-04,11290,성북구,연립다세대,매매,108,4,0,0,0,0,31250.0,2320.0,47.1,2010.0
2025-04,11290,성북구,연립다세대,전월세,277,0,154,123,182,93,17000.0,1123.0,43.83,2009.0
2025-04,11305,강북구,아파트,매매,90,12,0,0,0,0,70000.0,3061.0,73.81,2006.0
2025-04,11305,강북구,아파트,전월세,300,0,152,148,194,85,18450.0,1167.0,59.39,2007.0
2025-04,11305,강북구,연립다세대,매매,130,5,0,0,0,0,22250.0,1494.0,49.3,2006.0
2025-04,11305,강북구,연립다세대,전월세,262,0,94,168,219,43,5753.0,541.0,44.0,2005.0
2025-04,11320,도봉구,아파트,매매,149,8,0,0,0,0,50500.0,2387.0,68.98,1996.0
2025-04,11320,도봉구,아파트,전월세,521,0,344,177,336,163,23000.0,1285.0,64.92,1993.0
2025-04,11320,도봉구,연립다세대,매매,111,10,0,0,0,0,20500.0,1336.0,49.69,2005.0
2025-04,11320,도봉구,연립다세대,전월세,180,0,87,93,150,29,10000.0,765.0,42.31,2004.0
2025-04,11350,노원구,아파트,매매,385,33,0,0,0,0,57200.0,3200.0,62.58,1995.0
2025-04,11350,노원구,아파트,전월세,1568,0,915,653,919,576,18600.0,1263.0,57.25,1993.0
2025-04,11350,노원구,연립다세대,매매,37,4,0,0,0,0,26500.0,1776.0,45.97,2004.0
2025-04,11350,노원구,연립다세대,전월세,138,0,55,83,105,30,7500.0,733.0,43.54,2005.0
2025-04,11380,은평구,아파트,매매,190,8,0,0,0,0,72000.0,3625.0,71.21,2011.0
2025-04,11380,은평구,아파트,전월세,739,0,432,307,343,259,34466.0,1575.0,64.99,2013.0
2025-04,11380,은평구,연립다세대,매매,257,4,0,0,0,0,26000.0,1950.0,46.21,2006.0
2025-04,11380,은평구,연립다세대,전월세,660,0,304,356,477,163,11695.0,948.0,41.46,2008.0
2025-04,11410,서대문구,아파트,매매,249,20,0,0,0,0,90500.0,4082.0,74.29,2006.0
2025-04,11410,서대문구,아파트,전월세,625,0,357,268,342,220,38000.0,1803.0,70.45,2007.0
2025-04,11410,서대문구,연립다세대,매매,76,5,0,0,0,0,29450.0,2498.0,44.91,2006.0
2025-04,11410,서대문구,연립다세대,전월세,310,0,121,189,224,78,10400.0,866.0,45.37,2004.0
2025-04,11440,마포구,아파트,매매,340,22,0,0,0,0,140750.0,6086.0,76.62,2005.0
2025-04,11440,마포구,아파트,전월세,1137,0,621,516,591,454,44000.0,2104.0,68.89,2007.0
2025-04,11440,마포구,연립다세대,매매,84,6,0,0,0,0,45000.0,3471.0,42.32,2007.0
2025-04,11440,마포구,연립다세대,전월세,656,0,311,345,487,158,15000.0,1435.0,36.98,2008.0
2025-04,11470,양천구,아파트,매매,299,29,0,0,0,0,143000.0,5718.0,80.25,1997.0
2025-04,11470,양천구,아파트,전월세,991,0,573,418,408,378,36400.0,1777.0,69.9,2001.0
2025-04,11470,양천구,연립다세대,매매,165,13,0,0,0,0,25000.0,2367.0,40.87,2007.0
2025-04,11470,양천구,연립다세대,전월세,488,0,226,262,336,144,13000.0,1021.0,39.68,2008.0
2025-04,11500,강서구,아파트,매매,330,29,0,0,0,0,80600.0,3888.0,70.78,2002.0
2025-04,11500,강서구,아파트,전월세,1277,0,755,522,568,506,29000.0,1750.0,60.97,2006.0
2025-04,11500,강서구,연립다세대,매매,208,16,0,0,0,0,24000.0,1895.0,43.83,2009.0
2025-04,11500,강서구,연립다세대,전월세,808,0,323,485,581,223,13440.0,965.0,39.6,2010.0
2025-04,11530,구로구,아파트,매매,258,22,0,0,0,0,68000.0,3183.0,70.94,1999.0
2025-04,11530,구로구,아파트,전월세,1055,0,413,642,504,265,10924.0,779.0,60.88,2007.0
2025-04,11530,구로구,연립다세대,매매,86,7,0,0,0,0,24100.0,1736.0,46.51,2006.0
2025-04,11530,구로구,연립다세대,전월세,276,0,121,155,228,46,10000.0,749.0,44.73,2005.0
2025-04,11545,금천구,아파트,매매,54,9,0,0,0,0,54750.0,2587.0,71.2,2004.0
2025-04,11545,금천구,아파트,전월세,498,0,153,345,199,298,22506.0,1074.0,63.65,2011.0
2025-04,11545,금천구,연립다세대,매매,52,2,0,0,0,0,25500.0,2187.0,43.64,2011.0
2025-04,11545,금천구,연립다세대,전월세,244,0,90,154,196,46,9750.0,858.0,36.09,2013.0
2025-04,11560,영등포구,아파트,매매,352,37,0,0,0,0,113900.0,4942.0,77.19,2001.0
2025-04,11560,영등포구,아파트,전월세,954,0,606,348,545,343,42250.0,2024.0,69.63,2003.0
2025-04,11560,영등포구,연립다세대,매매,48,1,0,0,0,0,29850.0,2822.0,36.03,2012.0
2025-04,11560,영등포구,연립다세대,전월세,359,0,132,227,267,85,18000.0,1827.0,32.05,2014.0
2025-04,11590,동작구,아파트,매매,363,27,0,0,0,0,111500.0,5268.0,72.1,2007.0
2025-04,11590,동작구,아파트,전월세,850,0,543,307,426,386,50000.0,2198.0,73.39,2007.0
2025-04,11590,동작구,연립다세대,매매,150,9,0,0,0,0,41000.0,2958.0,50.72,2003.0
2025-04,11590,동작구,연립다세대,전월세,378,0,156,222,257,118,14750.0,1148.0,40.9,2009.0
2025-04,11620,관악구,아파트,매매,173,14,0,0,0,0,82500.0,3569.0,73.47,2004.0
2025-04,11620,관악구,아파트,전월세,550,0,288,262,351,165,31250.0,1548.0,62.86,2006.0
2025-04,11620,관악구,연립다세대,매매,123,6,0,0,0,0,28400.0,1950.0,46.21,2005.0
2025-04,11620,관악구,연립다세대,전월세,471,0,155,316,366,86,13000.0,1028.0,38.65,2008.0
2025-04,11650,서초구,아파트,매매,54,8,0,0,0,0,172000.0,6366.0,80.71,2008.0
2025-04,11650,서초구,아파트,전월세,1443,0,821,622,732,532,65000.0,2647.0,81.28,2008.0
2025-04,11650,서초구,연립다세대,매매,98,7,0,0,0,0,56400.0,4670.0,54.62,2007.0
2025-04,11650,서초구,연립다세대,전월세,617,0,274,343,398,215,20940.0,1751.0,44.86,2009.0
2025-04,11680,강남구,아파트,매매,106,22,0,0,0,0,383000.0,12860.0,116.9,1991.0
2025-04,11680,강남구,아파트,전월세,1882,0,1096,786,791,831,50000.0,2502.0,74.43,2002.0
2025-04,11680,강남구,연립다세대,매매,58,5,0,0,0,0,62350.0,4312.0,50.42,2008.0
2025-04,11680,강남구,연립다세대,전월세,652,0,258,394,483,168,16600.0,1619.0,41.03,2008.0
2025-04,11710,송파구,아파트,매매,129,9,0,0,0,0,158000.0,6302.0,82.42,1996.0
2025-04,11710,송파구,아파트,전월세,1943,0,1203,740,818,813,47250.0,2087.0,76.7,2005.0
2025-04,11710,송파구,연립다세대,매매,180,8,0,0,0,0,37000.0,2977.0,44.85,2007.0
2025-04,11710,송파구,연립다세대,전월세,1553,0,534,1019,910,628,15000.0,1265.0,40.65,2008.0
2025-04,11740,강동구,아파트,매매,292,35,0,0,0,0,114900.0,4985.0,74.61,2005.0
2025-04,11740,강동구,아파트,전월세,1425,0,787,638,650,475,34125.0,1711.0,62.29,2011.0
2025-04,11740,강동구,연립다세대,매매,102,5,0,0,0,0,37000.0,2969.0,44.16,2011.0
2025-04,11740,강동구,연립다세대,전월세,642,0,243,399,418,216,15000.0,1267.0,38.47,2013.0
2025-05,11110,종로구,아파트,매매,56,5,0,0,0,0,118000.0,4623.0,81.53,2005.0
2025-05,11110,종로구,아파트,전월세,180,0,92,88,111,65,45000.0,2039.0,70.84,2009.0
2025-05,11110,종로구,연립다세대,매매,41,5,0,0,0,0,39000.0,2356.0,70.24,2000.0
2025-05,11110,종로구,연립다세대,전월세,169,0,65,104,131,37,10000.0,876.0,48.48,2002.0
2025-05,11140,중구,아파트,매매,114,13,0,0,0,0,118500.0,5365.0,77.91,2007.0
2025-05,11140,중구,아파트,전월세,430,0,172,258,200,213,20000.0,1256.0,59.35,2012.0
2025-05,11140,중구,연립다세대,매매,25,3,0,0,0,0,32500.0,3130.0,40.51,2007.0
2025-05,11140,중구,연립다세대,전월세,154,0,62,92,109,45,12800.0,1191.0,34.94,2011.0
2025-05,11170,용산구,아파트,매매,83,11,0,0,0,0,177000.0,7275.0,94.37,1999.0
2025-05,11170,용산구,아파트,전월세,596,0,340,256,319,254,47250.0,2191.0,84.24,2002.0
2025-05,11170,용산구,연립다세대,매매,111,6,0,0,0,0,68000.0,5805.0,51.84,2006.0
2025-05,11170,용산구,연립다세대,전월세,411,0,277,134,268,136,22000.0,1712.0,46.37,2009.0
2025-05,11200,성동구,아파트,매매,504,88,0,0,0,0,148000.0,6549.0,79.36,2003.0
2025-05,11200,성동구,아파트,전월세,1007,0,596,411,589,362,50000.0,2334.0,71.01,2007.0
2025-05,11200,성동구,연립다세대,매매,60,6,0,0,0,0,49900.0,5651.0,36.55,2010.0
2025-05,11200,성동구,연립다세대,전월세,193,0,90,103,111,79,13650.0,1199.0,36.99,2011.0
2025-05,11215,광진구,아파트,매매,225,29,0,0,0,0,138000.0,5826.0,85.47,2000.0
2025-05,11215,광진구,아파트,전월세,453,0,280,173,266,186,52500.0,2336.0,73.77,2004.0
2025-05,11215,광진구,연립다세대,매매,173,7,0,0,0,0,40500.0,3237.0,46.76,2009.0
2025-05,11215,광진구,연립다세대,전월세,625,0,296,329,398,218,19000.0,1633.0,38.04,2012.0
2025-05,11230,동대문구,아파트,매매,331,35,0,0,0,0,85500.0,3857.0,74.27,2006.0
2025-05,11230,동대문구,아파트,전월세,1100,0,518,582,791,267,30000.0,1523.0,58.97,2015.0
2025-05,11230,동대문구,연립다세대,매매,51,4,0,0,0,0,37000.0,2986.0,43.51,2011.0
2025-05,11230,동대문구,연립다세대,전월세,231,0,112,119,168,58,17800.0,1427.0,35.97,2013.0
2025-05,11260,중랑구,아파트,매매,171,24,0,0,0,0,60000.0,2907.0,68.91,2001.0
2025-05,11260,중랑구,아파트,전월세,577,0,266,311,315,204,19000.0,1323.0,56.5,2008.0
2025-05,11260,중랑구,연립다세대,매매,118,6,0,0,0,0,31000.0,2695.0,43.02,2012.0
2025-05,11260,중랑구,연립다세대,전월세,431,0,207,224,287,133,16000.0,1287.0,39.58,2013.0
2025-05,11290,성북구,아파트,매매,423,53,0,0,0,0,80000.0,3639.0,74.15,2006.0
2025-05,11290,성북구,아파트,전월세,925,0,524,401,567,299,37800.0,1673.0,67.37,2009.0
2025-05,11290,성북구,연립다세대,매매,95,9,0,0,0,0,34000.0,2273.0,52.07,2007.0
2025-05,11290,성북구,연립다세대,전월세,316,0,173,143,227,82,15000.0,1085.0,42.83,2010.0
2025-05,11305,강북구,아파트,매매,118,11,0,0,0,0,58700.0,2857.0,62.99,2009.0
2025-05,11305,강북구,아파트,전월세,250,0,150,100,161,75,27150.0,1396.0,59.67,2006.0
2025-05,11305,강북구,연립다세대,매매,116,3,0,0,0,0,21000.0,1733.0,42.84,2010.0
2025-05,11305,강북구,연립다세대,전월세,215,0,81,134,176,36,6600.0,556.0,44.52,2005.0
2025-05,11320,도봉구,아파트,매매,149,12,0,0,0,0,50000.0,2390.0,65.08,1995.0
2025-05,11320,도봉구,아파트,전월세,495,0,286,209,298,178,19800.0,1200.0,64.28,1994.0
2025-05,11320,도봉구,연립다세대,매매,92,6,0,0,0,0,20000.0,1373.0,48.61,2005.0
2025-05,11320,도봉구,연립다세대,전월세,205,0,93,112,154,45,10000.0,732.0,46.24,2005.0
2025-05,11350,노원구,아파트,매매,521,49,0,0,0,0,57800.0,3230.0,61.86,1994.0
2025-05,11350,노원구,아파트,전월세,1589,0,930,659,853,630,20000.0,1296.0,56.5,1994.0
2025-05,11350,노원구,연립다세대,매매,42,2,0,0,0,0,24550.0,1538.0,50.19,2005.0
2025-05,11350,노원구,연립다세대,전월세,128,0,51,77,103,23,7831.0,667.0,42.77,2002.0
2025-05,11380,은평구,아파트,매매,237,17,0,0,0,0,78000.0,3754.0,72.54,2011.0
2025-05,11380,은평구,아파트,전월세,667,0,400,267,360,238,34000.0,1622.0,66.31,2013.0
2025-05,11380,은평구,연립다세대,매매,269,12,0,0,0,0,27700.0,2061.0,46.71,2006.0
2025-05,11380,은평구,연립다세대,전월세,652,0,289,363,449,185,13000.0,975.0,42.26,2007.0
2025-05,11410,서대문구,아파트,매매,323,48,0,0,0,0,95700.0,4651.0,74.12,2008.0
2025-05,11410,서대문구,아파트,전월세,612,0,384,228,315,254,41000.0,1884.0,71.35,2008.0
2025-05,11410,서대문구,연립다세대,매매,75,6,0,0,0,0,35000.0,2343.0,57.81,2002.0
2025-05,11410,서대문구,연립다세대,전월세,355,0,125,230,261,80,10000.0,777.0,43.79,2004.0
2025-05,11440,마포구,아파트,매매,438,38,0,0,0,0,149100.0,6350.0,79.18,2007.0
2025-05,11440,마포구,아파트,전월세,1063,0,580,483,581,403,45000.0,2085.0,69.52,2007.0
2025-05,11440,마포구,연립다세대,매매,128,39,0,0,0,0,43050.0,3623.0,38.54,2009.0
2025-05,11440,마포구,연립다세대,전월세,715,0,360,355,495,191,16300.0,1456.0,38.37,2009.0
2025-05,11470,양천구,아파트,매매,368,45,0,0,0,0,128000.0,5036.0,81.69,2000.0
2025-05,11470,양천구,아파트,전월세,984,0,630,354,444,438,40000.0,1985.0,71.78,1998.0
2025-05,11470,양천구,연립다세대,매매,200,17,0,0,0,0,26725.0,2520.0,40.26,2008.0
2025-05,11470,양천구,연립다세대,전월세,482,0,215,267,322,154,13100.0,1050.0,40.17,2008.0
2025-05,11500,강서구,아파트,매매,480,28,0,0,0,0,72000.0,4250.0,62.42,2006.0
2025-05,11500,강서구,아파트,전월세,1398,0,729,669,751,517,25100.0,1717.0,57.05,2008.0
2025-05,11500,강서구,연립다세대,매매,304,16,0,0,0,0,25000.0,1892.0,46.52,2006.0
2025-05,11500,강서구,연립다세대,전월세,759,0,291,468,522,233,13000.0,960.0,38.44,2010.0
2025-05,11530,구로구,아파트,매매,486,205,0,0,0,0,50000.0,3764.0,52.38,2009.0
2025-05,11530,구로구,아파트,전월세,858,0,433,425,519,245,23000.0,1285.0,60.32,2004.0
2025-05,11530,구로구,연립다세대,매매,85,3,0,0,0,0,28000.0,2066.0,46.52,2006.0
2025-05,11530,구로구,연립다세대,전월세,274,0,125,149,217,51,11850.0,793.0,45.15,2004.0
2025-05,11545,금천구,아파트,매매,71,7,0,0,0,0,54300.0,2476.0,73.32,2002.0
2025-05,11545,금천구,아파트,전월세,490,0,129,361,180,307,21500.0,1216.0,55.73,2014.0
2025-05,11545,금천구,연립다세대,매매,89,1,0,0,0,0,25000.0,2202.0,42.67,2009.0
2025-05,11545,금천구,연립다세대,전월세,246,0,110,136,184,62,15000.0,1108.0,37.02,2012.0
2025-05,11560,영등포구,아파트,매매,483,49,0,0,0,0,110400.0,4998.0,76.1,2003.0
2025-05,11560,영등포구,아파트,전월세,879,0,525,354,508,321,39000.0,2013.0,68.56,2002.0
2025-05,11560,영등포구,연립다세대,매매,75,4,0,0,0,0,34345.0,4014.0,32.6,2017.0
2025-05,11560,영등포구,연립다세대,전월세,341,0,133,208,226,110,19000.0,2165.0,31.53,2014.0
2025-05,11590,동작구,아파트,매매,485,43,0,0,0,0,124000.0,5139.0,80.84,2004.0
2025-05,11590,동작구,아파트,전월세,844,0,543,301,435,376,51100.0,2256.0,74.88,2006.0
2025-05,11590,동작구,연립다세대,매매,216,11,0,0,0,0,42000.0,3240.0,44.91,2010.0
2025-05,11590,동작구,연립다세대,전월세,489,0,214,275,349,136,15000.0,1360.0,38.86,2010.0
2025-05,11620,관악구,아파트,매매,211,20,0,0,0,0,82700.0,3545.0,73.26,2003.0
2025-05,11620,관악구,아파트,전월세,562,0,286,276,367,177,30000.0,1539.0,61.34,2006.0
2025-05,11620,관악구,연립다세대,매매,173,12,0,0,0,0,26000.0,1957.0,44.32,2004.0
2025-05,11620,관악구,연립다세대,전월세,488,0,142,346,382,99,11000.0,1026.0,37.06,2009.0
2025-05,11650,서초구,아파트,매매,154,21,0,0,0,0,242000.0,8375.0,91.71,2002.0
2025-05,11650,서초구,아파트,전월세,1544,0,867,677,865,542,69600.0,2764.0,83.69,2007.0
2025-05,11650,서초구,연립다세대,매매,116,8,0,0,0,0,65750.0,4612.0,51.79,2004.0
2025-05,11650,서초구,연립다세대,전월세,631,0,303,328,413,210,23000.0,1810.0,44.88,2009.0
2025-05,11680,강남구,아파트,매매,256,34,0,0,0,0,266250.0,10530.0,90.1,2000.0
2025-05,11680,강남구,아파트,전월세,2079,0,1091,988,1032,869,56000.0,2545.0,76.52,2002.0
2025-05,11680,강남구,연립다세대,매매,99,4,0,0,0,0,40000.0,4553.0,33.94,2014.0
2025-05,11680,강남구,연립다세대,전월세,662,0,255,407,469,188,16900.0,1505.0,43.64,2007.0
2025-05,11710,송파구,아파트,매매,385,30,0,0,0,0,175000.0,6603.0,85.09,2000.0
2025-05,11710,송파구,아파트,전월세,2282,0,1091,1191,870,810,40000.0,1845.0,70.59,2006.0
2025-05,11710,송파구,연립다세대,매매,177,7,0,0,0,0,39050.0,3061.0,45.01,2008.0
2025-05,11710,송파구,연립다세대,전월세,1516,0,504,1012,851,652,14895.0,1209.0,40.3,2008.0
2025-05,11740,강동구,아파트,매매,505,72,0,0,0,0,130000.0,5644.0,75.2,2006.0
2025-05,11740,강동구,아파트,전월세,1391,0,786,605,648,504,30000.0,1643.0,64.83,2010.0
2025-05,11740,강동구,연립다세대,매매,127,8,0,0,0,0,37800.0,2968.0,44.37,2009.0
2025-05,11740,강동구,연립다세대,전월세,662,0,257,405,403,244,17365.0,1433.0,36.99,2013.0
2025-06,11110,종로구,아파트,매매,94,14,0,0,0,0,124950.0,4810.0,80.88,2006.0
2025-06,11110,종로구,아파트,전월세,210,0,103,107,145,61,35000.0,2057.0,63.01,2009.0
2025-06,11110,종로구,연립다세대,매매,57,5,0,0,0,0,41500.0,2363.0,78.56,2001.0
2025-06,11110,종로구,연립다세대,전월세,192,0,65,127,153,38,5000.0,419.0,52.33,2002.0
2025-06,11140,중구,아파트,매매,186,31,0,0,0,0,119350.0,4980.0,78.7,2005.0
2025-06,11140,중구,아파트,전월세,435,0,207,228,247,172,36750.0,2014.0,61.79,2010.0
2025-06,11140,중구,연립다세대,매매,36,1,0,0,0,0,42000.0,3090.0,47.18,2007.0
2025-06,11140,중구,연립다세대,전월세,159,0,72,87,101,58,13000.0,1224.0,33.53,2009.0
2025-06,11170,용산구,아파트,매매,143,26,0,0,0,0,175000.0,7004.0,94.77,1999.0
2025-06,11170,용산구,아파트,전월세,609,0,278,331,333,251,35000.0,1643.0,77.36,2006.0
2025-06,11170,용산구,연립다세대,매매,168,7,0,0,0,0,60000.0,6088.0,43.9,2007.0
2025-06,11170,용산구,연립다세대,전월세,426,0,280,146,272,144,22000.0,2127.0,41.71,2011.0
2025-06,11200,성동구,아파트,매매,765,94,0,0,0,0,155000.0,6507.0,83.93,2005.0
2025-06,11200,성동구,아파트,전월세,1082,0,668,414,639,397,55000.0,2410.0,75.2,2006.0
2025-06,11200,성동구,연립다세대,매매,88,10,0,0,0,0,52250.0,5937.0,40.04,2009.0
2025-06,11200,성동구,연립다세대,전월세,209,0,112,97,142,67,16500.0,1386.0,36.65,2011.0
2025-06,11215,광진구,아파트,매매,324,32,0,0,0,0,139000.0,5841.0,84.07,2000.0
2025-06,11215,광진구,아파트,전월세,491,0,347,144,320,170,60000.0,2633.0,78.4,2005.0
2025-06,11215,광진구,연립다세대,매매,226,16,0,0,0,0,46250.0,3693.0,45.58,2012.0
2025-06,11215,광진구,연립다세대,전월세,730,0,333,397,510,215,18000.0,1557.0,36.58,2012.0
2025-06,11230,동대문구,아파트,매매,508,66,0,0,0,0,89000.0,3997.0,74.77,2007.0
2025-06,11230,동대문구,아파트,전월세,1073,0,529,544,768,255,30000.0,1654.0,61.14,2014.0
2025-06,11230,동대문구,연립다세대,매매,83,10,0,0,0,0,33500.0,3203.0,39.02,2009.0
2025-06,11230,동대문구,연립다세대,전월세,306,0,106,200,243,60,6000.0,647.0,35.44,2012.0
2025-06,11260,중랑구,아파트,매매,267,45,0,0,0,0,63000.0,3087.0,70.94,2005.0
2025-06,11260,중랑구,아파트,전월세,515,0,284,231,349,129,28350.0,1641.0,60.24,2008.0
2025-06,11260,중랑구,연립다세대,매매,171,12,0,0,0,0,34500.0,2819.0,43.82,2013.0
2025-06,11260,중랑구,연립다세대,전월세,415,0,200,215,292,116,17800.0,1545.0,36.74,2014.0
2025-06,11290,성북구,아파트,매매,599,61,0,0,0,0,86500.0,3829.0,75.24,2008.0
2025-06,11290,성북구,아파트,전월세,849,0,497,352,530,262,38000.0,1829.0,65.84,2011.0
2025-06,11290,성북구,연립다세대,매매,151,12,0,0,0,0,33000.0,2505.0,46.39,2008.0
2025-06,11290,성북구,연립다세대,전월세,414,0,181,233,321,84,9000.0,812.0,40.87,2011.0
2025-06,11305,강북구,아파트,매매,161,18,0,0,0,0,64000.0,3147.0,70.19,2006.0
2025-06,11305,강북구,아파트,전월세,227,0,131,96,133,83,30000.0,1382.0,65.3,2007.0
2025-06,11305,강북구,연립다세대,매매,136,5,0,0,0,0,28000.0,1956.0,48.17,2009.0
2025-06,11305,강북구,연립다세대,전월세,234,0,79,155,192,42,4167.0,444.0,42.57,2007.0
2025-06,11320,도봉구,아파트,매매,280,28,0,0,0,0,54500.0,2759.0,70.02,1994.0
2025-06,11320,도봉구,아파트,전월세,534,0,338,196,325,191,23000.0,1299.0,64.22,1994.0
2025-06,11320,도봉구,연립다세대,매매,90,5,0,0,0,0,21250.0,1491.0,45.88,2007.0
2025-06,11320,도봉구,연립다세대,전월세,199,0,78,121,165,34,9500.0,761.0,45.01,2003.0
2025-06,11350,노원구,아파트,매매,802,83,0,0,0,0,59700.0,3258.0,64.13,1995.0
2025-06,11350,노원구,아파트,전월세,1592,0,957,635,832,680,19000.0,1286.0,57.87,1994.0
2025-06,11350,노원구,연립다세대,매매,48,2,0,0,0,0,26850.0,1828.0,52.27,2004.0
2025-06,11350,노원구,연립다세대,전월세,156,0,60,96,125,26,6650.0,685.0,39.15,2006.0
2025-06,11380,은평구,아파트,매매,384,36,0,0,0,0,83500.0,4222.0,70.68,2014.0
2025-06,11380,은평구,아파트,전월세,709,0,469,240,390,268,39000.0,1812.0,68.74,2013.0
2025-06,11380,은평구,연립다세대,매매,299,15,0,0,0,0,28500.0,2307.0,44.88,2008.0
2025-06,11380,은평구,연립다세대,전월세,576,0,267,309,409,154,13000.0,981.0,43.08,2008.0
2025-06,11410,서대문구,아파트,매매,501,77,0,0,0,0,105000.0,4670.0,76.7,2008.0
2025-06,11410,서대문구,아파트,전월세,639,0,374,265,361,232,40000.0,1902.0,69.19,2008.0
2025-06,11410,서대문구,연립다세대,매매,97,10,0,0,0,0,37500.0,2348.0,54.83,2002.0
2025-06,11410,서대문구,연립다세대,전월세,366,0,104,262,273,85,5000.0,465.0,41.18,2006.0
2025-06,11440,마포구,아파트,매매,666,75,0,0,0,0,150000.0,6399.0,80.18,2006.0
2025-06,11440,마포구,아파트,전월세,1006,0,565,441,558,378,45000.0,2099.0,69.95,2007.0
2025-06,11440,마포구,연립다세대,매매,197,30,0,0,0,0,46800.0,3966.0,38.34,2010.0
2025-06,11440,마포구,연립다세대,전월세,672,0,323,349,472,191,15000.0,1424.0,35.65,2009.0
2025-06,11470,양천구,아파트,매매,524,73,0,0,0,0,135000.0,5040.0,83.64,2000.0
2025-06,11470,양천구,아파트,전월세,1056,0,780,276,483,461,43000.0,2055.0,76.4,1998.0
2025-06,11470,양천구,연립다세대,매매,238,17,0,0,0,0,26950.0,2211.0,43.18,2005.0
2025-06,11470,양천구,연립다세대,전월세,465,0,234,231,315,147,14000.0,1030.0,41.35,2008.0
2025-06,11500,강서구,아파트,매매,560,45,0,0,0,0,87000.0,4175.0,73.6,2003.0
2025-06,11500,강서구,아파트,전월세,1495,0,695,800,737,468,20000.0,1613.0,55.66,2009.0
2025-06,11500,강서구,연립다세대,매매,238,25,0,0,0,0,24485.0,1942.0,44.79,2009.0
2025-06,11500,강서구,연립다세대,전월세,736,0,251,485,486,240,13000.0,935.0,38.05,2010.0
2025-06,11530,구로구,아파트,매매,448,47,0,0,0,0,71500.0,3276.0,74.61,2000.0
2025-06,11530,구로구,아파트,전월세,728,0,364,364,437,227,25825.0,1248.0,62.83,2004.0
2025-06,11530,구로구,연립다세대,매매,92,7,0,0,0,0,25000.0,1838.0,48.01,2004.0
2025-06,11530,구로구,연립다세대,전월세,278,0,105,173,230,44,6142.0,525.0,43.04,2005.0
2025-06,11545,금천구,아파트,매매,128,13,0,0,0,0,57500.0,2740.0,70.15,2004.0
2025-06,11545,금천구,아파트,전월세,337,0,154,183,174,156,23271.0,1262.0,62.46,2010.0
2025-06,11545,금천구,연립다세대,매매,97,12,0,0,0,0,27700.0,2306.0,44.01,2012.0
2025-06,11545,금천구,연립다세대,전월세,235,0,90,145,174,60,11000.0,920.0,35.71,2013.0
2025-06,11560,영등포구,아파트,매매,677,93,0,0,0,0,120000.0,5102.0,81.11,2002.0
2025-06,11560,영등포구,아파트,전월세,995,0,609,386,612,325,41000.0,2056.0,68.56,2003.0
2025-06,11560,영등포구,연립다세대,매매,104,6,0,0,0,0,34450.0,3143.0,36.69,2011.0
2025-06,11560,영등포구,연립다세대,전월세,349,0,152,197,235,111,19000.0,2222.0,29.31,2014.0
2025-06,11590,동작구,아파트,매매,608,55,0,0,0,0,133000.0,5278.0,83.91,2005.0
2025-06,11590,동작구,아파트,전월세,930,0,616,314,484,359,53000.0,2271.0,74.94,2007.0
2025-06,11590,동작구,연립다세대,매매,269,23,0,0,0,0,40000.0,3087.0,44.84,2008.0
2025-06,11590,동작구,연립다세대,전월세,466,0,195,271,359,104,17000.0,1245.0,39.76,2010.0
2025-06,11620,관악구,아파트,매매,295,15,0,0,0,0,81600.0,3530.0,74.99,2003.0
2025-06,11620,관악구,아파트,전월세,560,0,293,267,349,178,35625.0,1614.0,63.45,2007.0
2025-06,11620,관악구,연립다세대,매매,136,7,0,0,0,0,29600.0,1879.0,48.37,2002.0
2025-06,11620,관악구,연립다세대,전월세,458,0,108,350,393,59,6000.0,672.0,36.56,2010.0
2025-06,11650,서초구,아파트,매매,324,60,0,0,0,0,258250.0,8583.0,95.57,2004.0
2025-06,11650,서초구,아파트,전월세,1708,0,1006,702,943,645,73750.0,3063.0,81.04,2009.0
2025-06,11650,서초구,연립다세대,매매,158,11,0,0,0,0,60000.0,5011.0,52.04,2006.0
2025-06,11650,서초구,연립다세대,전월세,680,0,311,369,423,248,20000.0,1793.0,43.75,2010.0
2025-06,11680,강남구,아파트,매매,523,87,0,0,0,0,289000.0,10809.0,92.0,2000.0
2025-06,11680,강남구,아파트,전월세,1866,0,992,874,973,817,60000.0,2736.0,78.6,2002.0
2025-06,11680,강남구,연립다세대,매매,113,10,0,0,0,0,58705.0,5182.0,40.98,2011.0
2025-06,11680,강남구,연립다세대,전월세,622,0,239,383,424,196,12000.0,1248.0,40.17,2007.0
2025-06,11710,송파구,아파트,매매,631,57,0,0,0,0,169000.0,6705.0,83.89,2002.0
2025-06,11710,송파구,아파트,전월세,1523,0,946,577,756,643,57000.0,2404.0,78.39,2003.0
2025-06,11710,송파구,연립다세대,매매,283,9,0,0,0,0,40400.0,3185.0,43.39,2008.0
2025-06,11710,송파구,연립다세대,전월세,1517,0,469,1048,946,556,13000.0,1148.0,39.54,2009.0
2025-06,11740,강동구,아파트,매매,871,117,0,0,0,0,133000.0,5354.0,77.64,2006.0
2025-06,11740,강동구,아파트,전월세,1492,0,839,653,646,644,31750.0,1690.0,62.46,2011.0
2025-06,11740,강동구,연립다세대,매매,184,12,0,0,0,0,41175.0,3451.0,44.52,2012.0
2025-06,11740,강동구,연립다세대,전월세,647,0,234,413,393,249,14000.0,1219.0,37.26,2013.0
2025-07,11110,종로구,아파트,매매,34,6,0,0,0,0,84100.0,4144.0,76.9,2002.0
2025-07,11110,종로구,아파트,전월세,202,0,83,119,126,61,21000.0,1436.0,62.36,2009.0
2025-07,11110,종로구,연립다세대,매매,44,2,0,0,0,0,45850.0,2681.0,68.2,2003.0
2025-07,11110,종로구,연립다세대,전월세,186,0,70,116,142,41,7250.0,613.0,47.81,2002.0
2025-07,11140,중구,아파트,매매,47,10,0,0,0,0,107000.0,4609.0,76.18,2006.0
2025-07,11140,중구,아파트,전월세,365,0,194,171,224,129,45000.0,2120.0,68.21,2010.0
2025-07,11140,중구,연립다세대,매매,18,0,0,0,0,0,45000.0,2935.0,54.51,2007.0
2025-07,11140,중구,연립다세대,전월세,145,0,63,82,108,37,10000.0,1043.0,36.76,2007.0
2025-07,11170,용산구,아파트,매매,126,27,0,0,0,0,175000.0,7041.0,93.83,2000.0
2025-07,11170,용산구,아파트,전월세,578,0,300,278,313,243,45000.0,1905.0,82.67,2004.0
2025-07,11170,용산구,연립다세대,매매,74,5,0,0,0,0,68000.0,5513.0,45.41,2007.0
2025-07,11170,용산구,연립다세대,전월세,425,0,270,155,274,141,21000.0,1945.0,42.4,2010.0
2025-07,11200,성동구,아파트,매매,105,16,0,0,0,0,135000.0,5690.0,81.0,2002.0
2025-07,11200,성동구,아파트,전월세,1162,0,604,558,690,416,45000.0,2127.0,69.22,2008.0
2025-07,11200,성동구,연립다세대,매매,45,58,0,0,0,0,48500.0,5455.0,36.2,2013.0
2025-07,11200,성동구,연립다세대,전월세,206,0,101,105,140,66,12000.0,1212.0,36.4,2009.0
2025-07,11215,광진구,아파트,매매,71,11,0,0,0,0,134000.0,5956.0,77.98,2001.0
2025-07,11215,광진구,아파트,전월세,459,0,279,180,254,204,56500.0,2453.0,76.09,2006.0
2025-07,11215,광진구,연립다세대,매매,166,11,0,0,0,0,41000.0,2888.0,46.93,2009.0
2025-07,11215,광진구,연립다세대,전월세,663,0,279,384,449,209,18000.0,1662.0,35.4,2013.0
2025-07,11230,동대문구,아파트,매매,184,19,0,0,0,0,83000.0,3775.0,71.73,2008.0
2025-07,11230,동대문구,아파트,전월세,989,0,477,512,644,308,28000.0,1590.0,61.94,2013.0
2025-07,11230,동대문구,연립다세대,매매,54,5,0,0,0,0,42000.0,3360.0,42.89,2010.0
2025-07,11230,동대문구,연립다세대,전월세,284,0,119,165,214,66,10000.0,1137.0,33.49,2013.0
2025-07,11260,중랑구,아파트,매매,119,18,0,0,0,0,64300.0,2960.0,67.9,2004.0
2025-07,11260,중랑구,아파트,전월세,515,0,251,264,345,126,22768.0,1437.0,59.58,2009.0
2025-07,11260,중랑구,연립다세대,매매,180,8,0,0,0,0,34250.0,2970.0,42.17,2014.0
2025-07,11260,중랑구,연립다세대,전월세,387,0,176,211,262,118,16800.0,1590.0,35.75,2014.0
2025-07,11290,성북구,아파트,매매,205,27,0,0,0,0,82400.0,3496.0,77.98,2006.0
2025-07,11290,성북구,아파트,전월세,770,0,495,275,462,260,42000.0,1870.0,71.25,2008.0
2025-07,11290,성북구,연립다세대,매매,84,1,0,0,0,0,32000.0,2443.0,46.97,2006.0
2025-07,11290,성북구,연립다세대,전월세,338,0,150,188,255,73,10000.0,880.0,38.05,2011.0
2025-07,11305,강북구,아파트,매매,78,9,0,0,0,0,66725.0,2914.0,72.48,2005.0
2025-07,11305,강북구,아파트,전월세,276,0,144,132,178,88,25000.0,1276.0,60.17,2008.0
2025-07,11305,강북구,연립다세대,매매,120,5,0,0,0,0,23150.0,1664.0,46.48,2008.0
2025-07,11305,강북구,연립다세대,전월세,238,0,96,142,188,48,8000.0,760.0,42.54,2006.0
2025-07,11320,도봉구,아파트,매매,134,14,0,0,0,0,52250.0,2557.0,68.48,1995.0
2025-07,11320,도봉구,아파트,전월세,582,0,393,189,348,211,24000.0,1358.0,64.22,1997.0
2025-07,11320,도봉구,연립다세대,매매,83,3,0,0,0,0,21500.0,1513.0,47.11,2009.0
2025-07,11320,도봉구,연립다세대,전월세,163,0,72,91,131,28,8400.0,656.0,43.99,2005.0
2025-07,11350,노원구,아파트,매매,315,27,0,0,0,0,55500.0,3149.0,64.11,1995.0
2025-07,11350,노원구,아파트,전월세,1528,0,907,621,825,646,20000.0,1340.0,59.32,1994.0
2025-07,11350,노원구,연립다세대,매매,23,0,0,0,0,0,27500.0,1687.0,53.93,1998.0
2025-07,11350,노원구,연립다세대,전월세,157,0,53,104,118,37,4000.0,394.0,40.2,2006.0
2025-07,11380,은평구,아파트,매매,193,22,0,0,0,0,77000.0,3664.0,67.1,2011.0
2025-07,11380,은평구,아파트,전월세,782,0,458,324,425,279,36625.0,1630.0,65.96,2013.0
2025-07,11380,은평구,연립다세대,매매,303,10,0,0,0,0,26000.0,2081.0,44.36,2008.0
2025-07,11380,은평구,연립다세대,전월세,610,0,286,324,434,159,13850.0,1015.0,43.08,2008.0
2025-07,11410,서대문구,아파트,매매,121,14,0,0,0,0,95000.0,4291.0,72.07,2007.0
2025-07,11410,서대문구,아파트,전월세,607,0,348,259,346,211,39000.0,1818.0,67.0,2009.0
2025-07,11410,서대문구,연립다세대,매매,61,3,0,0,0,0,30000.0,2065.0,46.64,2005.0
2025-07,11410,서대문구,연립다세대,전월세,352,0,96,256,281,63,3000.0,359.0,40.73,2006.0
2025-07,11440,마포구,아파트,매매,128,13,0,0,0,0,117100.0,5083.0,78.68,2004.0
2025-07,11440,마포구,아파트,전월세,979,0,533,446,522,385,45000.0,2141.0,71.03,2007.0
2025-07,11440,마포구,연립다세대,매매,149,8,0,0,0,0,43000.0,4095.0,37.23,2010.0
2025-07,11440,마포구,연립다세대,전월세,686,0,299,387,493,177,13000.0,1227.0,34.28,2010.0
2025-07,11470,양천구,아파트,매매,175,24,0,0,0,0,113000.0,4624.0,76.09,1997.0
2025-07,11470,양천구,아파트,전월세,959,0,605,354,388,469,43050.0,2027.0,74.43,1998.0
2025-07,11470,양천구,연립다세대,매매,191,9,0,0,0,0,25700.0,2202.0,41.88,2007.0
2025-07,11470,양천구,연립다세대,전월세,492,0,244,248,354,128,13000.0,989.0,40.9,2007.0
2025-07,11500,강서구,아파트,매매,237,34,0,0,0,0,69000.0,3793.0,63.72,2003.0
2025-07,11500,강서구,아파트,전월세,1221,0,641,580,605,549,26250.0,1757.0,59.07,2006.0
2025-07,11500,강서구,연립다세대,매매,221,10,0,0,0,0,24000.0,1990.0,42.32,2010.0
2025-07,11500,강서구,연립다세대,전월세,730,0,257,473,501,215,12500.0,899.0,38.16,2011.0
2025-07,11530,구로구,아파트,매매,202,18,0,0,0,0,63400.0,2952.0,70.19,1999.0
2025-07,11530,구로구,아파트,전월세,698,0,348,350,425,208,25100.0,1352.0,61.43,2005.0
2025-07,11530,구로구,연립다세대,매매,70,4,0,0,0,0,24750.0,1792.0,44.86,2007.0
2025-07,11530,구로구,연립다세대,전월세,241,0,107,134,202,36,8000.0,662.0,42.71,2006.0
2025-07,11545,금천구,아파트,매매,58,5,0,0,0,0,54500.0,2489.0,71.07,2003.0
2025-07,11545,금천구,아파트,전월세,286,0,126,160,181,104,22814.0,1221.0,62.48,2007.0
2025-07,11545,금천구,연립다세대,매매,72,8,0,0,0,0,25250.0,2399.0,39.48,2012.0
2025-07,11545,금천구,연립다세대,전월세,265,0,92,173,209,53,13230.0,1165.0,36.82,2014.0
2025-07,11560,영등포구,아파트,매매,225,32,0,0,0,0,95000.0,4700.0,67.86,2000.0
2025-07,11560,영등포구,아파트,전월세,1094,0,575,519,597,431,35000.0,1719.0,61.23,2005.0
2025-07,11560,영등포구,연립다세대,매매,60,2,0,0,0,0,32850.0,3348.0,36.18,2012.0
2025-07,11560,영등포구,연립다세대,전월세,336,0,117,219,230,101,15875.0,1948.0,29.63,2014.0
2025-07,11590,동작구,아파트,매매,140,8,0,0,0,0,114750.0,4678.0,79.07,2004.0
2025-07,11590,동작구,아파트,전월세,764,0,482,282,430,294,50200.0,2249.0,74.88,2006.0
2025-07,11590,동작구,연립다세대,매매,159,8,0,0,0,0,35100.0,3020.0,45.08,2007.0
2025-07,11590,동작구,연립다세대,전월세,493,0,189,304,352,134,14000.0,1251.0,37.52,2011.0
2025-07,11620,관악구,아파트,매매,142,9,0,0,0,0,80750.0,3582.0,74.84,2003.0
2025-07,11620,관악구,아파트,전월세,534,0,295,239,328,179,35000.0,1666.0,63.46,2005.0
2025-07,11620,관악구,연립다세대,매매,104,4,0,0,0,0,27425.0,2374.0,46.06,2006.0
2025-07,11620,관악구,연립다세대,전월세,415,0,111,304,326,74,11000.0,998.0,36.67,2009.0
2025-07,11650,서초구,아파트,매매,205,29,0,0,0,0,239000.0,7584.0,99.0,2005.0
2025-07,11650,서초구,아파트,전월세,1715,0,974,741,988,652,76000.0,3035.0,84.45,2010.0
2025-07,11650,서초구,연립다세대,매매,89,4,0,0,0,0,57000.0,4782.0,51.55,2008.0
2025-07,11650,서초구,연립다세대,전월세,655,0,288,367,429,219,20000.0,1761.0,43.94,2009.0
2025-07,11680,강남구,아파트,매매,332,44,0,0,0,0,251750.0,10454.0,83.87,2003.0
2025-07,11680,강남구,아파트,전월세,1821,0,955,866,893,844,60000.0,2713.0,79.58,2002.0
2025-07,11680,강남구,연립다세대,매매,62,3,0,0,0,0,59000.0,5152.0,39.92,2009.0
2025-07,11680,강남구,연립다세대,전월세,645,0,249,396,456,184,15000.0,1323.0,40.88,2008.0
2025-07,11710,송파구,아파트,매매,378,34,0,0,0,0,154500.0,6395.0,84.06,2001.0
2025-07,11710,송파구,아파트,전월세,1565,0,851,714,775,631,50000.0,2255.0,73.81,2005.0
2025-07,11710,송파구,연립다세대,매매,170,11,0,0,0,0,39750.0,3394.0,43.74,2007.0
2025-07,11710,송파구,연립다세대,전월세,1503,0,503,1000,916,579,14500.0,1331.0,37.83,2009.0
2025-07,11740,강동구,아파트,매매,196,18,0,0,0,0,104650.0,4675.0,75.69,2004.0
2025-07,11740,강동구,아파트,전월세,1265,0,686,579,649,477,39900.0,1909.0,65.11,2010.0
2025-07,11740,강동구,연립다세대,매매,111,9,0,0,0,0,38000.0,3228.0,42.02,2011.0
2025-07,11740,강동구,연립다세대,전월세,681,0,274,407,439,235,17000.0,1474.0,36.94,2013.0
2025-08,11110,종로구,아파트,매매,42,1,0,0,0,0,87000.0,4151.0,65.91,2006.0
2025-08,11110,종로구,아파트,전월세,194,0,61,133,106,78,18629.0,1616.0,58.6,2011.0
2025-08,11110,종로구,연립다세대,매매,29,0,0,0,0,0,40700.0,2500.0,62.96,2004.0
2025-08,11110,종로구,연립다세대,전월세,206,0,62,144,175,29,5500.0,466.0,52.6,2002.0
2025-08,11140,중구,아파트,매매,61,10,0,0,0,0,125000.0,4834.0,83.43,2005.0
2025-08,11140,중구,아파트,전월세,315,0,140,175,184,120,34000.0,1769.0,65.81,2011.0
2025-08,11140,중구,연립다세대,매매,23,0,0,0,0,0,40000.0,3188.0,47.34,2003.0
2025-08,11140,중구,연립다세대,전월세,132,0,55,77,107,24,10000.0,1076.0,34.75,2009.0
2025-08,11170,용산구,아파트,매매,141,7,0,0,0,0,45000.0,6143.0,63.23,2012.0
2025-08,11170,용산구,아파트,전월세,453,0,228,225,232,208,42000.0,1842.0,85.06,2004.0
2025-08,11170,용산구,연립다세대,매매,90,10,0,0,0,0,70000.0,6176.0,47.26,2004.0
2025-08,11170,용산구,연립다세대,전월세,411,0,253,158,264,144,20000.0,1873.0,42.32,2010.0
2025-08,11200,성동구,아파트,매매,210,23,0,0,0,0,145500.0,6424.0,78.81,2004.0
2025-08,11200,성동구,아파트,전월세,1006,0,582,424,600,357,52250.0,2307.0,72.14,2008.0
2025-08,11200,성동구,연립다세대,매매,79,6,0,0,0,0,175500.0,9585.0,52.98,1993.0
2025-08,11200,성동구,연립다세대,전월세,173,0,78,95,129,43,12500.0,1236.0,34.88,2010.0
2025-08,11215,광진구,아파트,매매,97,9,0,0,0,0,136000.0,6010.0,76.43,2001.0
2025-08,11215,광진구,아파트,전월세,368,0,237,131,199,168,56850.0,2499.0,75.09,2005.0
2025-08,11215,광진구,연립다세대,매매,184,5,0,0,0,0,38000.0,2899.0,44.58,2009.0
2025-08,11215,광진구,연립다세대,전월세,642,0,285,357,455,181,17000.0,1524.0,36.09,2013.0
2025-08,11230,동대문구,아파트,매매,217,17,0,0,0,0,87000.0,4053.0,72.26,2007.0
2025-08,11230,동대문구,아파트,전월세,805,0,418,387,489,272,35000.0,1742.0,63.09,2012.0
2025-08,11230,동대문구,연립다세대,매매,42,2,0,0,0,0,41750.0,2967.0,46.66,2010.0
2025-08,11230,동대문구,연립다세대,전월세,271,0,102,169,196,72,5000.0,561.0,34.9,2013.0
2025-08,11260,중랑구,아파트,매매,126,8,0,0,0,0,63800.0,2928.0,70.9,2003.0
2025-08,11260,중랑구,아파트,전월세,441,0,251,190,281,117,29500.0,1607.0,62.59,2008.0
2025-08,11260,중랑구,연립다세대,매매,105,9,0,0,0,0,34500.0,2722.0,42.18,2012.0
2025-08,11260,중랑구,연립다세대,전월세,400,0,176,224,296,96,16000.0,1283.0,38.13,2015.0
2025-08,11290,성북구,아파트,매매,338,24,0,0,0,0,74000.0,3548.0,62.22,2012.0
2025-08,11290,성북구,아파트,전월세,644,0,389,255,384,223,40000.0,1729.0,71.14,2008.0
2025-08,11290,성북구,연립다세대,매매,126,10,0,0,0,0,32358.0,3187.0,43.47,2013.0
2025-08,11290,성북구,연립다세대,전월세,329,0,154,175,235,89,12000.0,919.0,40.77,2010.0
2025-08,11305,강북구,아파트,매매,88,6,0,0,0,0,62000.0,2988.0,66.71,2005.0
2025-08,11305,강북구,아파트,전월세,224,0,105,119,138,77,16300.0,1115.0,57.59,2009.0
2025-08,11305,강북구,연립다세대,매매,114,6,0,0,0,0,21000.0,1592.0,45.37,2005.0
2025-08,11305,강북구,연립다세대,전월세,259,0,90,169,210,47,5685.0,554.0,42.33,2007.0
2025-08,11320,도봉구,아파트,매매,136,8,0,0,0,0,49775.0,2361.0,68.88,1993.0
2025-08,11320,도봉구,아파트,전월세,536,0,373,163,357,155,28560.0,1440.0,67.62,2000.0
2025-08,11320,도봉구,연립다세대,매매,54,2,0,0,0,0,21800.0,1546.0,49.33,2006.0
2025-08,11320,도봉구,연립다세대,전월세,147,0,56,91,113,30,8000.0,598.0,45.43,2006.0
2025-08,11350,노원구,아파트,매매,364,20,0,0,0,0,56300.0,3273.0,63.8,1995.0
2025-08,11350,노원구,아파트,전월세,1467,0,894,573,747,657,20000.0,1368.0,57.99,1993.0
2025-08,11350,노원구,연립다세대,매매,35,1,0,0,0,0,19400.0,1572.0,40.79,2005.0
2025-08,11350,노원구,연립다세대,전월세,139,0,48,91,118,18,5115.0,424.0,41.75,2008.0
2025-08,11380,은평구,아파트,매매,196,22,0,0,0,0,81750.0,3665.0,71.14,2011.0
2025-08,11380,은평구,아파트,전월세,677,0,434,243,369,240,38190.0,1738.0,67.29,2013.0
2025-08,11380,은평구,연립다세대,매매,252,12,0,0,0,0,26900.0,2104.0,46.36,2007.0
2025-08,11380,은평구,연립다세대,전월세,608,0,282,326,450,145,13000.0,999.0,43.14,2007.0
2025-08,11410,서대문구,아파트,매매,142,19,0,0,0,0,94000.0,4325.0,74.02,2007.0
2025-08,11410,서대문구,아파트,전월세,543,0,313,230,295,211,40000.0,1873.0,70.25,2008.0
2025-08,11410,서대문구,연립다세대,매매,84,2,0,0,0,0,27750.0,2407.0,46.02,2006.0
2025-08,11410,서대문구,연립다세대,전월세,338,0,113,225,272,60,5000.0,478.0,42.18,2007.0
2025-08,11440,마포구,아파트,매매,183,10,0,0,0,0,134500.0,5904.0,73.92,2004.0
2025-08,11440,마포구,아파트,전월세,939,0,521,418,544,344,45000.0,2059.0,68.45,2006.0
2025-08,11440,마포구,연립다세대,매매,154,5,0,0,0,0,46000.0,4081.0,38.79,2009.0
2025-08,11440,마포구,연립다세대,전월세,625,0,258,367,423,191,13000.0,1249.0,37.57,2009.0
2025-08,11470,양천구,아파트,매매,121,10,0,0,0,0,104300.0,4091.0,77.75,2003.0
2025-08,11470,양천구,아파트,전월세,1129,0,743,386,393,494,29925.0,1447.0,72.51,2001.0
2025-08,11470,양천구,연립다세대,매매,146,14,0,0,0,0,29000.0,2361.0,45.55,2006.0
2025-08,11470,양천구,연립다세대,전월세,410,0,179,231,288,118,12250.0,963.0,41.16,2007.0
2025-08,11500,강서구,아파트,매매,264,22,0,0,0,0,79500.0,4106.0,68.95,2001.0
2025-08,11500,강서구,아파트,전월세,1201,0,654,547,554,508,28113.0,1745.0,59.34,2007.0
2025-08,11500,강서구,연립다세대,매매,173,11,0,0,0,0,23400.0,1879.0,44.57,2007.0
2025-08,11500,강서구,연립다세대,전월세,749,0,267,482,531,209,12997.0,914.0,39.99,2011.0
2025-08,11530,구로구,아파트,매매,216,12,0,0,0,0,65000.0,3051.0,69.59,1999.0
2025-08,11530,구로구,아파트,전월세,845,0,472,373,394,285,20045.0,1112.0,63.35,2004.0
2025-08,11530,구로구,연립다세대,매매,91,25,0,0,0,0,22500.0,1984.0,37.74,2010.0
2025-08,11530,구로구,연립다세대,전월세,270,0,96,174,227,36,6500.0,537.0,41.9,2006.0
2025-08,11545,금천구,아파트,매매,66,8,0,0,0,0,60900.0,2788.0,68.89,2004.0
2025-08,11545,금천구,아파트,전월세,254,0,119,135,153,99,19975.0,1280.0,56.19,2006.0
2025-08,11545,금천구,연립다세대,매매,75,7,0,0,0,0,26900.0,1948.0,45.58,2009.0
2025-08,11545,금천구,연립다세대,전월세,214,0,72,142,171,40,13150.0,966.0,37.05,2014.0
2025-08,11560,영등포구,아파트,매매,232,13,0,0,0,0,103750.0,4899.0,72.86,2003.0
2025-08,11560,영등포구,아파트,전월세,842,0,457,385,470,307,35000.0,1851.0,68.56,2004.0
2025-08,11560,영등포구,연립다세대,매매,64,2,0,0,0,0,32750.0,3377.0,34.9,2012.0
2025-08,11560,영등포구,연립다세대,전월세,318,0,120,198,217,99,15473.0,1874.0,29.31,2014.0
2025-08,11590,동작구,아파트,매매,199,16,0,0,0,0,132500.0,5425.0,81.24,2005.0
2025-08,11590,동작구,아파트,전월세,737,0,451,286,393,310,52000.0,2223.0,75.56,2005.0
2025-08,11590,동작구,연립다세대,매매,144,7,0,0,0,0,41800.0,3257.0,46.04,2007.0
2025-08,11590,동작구,연립다세대,전월세,515,0,195,320,404,101,14700.0,1169.0,40.45,2011.0
2025-08,11620,관악구,아파트,매매,137,12,0,0,0,0,79000.0,3637.0,68.19,2002.0
2025-08,11620,관악구,아파트,전월세,521,0,254,267,286,183,30000.0,1472.0,62.33,2007.0
2025-08,11620,관악구,연립다세대,매매,80,4,0,0,0,0,29250.0,2075.0,47.58,2004.0
2025-08,11620,관악구,연립다세대,전월세,427,0,106,321,346,79,8000.0,825.0,36.85,2011.0
2025-08,11650,서초구,아파트,매매,100,8,0,0,0,0,201000.0,6290.0,97.33,2004.0
2025-08,11650,서초구,아파트,전월세,1847,0,979,868,801,683,60000.0,2450.0,77.65,2011.0
2025-08,11650,서초구,연립다세대,매매,80,7,0,0,0,0,61000.0,4625.0,53.33,2008.0
2025-08,11650,서초구,연립다세대,전월세,593,0,303,290,360,225,25000.0,1966.0,46.13,2009.0
2025-08,11680,강남구,아파트,매매,115,13,0,0,0,0,190000.0,9526.0,84.49,2001.0
2025-08,11680,강남구,아파트,전월세,1845,0,900,945,742,882,43500.0,2372.0,72.54,2004.0
2025-08,11680,강남구,연립다세대,매매,59,9,0,0,0,0,44000.0,4719.0,39.76,2012.0
2025-08,11680,강남구,연립다세대,전월세,602,0,214,388,418,182,13500.0,1276.0,41.87,2007.0
2025-08,11710,송파구,아파트,매매,155,10,0,0,0,0,134000.0,5808.0,80.21,2001.0
2025-08,11710,송파구,아파트,전월세,1240,0,703,537,640,521,50400.0,2248.0,77.79,2003.0
2025-08,11710,송파구,연립다세대,매매,182,9,0,0,0,0,39250.0,3240.0,41.93,2007.0
2025-08,11710,송파구,연립다세대,전월세,1464,0,454,1010,872,579,14000.0,1250.0,39.67,2009.0
2025-08,11740,강동구,아파트,매매,331,29,0,0,0,0,108500.0,5044.0,71.3,2006.0
2025-08,11740,강동구,아파트,전월세,1186,0,648,538,571,473,36980.0,1801.0,62.24,2010.0
2025-08,11740,강동구,연립다세대,매매,102,11,0,0,0,0,35400.0,2996.0,43.98,2011.0
2025-08,11740,강동구,연립다세대,전월세,600,0,221,379,374,218,15825.0,1326.0,38.13,2013.0
2025-09,11110,종로구,아파트,매매,65,3,0,0,0,0,109000.0,4725.0,83.63,2003.0
2025-09,11110,종로구,아파트,전월세,217,0,64,153,103,97,15324.0,1131.0,59.8,2011.0
2025-09,11110,종로구,연립다세대,매매,49,5,0,0,0,0,36500.0,2231.0,59.63,2001.0
2025-09,11110,종로구,연립다세대,전월세,165,0,51,114,132,32,10000.0,831.0,53.92,2003.0
2025-09,11140,중구,아파트,매매,154,8,0,0,0,0,130500.0,5382.0,79.69,2006.0
2025-09,11140,중구,아파트,전월세,368,0,173,195,198,156,34000.0,2136.0,61.89,2010.0
2025-09,11140,중구,연립다세대,매매,31,3,0,0,0,0,41800.0,3337.0,46.95,2002.0
2025-09,11140,중구,연립다세대,전월세,113,0,53,60,72,40,20000.0,1471.0,40.07,2010.0
2025-09,11170,용산구,아파트,매매,137,10,0,0,0,0,156000.0,6609.0,67.03,2006.0
2025-09,11170,용산구,아파트,전월세,649,0,272,377,406,217,31500.0,1613.0,75.71,2007.0
2025-09,11170,용산구,연립다세대,매매,93,2,0,0,0,0,66800.0,5538.0,43.32,2004.0
2025-09,11170,용산구,연립다세대,전월세,405,0,282,123,279,119,22000.0,1862.0,43.07,2010.0
2025-09,11200,성동구,아파트,매매,560,31,0,0,0,0,158500.0,6785.0,80.79,2005.0
2025-09,11200,성동구,아파트,전월세,983,0,566,417,611,320,53000.0,2372.0,72.88,2008.0
2025-09,11200,성동구,연립다세대,매매,71,2,0,0,0,0,57000.0,5937.0,43.71,2005.0
2025-09,11200,성동구,연립다세대,전월세,158,0,92,66,108,47,18000.0,1636.0,35.07,2011.0
2025-09,11215,광진구,아파트,매매,288,18,0,0,0,0,147700.0,6422.0,79.21,2000.0
2025-09,11215,광진구,아파트,전월세,548,0,262,286,313,154,44050.0,1938.0,68.91,2007.0
2025-09,11215,광진구,연립다세대,매매,244,32,0,0,0,0,44000.0,3394.0,48.79,2009.0
2025-09,11215,광진구,연립다세대,전월세,678,0,343,335,446,226,19950.0,1706.0,37.91,2012.0
2025-09,11230,동대문구,아파트,매매,484,22,0,0,0,0,96000.0,4345.0,74.37,2009.0
2025-09,11230,동대문구,아파트,전월세,714,0,387,327,439,225,37000.0,1839.0,66.77,2011.0
2025-09,11230,동대문구,연립다세대,매매,89,6,0,0,0,0,34000.0,3360.0,37.08,2013.0
2025-09,11230,동대문구,연립다세대,전월세,223,0,103,120,161,61,17000.0,1299.0,37.92,2012.0
2025-09,11260,중랑구,아파트,매매,291,18,0,0,0,0,53000.0,3417.0,55.61,2010.0
2025-09,11260,중랑구,아파트,전월세,891,0,666,225,348,500,45785.0,1993.0,72.6,2013.0
2025-09,11260,중랑구,연립다세대,매매,161,11,0,0,0,0,34750.0,3032.0,40.89,2014.0
2025-09,11260,중랑구,연립다세대,전월세,453,0,199,254,331,114,15750.0,1294.0,38.7,2015.0
2025-09,11290,성북구,아파트,매매,513,32,0,0,0,0,88000.0,3912.0,74.17,2008.0
2025-09,11290,성북구,아파트,전월세,758,0,455,303,385,270,38850.0,1752.0,69.19,2008.0
2025-09,11290,성북구,연립다세대,매매,120,6,0,0,0,0,31800.0,2483.0,45.48,2009.0
2025-09,11290,성북구,연립다세대,전월세,333,0,172,161,246,82,15000.0,1104.0,42.99,2010.0
2025-09,11305,강북구,아파트,매매,116,4,0,0,0,0,67650.0,3122.0,69.9,2006.0
2025-09,11305,강북구,아파트,전월세,300,0,153,147,199,75,20000.0,1233.0,58.84,2008.0
2025-09,11305,강북구,연립다세대,매매,98,2,0,0,0,0,21500.0,1403.0,50.14,2002.0
2025-09,11305,강북구,연립다세대,전월세,272,0,127,145,216,55,8450.0,726.0,42.63,2004.0
2025-09,11320,도봉구,아파트,매매,191,9,0,0,0,0,56000.0,2925.0,66.95,1994.0
2025-09,11320,도봉구,아파트,전월세,545,0,366,179,359,169,26250.0,1371.0,66.54,1999.0
2025-09,11320,도봉구,연립다세대,매매,77,4,0,0,0,0,21500.0,1415.0,46.42,2006.0
2025-09,11320,도봉구,연립다세대,전월세,183,0,72,111,144,38,9400.0,713.0,42.79,2004.0
2025-09,11350,노원구,아파트,매매,567,24,0,0,0,0,59500.0,3391.0,62.89,1994.0
2025-09,11350,노원구,아파트,전월세,1730,0,1008,722,969,688,19725.0,1273.0,56.82,1995.0
2025-09,11350,노원구,연립다세대,매매,41,3,0,0,0,0,24750.0,1532.0,52.06,2000.0
2025-09,11350,노원구,연립다세대,전월세,123,0,52,71,100,19,9500.0,761.0,43.81,2004.0
2025-09,11380,은평구,아파트,매매,299,18,0,0,0,0,86000.0,3973.0,72.58,2012.0
2025-09,11380,은평구,아파트,전월세,733,0,445,288,359,260,34315.0,1602.0,65.54,2012.0
2025-09,11380,은평구,연립다세대,매매,289,9,0,0,0,0,28500.0,2102.0,46.96,2006.0
2025-09,11380,은평구,연립다세대,전월세,544,0,244,300,397,137,13250.0,1028.0,43.22,2008.0
2025-09,11410,서대문구,아파트,매매,349,18,0,0,0,0,108000.0,5001.0,77.84,2008.0
2025-09,11410,서대문구,아파트,전월세,561,0,335,226,325,171,40500.0,1930.0,69.76,2008.0
2025-09,11410,서대문구,연립다세대,매매,78,2,0,0,0,0,38000.0,2664.0,51.37,2003.0
2025-09,11410,서대문구,연립다세대,전월세,296,0,125,171,231,60,11000.0,834.0,46.68,2004.0
2025-09,11440,마포구,아파트,매매,532,19,0,0,0,0,141000.0,6387.0,77.3,2004.0
2025-09,11440,마포구,아파트,전월세,1008,0,571,437,511,389,45000.0,2196.0,69.37,2007.0
2025-09,11440,마포구,연립다세대,매매,225,12,0,0,0,0,42000.0,3739.0,34.97,2009.0
2025-09,11440,마포구,연립다세대,전월세,593,0,272,321,444,140,15000.0,1451.0,35.33,2009.0
2025-09,11470,양천구,아파트,매매,352,21,0,0,0,0,112250.0,4514.0,79.12,2003.0
2025-09,11470,양천구,아파트,전월세,918,0,558,360,458,344,41000.0,1974.0,72.34,1999.0
2025-09,11470,양천구,연립다세대,매매,217,9,0,0,0,0,28500.0,2126.0,45.19,2006.0
2025-09,11470,양천구,연립다세대,전월세,480,0,231,249,336,135,14950.0,1050.0,41.43,2007.0
2025-09,11500,강서구,아파트,매매,584,22,0,0,0,0,89000.0,4475.0,70.82,2002.0
2025-09,11500,강서구,아파트,전월세,1118,0,644,474,552,423,33000.0,1832.0,62.92,2005.0
2025-09,11500,강서구,연립다세대,매매,203,6,0,0,0,0,23300.0,1861.0,45.5,2007.0
2025-09,11500,강서구,연립다세대,전월세,751,0,269,482,550,182,12000.0,876.0,39.76,2010.0
2025-09,11530,구로구,아파트,매매,332,18,0,0,0,0,75000.0,3433.0,72.8,2000.0
2025-09,11530,구로구,아파트,전월세,852,0,449,403,309,255,20000.0,787.0,66.18,2007.0
2025-09,11530,구로구,연립다세대,매매,91,3,0,0,0,0,25000.0,1932.0,46.49,2007.0
2025-09,11530,구로구,연립다세대,전월세,249,0,93,156,194,49,5000.0,523.0,46.1,2005.0
2025-09,11545,금천구,아파트,매매,82,3,0,0,0,0,62400.0,2707.0,74.63,2002.0
2025-09,11545,금천구,아파트,전월세,300,0,149,151,187,107,20000.0,1303.0,57.26,2007.0
2025-09,11545,금천구,연립다세대,매매,62,7,0,0,0,0,25900.0,2384.0,39.77,2010.0
2025-09,11545,금천구,연립다세대,전월세,205,0,68,137,168,32,7166.0,695.0,36.22,2013.0
2025-09,11560,영등포구,아파트,매매,486,14,0,0,0,0,117500.0,5112.0,77.03,2003.0
2025-09,11560,영등포구,아파트,전월세,923,0,498,425,563,294,39000.0,1973.0,67.07,2003.0
2025-09,11560,영등포구,연립다세대,매매,85,6,0,0,0,0,32500.0,3721.0,31.11,2015.0
2025-09,11560,영등포구,연립다세대,전월세,319,0,112,207,218,95,17850.0,1670.0,32.32,2013.0
2025-09,11590,동작구,아파트,매매,484,13,0,0,0,0,133000.0,5417.0,84.09,2005.0
2025-09,11590,동작구,아파트,전월세,727,0,490,237,408,284,55000.0,2376.0,75.28,2005.0
2025-09,11590,동작구,연립다세대,매매,266,13,0,0,0,0,39950.0,3510.0,42.37,2008.0
2025-09,11590,동작구,연립다세대,전월세,410,0,186,224,293,111,19550.0,1467.0,41.15,2011.0
2025-09,11620,관악구,아파트,매매,289,14,0,0,0,0,89800.0,3921.0,74.55,2004.0
2025-09,11620,관악구,아파트,전월세,505,0,292,213,310,161,39900.0,1801.0,67.48,2005.0
2025-09,11620,관악구,연립다세대,매매,169,6,0,0,0,0,27400.0,2479.0,41.84,2004.0
2025-09,11620,관악구,연립다세대,전월세,387,0,88,299,317,61,10000.0,815.0,38.39,2008.0
2025-09,11650,서초구,아파트,매매,121,4,0,0,0,0,230000.0,7220.0,93.64,2003.0
2025-09,11650,서초구,아파트,전월세,1444,0,788,656,721,632,72000.0,2921.0,84.76,2007.0
2025-09,11650,서초구,연립다세대,매매,101,2,0,0,0,0,66500.0,4999.0,51.92,2007.0
2025-09,11650,서초구,연립다세대,전월세,608,0,292,316,380,224,25333.0,1841.0,47.8,2008.0
2025-09,11680,강남구,아파트,매매,221,12,0,0,0,0,213000.0,10219.0,77.24,2001.0
2025-09,11680,강남구,아파트,전월세,1771,0,929,842,933,738,62000.0,2795.0,78.06,2003.0
2025-09,11680,강남구,연립다세대,매매,101,1,0,0,0,0,55300.0,5410.0,39.85,2012.0
2025-09,11680,강남구,연립다세대,전월세,566,0,219,347,389,169,16550.0,1557.0,41.56,2007.0
2025-09,11710,송파구,아파트,매매,374,17,0,0,0,0,163500.0,7052.0,81.08,2000.0
2025-09,11710,송파구,아파트,전월세,1418,0,810,608,660,612,54800.0,2310.0,78.64,2003.0
2025-09,11710,송파구,연립다세대,매매,274,8,0,0,0,0,44000.0,3279.0,48.45,2004.0
2025-09,11710,송파구,연립다세대,전월세,1471,0,427,1044,868,591,15000.0,1376.0,39.48,2009.0
2025-09,11740,강동구,아파트,매매,795,45,0,0,0,0,142000.0,6034.0,77.1,2007.0
2025-09,11740,강동구,아파트,전월세,1497,0,728,769,603,483,30000.0,1583.0,61.08,2012.0
2025-09,11740,강동구,연립다세대,매매,177,7,0,0,0,0,36700.0,3312.0,41.0,2011.0
2025-09,11740,강동구,연립다세대,전월세,628,0,249,379,402,220,18000.0,1498.0,38.38,2012.0
2025-10,11110,종로구,아파트,매매,86,3,0,0,0,0,107250.0,4590.0,75.07,2005.0
2025-10,11110,종로구,아파트,전월세,196,0,96,100,115,76,35000.0,1947.0,68.16,2008.0
2025-10,11110,종로구,연립다세대,매매,42,5,0,0,0,0,41150.0,2566.0,67.04,2000.0
2025-10,11110,종로구,연립다세대,전월세,157,0,61,96,129,25,11000.0,850.0,58.03,2001.0
2025-10,11140,중구,아파트,매매,141,5,0,0,0,0,130500.0,5076.0,82.67,2006.0
2025-10,11140,중구,아파트,전월세,286,0,131,155,174,103,30000.0,1968.0,64.59,2010.0
2025-10,11140,중구,연립다세대,매매,26,4,0,0,0,0,49500.0,3380.0,52.39,2002.0
2025-10,11140,중구,연립다세대,전월세,117,0,46,71,80,37,13000.0,971.0,39.17,2008.0
2025-10,11170,용산구,아파트,매매,119,5,0,0,0,0,192000.0,7124.0,87.36,1999.0
2025-10,11170,용산구,아파트,전월세,463,0,237,226,248,204,50000.0,2047.0,84.35,2003.0
2025-10,11170,용산구,연립다세대,매매,90,7,0,0,0,0,73000.0,5830.0,50.7,2005.0
2025-10,11170,용산구,연립다세대,전월세,380,0,242,138,240,139,22000.0,1901.0,44.79,2009.0
2025-10,11200,성동구,아파트,매매,370,22,0,0,0,0,160000.0,6950.0,80.11,2004.0
2025-10,11200,성동구,아파트,전월세,816,0,482,334,517,259,55000.0,2343.0,75.63,2006.0
2025-10,11200,성동구,연립다세대,매매,65,5,0,0,0,0,50500.0,3750.0,41.72,2005.0
2025-10,11200,성동구,연립다세대,전월세,162,0,86,76,106,55,17300.0,1477.0,36.46,2008.0
2025-10,11215,광진구,아파트,매매,258,17,0,0,0,0,150500.0,6227.0,73.03,2007.0
2025-10,11215,광진구,아파트,전월세,419,0,236,183,238,169,54600.0,2481.0,76.42,2004.0
2025-10,11215,광진구,연립다세대,매매,309,20,0,0,0,0,44000.0,3819.0,41.59,2011.0
2025-10,11215,광진구,연립다세대,전월세,568,0,234,334,358,203,18000.0,1597.0,37.14,2012.0
2025-10,11230,동대문구,아파트,매매,519,27,0,0,0,0,92000.0,4052.0,78.88,2007.0
2025-10,11230,동대문구,아파트,전월세,703,0,408,295,468,212,40000.0,1830.0,68.88,2009.0
2025-10,11230,동대문구,연립다세대,매매,83,5,0,0,0,0,41000.0,3293.0,42.63,2011.0
2025-10,11230,동대문구,연립다세대,전월세,204,0,87,117,156,43,15000.0,1208.0,38.22,2013.0
2025-10,11260,중랑구,아파트,매매,239,15,0,0,0,0,69500.0,3144.0,71.8,2005.0
2025-10,11260,중랑구,아파트,전월세,659,0,263,396,347,232,20000.0,1279.0,59.64,2011.0
2025-10,11260,중랑구,연립다세대,매매,155,12,0,0,0,0,34500.0,3037.0,40.73,2013.0
2025-10,11260,중랑구,연립다세대,전월세,328,0,136,192,246,78,15000.0,1328.0,37.71,2013.0
2025-10,11290,성북구,아파트,매매,492,22,0,0,0,0,90000.0,4077.0,73.93,2008.0
2025-10,11290,성북구,아파트,전월세,656,0,416,240,394,217,41200.0,1948.0,71.88,2007.0
2025-10,11290,성북구,연립다세대,매매,108,7,0,0,0,0,33250.0,2495.0,48.96,2007.0
2025-10,11290,성북구,연립다세대,전월세,308,0,157,151,215,89,14150.0,951.0,44.39,2008.0
2025-10,11305,강북구,아파트,매매,117,6,0,0,0,0,70700.0,3275.0,71.16,2007.0
2025-10,11305,강북구,아파트,전월세,198,0,105,93,108,86,27000.0,1362.0,65.58,2006.0
2025-10,11305,강북구,연립다세대,매매,117,2,0,0,0,0,22700.0,1618.0,47.88,2006.0
2025-10,11305,강북구,연립다세대,전월세,236,0,90,146,194,40,7868.0,602.0,45.03,2004.0
2025-10,11320,도봉구,아파트,매매,154,5,0,0,0,0,55000.0,2997.0,66.49,1993.0
2025-10,11320,도봉구,아파트,전월세,436,0,265,171,286,137,20000.0,1336.0,60.96,1994.0
2025-10,11320,도봉구,연립다세대,매매,75,6,0,0,0,0,21000.0,1357.0,45.59,2005.0
2025-10,11320,도봉구,연립다세대,전월세,133,0,54,79,106,26,9000.0,760.0,43.7,2002.0
2025-10,11350,노원구,아파트,매매,638,27,0,0,0,0,61500.0,3322.0,64.03,1995.0
2025-10,11350,노원구,아파트,전월세,1544,0,893,651,807,671,19950.0,1338.0,58.16,1995.0
2025-10,11350,노원구,연립다세대,매매,44,1,0,0,0,0,28325.0,1694.0,54.14,1999.0
2025-10,11350,노원구,연립다세대,전월세,96,0,42,54,67,27,10850.0,968.0,40.48,2006.0
2025-10,11380,은평구,아파트,매매,361,21,0,0,0,0,90200.0,4169.0,74.77,2013.0
2025-10,11380,은평구,아파트,전월세,795,0,437,358,381,332,33000.0,1484.0,65.4,2014.0
2025-10,11380,은평구,연립다세대,매매,240,7,0,0,0,0,27000.0,2240.0,43.27,2007.0
2025-10,11380,은평구,연립다세대,전월세,489,0,238,251,348,134,13000.0,1012.0,42.41,2008.0
2025-10,11410,서대문구,아파트,매매,398,16,0,0,0,0,109000.0,5019.0,77.05,2008.0
2025-10,11410,서대문구,아파트,전월세,512,0,308,204,303,181,43025.0,1983.0,73.13,2009.0
2025-10,11410,서대문구,연립다세대,매매,93,6,0,0,0,0,37000.0,2451.0,50.35,2001.0
2025-10,11410,서대문구,연립다세대,전월세,281,0,93,188,210,70,7000.0,642.0,43.18,2005.0
2025-10,11440,마포구,아파트,매매,419,22,0,0,0,0,145000.0,6608.0,77.99,2004.0
2025-10,11440,마포구,아파트,전월세,1020,0,526,494,494,388,40000.0,2004.0,68.79,2007.0
2025-10,11440,마포구,연립다세대,매매,208,7,0,0,0,0,46000.0,4049.0,38.42,2008.0
2025-10,11440,마포구,연립다세대,전월세,537,0,224,313,376,155,14500.0,1353.0,37.91,2008.0
2025-10,11470,양천구,아파트,매매,418,18,0,0,0,0,118000.0,4669.0,80.11,2002.0
2025-10,11470,양천구,아파트,전월세,996,0,656,340,452,459,40000.0,1892.0,75.55,1999.0
2025-10,11470,양천구,연립다세대,매매,218,14,0,0,0,0,30000.0,2707.0,41.13,2009.0
2025-10,11470,양천구,연립다세대,전월세,420,0,184,236,292,123,14750.0,1079.0,40.89,2008.0
2025-10,11500,강서구,아파트,매매,584,20,0,0,0,0,89000.0,4381.0,71.38,2002.0
2025-10,11500,강서구,아파트,전월세,1203,0,713,490,598,480,30000.0,1758.0,62.78,2006.0
2025-10,11500,강서구,연립다세대,매매,199,14,0,0,0,0,24000.0,2075.0,41.71,2009.0
2025-10,11500,강서구,연립다세대,전월세,674,0,223,451,472,181,12335.0,901.0,37.82,2011.0
2025-10,11530,구로구,아파트,매매,335,13,0,0,0,0,72250.0,3369.0,72.42,2000.0
2025-10,11530,구로구,아파트,전월세,937,0,400,537,453,301,14958.0,889.0,59.96,2007.0
2025-10,11530,구로구,연립다세대,매매,101,5,0,0,0,0,24500.0,2017.0,43.39,2007.0
2025-10,11530,구로구,연립다세대,전월세,283,0,117,166,216,55,8400.0,663.0,42.98,2006.0
2025-10,11545,금천구,아파트,매매,93,2,0,0,0,0,58000.0,2831.0,69.34,2004.0
2025-10,11545,금천구,아파트,전월세,223,0,100,123,137,85,22000.0,1293.0,59.06,2009.0
2025-10,11545,금천구,연립다세대,매매,65,5,0,0,0,0,25000.0,2123.0,40.78,2011.0
2025-10,11545,금천구,연립다세대,전월세,197,0,72,125,157,37,11300.0,749.0,38.22,2013.0
2025-10,11560,영등포구,아파트,매매,446,14,0,0,0,0,123250.0,5177.0,79.42,2001.0
2025-10,11560,영등포구,아파트,전월세,819,0,500,319,479,290,45000.0,2084.0,72.57,2003.0
2025-10,11560,영등포구,연립다세대,매매,104,12,0,0,0,0,33000.0,3639.0,31.02,2014.0
2025-10,11560,영등포구,연립다세대,전월세,308,0,103,205,208,94,16650.0,2002.0,29.51,2014.0
2025-10,11590,동작구,아파트,매매,408,21,0,0,0,0,137250.0,5227.0,85.4,2004.0
2025-10,11590,동작구,아파트,전월세,701,0,443,258,413,255,54000.0,2320.0,77.03,2006.0
2025-10,11590,동작구,연립다세대,매매,194,35,0,0,0,0,44000.0,3194.0,46.87,2008.0
2025-10,11590,동작구,연립다세대,전월세,404,0,177,227,305,91,18000.0,1451.0,40.32,2010.0
2025-10,11620,관악구,아파트,매매,285,13,0,0,0,0,90000.0,3861.0,74.38,2003.0
2025-10,11620,관악구,아파트,전월세,466,0,267,199,304,145,39950.0,1876.0,67.56,2005.0
2025-10,11620,관악구,연립다세대,매매,168,7,0,0,0,0,29610.0,2356.0,44.45,2006.0
2025-10,11620,관악구,연립다세대,전월세,380,0,88,292,307,71,7750.0,813.0,37.07,2008.0
2025-10,11650,서초구,아파트,매매,218,9,0,0,0,0,209500.0,7739.0,93.09,2004.0
2025-10,11650,서초구,아파트,전월세,1455,0,726,729,672,568,60000.0,2666.0,81.12,2009.0
2025-10,11650,서초구,연립다세대,매매,135,13,0,0,0,0,59900.0,5027.0,48.14,2008.0
2025-10,11650,서초구,연립다세대,전월세,584,0,236,348,354,186,20000.0,1714.0,45.36,2009.0
2025-10,11680,강남구,아파트,매매,286,25,0,0,0,0,230000.0,10208.0,84.95,2001.0
2025-10,11680,강남구,아파트,전월세,1752,0,890,862,952,723,67760.0,2874.0,81.21,2002.0
2025-10,11680,강남구,연립다세대,매매,104,7,0,0,0,0,68900.0,5348.0,47.64,2009.0
2025-10,11680,강남구,연립다세대,전월세,521,0,182,339,353,164,12600.0,913.0,42.34,2008.0
2025-10,11710,송파구,아파트,매매,603,25,0,0,0,0,180000.0,6845.0,87.06,2001.0
2025-10,11710,송파구,아파트,전월세,1569,0,867,702,749,655,55650.0,2335.0,77.66,2003.0
2025-10,11710,송파구,연립다세대,매매,254,11,0,0,0,0,39750.0,3902.0,41.61,2009.0
2025-10,11710,송파구,연립다세대,전월세,1365,0,410,955,797,558,15000.0,1334.0,38.98,2009.0
2025-10,11740,강동구,아파트,매매,545,44,0,0,0,0,130000.0,5487.0,76.6,2006.0
2025-10,11740,강동구,아파트,전월세,1393,0,719,674,693,550,40000.0,1929.0,63.45,2011.0
2025-10,11740,강동구,연립다세대,매매,170,11,0,0,0,0,35000.0,3157.0,40.19,2011.0
2025-10,11740,강동구,연립다세대,전월세,628,0,213,415,371,250,15000.0,1342.0,37.48,2013.0
2025-11,11110,종로구,아파트,매매,24,1,0,0,0,0,64500.0,3303.0,57.72,2004.0
2025-11,11110,종로구,아파트,전월세,220,0,87,133,141,75,32000.0,1797.0,67.83,2009.0
2025-11,11110,종로구,연립다세대,매매,44,5,0,0,0,0,43825.0,2360.0,63.71,2002.0
2025-11,11110,종로구,연립다세대,전월세,178,0,57,121,141,36,10000.0,755.0,49.14,2002.0
2025-11,11140,중구,아파트,매매,32,2,0,0,0,0,87400.0,4599.0,60.46,2010.0
2025-11,11140,중구,아파트,전월세,310,0,127,183,193,105,30250.0,1813.0,63.23,2010.0
2025-11,11140,중구,연립다세대,매매,22,0,0,0,0,0,47500.0,3678.0,44.91,2002.0
2025-11,11140,중구,연립다세대,전월세,146,0,51,95,109,35,10000.0,983.0,38.61,2007.0
2025-11,11170,용산구,아파트,매매,109,7,0,0,0,0,171000.0,6894.0,85.77,1998.0
2025-11,11170,용산구,아파트,전월세,464,0,237,227,287,163,50000.0,2231.0,86.77,2004.0
2025-11,11170,용산구,연립다세대,매매,103,7,0,0,0,0,70000.0,5665.0,47.63,2003.0
2025-11,11170,용산구,연립다세대,전월세,424,0,289,135,287,136,22950.0,2182.0,41.12,2012.0
2025-11,11200,성동구,아파트,매매,65,3,0,0,0,0,150000.0,6606.0,75.86,2004.0
2025-11,11200,성동구,아파트,전월세,965,0,585,380,590,328,55000.0,2425.0,75.12,2006.0
2025-11,11200,성동구,연립다세대,매매,49,4,0,0,0,0,35970.0,4715.0,36.24,2012.0
2025-11,11200,성동구,연립다세대,전월세,211,0,104,107,161,49,19500.0,1480.0,37.28,2009.0
2025-11,11215,광진구,아파트,매매,36,2,0,0,0,0,112500.0,5166.0,71.84,2007.0
2025-11,11215,광진구,아파트,전월세,561,0,285,276,373,185,50000.0,2318.0,68.81,2006.0
2025-11,11215,광진구,연립다세대,매매,154,9,0,0,0,0,44000.0,3505.0,44.91,2009.0
2025-11,11215,광진구,연립다세대,전월세,638,0,243,395,437,197,16000.0,1510.0,35.89,2012.0
2025-11,11230,동대문구,아파트,매매,142,4,0,0,0,0,85750.0,3973.0,72.82,2007.0
2025-11,11230,동대문구,아파트,전월세,757,0,420,337,537,182,39000.0,1927.0,65.43,2011.0
2025-11,11230,동대문구,연립다세대,매매,44,8,0,0,0,0,39100.0,2795.0,45.05,2008.0
2025-11,11230,동대문구,연립다세대,전월세,269,0,123,146,181,83,14700.0,1396.0,33.82,2013.0
2025-11,11260,중랑구,아파트,매매,97,4,0,0,0,0,62500.0,2997.0,72.19,2001.0
2025-11,11260,중랑구,아파트,전월세,670,0,241,429,417,224,19000.0,1091.0,55.18,2012.0
2025-11,11260,중랑구,연립다세대,매매,141,2,0,0,0,0,33000.0,2930.0,40.48,2017.0
2025-11,11260,중랑구,연립다세대,전월세,352,0,155,197,250,96,16000.0,1231.0,37.84,2013.0
2025-11,11290,성북구,아파트,매매,195,12,0,0,0,0,90000.0,3826.0,77.79,2007.0
2025-11,11290,성북구,아파트,전월세,763,0,452,311,458,257,44000.0,1949.0,73.24,2009.0
2025-11,11290,성북구,연립다세대,매매,82,2,0,0,0,0,33450.0,2284.0,53.62,2007.0
2025-11,11290,성북구,연립다세대,전월세,391,0,175,216,299,87,10500.0,898.0,38.08,2011.0
2025-11,11305,강북구,아파트,매매,70,3,0,0,0,0,64350.0,2956.0,68.47,2005.0
2025-11,11305,강북구,아파트,전월세,232,0,117,115,152,78,20000.0,1323.0,62.68,2008.0
2025-11,11305,강북구,연립다세대,매매,83,4,0,0,0,0,22600.0,1498.0,50.34,2006.0
2025-11,11305,강북구,연립다세대,전월세,255,0,109,146,209,44,10000.0,732.0,44.16,2004.0
2025-11,11320,도봉구,아파트,매매,98,3,0,0,0,0,56000.0,2450.0,71.62,1995.0
2025-11,11320,도봉구,아파트,전월세,454,0,244,210,271,166,19950.0,1234.0,63.29,1994.0
2025-11,11320,도봉구,연립다세대,매매,74,3,0,0,0,0,20000.0,1483.0,44.69,2006.0
2025-11,11320,도봉구,연립다세대,전월세,165,0,73,92,131,30,9300.0,744.0,45.68,2003.0
2025-11,11350,노원구,아파트,매매,232,3,0,0,0,0,59150.0,3285.0,63.83,1996.0
2025-11,11350,노원구,아파트,전월세,1657,0,965,692,868,718,20000.0,1380.0,57.67,1995.0
2025-11,11350,노원구,연립다세대,매매,27,3,0,0,0,0,24500.0,1583.0,51.7,2000.0
2025-11,11350,노원구,연립다세대,전월세,178,0,53,125,152,24,5000.0,522.0,36.69,2007.0
2025-11,11380,은평구,아파트,매매,184,5,0,0,0,0,75500.0,3710.0,68.19,2012.0
2025-11,11380,은평구,아파트,전월세,666,0,418,248,434,198,40000.0,1827.0,68.4,2014.0
2025-11,11380,은평구,연립다세대,매매,184,6,0,0,0,0,27125.0,2184.0,44.96,2007.0
2025-11,11380,은평구,연립다세대,전월세,492,0,202,290,349,142,11000.0,892.0,41.23,2008.0
2025-11,11410,서대문구,아파트,매매,138,5,0,0,0,0,95000.0,4034.0,77.55,2006.0
2025-11,11410,서대문구,아파트,전월세,683,0,403,280,421,221,44000.0,2042.0,68.89,2009.0
2025-11,11410,서대문구,연립다세대,매매,82,3,0,0,0,0,34850.0,2173.0,53.22,2003.0
2025-11,11410,서대문구,연립다세대,전월세,339,0,101,238,278,59,5500.0,580.0,40.87,2006.0
2025-11,11440,마포구,아파트,매매,90,6,0,0,0,0,116000.0,4774.0,74.85,2004.0
2025-11,11440,마포구,아파트,전월세,1065,0,588,477,618,384,48000.0,2259.0,68.52,2008.0
2025-11,11440,마포구,연립다세대,매매,112,2,0,0,0,0,45000.0,4242.0,38.27,2006.0
2025-11,11440,마포구,연립다세대,전월세,632,0,287,345,455,171,14845.0,1383.0,35.74,2009.0
2025-11,11470,양천구,아파트,매매,164,0,0,0,0,0,120000.0,4766.0,74.03,2000.0
2025-11,11470,양천구,아파트,전월세,1081,0,717,364,542,489,50000.0,2315.0,77.81,1996.0
2025-11,11470,양천구,연립다세대,매매,169,8,0,0,0,0,29000.0,2417.0,43.31,2007.0
2025-11,11470,양천구,연립다세대,전월세,414,0,170,244,296,109,14000.0,1006.0,41.78,2008.0
2025-11,11500,강서구,아파트,매매,183,6,0,0,0,0,86500.0,4028.0,72.48,2002.0
2025-11,11500,강서구,아파트,전월세,1159,0,677,482,587,471,30000.0,1756.0,64.61,2005.0
2025-11,11500,강서구,연립다세대,매매,169,7,0,0,0,0,24000.0,1984.0,44.53,2010.0
2025-11,11500,강서구,연립다세대,전월세,717,0,255,462,535,170,12000.0,926.0,38.58,2010.0
2025-11,11530,구로구,아파트,매매,162,3,0,0,0,0,70000.0,3281.0,74.99,2001.0
2025-11,11530,구로구,아파트,전월세,751,0,370,381,482,217,24000.0,1233.0,63.34,2005.0
2025-11,11530,구로구,연립다세대,매매,57,0,0,0,0,0,25500.0,1896.0,46.47,2006.0
2025-11,11530,구로구,연립다세대,전월세,299,0,118,181,246,51,10000.0,760.0,43.08,2007.0
2025-11,11545,금천구,아파트,매매,51,2,0,0,0,0,68000.0,2765.0,77.63,2005.0
2025-11,11545,금천구,아파트,전월세,246,0,136,110,167,75,23000.0,1512.0,55.94,2006.0
2025-11,11545,금천구,연립다세대,매매,52,2,0,0,0,0,28100.0,2544.0,41.16,2015.0
2025-11,11545,금천구,연립다세대,전월세,203,0,78,125,168,33,12500.0,1035.0,33.51,2014.0
2025-11,11560,영등포구,아파트,매매,109,0,0,0,0,0,110000.0,4935.0,74.16,2000.0
2025-11,11560,영등포구,아파트,전월세,947,0,557,390,578,312,45000.0,2065.0,71.27,2002.0
2025-11,11560,영등포구,연립다세대,매매,52,1,0,0,0,0,34750.0,3421.0,32.94,2015.0
2025-11,11560,영등포구,연립다세대,전월세,327,0,92,235,231,91,17500.0,1803.0,29.59,2015.0
2025-11,11590,동작구,아파트,매매,77,6,0,0,0,0,130000.0,5021.0,77.95,2003.0
2025-11,11590,동작구,아파트,전월세,703,0,441,262,409,262,55000.0,2292.0,77.61,2006.0
2025-11,11590,동작구,연립다세대,매매,144,4,0,0,0,0,40250.0,3368.0,46.43,2006.0
2025-11,11590,동작구,연립다세대,전월세,480,0,216,264,362,107,16000.0,1334.0,38.44,2010.0
2025-11,11620,관악구,아파트,매매,99,4,0,0,0,0,86750.0,3408.0,79.14,2003.0
2025-11,11620,관악구,아파트,전월세,510,0,294,216,326,165,40000.0,1790.0,66.57,2005.0
2025-11,11620,관악구,연립다세대,매매,87,4,0,0,0,0,33000.0,1907.0,52.85,2002.0
2025-11,11620,관악구,연립다세대,전월세,485,0,121,364,424,54,8350.0,773.0,37.12,2009.0
2025-11,11650,서초구,아파트,매매,227,11,0,0,0,0,205000.0,7387.0,90.86,2005.0
2025-11,11650,서초구,아파트,전월세,1506,0,776,730,749,600,68125.0,2700.0,84.15,2008.0
2025-11,11650,서초구,연립다세대,매매,126,7,0,0,0,0,70000.0,5056.0,49.49,2009.0
2025-11,11650,서초구,연립다세대,전월세,635,0,277,358,435,190,21200.0,1786.0,45.85,2009.0
2025-11,11680,강남구,아파트,매매,267,18,0,0,0,0,240000.0,9890.0,86.41,2003.0
2025-11,11680,강남구,아파트,전월세,2327,0,1122,1205,1140,991,68250.0,2851.0,79.79,2002.0
2025-11,11680,강남구,연립다세대,매매,112,17,0,0,0,0,65500.0,5031.0,47.56,2006.0
2025-11,11680,강남구,연립다세대,전월세,632,0,225,407,477,149,15000.0,1256.0,43.12,2007.0
2025-11,11710,송파구,아파트,매매,428,21,0,0,0,0,152750.0,6574.0,80.41,2002.0
2025-11,11710,송파구,아파트,전월세,1858,0,1073,785,994,766,62200.0,2629.0,80.34,2002.0
2025-11,11710,송파구,연립다세대,매매,263,11,0,0,0,0,42000.0,3391.0,46.69,2009.0
2025-11,11710,송파구,연립다세대,전월세,1473,0,472,1001,888,576,15000.0,1368.0,38.76,2009.0
2025-11,11740,강동구,아파트,매매,111,5,0,0,0,0,116000.0,4985.0,75.86,2005.0
2025-11,11740,강동구,아파트,전월세,1393,0,822,571,713,611,50000.0,2220.0,69.05,2011.0
2025-11,11740,강동구,연립다세대,매매,136,3,0,0,0,0,34850.0,3496.0,43.35,2007.0
2025-11,11740,강동구,연립다세대,전월세,612,0,229,383,370,234,16450.0,1524.0,37.09,2012.0
2025-12,11110,종로구,아파트,매매,44,0,0,0,0,0,109950.0,4254.0,79.49,2002.0
2025-12,11110,종로구,아파트,전월세,290,0,90,200,218,68,17028.0,1297.0,55.39,2012.0
2025-12,11110,종로구,연립다세대,매매,35,2,0,0,0,0,45000.0,2352.0,78.59,2000.0
2025-12,11110,종로구,연립다세대,전월세,242,0,74,168,212,29,6250.0,563.0,46.77,2004.0
2025-12,11140,중구,아파트,매매,73,5,0,0,0,0,115000.0,4875.0,66.79,2010.0
2025-12,11140,중구,아파트,전월세,375,0,171,204,249,117,30000.0,1945.0,62.8,2010.0
2025-12,11140,중구,연립다세대,매매,30,24,0,0,0,0,62500.0,4406.0,52.87,2004.0
2025-12,11140,중구,연립다세대,전월세,199,0,49,150,162,35,3000.0,385.0,34.23,2006.0
2025-12,11170,용산구,아파트,매매,63,1,0,0,0,0,173000.0,7661.0,84.85,2000.0
2025-12,11170,용산구,아파트,전월세,593,0,292,301,317,261,50000.0,2036.0,84.2,2005.0
2025-12,11170,용산구,연립다세대,매매,59,2,0,0,0,0,73000.0,6338.0,45.27,2005.0
2025-12,11170,용산구,연립다세대,전월세,460,0,292,168,306,151,20000.0,1762.0,42.7,2009.0
2025-12,11200,성동구,아파트,매매,199,7,0,0,0,0,88500.0,5813.0,50.81,2014.0
2025-12,11200,성동구,아파트,전월세,946,0,523,423,600,312,58000.0,2428.0,74.93,2007.0
2025-12,11200,성동구,연립다세대,매매,38,1,0,0,0,0,54850.0,4157.0,40.87,2007.0
2025-12,11200,성동구,연립다세대,전월세,227,0,108,119,179,48,15000.0,1553.0,34.44,2011.0
2025-12,11215,광진구,아파트,매매,65,3,0,0,0,0,159000.0,6500.0,72.24,2005.0
2025-12,11215,광진구,아파트,전월세,501,0,262,239,295,205,50000.0,2348.0,71.34,2004.0
2025-12,11215,광진구,연립다세대,매매,204,5,0,0,0,0,40475.0,3727.0,42.0,2009.0
2025-12,11215,광진구,연립다세대,전월세,789,0,285,504,591,196,12000.0,1329.0,34.93,2013.0
2025-12,11230,동대문구,아파트,매매,274,12,0,0,0,0,77000.0,4280.0,63.79,2011.0
2025-12,11230,동대문구,아파트,전월세,944,0,385,559,704,222,20000.0,1289.0,56.69,2013.0
2025-12,11230,동대문구,연립다세대,매매,63,5,0,0,0,0,32800.0,3307.0,36.44,2010.0
2025-12,11230,동대문구,연립다세대,전월세,389,0,144,245,306,80,10000.0,1066.0,31.37,2014.0
2025-12,11260,중랑구,아파트,매매,150,4,0,0,0,0,64500.0,3106.0,70.14,2004.0
2025-12,11260,중랑구,아파트,전월세,809,0,234,575,573,213,11312.0,979.0,49.41,2013.0
2025-12,11260,중랑구,연립다세대,매매,127,2,0,0,0,0,33000.0,2878.0,41.53,2013.0
2025-12,11260,중랑구,연립다세대,전월세,437,0,165,272,331,97,15000.0,1389.0,35.37,2015.0
2025-12,11290,성북구,아파트,매매,314,14,0,0,0,0,86750.0,3646.0,78.88,2006.0
2025-12,11290,성북구,아파트,전월세,905,0,476,429,511,361,40000.0,1815.0,68.76,2010.0
2025-12,11290,성북구,연립다세대,매매,97,7,0,0,0,0,35000.0,2738.0,48.09,2005.0
2025-12,11290,성북구,연립다세대,전월세,535,0,141,394,451,80,4000.0,514.0,34.37,2013.0
2025-12,11305,강북구,아파트,매매,114,3,0,0,0,0,69000.0,3042.0,73.1,2005.0
2025-12,11305,강북구,아파트,전월세,287,0,116,171,167,116,15000.0,1045.0,57.78,2011.0
2025-12,11305,강북구,연립다세대,매매,79,5,0,0,0,0,22500.0,1559.0,47.35,2006.0
2025-12,11305,강북구,연립다세대,전월세,299,0,81,218,266,32,4000.0,344.0,38.06,2007.0
2025-12,11320,도봉구,아파트,매매,139,5,0,0,0,0,57000.0,2743.0,68.88,1994.0
2025-12,11320,도봉구,아파트,전월세,448,0,262,186,280,150,23000.0,1326.0,64.26,1995.0
2025-12,11320,도봉구,연립다세대,매매,87,2,0,0,0,0,20000.0,1360.0,49.17,2003.0
2025-12,11320,도봉구,연립다세대,전월세,208,0,62,146,173,33,6000.0,501.0,41.73,2006.0
2025-12,11350,노원구,아파트,매매,504,10,0,0,0,0,59000.0,3345.0,61.59,1997.0
2025-12,11350,노원구,아파트,전월세,1549,0,898,651,892,603,21500.0,1410.0,59.89,1995.0
2025-12,11350,노원구,연립다세대,매매,41,1,0,0,0,0,21500.0,1605.0,47.24,2001.0
2025-12,11350,노원구,연립다세대,전월세,303,0,55,248,262,39,1935.0,265.0,30.04,2011.0
2025-12,11380,은평구,아파트,매매,214,6,0,0,0,0,84000.0,3807.0,72.83,2012.0
2025-12,11380,은평구,아파트,전월세,1063,0,423,640,545,500,14755.0,1292.0,55.74,2016.0
2025-12,11380,은평구,연립다세대,매매,167,6,0,0,0,0,28500.0,2225.0,45.47,2008.0
2025-12,11380,은평구,연립다세대,전월세,551,0,206,345,416,131,11000.0,929.0,40.2,2009.0
2025-12,11410,서대문구,아파트,매매,235,7,0,0,0,0,95000.0,4285.0,75.27,2005.0
2025-12,11410,서대문구,아파트,전월세,828,0,413,415,469,336,37433.0,1798.0,66.01,2011.0
2025-12,11410,서대문구,연립다세대,매매,76,7,0,0,0,0,34100.0,2117.0,52.26,2002.0
2025-12,11410,서대문구,연립다세대,전월세,460,0,96,364,364,90,3000.0,352.0,36.85,2007.0
2025-12,11440,마포구,아파트,매매,139,7,0,0,0,0,139000.0,5647.0,77.91,2006.0
2025-12,11440,마포구,아파트,전월세,1183,0,600,583,641,506,40000.0,2058.0,67.49,2008.0
2025-12,11440,마포구,연립다세대,매매,145,4,0,0,0,0,41000.0,3983.0,38.85,2009.0
2025-12,11440,마포구,연립다세대,전월세,735,0,311,424,549,180,12300.0,1337.0,33.7,2009.0
2025-12,11470,양천구,아파트,매매,217,3,0,0,0,0,142000.0,5305.0,76.0,1997.0
2025-12,11470,양천구,아파트,전월세,1096,0,664,432,539,532,50000.0,2230.0,75.06,1997.0
2025-12,11470,양천구,연립다세대,매매,211,10,0,0,0,0,27500.0,2125.0,42.32,2006.0
2025-12,11470,양천구,연립다세대,전월세,424,0,189,235,309,113,13000.0,1005.0,41.3,2006.0
2025-12,11500,강서구,아파트,매매,298,18,0,0,0,0,89000.0,3938.0,71.35,2001.0
2025-12,11500,강서구,아파트,전월세,1309,0,603,706,608,661,23000.0,1526.0,58.65,2008.0
2025-12,11500,강서구,연립다세대,매매,158,7,0,0,0,0,23000.0,1831.0,42.68,2008.0
2025-12,11500,강서구,연립다세대,전월세,740,0,231,509,527,204,12000.0,888.0,38.39,2010.0
2025-12,11530,구로구,아파트,매매,275,9,0,0,0,0,72500.0,3280.0,73.73,2002.0
2025-12,11530,구로구,아파트,전월세,1090,0,522,568,616,443,16161.0,861.0,60.76,2008.0
2025-12,11530,구로구,연립다세대,매매,62,4,0,0,0,0,26900.0,2031.0,47.08,2005.0
2025-12,11530,구로구,연립다세대,전월세,281,0,101,180,232,47,7276.0,526.0,41.54,2007.0
2025-12,11545,금천구,아파트,매매,80,3,0,0,0,0,57600.0,3019.0,68.05,2004.0
2025-12,11545,금천구,아파트,전월세,288,0,131,157,209,77,19400.0,1211.0,52.42,2009.0
2025-12,11545,금천구,연립다세대,매매,93,3,0,0,0,0,26000.0,2364.0,42.57,2011.0
2025-12,11545,금천구,연립다세대,전월세,259,0,76,183,212,47,11000.0,820.0,35.54,2016.0
2025-12,11560,영등포구,아파트,매매,235,2,0,0,0,0,106500.0,4964.0,70.82,2001.0
2025-12,11560,영등포구,아파트,전월세,981,0,543,438,593,354,45000.0,2070.0,70.07,2004.0
2025-12,11560,영등포구,연립다세대,매매,106,7,0,0,0,0,34022.0,4536.0,31.14,2014.0
2025-12,11560,영등포구,연립다세대,전월세,411,0,97,314,310,94,10000.0,1190.0,28.76,2016.0
2025-12,11590,동작구,아파트,매매,145,1,0,0,0,0,134000.0,5489.0,81.13,2002.0
2025-12,11590,동작구,아파트,전월세,881,0,485,396,477,376,49800.0,2252.0,70.68,2008.0
2025-12,11590,동작구,연립다세대,매매,167,7,0,0,0,0,42000.0,3265.0,42.42,2008.0
2025-12,11590,동작구,연립다세대,전월세,623,0,213,410,483,127,12000.0,1209.0,34.89,2011.0
2025-12,11620,관악구,아파트,매매,162,5,0,0,0,0,87750.0,3553.0,74.68,2002.0
2025-12,11620,관악구,아파트,전월세,579,0,285,294,394,170,34200.0,1710.0,61.11,2007.0
2025-12,11620,관악구,연립다세대,매매,145,5,0,0,0,0,33000.0,2530.0,44.25,2007.0
2025-12,11620,관악구,연립다세대,전월세,518,0,96,422,446,66,6000.0,695.0,35.12,2008.0
2025-12,11650,서초구,아파트,매매,145,1,0,0,0,0,183000.0,6504.0,94.19,2004.0
2025-12,11650,서초구,아파트,전월세,1515,0,783,732,793,684,67987.0,2736.0,83.13,2008.0
2025-12,11650,서초구,연립다세대,매매,153,11,0,0,0,0,51866.0,5571.0,43.06,2013.0
2025-12,11650,서초구,연립다세대,전월세,705,0,287,418,515,186,20000.0,1736.0,40.96,2010.0
2025-12,11680,강남구,아파트,매매,169,20,0,0,0,0,201000.0,9947.0,78.41,2002.0
2025-12,11680,강남구,아파트,전월세,2491,0,1282,1209,1254,1179,63000.0,2756.0,79.37,2002.0
2025-12,11680,강남구,연립다세대,매매,112,10,0,0,0,0,55000.0,4940.0,41.35,2009.0
2025-12,11680,강남구,연립다세대,전월세,648,0,220,428,496,149,13000.0,1169.0,42.65,2008.0
2025-12,11710,송파구,아파트,매매,309,13,0,0,0,0,155000.0,6778.0,78.45,1999.0
2025-12,11710,송파구,아파트,전월세,2764,0,1409,1355,1217,1481,38256.0,1901.0,70.32,2008.0
2025-12,11710,송파구,연립다세대,매매,216,13,0,0,0,0,41000.0,3284.0,46.12,2005.0
2025-12,11710,송파구,연립다세대,전월세,1473,0,415,1058,935,531,13000.0,1135.0,39.04,2010.0
2025-12,11740,강동구,아파트,매매,212,3,0,0,0,0,117000.0,4764.0,77.82,2004.0
2025-12,11740,강동구,아파트,전월세,1419,0,702,717,752,649,39375.0,1907.0,65.1,2011.0
2025-12,11740,강동구,연립다세대,매매,164,7,0,0,0,0,35900.0,3344.0,38.51,2011.0
2025-12,11740,강동구,연립다세대,전월세,717,0,242,475,513,196,15000.0,1264.0,37.22,2014.0
2026-01,11110,종로구,아파트,매매,45,1,0,0,0,0,109990.0,4283.0,85.46,2004.0
2026-01,11110,종로구,아파트,전월세,263,0,86,177,164,94,27560.0,1521.0,59.96,2010.0
2026-01,11110,종로구,연립다세대,매매,47,1,0,0,0,0,47000.0,2281.0,70.28,2001.0
2026-01,11110,종로구,연립다세대,전월세,264,0,71,193,212,50,6000.0,610.0,43.36,2004.0
2026-01,11140,중구,아파트,매매,77,2,0,0,0,0,134500.0,5598.0,69.29,2006.0
2026-01,11140,중구,아파트,전월세,438,0,185,253,266,159,28275.0,1663.0,62.7,2010.0
2026-01,11140,중구,연립다세대,매매,38,1,0,0,0,0,41250.0,3316.0,49.75,2006.0
2026-01,11140,중구,연립다세대,전월세,200,0,57,143,163,36,5000.0,609.0,35.31,2006.0
2026-01,11170,용산구,아파트,매매,82,7,0,0,0,0,196000.0,7595.0,99.61,2000.0
2026-01,11170,용산구,아파트,전월세,546,0,273,273,300,232,48500.0,2141.0,86.54,2003.0
2026-01,11170,용산구,연립다세대,매매,105,5,0,0,0,0,76800.0,6427.0,48.43,2005.0
2026-01,11170,용산구,연립다세대,전월세,522,0,345,177,366,150,22000.0,1892.0,43.37,2011.0
2026-01,11200,성동구,아파트,매매,127,9,0,0,0,0,164500.0,7082.0,79.21,2003.0
2026-01,11200,성동구,아파트,전월세,1184,0,652,532,712,432,58000.0,2482.0,70.95,2009.0
2026-01,11200,성동구,연립다세대,매매,77,8,0,0,0,0,35000.0,4212.0,34.71,2006.0
2026-01,11200,성동구,연립다세대,전월세,284,0,120,164,219,62,13250.0,1112.0,36.91,2009.0
2026-01,11215,광진구,아파트,매매,64,5,0,0,0,0,154000.0,6601.0,76.44,2004.0
2026-01,11215,광진구,아파트,전월세,470,0,245,225,275,192,50000.0,2390.0,69.97,2004.0
2026-01,11215,광진구,연립다세대,매매,252,10,0,0,0,0,45250.0,3784.0,43.13,2010.0
2026-01,11215,광진구,연립다세대,전월세,904,0,311,593,684,218,15205.0,1420.0,34.78,2013.0
2026-01,11230,동대문구,아파트,매매,292,6,0,0,0,0,93000.0,4027.0,75.14,2007.0
2026-01,11230,동대문구,아파트,전월세,926,0,417,509,634,275,30000.0,1675.0,59.72,2013.0
2026-01,11230,동대문구,연립다세대,매매,76,2,0,0,0,0,40000.0,3145.0,43.42,2012.0
2026-01,11230,동대문구,연립다세대,전월세,409,0,147,262,341,66,5000.0,706.0,28.95,2014.0
2026-01,11260,중랑구,아파트,매매,190,7,0,0,0,0,65900.0,3094.0,70.81,2003.0
2026-01,11260,중랑구,아파트,전월세,680,0,297,383,367,292,19288.0,1362.0,57.79,2010.0
2026-01,11260,중랑구,연립다세대,매매,100,6,0,0,0,0,32150.0,2766.0,41.98,2011.0
2026-01,11260,중랑구,연립다세대,전월세,487,0,217,270,361,122,17200.0,1662.0,35.91,2015.0
2026-01,11290,성북구,아파트,매매,358,8,0,0,0,0,93000.0,3788.0,81.24,2006.0
2026-01,11290,성북구,아파트,전월세,791,0,428,363,400,362,41000.0,1906.0,68.9,2009.0
2026-01,11290,성북구,연립다세대,매매,138,5,0,0,0,0,39500.0,2770.0,50.13,2002.0
2026-01,11290,성북구,연립다세대,전월세,520,0,170,350,411,105,6000.0,709.0,34.75,2011.0
2026-01,11305,강북구,아파트,매매,123,2,0,0,0,0,68000.0,3252.0,73.78,2006.0
2026-01,11305,강북구,아파트,전월세,256,0,122,134,173,83,20000.0,1323.0,55.93,2010.0
2026-01,11305,강북구,연립다세대,매매,122,0,0,0,0,0,24450.0,1931.0,43.58,2010.0
2026-01,11305,강북구,연립다세대,전월세,300,0,108,192,249,51,7261.0,617.0,43.95,2004.0
2026-01,11320,도봉구,아파트,매매,167,3,0,0,0,0,58500.0,2721.0,68.89,1996.0
2026-01,11320,도봉구,아파트,전월세,552,0,298,254,357,173,20550.0,1260.0,63.79,1995.0
2026-01,11320,도봉구,연립다세대,매매,81,27,0,0,0,0,20700.0,1473.0,45.54,2006.0
2026-01,11320,도봉구,연립다세대,전월세,221,0,84,137,181,38,8000.0,690.0,44.15,2006.0
2026-01,11350,노원구,아파트,매매,524,10,0,0,0,0,60000.0,3319.0,64.22,1995.0
2026-01,11350,노원구,아파트,전월세,1859,0,1054,805,991,806,20000.0,1336.0,58.07,1995.0
2026-01,11350,노원구,연립다세대,매매,56,3,0,0,0,0,26800.0,1748.0,50.22,2004.0
2026-01,11350,노원구,연립다세대,전월세,230,0,60,170,201,29,3000.0,438.0,35.05,2007.0
2026-01,11380,은평구,아파트,매매,266,9,0,0,0,0,86000.0,4069.0,69.65,2013.0
2026-01,11380,은평구,아파트,전월세,851,0,439,412,429,390,30000.0,1586.0,61.12,2014.0
2026-01,11380,은평구,연립다세대,매매,253,11,0,0,0,0,28000.0,2123.0,46.3,2006.0
2026-01,11380,은평구,연립다세대,전월세,592,0,258,334,442,144,13000.0,1000.0,41.42,2008.0
2026-01,11410,서대문구,아파트,매매,257,9,0,0,0,0,100000.0,4341.0,77.94,2006.0
2026-01,11410,서대문구,아파트,전월세,749,0,438,311,411,305,45000.0,2139.0,69.33,2010.0
2026-01,11410,서대문구,연립다세대,매매,140,6,0,0,0,0,30450.0,3761.0,43.24,2010.0
2026-01,11410,서대문구,연립다세대,전월세,485,0,126,359,406,78,3000.0,400.0,36.09,2008.0
2026-01,11440,마포구,아파트,매매,159,8,0,0,0,0,134500.0,5919.0,73.64,2004.0
2026-01,11440,마포구,아파트,전월세,1227,0,597,630,661,529,43000.0,2093.0,68.17,2007.0
2026-01,11440,마포구,연립다세대,매매,149,13,0,0,0,0,47000.0,3537.0,42.25,2005.0
2026-01,11440,마포구,연립다세대,전월세,869,0,373,496,641,220,14000.0,1421.0,34.04,2009.0
2026-01,11470,양천구,아파트,매매,232,10,0,0,0,0,120000.0,4861.0,77.56,2002.0
2026-01,11470,양천구,아파트,전월세,983,0,598,385,457,497,45000.0,2150.0,76.31,1997.0
2026-01,11470,양천구,연립다세대,매매,220,6,0,0,0,0,28000.0,2166.0,43.12,2006.0
2026-01,11470,양천구,연립다세대,전월세,477,0,205,272,345,129,12400.0,942.0,38.94,2007.0
2026-01,11500,강서구,아파트,매매,365,15,0,0,0,0,88500.0,4095.0,72.67,2003.0
2026-01,11500,강서구,아파트,전월세,1316,0,647,669,612,661,26225.0,1660.0,59.62,2006.0
2026-01,11500,강서구,연립다세대,매매,215,9,0,0,0,0,24000.0,1751.0,45.18,2007.0
2026-01,11500,강서구,연립다세대,전월세,816,0,290,526,601,206,13000.0,931.0,38.17,2011.0
2026-01,11530,구로구,아파트,매매,304,5,0,0,0,0,71000.0,3306.0,72.88,2001.0
2026-01,11530,구로구,아파트,전월세,878,0,452,426,493,360,27000.0,1378.0,65.34,2005.0
2026-01,11530,구로구,연립다세대,매매,71,3,0,0,0,0,25000.0,1590.0,50.22,2002.0
2026-01,11530,구로구,연립다세대,전월세,297,0,102,195,248,47,9400.0,661.0,42.99,2006.0
2026-01,11545,금천구,아파트,매매,118,1,0,0,0,0,60500.0,2701.0,68.82,2003.0
2026-01,11545,금천구,아파트,전월세,297,0,129,168,201,96,20000.0,1295.0,56.03,2007.0
2026-01,11545,금천구,연립다세대,매매,85,5,0,0,0,0,28000.0,2296.0,42.88,2011.0
2026-01,11545,금천구,연립다세대,전월세,277,0,100,177,225,52,12000.0,1028.0,37.88,2014.0
2026-01,11560,영등포구,아파트,매매,264,6,0,0,0,0,119400.0,5328.0,73.46,2001.0
2026-01,11560,영등포구,아파트,전월세,1088,0,620,468,615,425,44000.0,2094.0,68.78,2003.0
2026-01,11560,영등포구,연립다세대,매매,101,3,0,0,0,0,39000.0,4399.0,30.47,2014.0
2026-01,11560,영등포구,연립다세대,전월세,414,0,130,284,290,117,17925.0,1939.0,28.91,2015.0
2026-01,11590,동작구,아파트,매매,203,3,0,0,0,0,143000.0,5771.0,79.17,2004.0
2026-01,11590,동작구,아파트,전월세,985,0,542,443,494,463,50000.0,2146.0,69.31,2008.0
2026-01,11590,동작구,연립다세대,매매,268,13,0,0,0,0,42500.0,3176.0,44.15,2006.0
2026-01,11590,동작구,연립다세대,전월세,632,0,206,426,517,109,10000.0,948.0,35.26,2011.0
2026-01,11620,관악구,아파트,매매,192,6,0,0,0,0,87500.0,3842.0,74.69,2002.0
2026-01,11620,관악구,아파트,전월세,578,0,252,326,396,160,25000.0,1382.0,59.23,2007.0
2026-01,11620,관악구,연립다세대,매매,164,17,0,0,0,0,34000.0,2624.0,50.77,2006.0
2026-01,11620,관악구,연립다세대,전월세,642,0,162,480,524,113,9670.0,902.0,36.24,2009.0
2026-01,11650,서초구,아파트,매매,151,7,0,0,0,0,210000.0,7035.0,93.79,2004.0
2026-01,11650,서초구,아파트,전월세,1336,0,661,675,643,653,67200.0,2782.0,83.06,2007.0
2026-01,11650,서초구,연립다세대,매매,196,7,0,0,0,0,63750.0,5353.0,44.43,2010.0
2026-01,11650,서초구,연립다세대,전월세,780,0,302,478,538,232,20000.0,1708.0,42.07,2009.0
2026-01,11680,강남구,아파트,매매,203,15,0,0,0,0,230000.0,10104.0,83.78,2000.0
2026-01,11680,강남구,아파트,전월세,2061,0,1106,955,1016,998,62300.0,2813.0,80.22,2002.0
2026-01,11680,강남구,연립다세대,매매,137,13,0,0,0,0,58000.0,5196.0,43.41,2009.0
2026-01,11680,강남구,연립다세대,전월세,776,0,244,532,571,202,14350.0,1231.0,39.63,2008.0
2026-01,11710,송파구,아파트,매매,341,10,0,0,0,0,169000.0,7302.0,77.64,2001.0
2026-01,11710,송파구,아파트,전월세,2052,0,1047,1005,865,1113,50000.0,2205.0,74.48,2005.0
2026-01,11710,송파구,연립다세대,매매,337,12,0,0,0,0,44500.0,3597.0,44.21,2007.0
2026-01,11710,송파구,연립다세대,전월세,1556,0,445,1111,1000,548,14188.0,1298.0,38.61,2009.0
2026-01,11740,강동구,아파트,매매,269,13,0,0,0,0,127000.0,5507.0,74.81,2004.0
2026-01,11740,강동구,아파트,전월세,1462,0,791,671,703,708,45000.0,2155.0,67.53,2010.0
2026-01,11740,강동구,연립다세대,매매,158,5,0,0,0,0,37000.0,3444.0,41.4,2010.0
2026-01,11740,강동구,연립다세대,전월세,759,0,290,469,534,216,17700.0,1455.0,36.49,2013.0
2026-02,11110,종로구,아파트,매매,51,1,0,0,0,0,100000.0,4327.0,81.09,2004.0
2026-02,11110,종로구,아파트,전월세,173,0,64,109,120,52,23000.0,1169.0,62.49,2009.0
2026-02,11110,종로구,연립다세대,매매,39,8,0,0,0,0,43000.0,2376.0,79.67,2000.0
2026-02,11110,종로구,연립다세대,전월세,243,0,52,191,205,38,2479.0,220.0,47.05,2003.0
2026-02,11140,중구,아파트,매매,62,3,0,0,0,0,118500.0,5406.0,68.93,2008.0
2026-02,11140,중구,아파트,전월세,333,0,143,190,201,126,27000.0,1637.0,62.67,2009.0
2026-02,11140,중구,연립다세대,매매,28,1,0,0,0,0,39150.0,3469.0,48.46,2007.0
2026-02,11140,중구,연립다세대,전월세,198,0,54,144,153,42,5000.0,576.0,37.03,2006.0
2026-02,11170,용산구,아파트,매매,92,7,0,0,0,0,205000.0,7857.0,91.74,1999.0
2026-02,11170,용산구,아파트,전월세,488,0,250,238,267,211,52500.0,2204.0,87.16,2003.0
2026-02,11170,용산구,연립다세대,매매,65,2,0,0,0,0,68900.0,6663.0,49.98,2009.0
2026-02,11170,용산구,연립다세대,전월세,457,0,266,191,309,145,21000.0,1745.0,41.87,2011.0
2026-02,11200,성동구,아파트,매매,117,3,0,0,0,0,164000.0,7196.0,78.0,2001.0
2026-02,11200,성동구,아파트,전월세,781,0,422,359,433,318,53000.0,2330.0,73.98,2007.0
2026-02,11200,성동구,연립다세대,매매,42,4,0,0,0,0,52100.0,4318.0,37.59,2005.0
2026-02,11200,성동구,연립다세대,전월세,222,0,89,133,171,48,12000.0,1037.0,37.13,2011.0
2026-02,11215,광진구,아파트,매매,77,2,0,0,0,0,148000.0,6075.0,74.15,2002.0
2026-02,11215,광진구,아파트,전월세,453,0,184,269,306,147,38000.0,1849.0,65.25,2007.0
2026-02,11215,광진구,연립다세대,매매,222,15,0,0,0,0,43500.0,3871.0,43.59,2010.0
2026-02,11215,광진구,연립다세대,전월세,819,0,293,526,579,234,15000.0,1496.0,35.29,2013.0
2026-02,11230,동대문구,아파트,매매,232,11,0,0,0,0,96250.0,4092.0,76.47,2005.0
2026-02,11230,동대문구,아파트,전월세,751,0,323,428,491,240,25000.0,1529.0,59.33,2012.0
2026-02,11230,동대문구,연립다세대,매매,76,3,0,0,0,0,44750.0,3274.0,49.28,2014.0
2026-02,11230,동대문구,연립다세대,전월세,296,0,93,203,221,75,5500.0,668.0,31.94,2012.0
2026-02,11260,중랑구,아파트,매매,200,7,0,0,0,0,67850.0,3101.0,72.41,2003.0
2026-02,11260,중랑구,아파트,전월세,729,0,350,379,248,472,15446.0,857.0,60.68,2011.0
2026-02,11260,중랑구,연립다세대,매매,130,4,0,0,0,0,30000.0,2749.0,40.41,2012.0
2026-02,11260,중랑구,연립다세대,전월세,452,0,160,292,347,101,12295.0,1177.0,36.36,2016.0
2026-02,11290,성북구,아파트,매매,402,8,0,0,0,0,90850.0,3823.0,80.24,2007.0
2026-02,11290,성북구,아파트,전월세,623,0,349,274,313,297,40000.0,1903.0,70.6,2009.0
2026-02,11290,성북구,연립다세대,매매,128,5,0,0,0,0,41500.0,3203.0,48.94,2006.0
2026-02,11290,성북구,연립다세대,전월세,427,0,139,288,340,86,5000.0,541.0,37.01,2010.0
2026-02,11305,강북구,아파트,매매,159,1,0,0,0,0,72700.0,3044.0,75.73,2006.0
2026-02,11305,강북구,아파트,전월세,248,0,111,137,172,74,17000.0,1320.0,57.19,2010.0
2026-02,11305,강북구,연립다세대,매매,93,5,0,0,0,0,21000.0,1585.0,46.76,2004.0
2026-02,11305,강북구,연립다세대,전월세,311,0,100,211,269,42,5265.0,412.0,41.26,2007.0
2026-02,11320,도봉구,아파트,매매,198,1,0,0,0,0,54400.0,2723.0,66.53,1995.0
2026-02,11320,도봉구,아파트,전월세,461,0,264,197,273,166,23000.0,1345.0,62.64,1995.0
2026-02,11320,도봉구,연립다세대,매매,92,3,0,0,0,0,22850.0,1599.0,45.1,2008.0
2026-02,11320,도봉구,연립다세대,전월세,180,0,54,126,144,36,4493.0,376.0,39.32,2007.0
2026-02,11350,노원구,아파트,매매,807,16,0,0,0,0,57700.0,3473.0,59.53,1996.0
2026-02,11350,노원구,아파트,전월세,1660,0,904,756,890,719,19750.0,1308.0,55.82,1995.0
2026-02,11350,노원구,연립다세대,매매,38,3,0,0,0,0,28625.0,1850.0,50.86,2003.0
2026-02,11350,노원구,연립다세대,전월세,206,0,56,150,170,35,3000.0,285.0,33.54,2010.0
2026-02,11380,은평구,아파트,매매,331,14,0,0,0,0,87500.0,3698.0,75.69,2010.0
2026-02,11380,은평구,아파트,전월세,668,0,365,303,332,317,30000.0,1561.0,65.03,2014.0
2026-02,11380,은평구,연립다세대,매매,251,16,0,0,0,0,26700.0,2120.0,45.19,2007.0
2026-02,11380,은평구,연립다세대,전월세,553,0,212,341,395,152,12000.0,907.0,42.57,2007.0
2026-02,11410,서대문구,아파트,매매,220,7,0,0,0,0,91400.0,4122.0,75.45,2005.0
2026-02,11410,서대문구,아파트,전월세,634,0,289,345,268,345,35000.0,1577.0,63.57,2011.0
2026-02,11410,서대문구,연립다세대,매매,85,3,0,0,0,0,40300.0,2739.0,51.95,2002.0
2026-02,11410,서대문구,연립다세대,전월세,431,0,117,314,334,95,3000.0,275.0,39.69,2005.0
2026-02,11440,마포구,아파트,매매,149,6,0,0,0,0,141000.0,5515.0,78.2,2004.0
2026-02,11440,마포구,아파트,전월세,916,0,454,462,426,468,40000.0,2010.0,64.22,2008.0
2026-02,11440,마포구,연립다세대,매매,99,5,0,0,0,0,44500.0,3487.0,42.21,2006.0
2026-02,11440,마포구,연립다세대,전월세,678,0,274,404,491,181,12000.0,1244.0,33.95,2009.0
2026-02,11470,양천구,아파트,매매,248,7,0,0,0,0,108000.0,4282.0,78.98,2001.0
2026-02,11470,양천구,아파트,전월세,754,0,481,273,393,349,45000.0,2121.0,75.27,1998.0
2026-02,11470,양천구,연립다세대,매매,164,4,0,0,0,0,28000.0,2310.0,41.75,2005.0
2026-02,11470,양천구,연립다세대,전월세,483,0,195,288,349,131,12000.0,851.0,40.37,2007.0
2026-02,11500,강서구,아파트,매매,395,10,0,0,0,0,90000.0,4086.0,72.8,2001.0
2026-02,11500,강서구,아파트,전월세,929,0,528,401,464,422,32550.0,1984.0,61.8,2005.0
2026-02,11500,강서구,연립다세대,매매,217,4,0,0,0,0,23000.0,1810.0,42.15,2009.0
2026-02,11500,강서구,연립다세대,전월세,737,0,231,506,565,171,11500.0,861.0,38.07,2010.0
2026-02,11530,구로구,아파트,매매,368,4,0,0,0,0,70000.0,3184.0,74.05,2001.0
2026-02,11530,구로구,아파트,전월세,791,0,384,407,427,332,27000.0,1378.0,64.49,2005.0
2026-02,11530,구로구,연립다세대,매매,88,2,0,0,0,0,26750.0,1805.0,49.26,2005.0
2026-02,11530,구로구,연립다세대,전월세,293,0,116,177,250,39,9000.0,608.0,42.66,2007.0
2026-02,11545,금천구,아파트,매매,97,8,0,0,0,0,65700.0,2983.0,71.97,2003.0
2026-02,11545,금천구,아파트,전월세,231,0,130,101,152,79,23566.0,1491.0,59.94,2005.0
2026-02,11545,금천구,연립다세대,매매,64,3,0,0,0,0,27500.0,2284.0,44.4,2011.0
2026-02,11545,금천구,연립다세대,전월세,265,0,83,182,203,62,10259.0,880.0,37.27,2014.0
2026-02,11560,영등포구,아파트,매매,313,10,0,0,0,0,119000.0,5466.0,76.6,1999.0
2026-02,11560,영등포구,아파트,전월세,1051,0,541,510,558,458,35000.0,1978.0,67.08,2005.0
2026-02,11560,영등포구,연립다세대,매매,80,2,0,0,0,0,37250.0,3806.0,36.46,2010.0
2026-02,11560,영등포구,연립다세대,전월세,333,0,78,255,232,96,17000.0,1843.0,30.73,2015.0
2026-02,11590,동작구,아파트,매매,187,8,0,0,0,0,135000.0,5523.0,79.77,2002.0
2026-02,11590,동작구,아파트,전월세,828,0,460,368,437,369,50000.0,2368.0,68.36,2009.0
2026-02,11590,동작구,연립다세대,매매,190,15,0,0,0,0,50850.0,3898.0,46.31,2007.0
2026-02,11590,동작구,연립다세대,전월세,590,0,205,385,450,131,12000.0,1065.0,37.85,2011.0
2026-02,11620,관악구,아파트,매매,218,8,0,0,0,0,93100.0,3711.0,76.94,2002.0
2026-02,11620,관악구,아파트,전월세,525,0,224,301,331,179,25000.0,1383.0,57.17,2007.0
2026-02,11620,관악구,연립다세대,매매,146,10,0,0,0,0,31550.0,2159.0,46.44,2004.0
2026-02,11620,관악구,연립다세대,전월세,509,0,131,378,404,99,10000.0,945.0,34.72,2010.0
2026-02,11650,서초구,아파트,매매,140,12,0,0,0,0,229000.0,8918.0,93.15,2004.0
2026-02,11650,서초구,아파트,전월세,1120,0,627,493,461,640,50950.0,2208.0,84.94,2007.0
2026-02,11650,서초구,연립다세대,매매,88,9,0,0,0,0,67500.0,5168.0,54.32,2007.0
2026-02,11650,서초구,연립다세대,전월세,632,0,259,373,413,213,20000.0,1706.0,43.91,2009.0
2026-02,11680,강남구,아파트,매매,157,6,0,0,0,0,235000.0,10085.0,80.92,2003.0
2026-02,11680,강남구,아파트,전월세,1456,0,682,774,702,717,56250.0,2734.0,75.32,2002.0
2026-02,11680,강남구,연립다세대,매매,60,2,0,0,0,0,59250.0,4890.0,44.54,2008.0
2026-02,11680,강남구,연립다세대,전월세,668,0,223,445,485,179,15150.0,1430.0,40.39,2008.0
2026-02,11710,송파구,아파트,매매,283,18,0,0,0,0,178800.0,7178.0,82.31,2003.0
2026-02,11710,송파구,아파트,전월세,1510,0,842,668,695,769,52000.0,2312.0,75.23,2003.0
2026-02,11710,송파구,연립다세대,매매,258,21,0,0,0,0,45750.0,3647.0,46.15,2006.0
2026-02,11710,송파구,연립다세대,전월세,1529,0,442,1087,914,602,14000.0,1303.0,39.14,2009.0
2026-02,11740,강동구,아파트,매매,292,9,0,0,0,0,129000.0,5685.0,74.85,2004.0
2026-02,11740,강동구,아파트,전월세,985,0,575,410,499,458,46000.0,2225.0,68.06,2009.0
2026-02,11740,강동구,연립다세대,매매,169,2,0,0,0,0,38268.0,3506.0,40.86,2012.0
2026-02,11740,강동구,연립다세대,전월세,654,0,200,454,435,215,15750.0,1391.0,37.41,2013.0
2026-03,11110,종로구,아파트,매매,54,2,0,0,0,0,94000.0,4234.0,69.5,2005.0
2026-03,11110,종로구,아파트,전월세,175,0,62,113,116,55,20000.0,1273.0,62.29,2007.0
2026-03,11110,종로구,연립다세대,매매,59,1,0,0,0,0,44500.0,2393.0,64.53,2001.0
2026-03,11110,종로구,연립다세대,전월세,171,0,69,102,131,38,10000.0,995.0,50.3,2004.0
2026-03,11140,중구,아파트,매매,95,9,0,0,0,0,119000.0,5239.0,72.13,2007.0
2026-03,11140,중구,아파트,전월세,327,0,142,185,193,127,30000.0,2071.0,64.34,2010.0
2026-03,11140,중구,연립다세대,매매,38,2,0,0,0,0,45000.0,3260.0,48.54,2004.0
2026-03,11140,중구,연립다세대,전월세,105,0,47,58,84,20,20000.0,1459.0,41.64,2009.0
2026-03,11170,용산구,아파트,매매,76,2,0,0,0,0,220500.0,8269.0,94.13,2000.0
2026-03,11170,용산구,아파트,전월세,600,0,256,344,307,275,33500.0,1550.0,77.31,2005.0
2026-03,11170,용산구,연립다세대,매매,88,2,0,0,0,0,74500.0,6512.0,47.57,2004.0
2026-03,11170,용산구,연립다세대,전월세,515,0,341,174,323,187,23500.0,2079.0,44.31,2011.0
2026-03,11200,성동구,아파트,매매,108,7,0,0,0,0,167000.0,7248.0,79.03,2002.0
2026-03,11200,성동구,아파트,전월세,881,0,499,382,500,352,57750.0,2492.0,74.94,2007.0
2026-03,11200,성동구,연립다세대,매매,63,0,0,0,0,0,62000.0,5460.0,44.61,2005.0
2026-03,11200,성동구,연립다세대,전월세,254,0,115,139,173,79,15000.0,1552.0,34.33,2010.0
2026-03,11215,광진구,아파트,매매,61,4,0,0,0,0,128000.0,6778.0,70.11,2004.0
2026-03,11215,광진구,아파트,전월세,471,0,182,289,346,125,40000.0,1891.0,64.68,2007.0
2026-03,11215,광진구,연립다세대,매매,267,29,0,0,0,0,40000.0,3426.0,44.07,2010.0
2026-03,11215,광진구,연립다세대,전월세,790,0,346,444,550,239,19950.0,1739.0,37.35,2012.0
2026-03,11230,동대문구,아파트,매매,234,7,0,0,0,0,93750.0,4362.0,71.17,2007.0
2026-03,11230,동대문구,아파트,전월세,734,0,345,389,460,251,30000.0,1703.0,61.87,2012.0
2026-03,11230,동대문구,연립다세대,매매,78,6,0,0,0,0,36700.0,2834.0,44.41,2012.0
2026-03,11230,동대문구,연립다세대,전월세,250,0,110,140,180,68,17000.0,1452.0,35.2,2013.0
2026-03,11260,중랑구,아파트,매매,226,11,0,0,0,0,65000.0,3035.0,72.93,2001.0
2026-03,11260,중랑구,아파트,전월세,759,0,365,394,308,436,13870.0,857.0,57.25,2010.0
2026-03,11260,중랑구,연립다세대,매매,199,6,0,0,0,0,33000.0,2620.0,44.17,2011.0
2026-03,11260,중랑구,연립다세대,전월세,485,0,211,274,330,152,16800.0,1576.0,37.28,2014.0
2026-03,11290,성북구,아파트,매매,341,12,0,0,0,0,88000.0,3732.0,77.35,2005.0
2026-03,11290,성북구,아파트,전월세,789,0,472,317,296,471,38634.0,1857.0,67.69,2010.0
2026-03,11290,성북구,연립다세대,매매,178,8,0,0,0,0,34500.0,2423.0,50.72,2006.0
2026-03,11290,성북구,연립다세대,전월세,431,0,185,246,336,93,12000.0,947.0,43.5,2008.0
2026-03,11305,강북구,아파트,매매,140,2,0,0,0,0,71500.0,2956.0,78.9,2004.0
2026-03,11305,강북구,아파트,전월세,251,0,125,126,153,97,24000.0,1401.0,62.28,2009.0
2026-03,11305,강북구,연립다세대,매매,124,6,0,0,0,0,20900.0,1429.0,47.98,2005.0
2026-03,11305,강북구,연립다세대,전월세,338,0,124,214,282,55,7600.0,645.0,43.21,2005.0
2026-03,11320,도봉구,아파트,매매,245,13,0,0,0,0,53500.0,2743.0,66.21,1995.0
2026-03,11320,도봉구,아파트,전월세,516,0,285,231,319,176,21000.0,1248.0,63.14,1995.0
2026-03,11320,도봉구,연립다세대,매매,110,2,0,0,0,0,21000.0,1571.0,47.75,2007.0
2026-03,11320,도봉구,연립다세대,전월세,239,0,94,145,180,59,8000.0,736.0,42.61,2005.0
2026-03,11350,노원구,아파트,매매,740,25,0,0,0,0,60000.0,3339.0,63.67,1994.0
2026-03,11350,노원구,아파트,전월세,1822,0,956,866,1029,749,18000.0,1209.0,54.79,1995.0
2026-03,11350,노원구,연립다세대,매매,70,5,0,0,0,0,29000.0,1874.0,52.94,1999.0
2026-03,11350,노원구,연립다세대,전월세,164,0,60,104,130,34,8000.0,781.0,39.07,2006.0
2026-03,11380,은평구,아파트,매매,313,9,0,0,0,0,80000.0,3568.0,69.23,2009.0
2026-03,11380,은평구,아파트,전월세,913,0,492,421,439,447,30000.0,1471.0,61.85,2014.0
2026-03,11380,은평구,연립다세대,매매,334,7,0,0,0,0,28950.0,2260.0,45.02,2009.0
2026-03,11380,은평구,연립다세대,전월세,625,0,260,365,479,143,12000.0,987.0,40.88,2008.0
2026-03,11410,서대문구,아파트,매매,235,9,0,0,0,0,96500.0,4156.0,77.33,2005.0
2026-03,11410,서대문구,아파트,전월세,608,0,325,283,317,272,40000.0,1859.0,68.32,2009.0
2026-03,11410,서대문구,연립다세대,매매,100,2,0,0,0,0,34250.0,2357.0,49.4,2003.0
2026-03,11410,서대문구,연립다세대,전월세,397,0,122,275,309,88,6000.0,558.0,42.22,2008.0
2026-03,11440,마포구,아파트,매매,149,10,0,0,0,0,124500.0,5198.0,73.9,2005.0
2026-03,11440,마포구,아파트,전월세,1144,0,463,681,573,537,30000.0,1557.0,62.99,2008.0
2026-03,11440,마포구,연립다세대,매매,152,7,0,0,0,0,42250.0,3463.0,42.37,2007.0
2026-03,11440,마포구,연립다세대,전월세,756,0,327,429,568,186,15000.0,1382.0,36.52,2008.0
2026-03,11470,양천구,아파트,매매,200,8,0,0,0,0,89000.0,4098.0,78.45,2001.0
2026-03,11470,양천구,아파트,전월세,921,0,537,384,511,392,40000.0,1846.0,71.08,1999.0
2026-03,11470,양천구,연립다세대,매매,214,8,0,0,0,0,28000.0,2342.0,43.78,2005.0
2026-03,11470,양천구,연립다세대,전월세,605,0,262,343,429,172,13770.0,1022.0,40.38,2007.0
2026-03,11500,강서구,아파트,매매,356,6,0,0,0,0,87000.0,4411.0,69.43,2001.0
2026-03,11500,강서구,아파트,전월세,1298,0,684,614,670,582,25000.0,1751.0,57.61,2004.0
2026-03,11500,강서구,연립다세대,매매,307,15,0,0,0,0,24200.0,1935.0,45.37,2009.0
2026-03,11500,강서구,연립다세대,전월세,920,0,315,605,676,241,12000.0,897.0,38.02,2010.0
2026-03,11530,구로구,아파트,매매,370,5,0,0,0,0,69000.0,3212.0,73.11,2001.0
2026-03,11530,구로구,아파트,전월세,958,0,378,580,571,371,15800.0,1005.0,61.27,2007.0
2026-03,11530,구로구,연립다세대,매매,118,4,0,0,0,0,28500.0,1837.0,49.48,2007.0
2026-03,11530,구로구,연립다세대,전월세,340,0,142,198,264,68,10000.0,793.0,43.21,2005.0
2026-03,11545,금천구,아파트,매매,115,3,0,0,0,0,54000.0,2796.0,71.06,2001.0
2026-03,11545,금천구,아파트,전월세,290,0,146,144,194,96,21500.0,1362.0,60.28,2004.0
2026-03,11545,금천구,연립다세대,매매,96,2,0,0,0,0,27600.0,2290.0,42.78,2011.0
2026-03,11545,금천구,연립다세대,전월세,321,0,133,188,238,81,14700.0,1109.0,36.83,2014.0
2026-03,11560,영등포구,아파트,매매,261,9,0,0,0,0,109000.0,5320.0,69.22,1999.0
2026-03,11560,영등포구,아파트,전월세,1147,0,523,624,553,560,32000.0,1746.0,67.38,2006.0
2026-03,11560,영등포구,연립다세대,매매,100,4,0,0,0,0,35000.0,3491.0,36.67,2010.0
2026-03,11560,영등포구,연립다세대,전월세,375,0,107,268,259,114,16100.0,1642.0,31.16,2015.0
2026-03,11590,동작구,아파트,매매,172,6,0,0,0,0,143900.0,6268.0,78.27,2004.0
2026-03,11590,동작구,아파트,전월세,808,0,448,360,447,335,50000.0,2334.0,70.39,2008.0
2026-03,11590,동작구,연립다세대,매매,205,10,0,0,0,0,47000.0,3334.0,47.75,2006.0
2026-03,11590,동작구,연립다세대,전월세,508,0,205,303,390,112,15000.0,1319.0,38.28,2010.0
2026-03,11620,관악구,아파트,매매,215,7,0,0,0,0,83000.0,3486.0,76.17,2003.0
2026-03,11620,관악구,아파트,전월세,515,0,248,267,311,193,30000.0,1506.0,62.28,2006.0
2026-03,11620,관악구,연립다세대,매매,189,6,0,0,0,0,30000.0,2157.0,46.51,2005.0
2026-03,11620,관악구,연립다세대,전월세,569,0,124,445,454,111,10000.0,972.0,36.83,2009.0
2026-03,11650,서초구,아파트,매매,136,5,0,0,0,0,174875.0,7116.0,81.5,2004.0
2026-03,11650,서초구,아파트,전월세,1065,0,563,502,559,475,64000.0,2816.0,81.13,2007.0
2026-03,11650,서초구,연립다세대,매매,133,7,0,0,0,0,59500.0,4841.0,44.59,2008.0
2026-03,11650,서초구,연립다세대,전월세,721,0,331,390,502,214,21000.0,1937.0,42.44,2009.0
2026-03,11680,강남구,아파트,매매,171,9,0,0,0,0,215000.0,10361.0,75.98,2000.0
2026-03,11680,강남구,아파트,전월세,1707,0,771,936,894,791,50000.0,2529.0,74.57,2003.0
2026-03,11680,강남구,연립다세대,매매,79,6,0,0,0,0,65000.0,5226.0,46.77,2007.0
2026-03,11680,강남구,연립다세대,전월세,799,0,296,503,571,224,15900.0,1566.0,40.31,2007.0
2026-03,11710,송파구,아파트,매매,274,13,0,0,0,0,156250.0,7587.0,76.06,2002.0
2026-03,11710,송파구,아파트,전월세,1866,0,950,916,915,909,48650.0,2185.0,72.56,2005.0
2026-03,11710,송파구,연립다세대,매매,293,5,0,0,0,0,44000.0,3328.0,46.75,2006.0
2026-03,11710,송파구,연립다세대,전월세,1861,0,570,1291,1129,720,14900.0,1295.0,40.36,2008.0
2026-03,11740,강동구,아파트,매매,229,8,0,0,0,0,110000.0,5609.0,68.23,2008.0
2026-03,11740,강동구,아파트,전월세,1217,0,595,622,565,627,40000.0,1962.0,63.57,2011.0
2026-03,11740,강동구,연립다세대,매매,231,9,0,0,0,0,38800.0,3173.0,43.67,2011.0
2026-03,11740,강동구,연립다세대,전월세,776,0,257,519,518,254,16000.0,1397.0,39.04,2012.0
2026-04,11110,종로구,아파트,매매,87,2,0,0,0,0,93500.0,4110.0,72.46,2003.0
2026-04,11110,종로구,아파트,전월세,110,0,47,63,79,31,33575.0,2014.0,67.07,2007.0
2026-04,11110,종로구,연립다세대,매매,58,5,0,0,0,0,46250.0,2435.0,76.81,2001.0
2026-04,11110,종로구,연립다세대,전월세,167,0,62,105,131,35,10000.0,901.0,50.94,2002.0
2026-04,11140,중구,아파트,매매,121,8,0,0,0,0,118000.0,5390.0,65.34,2007.0
2026-04,11140,중구,아파트,전월세,257,0,94,163,170,82,25000.0,1436.0,63.08,2010.0
2026-04,11140,중구,연립다세대,매매,39,2,0,0,0,0,37000.0,3204.0,45.7,2004.0
2026-04,11140,중구,연립다세대,전월세,110,0,39,71,71,35,15000.0,1447.0,35.55,2011.0
2026-04,11170,용산구,아파트,매매,139,3,0,0,0,0,204000.0,8064.0,91.82,2001.0
2026-04,11170,용산구,아파트,전월세,580,0,214,366,255,315,20000.0,1333.0,77.89,2007.0
2026-04,11170,용산구,연립다세대,매매,98,2,0,0,0,0,74000.0,6163.0,46.26,2005.0
2026-04,11170,용산구,연립다세대,전월세,466,0,310,156,334,127,23000.0,2115.0,41.54,2011.0
2026-04,11200,성동구,아파트,매매,218,6,0,0,0,0,175000.0,7750.0,78.64,2004.0
2026-04,11200,성동구,아파트,전월세,780,0,442,338,422,333,55625.0,2471.0,73.02,2006.0
2026-04,11200,성동구,연립다세대,매매,101,3,0,0,0,0,70500.0,7981.0,42.28,2009.0
2026-04,11200,성동구,연립다세대,전월세,223,0,119,104,166,56,17000.0,1569.0,34.54,2012.0
2026-04,11215,광진구,아파트,매매,122,10,0,0,0,0,149000.0,6305.0,76.12,2000.0
2026-04,11215,광진구,아파트,전월세,378,0,196,182,247,131,52500.0,2348.0,71.85,2004.0
2026-04,11215,광진구,연립다세대,매매,284,15,0,0,0,0,40000.0,3722.0,42.04,2013.0
2026-04,11215,광진구,연립다세대,전월세,673,0,250,423,464,207,16000.0,1499.0,37.15,2012.0
2026-04,11230,동대문구,아파트,매매,371,16,0,0,0,0,95000.0,4207.0,75.33,2005.0
2026-04,11230,동대문구,아파트,전월세,644,0,305,339,432,193,30365.0,1753.0,61.5,2012.0
2026-04,11230,동대문구,연립다세대,매매,61,3,0,0,0,0,38800.0,2846.0,44.39,2009.0
2026-04,11230,동대문구,연립다세대,전월세,213,0,103,110,171,42,18300.0,1326.0,36.38,2013.0
2026-04,11260,중랑구,아파트,매매,383,11,0,0,0,0,66000.0,3098.0,72.12,2001.0
2026-04,11260,중랑구,아파트,전월세,700,0,190,510,369,322,10110.0,983.0,48.26,2012.0
2026-04,11260,중랑구,연립다세대,매매,198,6,0,0,0,0,31150.0,2689.0,44.42,2012.0
2026-04,11260,중랑구,연립다세대,전월세,422,0,183,239,287,130,17500.0,1577.0,36.93,2014.0
2026-04,11290,성북구,아파트,매매,495,5,0,0,0,0,91500.0,3955.0,79.17,2005.0
2026-04,11290,성북구,아파트,전월세,582,0,340,242,284,280,42000.0,1949.0,69.83,2009.0
2026-04,11290,성북구,연립다세대,매매,173,2,0,0,0,0,31000.0,2281.0,45.22,2008.0
2026-04,11290,성북구,연립다세대,전월세,349,0,158,191,262,86,13000.0,1099.0,39.42,2010.0
2026-04,11305,강북구,아파트,매매,202,3,0,0,0,0,75000.0,3036.0,79.23,2005.0
2026-04,11305,강북구,아파트,전월세,244,0,124,120,142,101,23000.0,1497.0,63.21,2009.0
2026-04,11305,강북구,연립다세대,매매,151,7,0,0,0,0,22000.0,1644.0,46.62,2005.0
2026-04,11305,강북구,연립다세대,전월세,279,0,105,174,217,61,8000.0,666.0,44.28,2004.0
2026-04,11320,도봉구,아파트,매매,391,10,0,0,0,0,54000.0,2743.0,65.73,1994.0
2026-04,11320,도봉구,아파트,전월세,478,0,284,194,250,209,20850.0,1322.0,62.16,1994.0
2026-04,11320,도봉구,연립다세대,매매,187,6,0,0,0,0,23895.0,1792.0,45.44,2011.0
2026-04,11320,도봉구,연립다세대,전월세,181,0,74,107,134,46,9000.0,761.0,43.75,2006.0
2026-04,11350,노원구,아파트,매매,1019,20,0,0,0,0,60000.0,3476.0,61.08,1994.0
2026-04,11350,노원구,아파트,전월세,1343,0,747,596,707,600,20000.0,1349.0,57.27,1994.0
2026-04,11350,노원구,연립다세대,매매,83,0,0,0,0,0,28100.0,1897.0,51.99,2000.0
2026-04,11350,노원구,연립다세대,전월세,120,0,38,82,93,26,9500.0,778.0,40.37,2005.0
2026-04,11380,은평구,아파트,매매,337,11,0,0,0,0,82000.0,3632.0,73.11,2011.0
2026-04,11380,은평구,아파트,전월세,933,0,470,463,478,439,25117.0,1215.0,64.15,2014.0
2026-04,11380,은평구,연립다세대,매매,307,8,0,0,0,0,28500.0,2078.0,48.3,2007.0
2026-04,11380,은평구,연립다세대,전월세,627,0,268,359,439,183,13000.0,992.0,42.83,2007.0
2026-04,11410,서대문구,아파트,매매,317,11,0,0,0,0,93000.0,4026.0,78.13,2004.0
2026-04,11410,서대문구,아파트,전월세,541,0,286,255,280,246,40000.0,1879.0,68.88,2010.0
2026-04,11410,서대문구,연립다세대,매매,136,1,0,0,0,0,32000.0,2132.0,55.31,2000.0
2026-04,11410,서대문구,연립다세대,전월세,305,0,110,195,224,78,10000.0,785.0,48.7,2005.0
2026-04,11440,마포구,아파트,매매,222,9,0,0,0,0,160400.0,6626.0,76.07,2006.0
2026-04,11440,마포구,아파트,전월세,904,0,413,491,507,378,35000.0,1945.0,66.91,2007.0
2026-04,11440,마포구,연립다세대,매매,185,9,0,0,0,0,46000.0,3384.0,44.11,2004.0
2026-04,11440,마포구,연립다세대,전월세,660,0,273,387,488,169,15000.0,1392.0,37.6,2008.0
2026-04,11470,양천구,아파트,매매,273,8,0,0,0,0,96500.0,4377.0,77.86,2003.0
2026-04,11470,양천구,아파트,전월세,862,0,490,372,469,376,41500.0,2041.0,70.86,1999.0
2026-04,11470,양천구,연립다세대,매매,283,7,0,0,0,0,28000.0,2274.0,43.4,2006.0
2026-04,11470,양천구,연립다세대,전월세,469,0,207,262,332,135,12000.0,884.0,40.73,2006.0
2026-04,11500,강서구,아파트,매매,604,13,0,0,0,0,81000.0,4283.0,67.01,2000.0
2026-04,11500,강서구,아파트,전월세,1086,0,602,484,631,428,32400.0,1947.0,62.01,2005.0
2026-04,11500,강서구,연립다세대,매매,302,13,0,0,0,0,24600.0,1844.0,44.14,2008.0
2026-04,11500,강서구,연립다세대,전월세,780,0,244,536,584,193,12800.0,928.0,39.56,2009.0
2026-04,11530,구로구,아파트,매매,477,5,0,0,0,0,68000.0,3270.0,71.42,2000.0
2026-04,11530,구로구,아파트,전월세,917,0,435,482,449,452,17000.0,911.0,63.37,2008.0
2026-04,11530,구로구,연립다세대,매매,139,1,0,0,0,0,26500.0,1838.0,47.72,2005.0
2026-04,11530,구로구,연립다세대,전월세,299,0,129,170,237,60,10000.0,665.0,42.3,2006.0
2026-04,11545,금천구,아파트,매매,153,6,0,0,0,0,62000.0,2842.0,73.59,2003.0
2026-04,11545,금천구,아파트,전월세,213,0,92,121,152,61,20000.0,1284.0,57.31,2006.0
2026-04,11545,금천구,연립다세대,매매,134,5,0,0,0,0,28500.0,2569.0,43.37,2007.0
2026-04,11545,금천구,연립다세대,전월세,274,0,110,164,211,63,13500.0,944.0,38.27,2011.0
2026-04,11560,영등포구,아파트,매매,392,9,0,0,0,0,117000.0,5408.0,75.44,2000.0
2026-04,11560,영등포구,아파트,전월세,827,0,420,407,499,307,38000.0,2033.0,66.36,2004.0
2026-04,11560,영등포구,연립다세대,매매,116,5,0,0,0,0,35950.0,3613.0,36.05,2011.0
2026-04,11560,영등포구,연립다세대,전월세,337,0,104,233,249,86,16600.0,1926.0,29.22,2014.0
2026-04,11590,동작구,아파트,매매,310,7,0,0,0,0,146000.0,5798.0,79.41,2004.0
2026-04,11590,동작구,아파트,전월세,695,0,367,328,430,249,49140.0,2205.0,66.53,2010.0
2026-04,11590,동작구,연립다세대,매매,244,10,0,0,0,0,45365.0,3663.0,45.02,2007.0
2026-04,11590,동작구,연립다세대,전월세,511,0,207,304,348,157,16000.0,1381.0,40.38,2010.0
2026-04,11620,관악구,아파트,매매,290,15,0,0,0,0,88500.0,3678.0,75.28,2003.0
2026-04,11620,관악구,아파트,전월세,425,0,210,215,262,146,33000.0,1768.0,63.06,2006.0
2026-04,11620,관악구,연립다세대,매매,221,2,0,0,0,0,31500.0,2154.0,49.66,2003.0
2026-04,11620,관악구,연립다세대,전월세,525,0,112,413,429,89,10000.0,867.0,36.08,2009.0
2026-04,11650,서초구,아파트,매매,305,3,0,0,0,0,255000.0,9352.0,89.91,2004.0
2026-04,11650,서초구,아파트,전월세,990,0,489,501,567,398,68640.0,2796.0,80.68,2007.0
2026-04,11650,서초구,연립다세대,매매,165,7,0,0,0,0,62000.0,4547.0,55.35,2006.0
2026-04,11650,서초구,연립다세대,전월세,658,0,281,377,437,213,20000.0,1772.0,43.55,2009.0
2026-04,11680,강남구,아파트,매매,401,22,0,0,0,0,268000.0,12011.0,85.1,2001.0
2026-04,11680,강남구,아파트,전월세,1448,0,692,756,836,580,58050.0,2822.0,76.43,2003.0
2026-04,11680,강남구,연립다세대,매매,128,7,0,0,0,0,48716.0,4333.0,44.98,2006.0
2026-04,11680,강남구,연립다세대,전월세,744,0,255,489,513,230,14350.0,1405.0,41.32,2007.0
2026-04,11710,송파구,아파트,매매,602,20,0,0,0,0,199500.0,9269.0,75.97,2002.0
2026-04,11710,송파구,아파트,전월세,1498,0,739,759,856,596,50000.0,2260.0,76.87,2005.0
2026-04,11710,송파구,연립다세대,매매,384,8,0,0,0,0,38150.0,3321.0,43.4,2006.0
2026-04,11710,송파구,연립다세대,전월세,1683,0,485,1198,1047,624,14600.0,1251.0,39.65,2008.0
2026-04,11740,강동구,아파트,매매,421,4,0,0,0,0,144000.0,6428.0,72.04,2008.0
2026-04,11740,강동구,아파트,전월세,1145,0,564,581,614,515,33273.0,1749.0,63.21,2013.0
2026-04,11740,강동구,연립다세대,매매,183,3,0,0,0,0,39400.0,3095.0,45.42,2008.0
2026-04,11740,강동구,연립다세대,전월세,659,0,253,406,404,251,17000.0,1399.0,37.81,2012.0
2026-05,11110,종로구,아파트,매매,85,4,0,0,0,0,85800.0,3642.0,65.75,2010.0
2026-05,11110,종로구,아파트,전월세,181,0,69,112,117,61,23000.0,1406.0,58.72,2009.0
2026-05,11110,종로구,연립다세대,매매,57,1,0,0,0,0,48000.0,2599.0,78.47,2001.0
2026-05,11110,종로구,연립다세대,전월세,150,0,46,104,124,25,10000.0,886.0,53.73,2001.0
2026-05,11140,중구,아파트,매매,119,7,0,0,0,0,148200.0,5998.0,78.31,2006.0
2026-05,11140,중구,아파트,전월세,243,0,96,147,156,85,30000.0,2055.0,64.19,2010.0
2026-05,11140,중구,연립다세대,매매,45,1,0,0,0,0,35000.0,3469.0,42.76,2006.0
2026-05,11140,중구,연립다세대,전월세,149,0,59,90,113,36,16000.0,1289.0,39.48,2009.0
2026-05,11170,용산구,아파트,매매,156,2,0,0,0,0,204000.0,8086.0,95.08,2001.0
2026-05,11170,용산구,아파트,전월세,514,0,220,294,256,250,32000.0,1673.0,81.63,2006.0
2026-05,11170,용산구,연립다세대,매매,116,1,0,0,0,0,70000.0,6483.0,52.23,2005.0
2026-05,11170,용산구,연립다세대,전월세,459,0,309,150,296,159,22000.0,2055.0,42.37,2010.0
2026-05,11200,성동구,아파트,매매,222,3,0,0,0,0,180500.0,7927.0,80.14,2004.0
2026-05,11200,성동구,아파트,전월세,717,0,386,331,402,295,57000.0,2486.0,76.64,2006.0
2026-05,11200,성동구,연립다세대,매매,47,1,0,0,0,0,45000.0,4394.0,40.14,2006.0
2026-05,11200,성동구,연립다세대,전월세,185,0,89,96,124,61,17000.0,1256.0,37.34,2010.0
2026-05,11215,광진구,아파트,매매,198,4,0,0,0,0,149000.0,6009.0,64.01,2007.0
2026-05,11215,광진구,아파트,전월세,321,0,178,143,199,121,56227.0,2539.0,74.27,2003.0
2026-05,11215,광진구,연립다세대,매매,281,9,0,0,0,0,44800.0,4039.0,42.13,2012.0
2026-05,11215,광진구,연립다세대,전월세,638,0,280,358,446,189,18950.0,1658.0,36.32,2012.0
2026-05,11230,동대문구,아파트,매매,338,13,0,0,0,0,99000.0,4316.0,75.31,2006.0
2026-05,11230,동대문구,아파트,전월세,654,0,288,366,406,237,30000.0,1654.0,62.33,2012.0
2026-05,11230,동대문구,연립다세대,매매,83,0,0,0,0,0,40000.0,3061.0,44.55,2009.0
2026-05,11230,동대문구,연립다세대,전월세,246,0,113,133,181,61,18000.0,1500.0,36.57,2014.0
2026-05,11260,중랑구,아파트,매매,312,7,0,0,0,0,68500.0,3086.0,73.72,2002.0
2026-05,11260,중랑구,아파트,전월세,471,0,198,273,235,229,20000.0,1504.0,54.05,2009.0
2026-05,11260,중랑구,연립다세대,매매,188,7,0,0,0,0,35800.0,3038.0,44.54,2013.0
2026-05,11260,중랑구,연립다세대,전월세,394,0,182,212,241,142,18500.0,1716.0,36.89,2014.0
2026-05,11290,성북구,아파트,매매,489,12,0,0,0,0,95800.0,4081.0,78.18,2006.0
2026-05,11290,성북구,아파트,전월세,562,0,330,232,278,274,42597.0,1936.0,70.57,2009.0
2026-05,11290,성북구,연립다세대,매매,203,5,0,0,0,0,37500.0,2752.0,51.65,2005.0
2026-05,11290,성북구,연립다세대,전월세,377,0,158,219,237,139,12200.0,947.0,43.54,2011.0
2026-05,11305,강북구,아파트,매매,194,1,0,0,0,0,70250.0,3071.0,76.41,2003.0
2026-05,11305,강북구,아파트,전월세,210,0,96,114,126,84,21208.0,1367.0,60.1,2007.0
2026-05,11305,강북구,연립다세대,매매,167,1,0,0,0,0,24509.0,1873.0,45.14,2009.0
2026-05,11305,강북구,연립다세대,전월세,251,0,90,161,197,54,7490.0,577.0,45.43,2002.0
2026-05,11320,도봉구,아파트,매매,337,3,0,0,0,0,54000.0,2779.0,68.89,1995.0
2026-05,11320,도봉구,아파트,전월세,375,0,206,169,224,147,20000.0,1296.0,62.91,1995.0
2026-05,11320,도봉구,연립다세대,매매,116,4,0,0,0,0,23000.0,1636.0,49.31,2007.0
2026-05,11320,도봉구,연립다세대,전월세,193,0,64,129,134,57,8500.0,617.0,46.89,2006.0
2026-05,11350,노원구,아파트,매매,880,19,0,0,0,0,60250.0,3511.0,61.47,1994.0
2026-05,11350,노원구,아파트,전월세,1430,0,736,694,716,692,18606.0,1132.0,55.35,1995.0
2026-05,11350,노원구,연립다세대,매매,52,2,0,0,0,0,31425.0,2022.0,54.67,2002.0
2026-05,11350,노원구,연립다세대,전월세,141,0,58,83,93,45,9000.0,847.0,41.62,2004.0
2026-05,11380,은평구,아파트,매매,379,13,0,0,0,0,90800.0,3792.0,76.01,2011.0
2026-05,11380,은평구,아파트,전월세,657,0,370,287,321,320,37745.0,1764.0,64.3,2014.0
2026-05,11380,은평구,연립다세대,매매,289,9,0,0,0,0,28000.0,2115.0,44.8,2005.0
2026-05,11380,은평구,연립다세대,전월세,607,0,267,340,421,184,14700.0,1053.0,42.97,2008.0
2026-05,11410,서대문구,아파트,매매,309,7,0,0,0,0,104000.0,4428.0,79.47,2005.0
2026-05,11410,서대문구,아파트,전월세,428,0,225,203,207,203,42250.0,1929.0,69.18,2009.0
2026-05,11410,서대문구,연립다세대,매매,103,3,0,0,0,0,33000.0,2008.0,53.5,2003.0
2026-05,11410,서대문구,연립다세대,전월세,327,0,105,222,252,69,8500.0,665.0,43.81,2006.0
2026-05,11440,마포구,아파트,매매,273,6,0,0,0,0,150000.0,6264.0,77.62,2007.0
2026-05,11440,마포구,아파트,전월세,796,0,316,480,400,383,30000.0,1724.0,64.61,2008.0
2026-05,11440,마포구,연립다세대,매매,158,4,0,0,0,0,41000.0,3179.0,45.17,2004.0
2026-05,11440,마포구,연립다세대,전월세,650,0,295,355,431,215,16538.0,1542.0,36.58,2009.0
2026-05,11470,양천구,아파트,매매,296,9,0,0,0,0,107250.0,4657.0,81.07,2002.0
2026-05,11470,양천구,아파트,전월세,912,0,498,414,436,455,42304.0,2004.0,69.58,2000.0
2026-05,11470,양천구,연립다세대,매매,188,10,0,0,0,0,28000.0,2224.0,40.98,2006.0
2026-05,11470,양천구,연립다세대,전월세,494,0,234,260,328,161,13150.0,1049.0,40.61,2007.0
2026-05,11500,강서구,아파트,매매,573,12,0,0,0,0,88000.0,4286.0,71.93,2001.0
2026-05,11500,강서구,아파트,전월세,964,0,502,462,473,456,31000.0,1866.0,61.26,2004.0
2026-05,11500,강서구,연립다세대,매매,278,4,0,0,0,0,23378.0,1922.0,42.2,2008.0
2026-05,11500,강서구,연립다세대,전월세,759,0,264,495,553,203,13100.0,998.0,38.18,2010.0
2026-05,11530,구로구,아파트,매매,688,8,0,0,0,0,59000.0,4072.0,57.1,2008.0
2026-05,11530,구로구,아파트,전월세,723,0,305,418,320,389,25825.0,1139.0,63.01,2007.0
2026-05,11530,구로구,연립다세대,매매,113,3,0,0,0,0,25000.0,1740.0,47.67,2006.0
2026-05,11530,구로구,연립다세대,전월세,290,0,117,173,212,70,11500.0,779.0,44.17,2007.0
2026-05,11545,금천구,아파트,매매,166,7,0,0,0,0,61500.0,2815.0,74.94,2003.0
2026-05,11545,금천구,아파트,전월세,243,0,118,125,161,82,22000.0,1547.0,56.84,2006.0
2026-05,11545,금천구,연립다세대,매매,106,0,0,0,0,0,28000.0,2248.0,44.21,2010.0
2026-05,11545,금천구,연립다세대,전월세,279,0,108,171,197,81,13100.0,911.0,38.07,2013.0
2026-05,11560,영등포구,아파트,매매,314,7,0,0,0,0,121500.0,5624.0,74.73,2002.0
2026-05,11560,영등포구,아파트,전월세,752,0,403,349,432,292,42000.0,2176.0,67.11,2003.0
2026-05,11560,영등포구,연립다세대,매매,113,2,0,0,0,0,33000.0,3620.0,33.87,2011.0
2026-05,11560,영등포구,연립다세대,전월세,334,0,114,220,235,96,19900.0,2132.0,31.81,2015.0
2026-05,11590,동작구,아파트,매매,348,6,0,0,0,0,143750.0,6199.0,78.66,2005.0
2026-05,11590,동작구,아파트,전월세,644,0,354,290,341,276,52500.0,2337.0,71.22,2008.0
2026-05,11590,동작구,연립다세대,매매,267,12,0,0,0,0,46000.0,3515.0,44.82,2008.0
2026-05,11590,동작구,연립다세대,전월세,436,0,179,257,324,109,17000.0,1326.0,40.95,2008.0
2026-05,11620,관악구,아파트,매매,369,8,0,0,0,0,80000.0,3945.0,69.18,2006.0
2026-05,11620,관악구,아파트,전월세,417,0,204,213,260,145,37000.0,1791.0,62.22,2007.0
2026-05,11620,관악구,연립다세대,매매,247,26,0,0,0,0,30900.0,2455.0,48.09,2006.0
2026-05,11620,관악구,연립다세대,전월세,447,0,106,341,355,89,11000.0,999.0,37.03,2008.0
2026-05,11650,서초구,아파트,매매,387,8,0,0,0,0,272500.0,10205.0,93.94,2006.0
2026-05,11650,서초구,아파트,전월세,952,0,478,474,515,409,65000.0,2735.0,81.88,2007.0
2026-05,11650,서초구,연립다세대,매매,137,7,0,0,0,0,69000.0,4990.0,54.51,2007.0
2026-05,11650,서초구,연립다세대,전월세,615,0,287,328,408,204,23000.0,1937.0,44.87,2008.0
2026-05,11680,강남구,아파트,매매,445,18,0,0,0,0,273000.0,12114.0,87.67,2003.0
2026-05,11680,강남구,아파트,전월세,1878,0,972,906,886,972,45000.0,2207.0,76.61,2005.0
2026-05,11680,강남구,연립다세대,매매,130,2,0,0,0,0,51272.0,4689.0,45.91,2008.0
2026-05,11680,강남구,연립다세대,전월세,672,0,248,424,478,189,15810.0,1453.0,42.31,2007.0
2026-05,11710,송파구,아파트,매매,601,9,0,0,0,0,204500.0,8368.0,84.68,2002.0
2026-05,11710,송파구,아파트,전월세,1537,0,760,777,737,761,50000.0,2249.0,75.54,2005.0
2026-05,11710,송파구,연립다세대,매매,326,13,0,0,0,0,46000.0,3391.0,47.65,2005.0
2026-05,11710,송파구,연립다세대,전월세,1422,0,392,1030,833,574,14000.0,1201.0,39.85,2008.0
2026-05,11740,강동구,아파트,매매,492,5,0,0,0,0,148900.0,6377.0,76.93,2008.0
2026-05,11740,강동구,아파트,전월세,1059,0,487,572,459,582,40000.0,1951.0,63.7,2013.0
2026-05,11740,강동구,연립다세대,매매,227,4,0,0,0,0,35250.0,3412.0,40.99,2011.0
2026-05,11740,강동구,연립다세대,전월세,682,0,244,438,409,267,18000.0,1523.0,38.05,2012.0
2026-06,11110,종로구,아파트,매매,32,1,0,0,0,0,117990.0,4810.0,81.53,2005.0
2026-06,11110,종로구,아파트,전월세,164,0,64,100,106,56,25500.0,1440.0,64.41,2009.0
2026-06,11110,종로구,연립다세대,매매,56,0,0,0,0,0,49200.0,2712.0,69.9,2002.0
2026-06,11110,종로구,연립다세대,전월세,173,0,59,114,137,35,7000.0,633.0,54.4,2003.0
2026-06,11140,중구,아파트,매매,57,2,0,0,0,0,145000.0,5573.0,67.17,2006.0
2026-06,11140,중구,아파트,전월세,263,0,94,169,169,91,15944.0,1205.0,56.6,2011.0
2026-06,11140,중구,연립다세대,매매,29,1,0,0,0,0,42800.0,4400.0,45.62,2004.0
2026-06,11140,중구,연립다세대,전월세,164,0,63,101,127,35,16000.0,1503.0,35.5,2010.0
2026-06,11170,용산구,아파트,매매,62,3,0,0,0,0,197000.0,7717.0,88.01,2000.0
2026-06,11170,용산구,아파트,전월세,609,0,189,420,260,343,17344.0,1304.0,68.91,2009.0
2026-06,11170,용산구,연립다세대,매매,59,1,0,0,0,0,80000.0,6728.0,42.02,2008.0
2026-06,11170,용산구,연립다세대,전월세,423,0,301,122,300,119,23000.0,2185.0,42.3,2011.0
2026-06,11200,성동구,아파트,매매,128,3,0,0,0,0,177500.0,7794.0,79.6,2003.0
2026-06,11200,성동구,아파트,전월세,750,0,346,404,451,280,50000.0,2205.0,67.71,2009.0
2026-06,11200,성동구,연립다세대,매매,48,2,0,0,0,0,35000.0,4093.0,33.49,2006.0
2026-06,11200,성동구,연립다세대,전월세,179,0,84,95,133,45,16500.0,1580.0,37.25,2009.0
2026-06,11215,광진구,아파트,매매,73,1,0,0,0,0,145000.0,6444.0,76.2,2000.0
2026-06,11215,광진구,아파트,전월세,300,0,151,149,172,127,60000.0,2397.0,75.45,2002.0
2026-06,11215,광진구,연립다세대,매매,203,7,0,0,0,0,55000.0,4207.0,44.25,2009.0
2026-06,11215,광진구,연립다세대,전월세,678,0,296,382,464,211,18000.0,1716.0,35.93,2014.0
2026-06,11230,동대문구,아파트,매매,237,3,0,0,0,0,105000.0,4563.0,76.88,2006.0
2026-06,11230,동대문구,아파트,전월세,662,0,246,416,468,182,20000.0,1557.0,55.41,2014.0
2026-06,11230,동대문구,연립다세대,매매,69,2,0,0,0,0,43000.0,4441.0,35.72,2013.0
2026-06,11230,동대문구,연립다세대,전월세,279,0,127,152,213,64,15576.0,1382.0,35.13,2015.0
2026-06,11260,중랑구,아파트,매매,210,4,0,0,0,0,67000.0,3229.0,68.22,2002.0
2026-06,11260,중랑구,아파트,전월세,736,0,171,565,507,209,13100.0,1411.0,43.46,2016.0
2026-06,11260,중랑구,연립다세대,매매,178,3,0,0,0,0,35000.0,3081.0,41.65,2014.0
2026-06,11260,중랑구,연립다세대,전월세,409,0,160,249,277,129,17000.0,1589.0,35.77,2014.0
2026-06,11290,성북구,아파트,매매,313,6,0,0,0,0,98000.0,4101.0,80.33,2006.0
2026-06,11290,성북구,아파트,전월세,633,0,310,323,310,309,37800.0,1752.0,65.26,2010.0
2026-06,11290,성북구,연립다세대,매매,151,7,0,0,0,0,41000.0,3084.0,50.58,2004.0
2026-06,11290,성북구,연립다세대,전월세,335,0,146,189,250,85,10600.0,918.0,40.04,2010.0
2026-06,11305,강북구,아파트,매매,106,1,0,0,0,0,74250.0,2921.0,79.76,2005.0
2026-06,11305,강북구,아파트,전월세,251,0,100,151,170,80,11500.0,865.0,55.75,2011.0
2026-06,11305,강북구,연립다세대,매매,166,1,0,0,0,0,26819.0,2296.0,43.52,2012.0
2026-06,11305,강북구,연립다세대,전월세,294,0,70,224,233,60,5000.0,372.0,39.57,2008.0
2026-06,11320,도봉구,아파트,매매,277,6,0,0,0,0,55000.0,2716.0,69.41,1998.0
2026-06,11320,도봉구,아파트,전월세,356,0,189,167,201,150,20000.0,1312.0,60.06,1994.0
2026-06,11320,도봉구,연립다세대,매매,90,3,0,0,0,0,22900.0,1739.0,48.05,2009.0
2026-06,11320,도봉구,연립다세대,전월세,179,0,82,97,132,44,10000.0,786.0,44.26,2003.0
2026-06,11350,노원구,아파트,매매,675,9,0,0,0,0,63700.0,3521.0,64.43,1994.0
2026-06,11350,노원구,아파트,전월세,1180,0,631,549,618,536,20000.0,1297.0,55.76,1993.0
2026-06,11350,노원구,연립다세대,매매,101,0,0,0,0,0,35500.0,2680.0,48.38,2011.0
2026-06,11350,노원구,연립다세대,전월세,144,0,49,95,110,32,7750.0,650.0,38.55,2005.0
2026-06,11380,은평구,아파트,매매,257,5,0,0,0,0,86500.0,3657.0,76.56,2009.0
2026-06,11380,은평구,아파트,전월세,683,0,382,301,341,336,35071.0,1559.0,64.01,2014.0
2026-06,11380,은평구,연립다세대,매매,192,6,0,0,0,0,29750.0,1985.0,47.61,2007.0
2026-06,11380,은평구,연립다세대,전월세,564,0,239,325,395,167,13013.0,1017.0,42.55,2007.0
2026-06,11410,서대문구,아파트,매매,219,2,0,0,0,0,108500.0,4785.0,75.37,2004.0
2026-06,11410,서대문구,아파트,전월세,457,0,220,237,260,185,40000.0,1946.0,64.74,2011.0
2026-06,11410,서대문구,연립다세대,매매,69,2,0,0,0,0,31500.0,2304.0,51.94,2004.0
2026-06,11410,서대문구,연립다세대,전월세,309,0,85,224,233,72,6946.0,602.0,41.84,2005.0
2026-06,11440,마포구,아파트,매매,150,6,0,0,0,0,148500.0,6097.0,77.98,2005.0
2026-06,11440,마포구,아파트,전월세,797,0,338,459,413,366,35000.0,1962.0,65.63,2007.0
2026-06,11440,마포구,연립다세대,매매,120,3,0,0,0,0,46425.0,3816.0,41.0,2009.0
2026-06,11440,마포구,연립다세대,전월세,653,0,267,386,459,190,13000.0,1241.0,35.78,2010.0
2026-06,11470,양천구,아파트,매매,208,8,0,0,0,0,106350.0,4754.0,78.37,2002.0
2026-06,11470,양천구,아파트,전월세,800,0,433,367,424,358,42916.0,2044.0,69.18,2000.0
2026-06,11470,양천구,연립다세대,매매,159,3,0,0,0,0,31000.0,2508.0,44.09,2003.0
2026-06,11470,양천구,연립다세대,전월세,473,0,215,258,320,143,14000.0,1062.0,41.05,2007.0
2026-06,11500,강서구,아파트,매매,369,10,0,0,0,0,93000.0,4325.0,73.49,2002.0
2026-06,11500,강서구,아파트,전월세,953,0,502,451,423,502,31300.0,1895.0,60.74,2006.0
2026-06,11500,강서구,연립다세대,매매,248,14,0,0,0,0,24650.0,1890.0,45.03,2007.0
2026-06,11500,강서구,연립다세대,전월세,778,0,262,516,565,210,13000.0,956.0,38.02,2011.0
2026-06,11530,구로구,아파트,매매,296,4,0,0,0,0,73150.0,3334.0,72.6,2002.0
2026-06,11530,구로구,아파트,전월세,894,0,274,620,343,526,25825.0,1085.0,65.53,2011.0
2026-06,11530,구로구,연립다세대,매매,118,1,0,0,0,0,28500.0,2081.0,46.49,2007.0
2026-06,11530,구로구,연립다세대,전월세,292,0,95,197,225,62,9350.0,705.0,43.7,2006.0
2026-06,11545,금천구,아파트,매매,103,0,0,0,0,0,60300.0,2728.0,74.66,2003.0
2026-06,11545,금천구,아파트,전월세,190,0,87,103,120,70,20000.0,1337.0,58.58,2005.0
2026-06,11545,금천구,연립다세대,매매,92,2,0,0,0,0,29400.0,2315.0,44.45,2013.0
2026-06,11545,금천구,연립다세대,전월세,268,0,112,156,188,80,16150.0,1480.0,34.98,2016.0
2026-06,11560,영등포구,아파트,매매,254,6,0,0,0,0,134850.0,6191.0,75.26,1999.0
2026-06,11560,영등포구,아파트,전월세,710,0,348,362,396,291,40000.0,2093.0,65.85,2005.0
2026-06,11560,영등포구,연립다세대,매매,61,4,0,0,0,0,36000.0,3551.0,35.63,2010.0
2026-06,11560,영등포구,연립다세대,전월세,341,0,127,214,228,108,19950.0,2219.0,30.28,2015.0
2026-06,11590,동작구,아파트,매매,153,1,0,0,0,0,146000.0,6309.0,79.04,2003.0
2026-06,11590,동작구,아파트,전월세,584,0,332,252,287,283,54600.0,2327.0,73.99,2008.0
2026-06,11590,동작구,연립다세대,매매,158,5,0,0,0,0,48250.0,4029.0,43.76,2008.0
2026-06,11590,동작구,연립다세대,전월세,452,0,163,289,321,128,13900.0,1265.0,36.92,2010.0
2026-06,11620,관악구,아파트,매매,159,7,0,0,0,0,89000.0,3898.0,73.47,2003.0
2026-06,11620,관악구,아파트,전월세,499,0,197,302,323,158,23000.0,1512.0,57.32,2009.0
2026-06,11620,관악구,연립다세대,매매,164,3,0,0,0,0,30000.0,2117.0,48.92,2002.0
2026-06,11620,관악구,연립다세대,전월세,451,0,121,330,338,107,12000.0,1056.0,36.3,2008.0
2026-06,11650,서초구,아파트,매매,175,4,0,0,0,0,249500.0,8579.0,97.08,2006.0
2026-06,11650,서초구,아파트,전월세,1109,0,581,528,586,500,60000.0,2775.0,80.69,2008.0
2026-06,11650,서초구,연립다세대,매매,93,2,0,0,0,0,75000.0,5580.0,48.48,2009.0
2026-06,11650,서초구,연립다세대,전월세,573,0,236,337,357,208,20000.0,1756.0,42.58,2009.0
2026-06,11680,강남구,아파트,매매,214,8,0,0,0,0,275500.0,12174.0,86.99,2002.0
2026-06,11680,강남구,아파트,전월세,1900,0,673,1227,734,1138,31000.0,1720.0,66.79,2008.0
2026-06,11680,강남구,연립다세대,매매,87,0,0,0,0,0,50000.0,4704.0,39.92,2009.0
2026-06,11680,강남구,연립다세대,전월세,587,0,204,383,407,175,13650.0,1238.0,39.63,2009.0
2026-06,11710,송파구,아파트,매매,264,3,0,0,0,0,182000.0,7975.0,79.67,2000.0
2026-06,11710,송파구,아파트,전월세,1327,0,658,669,619,674,53000.0,2406.0,75.38,2006.0
2026-06,11710,송파구,연립다세대,매매,308,6,0,0,0,0,45600.0,3976.0,43.8,2008.0
2026-06,11710,송파구,연립다세대,전월세,1420,0,417,1003,891,523,14600.0,1320.0,38.16,2010.0
2026-06,11740,강동구,아파트,매매,238,1,0,0,0,0,140000.0,6245.0,75.12,2006.0
2026-06,11740,강동구,아파트,전월세,1070,0,532,538,521,527,40000.0,1872.0,62.84,2012.0
2026-06,11740,강동구,연립다세대,매매,165,5,0,0,0,0,39000.0,3550.0,43.46,2008.0
2026-06,11740,강동구,연립다세대,전월세,700,0,270,430,450,243,18640.0,1534.0,36.33,2014.0
2026-07,11110,종로구,아파트,매매,28,1,0,0,0,0,103250.0,4280.0,74.9,2004.0
2026-07,11110,종로구,아파트,전월세,123,0,54,69,73,50,29400.0,1657.0,61.07,2007.0
2026-07,11110,종로구,연립다세대,매매,39,1,0,0,0,0,46000.0,2799.0,63.2,2000.0
2026-07,11110,종로구,연립다세대,전월세,106,0,42,64,87,19,13000.0,919.0,48.94,2002.0
2026-07,11140,중구,아파트,매매,52,5,0,0,0,0,112500.0,5129.0,65.38,2008.0
2026-07,11140,중구,아파트,전월세,183,0,82,101,102,76,31500.0,1849.0,65.08,2009.0
2026-07,11140,중구,연립다세대,매매,17,2,0,0,0,0,45000.0,4693.0,44.85,2011.0
2026-07,11140,중구,연립다세대,전월세,110,0,47,63,83,27,20000.0,1425.0,36.13,2011.0
2026-07,11170,용산구,아파트,매매,41,2,0,0,0,0,203000.0,8327.0,97.89,2002.0
2026-07,11170,용산구,아파트,전월세,328,0,156,172,169,152,48500.0,2082.0,81.25,2004.0
2026-07,11170,용산구,연립다세대,매매,29,2,0,0,0,0,85000.0,5887.0,49.58,2009.0
2026-07,11170,용산구,연립다세대,전월세,338,0,230,108,240,97,24000.0,2214.0,42.36,2012.0
2026-07,11200,성동구,아파트,매매,56,0,0,0,0,0,183000.0,7671.0,77.64,2003.0
2026-07,11200,성동구,아파트,전월세,494,0,295,199,249,236,60000.0,2746.0,73.87,2007.0
2026-07,11200,성동구,연립다세대,매매,15,0,0,0,0,0,39400.0,3866.0,39.02,2007.0
2026-07,11200,성동구,연립다세대,전월세,161,0,83,78,110,51,15000.0,1563.0,35.47,2009.0
2026-07,11215,광진구,아파트,매매,61,1,0,0,0,0,142500.0,6596.0,75.75,2001.0
2026-07,11215,광진구,아파트,전월세,227,0,118,109,126,101,52700.0,2634.0,69.75,2004.0
2026-07,11215,광진구,연립다세대,매매,160,7,0,0,0,0,49250.0,3866.0,42.34,2014.0
2026-07,11215,광진구,연립다세대,전월세,477,0,216,261,326,150,19000.0,1780.0,36.72,2013.0
2026-07,11230,동대문구,아파트,매매,158,3,0,0,0,0,107000.0,4870.0,75.05,2007.0
2026-07,11230,동대문구,아파트,전월세,628,0,285,343,405,212,30000.0,1818.0,52.68,2015.0
2026-07,11230,동대문구,연립다세대,매매,38,2,0,0,0,0,38000.0,2908.0,42.49,2009.0
2026-07,11230,동대문구,연립다세대,전월세,166,0,72,94,131,32,13000.0,1275.0,34.48,2013.0
2026-07,11260,중랑구,아파트,매매,466,1,0,0,0,0,30750.0,4644.0,40.75,2017.0
2026-07,11260,중랑구,아파트,전월세,513,0,168,345,326,168,14000.0,1463.0,46.91,2013.0
2026-07,11260,중랑구,연립다세대,매매,129,0,0,0,0,0,34013.0,3262.0,39.74,2015.0
2026-07,11260,중랑구,연립다세대,전월세,309,0,117,192,210,96,17500.0,1405.0,36.84,2014.0
2026-07,11290,성북구,아파트,매매,239,2,0,0,0,0,98000.0,4259.0,75.59,2005.0
2026-07,11290,성북구,아파트,전월세,472,0,286,186,236,229,45000.0,2040.0,70.37,2010.0
2026-07,11290,성북구,연립다세대,매매,94,2,0,0,0,0,37900.0,3111.0,44.48,2008.0
2026-07,11290,성북구,연립다세대,전월세,290,0,107,183,204,86,10000.0,868.0,40.69,2009.0
2026-07,11305,강북구,아파트,매매,90,0,0,0,0,0,70750.0,3135.0,73.63,2004.0
2026-07,11305,강북구,아파트,전월세,170,0,89,81,87,82,26375.0,1450.0,58.58,2011.0
2026-07,11305,강북구,연립다세대,매매,79,1,0,0,0,0,26000.0,1828.0,44.77,2011.0
2026-07,11305,강북구,연립다세대,전월세,192,0,60,132,144,48,7700.0,652.0,40.43,2004.0
2026-07,11320,도봉구,아파트,매매,207,3,0,0,0,0,54500.0,2488.0,69.63,1995.0
2026-07,11320,도봉구,아파트,전월세,327,0,192,135,168,153,24150.0,1422.0,64.05,1994.0
2026-07,11320,도봉구,연립다세대,매매,91,0,0,0,0,0,25000.0,1947.0,46.71,2011.0
2026-07,11320,도봉구,연립다세대,전월세,164,0,65,99,119,40,10455.0,874.0,43.31,2006.0
2026-07,11350,노원구,아파트,매매,440,4,0,0,0,0,66000.0,3624.0,65.11,1995.0
2026-07,11350,노원구,아파트,전월세,1069,0,591,478,491,551,22000.0,1451.0,55.98,1994.0
2026-07,11350,노원구,연립다세대,매매,22,1,0,0,0,0,28000.0,2119.0,51.58,2002.0
2026-07,11350,노원구,연립다세대,전월세,99,0,37,62,74,25,8261.0,886.0,37.94,2006.0
2026-07,11380,은평구,아파트,매매,233,3,0,0,0,0,89000.0,3732.0,76.75,2009.0
2026-07,11380,은평구,아파트,전월세,659,0,395,264,362,288,34315.0,1606.0,65.09,2014.0
2026-07,11380,은평구,연립다세대,매매,215,1,0,0,0,0,30000.0,2241.0,45.88,2007.0
2026-07,11380,은평구,연립다세대,전월세,390,0,176,214,261,129,14600.0,1041.0,42.37,2008.0
2026-07,11410,서대문구,아파트,매매,174,1,0,0,0,0,107900.0,4651.0,76.38,2005.0
2026-07,11410,서대문구,아파트,전월세,401,0,204,197,204,193,40000.0,1985.0,64.78,2012.0
2026-07,11410,서대문구,연립다세대,매매,52,0,0,0,0,0,37900.0,2173.0,52.68,2005.0
2026-07,11410,서대문구,연립다세대,전월세,210,0,73,137,161,48,10000.0,790.0,43.96,2004.0
2026-07,11440,마포구,아파트,매매,80,3,0,0,0,0,130500.0,5618.0,68.79,2004.0
2026-07,11440,마포구,아파트,전월세,626,0,323,303,321,298,46600.0,2127.0,69.23,2008.0
2026-07,11440,마포구,연립다세대,매매,65,1,0,0,0,0,44700.0,3355.0,42.43,2006.0
2026-07,11440,마포구,연립다세대,전월세,463,0,197,266,333,127,15000.0,1363.0,37.64,2009.0
2026-07,11470,양천구,아파트,매매,177,5,0,0,0,0,113800.0,4942.0,77.68,2002.0
2026-07,11470,양천구,아파트,전월세,698,0,443,255,327,353,46000.0,2225.0,72.39,2000.0
2026-07,11470,양천구,연립다세대,매매,91,1,0,0,0,0,32000.0,2753.0,42.76,2008.0
2026-07,11470,양천구,연립다세대,전월세,354,0,172,182,237,116,14050.0,1138.0,40.21,2008.0
2026-07,11500,강서구,아파트,매매,260,1,0,0,0,0,85000.0,4472.0,69.04,2003.0
2026-07,11500,강서구,아파트,전월세,1098,0,666,432,366,717,26000.0,1252.0,63.3,2008.0
2026-07,11500,강서구,연립다세대,매매,205,5,0,0,0,0,24049.0,2019.0,40.97,2009.0
2026-07,11500,강서구,연립다세대,전월세,553,0,172,381,381,169,13000.0,957.0,38.2,2011.0
2026-07,11530,구로구,아파트,매매,282,4,0,0,0,0,74750.0,3469.0,72.96,2001.0
2026-07,11530,구로구,아파트,전월세,1001,0,255,746,256,729,22700.0,1063.0,67.38,2014.0
2026-07,11530,구로구,연립다세대,매매,68,1,0,0,0,0,25000.0,2205.0,41.53,2008.0
2026-07,11530,구로구,연립다세대,전월세,188,0,73,115,145,42,10000.0,762.0,40.18,2009.0
2026-07,11545,금천구,아파트,매매,89,0,0,0,0,0,64000.0,2956.0,72.46,2003.0
2026-07,11545,금천구,아파트,전월세,186,0,78,108,122,64,22748.0,1277.0,55.04,2009.0
2026-07,11545,금천구,연립다세대,매매,75,3,0,0,0,0,29600.0,2260.0,46.09,2013.0
2026-07,11545,금천구,연립다세대,전월세,195,0,72,123,145,50,16000.0,1095.0,37.91,2014.0
2026-07,11560,영등포구,아파트,매매,174,6,0,0,0,0,129000.0,6011.0,73.85,2000.0
2026-07,11560,영등포구,아파트,전월세,630,0,302,328,332,280,37750.0,2072.0,65.54,2005.0
2026-07,11560,영등포구,연립다세대,매매,54,2,0,0,0,0,38000.0,3893.0,34.51,2010.0
2026-07,11560,영등포구,연립다세대,전월세,264,0,75,189,201,61,15000.0,1572.0,31.04,2015.0
2026-07,11590,동작구,아파트,매매,99,2,0,0,0,0,148000.0,6145.0,76.35,2003.0
2026-07,11590,동작구,아파트,전월세,461,0,259,202,222,230,54600.0,2431.0,73.53,2007.0
2026-07,11590,동작구,연립다세대,매매,93,0,0,0,0,0,56500.0,3730.0,52.91,2004.0
2026-07,11590,동작구,연립다세대,전월세,354,0,136,218,255,98,18845.0,1548.0,38.34,2010.0
2026-07,11620,관악구,아파트,매매,155,7,0,0,0,0,90000.0,3947.0,76.25,2002.0
2026-07,11620,관악구,아파트,전월세,403,0,184,219,252,143,29400.0,1636.0,57.9,2008.0
2026-07,11620,관악구,연립다세대,매매,92,1,0,0,0,0,31000.0,2205.0,48.79,2002.0
2026-07,11620,관악구,연립다세대,전월세,306,0,80,226,248,58,12000.0,1046.0,37.43,2007.0
2026-07,11650,서초구,아파트,매매,65,0,0,0,0,0,187000.0,7162.0,75.12,2013.0
2026-07,11650,서초구,아파트,전월세,869,0,504,365,452,405,60000.0,2692.0,78.15,2010.0
2026-07,11650,서초구,연립다세대,매매,35,0,0,0,0,0,59950.0,5424.0,41.29,2012.0
2026-07,11650,서초구,연립다세대,전월세,418,0,194,224,262,155,23400.0,1929.0,44.07,2009.0
2026-07,11680,강남구,아파트,매매,112,0,0,0,0,0,279500.0,12680.0,89.61,2000.0
2026-07,11680,강남구,아파트,전월세,981,0,492,489,477,484,60900.0,2922.0,76.45,2003.0
2026-07,11680,강남구,연립다세대,매매,62,1,0,0,0,0,51000.0,4938.0,42.58,2011.0
2026-07,11680,강남구,연립다세대,전월세,444,0,178,266,308,132,19000.0,1716.0,39.17,2008.0
2026-07,11710,송파구,아파트,매매,159,1,0,0,0,0,190000.0,8407.0,78.36,2001.0
2026-07,11710,송파구,아파트,전월세,1188,0,662,526,598,576,60000.0,2579.0,74.83,2006.0
2026-07,11710,송파구,연립다세대,매매,167,0,0,0,0,0,36000.0,3422.0,39.56,2007.0
2026-07,11710,송파구,연립다세대,전월세,1017,0,315,702,627,386,15000.0,1376.0,38.49,2010.0
2026-07,11740,강동구,아파트,매매,112,3,0,0,0,0,139500.0,6144.0,68.29,2006.0
2026-07,11740,강동구,아파트,전월세,865,0,437,428,470,383,40131.0,2007.0,63.48,2013.0
2026-07,11740,강동구,연립다세대,매매,59,2,0,0,0,0,37000.0,3230.0,42.58,2012.0
2026-07,11740,강동구,연립다세대,전월세,495,0,170,325,336,156,18000.0,1543.0,37.33,2014.0
